"ID","診療科目コード","診療科目名","診療時間帯","月_診療開始時間","月_診療終了時間","火_診療開始時間","火_診療終了時間","水_診療開始時間","水_診療終了時間","木_診療開始時間","木_診療終了時間","金_診療開始時間","金_診療終了時間","土_診療開始時間","土_診療終了時間","日_診療開始時間","日_診療終了時間","祝_診療開始時間","祝_診療終了時間","月_外来受付開始時間","月_外来受付終了時間","火_外来受付開始時間","火_外来受付終了時間","水_外来受付開始時間","水_外来受付終了時間","木_外来受付開始時間","木_外来受付終了時間","金_外来受付開始時間","金_外来受付終了時間","土_外来受付開始時間","土_外来受付終了時間","日_外来受付開始時間","日_外来受付終了時間","祝_外来受付開始時間","祝_外来受付終了時間","注記"
"3911393100120","01001","内科","1","09:00","17:30","08:30","17:30","08:30","17:30","08:30","17:30","08:30","17:30","08:30","12:30","","","","","08:00","17:00","08:00","17:00","08:00","17:00","08:00","17:00","08:00","17:00","08:00","12:00","","","","",""
"3911393100120","01001","内科","2","","","","","","","","","","","","","","","","","","","","","","","","","","","","","","","","",""
"3911393100120","01001","内科","3","","","","","","","","","","","","","","","","","","","","","","","","","","","","","","","","",""
"3911393100120","01017","循環器内科","1","","","13:30","17:30","","","","","","","","","","","","","","","13:30","16:30","","","","","","","","","","","","",""
"3911393100120","01017","循環器内科","2","","","","","","","","","","","","","","","","","","","","","","","","","","","","","","","","",""
"3911393100120","01017","循環器内科","3","","","","","","","","","","","","","","","","","","","","","","","","","","","","","","","","",""
"3911393100120","01020","消化器内科","1","","","","","08:30","17:30","13:30","17:30","","","","","","","","","","","","","09:00","16:00","13:30","16:00","","","","","","","","",""
"3911393100120","01020","消化器内科","2","","","","","","","","","","","","","","","","","","","","","","","","","","","","","","","","",""
"3911393100120","01020","消化器内科","3","","","","","","","","","","","","","","","","","","","","","","","","","","","","","","","","",""
"3911393100120","01025","神経内科","1","","","","","","","14:00","17:00","","","","","","","","","","","","","","","14:00","16:30","","","","","","","","",""
"3911393100120","01025","神経内科","2","","","","","","","","","","","","","","","","","","","","","","","","","","","","","","","","",""
"3911393100120","01025","神経内科","3","","","","","","","","","","","","","","","","","","","","","","","","","","","","","","","","",""
"3911393100120","01034","緩和ケア内科","1","","","09:00","12:30","","","","","09:00","12:30","","","","","","","","","08:30","12:00","","","08:30","12:00","","","","","","","","",""
"3911393100120","01034","緩和ケア内科","2","","","","","","","","","","","","","","","","","","","","","","","","","","","","","","","","",""
"3911393100120","01034","緩和ケア内科","3","","","","","","","","","","","","","","","","","","","","","","","","","","","","","","","","",""
"3911393100120","02002","脳神経外科","1","08:30","17:30","08:30","17:30","08:30","17:30","08:30","17:30","08:30","17:30","08:30","12:30","","","","","08:00","17:00","08:00","17:00","08:00","17:00","08:00","17:00","08:00","17:00","08:00","12:00","","","","",""
"3911393100120","02002","脳神経外科","2","","","","","","","","","","","","","","","","","","","","","","","","","","","","","","","","",""
"3911393100120","02002","脳神経外科","3","","","","","","","","","","","","","","","","","","","","","","","","","","","","","","","","",""
"3911393100120","03001","小児科","1","08:30","17:30","09:00","17:00","08:30","17:30","08:30","17:30","08:30","17:30","08:30","17:00","","","","","08:00","17:00","09:00","17:00","08:30","17:00","08:30","17:00","08:30","17:00","08:30","16:30","","","","",""
"3911393100120","03001","小児科","2","18:00","20:00","","","18:00","20:00","","","18:00","20:00","","","","","","","18:00","19:30","","","18:00","19:30","","","18:00","19:30","","","","","","",""
"3911393100120","03001","小児科","3","","","","","","","","","","","","","","","","","","","","","","","","","","","","","","","","",""
"3911393100120","05001","眼科","1","08:30","17:30","08:30","17:30","08:30","17:30","08:30","17:30","","","08:30","12:30","","","","","08:30","16:30","08:30","16:30","08:30","16:30","08:30","16:30","","","08:30","11:30","","","","",""
"3911393100120","05001","眼科","2","","","","","","","","","","","","","","","","","","","","","","","","","","","","","","","","",""
"3911393100120","05001","眼科","3","","","","","","","","","","","","","","","","","","","","","","","","","","","","","","","","",""
"3911393100120","07001","精神科","1","","","","","09:00","12:30","","","09:00","17:30","","","","","","","","","08:30","12:00","","","","","08:30","17:00","","","","","","",""
"3911393100120","07001","精神科","2","","","","","","","","","","","","","","","","","","","","","","","","","","","","","","","","",""
"3911393100120","07001","精神科","3","","","","","","","","","","","","","","","","","","","","","","","","","","","","","","","","",""
"3911393100120","09003","リハビリテーション科","1","08:30","17:15","08:30","17:15","08:30","17:15","08:30","17:15","08:30","17:15","08:30","12:30","","","","","08:30","16:30","08:30","16:30","08:30","16:30","08:30","16:30","08:30","16:30","08:30","11:30","","","","",""
"3911393100120","09003","リハビリテーション科","2","","","","","","","","","","","","","","","","","","","","","","","","","","","","","","","","",""
"3911393100120","09003","リハビリテーション科","3","","","","","","","","","","","","","","","","","","","","","","","","","","","","","","","","",""
"3911393100120","09004","放射線科","1","","","","","08:30","17:30","","","","","","","","","","","","","","","08:30","17:00","","","","","","","","","","",""
"3911393100120","09004","放射線科","2","","","","","","","","","","","","","","","","","","","","","","","","","","","","","","","","",""
"3911393100120","09004","放射線科","3","","","","","","","","","","","","","","","","","","","","","","","","","","","","","","","","",""
"3911393100120","09011","麻酔科","1","","","","","","","","","","","","","","","","","","","","","","","","","","","","","","","","",""
"3911393100120","09011","麻酔科","2","","","","","","","","","","","","","","","","","","","","","","","","","","","","","","","","",""
"3911393100120","09011","麻酔科","3","","","","","","","","","","","","","","","","","","","","","","","","","","","","","","","","",""
"3911393100250","01001","内科","1","09:00","12:30","09:00","12:30","09:00","12:30","09:00","12:30","09:00","12:30","09:00","12:30","","","","","08:00","11:30","08:00","11:30","08:00","11:30","08:00","11:30","08:00","11:30","08:00","11:30","","","","",""
"3911393100250","01001","内科","2","13:30","17:00","13:30","17:00","13:30","17:00","13:30","17:00","13:30","17:00","13:00","17:00","","","","","12:30","16:30","12:30","16:30","12:30","16:30","12:30","16:30","12:30","16:30","","","","","","",""
"3911393100250","01001","内科","3","","","","","","","","","","","","","","","","","","","","","","","","","","","","","","","","",""
"3911393100250","01006","糖尿病内科","1","","","09:00","12:30","09:00","12:30","09:00","12:30","09:00","12:30","","","","","","","","","08:00","11:30","08:00","11:30","08:00","11:30","08:00","11:30","","","","","","",""
"3911393100250","01006","糖尿病内科","2","","","","","","","","","","","","","","","","","","","","","","","","","","","","","","","","",""
"3911393100250","01006","糖尿病内科","3","","","","","","","","","","","","","","","","","","","","","","","","","","","","","","","","",""
"3911393100250","01017","循環器内科","1","09:00","12:30","","","","","09:00","12:30","","","","","","","","","08:00","11:30","","","","","08:00","11:30","","","","","","","","",""
"3911393100250","01017","循環器内科","2","","","13:30","17:00","","","","","13:30","17:00","13:30","17:00","","","","","","","12:30","16:30","","","","","12:30","16:30","12:30","16:30","","","","",""
"3911393100250","01017","循環器内科","3","","","","","","","","","","","","","","","","","","","","","","","","","","","","","","","","",""
"3911393100250","01020","消化器内科","1","","","09:00","12:30","09:00","12:30","","","","","09:00","12:30","","","","","","","08:00","12:30","08:00","12:30","","","","","08:00","12:30","","","","",""
"3911393100250","01020","消化器内科","2","13:30","17:00","","","13:30","17:00","13:30","17:00","","","","","","","","","","","","","13:30","16:30","13:30","16:30","","","","","","","","",""
"3911393100250","01020","消化器内科","3","","","","","","","","","","","","","","","","","","","","","","","","","","","","","","","","",""
"3911393100250","01025","神経内科","1","09:00","12:30","09:00","12:30","09:00","12:30","09:00","12:30","","","","","","","","","08:00","11:30","08:00","11:30","08:00","11:30","08:00","11:30","","","","","","","","",""
"3911393100250","01025","神経内科","2","13:30","17:00","13:30","17:00","","","13:30","17:00","13:00","17:00","","","","","","","12:30","16:30","12:30","16:30","","","12:30","16:30","12:30","16:30","","","","","","",""
"3911393100250","01025","神経内科","3","","","","","","","","","","","","","","","","","","","","","","","","","","","","","","","","",""
"3911393100250","02001","外科","1","09:00","12:30","09:00","12:30","09:00","12:30","09:00","12:30","09:00","12:30","09:00","12:30","","","","","08:00","11:30","08:00","11:30","08:00","11:30","08:00","11:30","08:00","11:30","08:00","11:30","","","","",""
"3911393100250","02001","外科","2","","","13:30","17:00","13:30","16:30","13:30","17:00","13:30","16:30","","","","","","","","","12:30","16:30","12:30","16:00","12:30","16:30","12:30","16:00","","","","","","",""
"3911393100250","02001","外科","3","","","","","","","","","","","","","","","","","","","","","","","","","","","","","","","","",""
"3911393100250","02002","脳神経外科","1","09:00","12:30","09:00","12:30","09:00","12:30","09:00","12:30","09:30","12:30","09:00","12:30","","","","","08:00","11:30","08:00","11:30","08:00","11:30","08:00","11:30","08:00","11:30","08:00","11:30","","","","",""
"3911393100250","02002","脳神経外科","2","13:30","17:00","13:30","17:00","","","13:30","17:00","","","","","","","","","12:30","16:30","12:30","16:30","","","12:30","16:30","","","","","","","","",""
"3911393100250","02002","脳神経外科","3","","","","","","","","","","","","","","","","","","","","","","","","","","","","","","","","",""
"3911393100250","02005","呼吸器外科","1","","","","","","","","","","","","","","","","","","","","","","","","","","","","","","","","",""
"3911393100250","02005","呼吸器外科","2","","","13:30","17:00","","","","","","","","","","","","","","","12:30","16:30","","","","","","","","","","","","",""
"3911393100250","02005","呼吸器外科","3","","","","","","","","","","","","","","","","","","","","","","","","","","","","","","","","",""
"3911393100250","02008","血管外科","1","09:00","12:30","","","","","","","","","","","","","","","08:00","11:30","","","","","","","","","","","","","","",""
"3911393100250","02008","血管外科","2","","","","","","","13:30","17:00","","","","","","","","","","","","","","","12:30","16:30","","","","","","","","",""
"3911393100250","02008","血管外科","3","","","","","","","","","","","","","","","","","","","","","","","","","","","","","","","","",""
"3911393100250","02011","心臓血管外科","1","09:00","12:30","","","","","","","","","","","","","","","08:00","11:30","","","","","","","","","","","","","","",""
"3911393100250","02011","心臓血管外科","2","","","","","","","13:30","17:00","","","","","","","","","","","","","","","12:30","16:00","","","","","","","","",""
"3911393100250","02011","心臓血管外科","3","","","","","","","","","","","","","","","","","","","","","","","","","","","","","","","","",""
"3911393100250","02012","消化器外科","1","09:00","12:30","","","09:00","12:30","","","09:00","12:30","","","","","","","08:00","11:30","","","08:00","11:30","","","08:00","11:30","","","","","","",""
"3911393100250","02012","消化器外科","2","","","","","","","","","","","","","","","","","","","","","","","","","","","","","","","","",""
"3911393100250","02012","消化器外科","3","","","","","","","","","","","","","","","","","","","","","","","","","","","","","","","","",""
"3911393100250","02022","乳腺外科","1","09:00","12:30","09:00","12:30","09:00","12:30","09:00","12:30","09:00","12:30","","","","","","","08:00","11:30","08:00","11:30","08:00","11:30","08:00","11:30","08:00","11:30","","","","","","",""
"3911393100250","02022","乳腺外科","2","","","13:30","17:00","","","13:30","17:00","","","","","","","","","","","12:30","16:30","","","12:30","16:30","","","","","","","","",""
"3911393100250","02022","乳腺外科","3","","","","","","","","","","","","","","","","","","","","","","","","","","","","","","","","",""
"3911393100250","02032","内視鏡外科","1","09:00","12:30","","","09:00","12:30","","","09:00","12:30","","","","","","","08:00","11:30","","","08:00","11:30","","","08:00","11:30","","","","","","",""
"3911393100250","02032","内視鏡外科","2","","","","","","","","","","","","","","","","","","","","","","","","","","","","","","","","",""
"3911393100250","02032","内視鏡外科","3","","","","","","","","","","","","","","","","","","","","","","","","","","","","","","","","",""
"3911393100250","02035","整形外科","1","09:30","12:30","09:00","12:30","09:00","12:30","09:00","12:30","09:00","12:30","09:00","11:00","","","","","08:00","11:30","08:00","11:30","08:00","11:30","08:00","11:30","08:00","11:30","08:30","10:30","","","","",""
"3911393100250","02035","整形外科","2","13:30","17:00","13:30","15:00","13:30","17:00","13:30","17:00","13:30","17:00","","","","","","","12:30","16:30","12:30","14:30","12:30","16:30","12:30","16:30","12:30","16:30","","","","","","",""
"3911393100250","02035","整形外科","3","","","","","","","","","","","","","","","","","","","","","","","","","","","","","","","","",""
"3911393100250","06004","泌尿器科","1","09:00","12:30","","","09:00","12:30","09:00","12:30","09:00","12:30","09:00","12:30","","","","","08:00","11:30","","","08:00","11:30","08:00","11:30","08:00","11:30","08:00","11:30","","","","",""
"3911393100250","06004","泌尿器科","2","13:30","17:00","13:30","17:00","","","13:30","17:00","","","","","","","","","12:30","16:30","12:30","16:30","","","12:30","16:30","","","","","","","","",""
"3911393100250","06004","泌尿器科","3","","","","","","","","","","","","","","","","","","","","","","","","","","","","","","","","",""
"3911393100250","09003","リハビリテーション科","1","","","","","","","","","","","","","","","","","","","","","","","","","","","","","","","","",""
"3911393100250","09003","リハビリテーション科","2","","","","","","","","","","","","","","","","","","","","","","","","","","","","","","","","",""
"3911393100250","09003","リハビリテーション科","3","","","","","","","","","","","","","","","","","","","","","","","","","","","","","","","","",""
"3911393100250","09004","放射線科","1","","","","","","","","","","","","","","","","","","","","","","","","","","","","","","","","",""
"3911393100250","09004","放射線科","2","","","","","","","","","","","","","","","","","","","","","","","","","","","","","","","","",""
"3911393100250","09004","放射線科","3","","","","","","","","","","","","","","","","","","","","","","","","","","","","","","","","",""
"3911393100250","09011","麻酔科","1","","","","","","","","","","","","","","","","","","","","","","","","","","","","","","","","",""
"3911393100250","09011","麻酔科","2","","","","","","","","","","","","","","","","","","","","","","","","","","","","","","","","",""
"3911393100250","09011","麻酔科","3","","","","","","","","","","","","","","","","","","","","","","","","","","","","","","","","",""
"3911393100410","01001","内科","1","","","","","","","","","","","","","","","","","","","","","","","","","","","","","","","","",""
"3911393100410","01001","内科","2","","","","","","","","","","","","","","","","","","","","","","","","","","","","","","","","",""
"3911393100410","01001","内科","3","","","","","","","","","","","","","","","","","","","","","","","","","","","","","","","","",""
"3911393100410","01006","糖尿病内科","1","08:30","17:00","08:30","17:00","08:30","17:00","08:30","17:00","08:30","17:00","","","","","","","08:30","16:30","08:30","16:30","08:30","16:30","08:30","16:30","08:30","16:30","","","","","","",""
"3911393100410","01006","糖尿病内科","2","","","","","","","","","","","","","","","","","","","","","","","","","","","","","","","","",""
"3911393100410","01006","糖尿病内科","3","","","","","","","","","","","","","","","","","","","","","","","","","","","","","","","","",""
"3911393100410","01012","代謝・内分泌内科","1","","","","","","","","","","","","","","","","","","","","","","","","","","","","","","","","",""
"3911393100410","01012","代謝・内分泌内科","2","","","","","","","","","","","","","","","","","","","","","","","","","","","","","","","","",""
"3911393100410","01012","代謝・内分泌内科","3","","","","","","","","","","","","","","","","","","","","","","","","","","","","","","","","",""
"3911393100410","01017","循環器内科","1","14:00","17:00","14:00","17:00","14:00","17:00","09:30","12:30","14:00","17:00","","","","","","","13:30","16:30","13:30","16:30","13:30","16:30","09:00","12:00","13:30","16:30","","","","","","",""
"3911393100410","01017","循環器内科","2","","","","","","","","","","","","","","","","","","","","","","","","","","","","","","","","",""
"3911393100410","01017","循環器内科","3","","","","","","","","","","","","","","","","","","","","","","","","","","","","","","","","",""
"3911393100410","01021","胃腸内科","1","","","","","","","","","","","","","","","","","","","","","","","","","","","","","","","","",""
"3911393100410","01021","胃腸内科","2","","","","","","","","","","","","","","","","","","","","","","","","","","","","","","","","",""
"3911393100410","01021","胃腸内科","3","","","","","","","","","","","","","","","","","","","","","","","","","","","","","","","","",""
"3911393100410","01022","腎臓内科","1","09:00","17:00","14:00","17:00","09:00","12:30","09:00","17:00","14:00","17:00","","","","","","","08:30","16:30","13:30","16:30","08:30","12:00","08:30","16:30","13:30","16:30","","","","","","",""
"3911393100410","01022","腎臓内科","2","","","","","","","","","","","","","","","","","","","","","","","","","","","","","","","","",""
"3911393100410","01022","腎臓内科","3","","","","","","","","","","","","","","","","","","","","","","","","","","","","","","","","",""
"3911393100410","01023","人工透析内科","1","09:00","23:00","09:00","21:30","09:00","23:00","09:00","21:30","09:00","23:00","09:00","21:30","","","09:00","23:00","","","","","","","","","","","","","","","","","疑い: 施設情報のファイルの「祝日に休診」が 0（休診）だが、この行に祝日の診療時間が入っている"
"3911393100410","01023","人工透析内科","2","","","","","","","","","","","","","","","09:00","21:30","","","","","","","","","","","","","","","","","疑い: 施設情報のファイルの「祝日に休診」が 0（休診）だが、この行に祝日の診療時間が入っている"
"3911393100410","01023","人工透析内科","3","","","","","","","","","","","","","","","","","","","","","","","","","","","","","","","","",""
"3911393100410","02001","外科","1","","","","","","","","","","","","","","","","","","","","","","","","","","","","","","","","",""
"3911393100410","02001","外科","2","","","","","","","","","","","","","","","","","","","","","","","","","","","","","","","","",""
"3911393100410","02001","外科","3","","","","","","","","","","","","","","","","","","","","","","","","","","","","","","","","",""
"3911393100410","02035","整形外科","1","09:30","12:00","13:30","16:30","","","","","","","09:00","12:00","","","","","","","","","","","","","","","","","","","","",""
"3911393100410","02035","整形外科","2","","","","","","","","","","","","","","","","","","","","","","","","","","","","","","","","",""
"3911393100410","02035","整形外科","3","","","","","","","","","","","","","","","","","","","","","","","","","","","","","","","","",""
"3911393100410","02991","人工透析外科","1","","","","","","","","","","","","","","","","","","","","","","","","","","","","","","","","",""
"3911393100410","02991","人工透析外科","2","","","","","","","","","","","","","","","","","","","","","","","","","","","","","","","","",""
"3911393100410","02991","人工透析外科","3","","","","","","","","","","","","","","","","","","","","","","","","","","","","","","","","",""
"3911393100410","06004","泌尿器科","1","08:30","17:00","08:30","17:00","08:30","17:00","08:30","17:00","08:30","17:00","","","","","","","08:00","16:30","08:00","16:30","08:00","16:30","08:00","16:30","08:00","16:30","","","","","","",""
"3911393100410","06004","泌尿器科","2","","","","","","","","","","","","","","","","","","","","","","","","","","","","","","","","",""
"3911393100410","06004","泌尿器科","3","","","","","","","","","","","","","","","","","","","","","","","","","","","","","","","","",""
"3911393100410","09011","麻酔科","1","","","","","","","","","","","","","","","","","","","","","","","","","","","","","","","","",""
"3911393100410","09011","麻酔科","2","","","","","","","","","","","","","","","","","","","","","","","","","","","","","","","","",""
"3911393100410","09011","麻酔科","3","","","","","","","","","","","","","","","","","","","","","","","","","","","","","","","","",""
"3911393100540","01001","内科","1","08:30","12:00","08:30","12:00","08:30","12:00","08:30","12:00","08:30","12:00","","","","","","","08:00","11:00","08:00","11:00","08:00","11:00","08:00","11:00","08:00","11:00","","","","","","",""
"3911393100540","01001","内科","2","","","13:00","16:30","13:00","16:30","13:00","16:30","","","","","","","","","","","13:00","16:00","13:00","16:00","13:00","16:00","","","","","","","","",""
"3911393100540","01001","内科","3","","","","","","","","","","","","","","","","","","","","","","","","","","","","","","","","",""
"3911393100540","01002","感染症内科","1","08:30","12:00","08:30","12:00","08:30","12:00","08:30","12:00","08:30","12:00","","","","","","","08:00","11:00","08:00","11:00","08:00","11:00","08:00","11:00","08:00","11:00","","","","","","",""
"3911393100540","01002","感染症内科","2","13:00","16:30","13:00","16:30","13:00","16:30","13:00","16:30","13:00","16:30","","","","","","","13:00","16:00","13:00","16:00","13:00","16:00","13:00","16:00","13:00","16:00","","","","","","",""
"3911393100540","01002","感染症内科","3","","","","","","","","","","","","","","","","","","","","","","","","","","","","","","","","",""
"3911393100540","01005","血液内科","1","08:30","12:00","08:30","12:00","08:30","12:00","08:30","12:00","08:30","12:00","","","","","","","08:00","11:00","08:00","11:00","08:00","11:00","08:00","11:00","08:00","11:00","","","","","","",""
"3911393100540","01005","血液内科","2","","","","","","","13:00","16:30","13:00","16:30","","","","","","","","","","","","","13:00","16:00","13:00","16:00","","","","","","",""
"3911393100540","01005","血液内科","3","","","","","","","","","","","","","","","","","","","","","","","","","","","","","","","","",""
"3911393100540","01010","糖尿病・内分泌内科","1","08:30","12:00","08:30","12:00","08:30","12:00","08:30","12:00","08:30","12:00","","","","","","","08:30","12:00","08:30","12:00","08:00","12:00","08:30","12:00","08:30","12:00","","","","","","",""
"3911393100540","01010","糖尿病・内分泌内科","2","13:00","16:30","","","","","","","13:00","16:30","","","","","","","13:00","16:00","","","","","","","13:00","16:00","","","","","","",""
"3911393100540","01010","糖尿病・内分泌内科","3","","","","","","","","","","","","","","","","","","","","","","","","","","","","","","","","",""
"3911393100540","01014","呼吸器内科","1","08:30","12:00","08:30","12:00","08:30","12:00","","","08:30","12:00","","","","","","","08:00","11:00","08:00","11:00","08:00","11:00","","","08:00","11:00","","","","","","",""
"3911393100540","01014","呼吸器内科","2","","","","","","","","","","","","","","","","","","","","","","","","","","","","","","","","",""
"3911393100540","01014","呼吸器内科","3","","","","","","","","","","","","","","","","","","","","","","","","","","","","","","","","",""
"3911393100540","01017","循環器内科","1","08:30","12:00","08:30","12:00","","","08:30","12:00","08:30","12:00","","","","","","","08:00","11:00","08:00","11:00","","","08:00","11:00","08:00","11:00","","","","","","",""
"3911393100540","01017","循環器内科","2","","","13:00","16:30","","","","","","","","","","","","","","","13:00","16:00","","","","","","","","","","","","",""
"3911393100540","01017","循環器内科","3","","","","","","","","","","","","","","","","","","","","","","","","","","","","","","","","",""
"3911393100540","01020","消化器内科","1","08:30","12:00","08:30","12:00","08:30","12:00","08:30","12:00","08:30","12:00","","","","","","","08:00","11:00","08:00","11:00","08:00","11:00","08:00","11:00","08:00","11:00","","","","","","",""
"3911393100540","01020","消化器内科","2","","","","","13:00","16:30","","","","","","","","","","","","","","","13:00","16:00","","","","","","","","","","",""
"3911393100540","01020","消化器内科","3","","","","","","","","","","","","","","","","","","","","","","","","","","","","","","","","",""
"3911393100540","01022","腎臓内科","1","08:30","12:00","08:30","12:00","08:30","12:00","08:30","12:00","08:30","12:00","","","","","","","08:00","11:00","08:00","11:00","08:00","11:00","08:00","11:00","08:00","11:00","","","","","","",""
"3911393100540","01022","腎臓内科","2","","","13:00","16:30","","","","","","","","","","","","","","","13:00","16:00","","","","","","","","","","","","",""
"3911393100540","01022","腎臓内科","3","","","","","","","","","","","","","","","","","","","","","","","","","","","","","","","","",""
"3911393100540","01025","神経内科","1","","","08:30","12:00","","","","","08:30","12:00","","","","","","","","","08:00","11:00","","","","","08:00","11:00","","","","","","",""
"3911393100540","01025","神経内科","2","","","13:00","16:30","","","","","13:00","16:30","","","","","","","","","13:00","16:00","","","","","13:00","16:00","","","","","","",""
"3911393100540","01025","神経内科","3","","","","","","","","","","","","","","","","","","","","","","","","","","","","","","","","",""
"3911393100540","01026","腫瘍内科","1","08:30","12:00","08:30","12:00","08:30","12:00","08:30","12:00","08:30","12:00","","","","","","","08:00","11:00","08:00","11:00","08:00","11:00","08:00","11:00","08:00","11:00","","","","","","",""
"3911393100540","01026","腫瘍内科","2","","","13:00","16:30","13:00","16:30","13:00","16:30","","","","","","","","","","","13:00","16:00","13:00","16:00","13:00","16:00","","","","","","","","",""
"3911393100540","01026","腫瘍内科","3","","","","","","","","","","","","","","","","","","","","","","","","","","","","","","","","",""
"3911393100540","01032","ペインクリニック内科","1","08:30","12:00","08:30","12:00","","","","","08:30","12:00","","","","","","","08:00","11:00","08:00","11:00","","","","","08:00","11:00","","","","","","",""
"3911393100540","01032","ペインクリニック内科","2","13:00","16:30","13:00","16:30","","","","","13:00","16:30","","","","","","","13:00","16:00","13:00","16:00","","","","","13:00","16:00","","","","","","",""
"3911393100540","01032","ペインクリニック内科","3","","","","","","","","","","","","","","","","","","","","","","","","","","","","","","","","",""
"3911393100540","01034","緩和ケア内科","1","08:30","12:00","08:30","12:00","08:30","12:00","08:30","12:00","08:30","12:00","","","","","","","08:00","11:00","08:00","11:00","08:00","11:00","08:00","11:00","08:00","11:00","","","","","","",""
"3911393100540","01034","緩和ケア内科","2","","","","","","","","","","","","","","","","","","","","","","","","","","","","","","","","",""
"3911393100540","01034","緩和ケア内科","3","","","","","","","","","","","","","","","","","","","","","","","","","","","","","","","","",""
"3911393100540","02002","脳神経外科","1","08:30","12:00","","","","","08:30","12:00","08:30","12:00","","","","","","","08:00","11:00","","","","","08:00","11:00","08:00","11:00","","","","","","",""
"3911393100540","02002","脳神経外科","2","","","","","13:00","16:30","13:00","16:30","13:00","16:30","","","","","","","","","","","13:00","16:00","13:00","16:00","13:00","16:00","","","","","","",""
"3911393100540","02002","脳神経外科","3","","","","","","","","","","","","","","","","","","","","","","","","","","","","","","","","",""
"3911393100540","02005","呼吸器外科","1","08:30","12:00","","","","","08:30","12:00","","","","","","","","","08:00","11:00","","","","","08:00","11:00","","","","","","","","",""
"3911393100540","02005","呼吸器外科","2","13:00","16:30","","","","","13:00","16:30","","","","","","","","","13:00","16:00","","","","","13:00","16:00","","","","","","","","",""
"3911393100540","02005","呼吸器外科","3","","","","","","","","","","","","","","","","","","","","","","","","","","","","","","","","",""
"3911393100540","02011","心臓血管外科","1","","","","","","","","","","","","","","","","","","","","","","","","","","","","","","","","",""
"3911393100540","02011","心臓血管外科","2","","","","","","","","","13:00","16:30","","","","","","","","","","","","","","","13:00","16:00","","","","","","",""
"3911393100540","02011","心臓血管外科","3","","","","","","","","","","","","","","","","","","","","","","","","","","","","","","","","",""
"3911393100540","02012","消化器外科","1","08:30","12:00","08:30","12:00","08:30","12:00","08:30","12:00","08:30","12:00","","","","","","","08:00","11:00","08:00","11:00","08:00","11:00","08:00","11:00","08:00","11:00","","","","","","",""
"3911393100540","02012","消化器外科","2","13:00","16:30","13:00","16:30","","","13:00","16:30","13:00","16:30","","","","","","","13:00","16:00","13:00","16:00","","","13:00","16:00","13:00","16:00","","","","","","",""
"3911393100540","02012","消化器外科","3","","","","","","","","","","","","","","","","","","","","","","","","","","","","","","","","",""
"3911393100540","02022","乳腺外科","1","08:30","12:00","","","08:30","12:00","","","08:30","12:00","","","","","","","08:00","11:00","","","08:00","11:00","","","08:00","11:00","","","","","","",""
"3911393100540","02022","乳腺外科","2","13:00","16:30","","","13:00","16:30","","","13:00","16:30","","","","","","","13:00","16:00","","","13:00","16:00","","","13:00","16:00","","","","","","",""
"3911393100540","02022","乳腺外科","3","","","","","","","","","","","","","","","","","","","","","","","","","","","","","","","","",""
"3911393100540","02033","移植外科","1","","","08:30","12:00","08:30","12:00","","","","","","","","","","","","","08:00","11:00","08:00","11:00","","","","","","","","","","",""
"3911393100540","02033","移植外科","2","","","","","","","","","","","","","","","","","","","","","","","","","","","","","","","","",""
"3911393100540","02033","移植外科","3","","","","","","","","","","","","","","","","","","","","","","","","","","","","","","","","",""
"3911393100540","02035","整形外科","1","08:30","12:00","08:30","12:00","","","","","08:30","12:00","","","","","","","08:00","11:00","08:00","11:00","","","","","08:00","11:00","","","","","","",""
"3911393100540","02035","整形外科","2","","","","","","","13:00","16:30","","","","","","","","","","","","","","","13:00","16:00","","","","","","","","",""
"3911393100540","02035","整形外科","3","","","","","","","","","","","","","","","","","","","","","","","","","","","","","","","","",""
"3911393100540","02036","形成外科","1","08:30","12:00","08:30","12:00","08:30","12:00","08:30","12:00","08:30","12:00","","","","","","","08:00","11:00","08:00","11:00","08:00","11:00","08:00","11:00","08:00","11:00","","","","","","",""
"3911393100540","02036","形成外科","2","","","","","","","","","13:00","16:30","","","","","","","","","","","","","","","13:00","16:00","","","","","","",""
"3911393100540","02036","形成外科","3","","","","","","","","","","","","","","","","","","","","","","","","","","","","","","","","",""
"3911393100540","03001","小児科","1","08:30","12:00","08:30","12:00","08:30","12:00","08:30","12:00","08:30","12:00","","","","","","","08:00","11:00","08:00","11:00","08:00","11:00","08:00","11:00","08:00","11:00","","","","","","",""
"3911393100540","03001","小児科","2","13:00","16:30","13:00","16:30","13:00","16:30","13:00","16:30","13:00","16:30","","","","","","","13:00","16:00","13:00","16:00","13:00","16:00","13:00","16:00","13:00","16:00","","","","","","",""
"3911393100540","03001","小児科","3","","","","","","","","","","","","","","","","","","","","","","","","","","","","","","","","",""
"3911393100540","03005","児童精神科","1","08:30","12:00","08:30","12:00","08:30","12:00","08:30","12:00","08:30","12:00","","","","","","","08:00","11:00","08:00","11:00","08:00","12:00","08:00","11:00","08:00","11:00","","","","","","",""
"3911393100540","03005","児童精神科","2","13:00","16:30","13:00","16:30","13:00","16:30","","","13:00","16:30","","","","","","","13:00","16:00","13:00","16:00","13:00","16:00","","","13:00","16:00","","","","","","",""
"3911393100540","03005","児童精神科","3","","","","","","","","","","","","","","","","","","","","","","","","","","","","","","","","",""
"3911393100540","03006","小児外科","1","","","","","08:30","12:00","","","","","","","","","","","","","","","08:00","11:00","","","","","","","","","","",""
"3911393100540","03006","小児外科","2","13:00","16:30","","","13:00","16:30","","","","","","","","","","","13:00","16:00","","","13:00","16:00","","","","","","","","","","",""
"3911393100540","03006","小児外科","3","","","","","","","","","","","","","","","","","","","","","","","","","","","","","","","","",""
"3911393100540","04002","産科","1","","","08:30","12:00","","","","","08:30","12:00","","","","","","","","","08:00","11:00","","","","","08:00","11:00","","","","","","",""
"3911393100540","04002","産科","2","13:00","16:30","","","","","13:00","16:30","","","","","","","","","13:00","16:00","","","","","13:00","16:00","","","","","","","","",""
"3911393100540","04002","産科","3","","","","","","","","","","","","","","","","","","","","","","","","","","","","","","","","",""
"3911393100540","04003","婦人科","1","08:30","12:00","08:30","12:00","08:30","12:00","","","08:30","12:00","","","","","","","08:00","11:00","08:00","11:00","08:00","11:00","","","08:00","11:00","","","","","","",""
"3911393100540","04003","婦人科","2","","","13:00","16:30","","","13:00","16:30","","","","","","","","","","","13:00","16:00","","","13:00","16:00","","","","","","","","",""
"3911393100540","04003","婦人科","3","","","","","","","","","","","","","","","","","","","","","","","","","","","","","","","","",""
"3911393100540","05001","眼科","1","08:30","12:00","08:30","12:00","08:30","12:00","08:30","12:00","08:30","12:00","","","","","","","08:00","11:00","08:00","11:00","08:00","11:00","08:00","11:00","08:00","11:00","","","","","","",""
"3911393100540","05001","眼科","2","","","","","","","","","","","","","","","","","","","","","","","","","","","","","","","","",""
"3911393100540","05001","眼科","3","","","","","","","","","","","","","","","","","","","","","","","","","","","","","","","","",""
"3911393100540","05002","耳鼻いんこう科","1","08:30","12:00","","","08:30","12:00","","","08:30","12:00","","","","","","","08:00","11:00","","","08:00","11:00","","","08:00","11:00","","","","","","",""
"3911393100540","05002","耳鼻いんこう科","2","","","","","","","","","","","","","","","","","","","","","","","","","","","","","","","","",""
"3911393100540","05002","耳鼻いんこう科","3","","","","","","","","","","","","","","","","","","","","","","","","","","","","","","","","",""
"3911393100540","06001","皮膚科","1","08:30","12:00","08:30","12:00","08:30","12:00","08:30","12:00","08:30","12:00","","","","","","","08:00","11:00","08:00","11:00","08:00","11:00","08:00","11:00","08:00","11:00","","","","","","",""
"3911393100540","06001","皮膚科","2","","","","","","","","","","","","","","","","","","","","","","","","","","","","","","","","",""
"3911393100540","06001","皮膚科","3","","","","","","","","","","","","","","","","","","","","","","","","","","","","","","","","",""
"3911393100540","06004","泌尿器科","1","08:30","12:00","08:30","12:00","","","08:30","12:00","08:30","12:00","","","","","","","08:00","11:00","08:00","11:00","","","08:00","11:00","08:00","11:00","","","","","","",""
"3911393100540","06004","泌尿器科","2","","","","","","","","","","","","","","","","","","","","","","","","","","","","","","","","",""
"3911393100540","06004","泌尿器科","3","","","","","","","","","","","","","","","","","","","","","","","","","","","","","","","","",""
"3911393100540","07001","精神科","1","08:30","12:00","08:30","12:00","","","08:30","12:00","08:30","12:00","","","","","","","08:00","11:00","08:00","11:00","","","08:00","11:00","08:30","12:00","","","","","","",""
"3911393100540","07001","精神科","2","13:00","16:30","","","13:00","16:30","13:00","16:30","13:00","16:30","","","","","","","13:00","16:00","","","13:00","16:00","13:00","16:00","13:00","16:00","","","","","","",""
"3911393100540","07001","精神科","3","","","","","","","","","","","","","","","","","","","","","","","","","","","","","","","","",""
"3911393100540","07003","心療内科","1","","","","","","","","","","","","","","","","","","","","","","","","","","","","","","","","",""
"3911393100540","07003","心療内科","2","","","","","","","","","","","","","","","","","","","","","","","","","","","","","","","","",""
"3911393100540","07003","心療内科","3","","","","","","","","","","","","","","","","","","","","","","","","","","","","","","","","",""
"3911393100540","08003","歯科口腔外科","1","08:30","12:00","08:30","12:00","08:30","12:00","08:30","12:00","08:30","12:00","","","","","","","08:00","11:00","08:00","11:00","08:00","11:00","08:00","11:00","08:00","11:00","","","","","","",""
"3911393100540","08003","歯科口腔外科","2","13:00","16:30","13:00","16:30","13:00","16:30","13:00","16:30","13:00","16:30","","","","","","","13:00","16:00","13:00","16:00","13:00","16:00","13:00","16:00","13:00","16:00","","","","","","",""
"3911393100540","08003","歯科口腔外科","3","","","","","","","","","","","","","","","","","","","","","","","","","","","","","","","","",""
"3911393100540","09001","アレルギー科","1","","","","","","","","","","","","","","","","","","","","","","","","","","","","","","","","",""
"3911393100540","09001","アレルギー科","2","","","","","","","","","","","","","","","","","","","","","","","","","","","","","","","","",""
"3911393100540","09001","アレルギー科","3","","","","","","","","","","","","","","","","","","","","","","","","","","","","","","","","",""
"3911393100540","09003","リハビリテーション科","1","","","","","","","","","","","","","","","","","","","","","","","","","","","","","","","","",""
"3911393100540","09003","リハビリテーション科","2","","","","","","","","","","","","","","","","","","","","","","","","","","","","","","","","",""
"3911393100540","09003","リハビリテーション科","3","","","","","","","","","","","","","","","","","","","","","","","","","","","","","","","","",""
"3911393100540","09004","放射線科","1","08:30","12:00","08:30","12:00","08:30","12:00","08:30","12:00","08:30","12:00","","","","","","","08:00","11:00","08:00","11:00","08:00","11:00","08:00","11:00","08:00","11:00","","","","","","",""
"3911393100540","09004","放射線科","2","","","","","","","","","","","","","","","","","","","","","","","","","","","","","","","","",""
"3911393100540","09004","放射線科","3","","","","","","","","","","","","","","","","","","","","","","","","","","","","","","","","",""
"3911393100540","09006","放射線治療科","1","","","","","","","","","","","","","","","","","","","","","","","","","","","","","","","","",""
"3911393100540","09006","放射線治療科","2","","","","","","","","","","","","","","","","","","","","","","","","","","","","","","","","",""
"3911393100540","09006","放射線治療科","3","","","","","","","","","","","","","","","","","","","","","","","","","","","","","","","","",""
"3911393100540","09008","病理診断科","1","","","","","","","","","","","","","","","","","","","","","","","","","","","","","","","","",""
"3911393100540","09008","病理診断科","2","","","","","","","","","","","","","","","","","","","","","","","","","","","","","","","","",""
"3911393100540","09008","病理診断科","3","","","","","","","","","","","","","","","","","","","","","","","","","","","","","","","","",""
"3911393100540","09010","救急科","1","","","","","","","","","","","","","","","","","","","","","","","","","","","","","","","","",""
"3911393100540","09010","救急科","2","","","","","","","","","","","","","","","","","","","","","","","","","","","","","","","","",""
"3911393100540","09010","救急科","3","00:00","23:59","00:00","23:59","00:00","23:59","00:00","23:59","00:00","23:59","00:00","23:59","00:00","23:59","00:00","23:59","00:00","23:59","00:00","23:59","00:00","23:59","00:00","23:59","00:00","23:59","00:00","23:59","00:00","23:59","00:00","23:59",""
"3911393100540","09011","麻酔科","1","","","","","","","","","","","","","","","","","","","","","","","","","","","","","","","","",""
"3911393100540","09011","麻酔科","2","","","","","","","","","","","","","","","","","","","","","","","","","","","","","","","","",""
"3911393100540","09011","麻酔科","3","","","","","","","","","","","","","","","","","","","","","","","","","","","","","","","","",""
"3911393100670","01001","内科","1","","","","","","","","","","","","","","","","","","","","","","","","","","","","","","","","",""
"3911393100670","01001","内科","2","14:00","16:00","","","","","","","","","","","","","","","13:30","16:00","","","","","","","","","","","","","","",""
"3911393100670","01001","内科","3","","","","","","","","","","","","","","","","","","","","","","","","","","","","","","","","",""
"3911393100670","02035","整形外科","1","09:00","12:00","09:00","12:00","09:00","12:00","09:00","12:00","09:00","12:00","","","","","","","08:30","12:00","08:30","12:00","08:30","12:00","08:30","12:00","08:30","12:00","","","","","","",""
"3911393100670","02035","整形外科","2","13:00","17:00","13:00","17:00","13:00","17:00","13:00","17:00","13:00","17:00","","","","","","","12:00","16:30","12:00","16:30","12:00","16:30","12:00","16:30","12:00","16:30","","","","","","",""
"3911393100670","02035","整形外科","3","","","","","","","","","","","","","","","","","","","","","","","","","","","","","","","","",""
"3911393100670","09003","リハビリテーション科","1","09:00","12:00","09:00","12:00","09:00","12:00","09:00","12:00","09:00","12:00","","","","","","","08:30","12:00","08:30","12:00","08:30","12:00","08:30","12:00","08:30","12:00","","","","","","",""
"3911393100670","09003","リハビリテーション科","2","13:00","17:00","13:00","17:00","13:00","17:00","13:00","17:00","13:00","17:00","","","","","","","12:00","16:30","12:00","16:30","12:00","16:30","12:00","16:30","12:00","16:30","","","","","","",""
"3911393100670","09003","リハビリテーション科","3","","","","","","","","","","","","","","","","","","","","","","","","","","","","","","","","",""
"3911393100700","01001","内科","1","08:30","17:00","08:30","17:00","08:30","17:00","08:30","17:00","08:30","17:00","08:30","12:30","","","","","08:30","17:00","08:30","17:00","08:30","17:00","08:30","17:00","08:30","17:00","08:30","12:30","","","","",""
"3911393100700","01001","内科","2","","","","","","","","","","","","","","","","","","","","","","","","","","","","","","","","",""
"3911393100700","01001","内科","3","","","","","","","","","","","","","","","","","","","","","","","","","","","","","","","","",""
"3911393100700","01014","呼吸器内科","1","08:30","17:00","08:30","17:00","08:30","17:00","08:30","17:00","08:30","17:00","08:30","12:30","","","","","08:30","17:00","08:30","17:00","08:30","17:00","08:30","17:00","08:30","17:00","08:30","12:30","","","","",""
"3911393100700","01014","呼吸器内科","2","","","","","","","","","","","","","","","","","","","","","","","","","","","","","","","","",""
"3911393100700","01014","呼吸器内科","3","","","","","","","","","","","","","","","","","","","","","","","","","","","","","","","","",""
"3911393100700","01028","老年内科","1","08:30","17:00","08:30","17:00","08:30","17:00","08:30","17:00","08:30","17:00","08:30","12:30","","","","","08:30","17:00","08:30","17:00","08:30","17:00","08:30","17:00","08:30","17:00","08:30","12:30","","","","",""
"3911393100700","01028","老年内科","2","","","","","","","","","","","","","","","","","","","","","","","","","","","","","","","","",""
"3911393100700","01028","老年内科","3","","","","","","","","","","","","","","","","","","","","","","","","","","","","","","","","",""
"3911393100700","09003","リハビリテーション科","1","08:30","17:00","08:30","17:00","08:30","17:00","08:30","17:00","08:30","17:00","08:30","12:30","","","","","08:30","17:00","08:30","17:00","08:30","17:00","08:30","17:00","08:30","17:00","08:30","12:30","","","","",""
"3911393100700","09003","リハビリテーション科","2","","","","","","","","","","","","","","","","","","","","","","","","","","","","","","","","",""
"3911393100700","09003","リハビリテーション科","3","","","","","","","","","","","","","","","","","","","","","","","","","","","","","","","","",""
"3911395100140","07001","精神科","1","09:00","12:15","09:00","12:15","09:00","12:15","09:00","12:15","09:00","12:15","09:00","12:00","","","","","08:30","11:45","08:30","11:45","08:30","11:45","08:30","11:45","08:30","11:45","08:30","11:45","","","","",""
"3911395100140","07001","精神科","2","13:15","16:45","13:15","16:45","13:15","16:45","13:15","16:45","13:15","16:45","","","","","","","13:00","16:30","13:00","16:30","13:00","16:30","13:00","16:30","13:00","16:30","","","","","","","空欄にした: 土_診療 00:00-00:00（開始と終了が同じ） / 空欄にした: 土_外来受付 00:00-00:00（開始と終了が同じ）"
"3911395100140","07001","精神科","3","","","","","","","","","","","","","","","","","","","","","","","","","","","","","","","","","空欄にした: 月_診療 00:00-00:00（開始と終了が同じ） / 空欄にした: 火_診療 00:00-00:00（開始と終了が同じ） / 空欄にした: 水_診療 00:00-00:00（開始と終了が同じ） / 空欄にした: 木_診療 00:00-00:00（開始と終了が同じ） / 空欄にした: 金_診療 00:00-00:00（開始と終了が同じ） / 空欄にした: 土_診療 00:00-00:00（開始と終了が同じ） / 空欄にした: 月_外来受付 00:00-00:00（開始と終了が同じ） / 空欄にした: 火_外来受付 00:00-00:00（開始と終了が同じ） / 空欄にした: 水_外来受付 00:00-00:00（開始と終了が同じ） / 空欄にした: 木_外来受付 00:00-00:00（開始と終了が同じ） / 空欄にした: 金_外来受付 00:00-00:00（開始と終了が同じ） / 空欄にした: 土_外来受付 00:00-00:00（開始と終了が同じ）"
"3911395100140","07003","心療内科","1","09:00","12:15","09:00","12:15","09:00","12:15","09:00","12:15","09:00","12:15","09:00","12:00","","","","","08:30","11:45","08:30","11:45","08:30","11:45","08:30","11:45","08:30","11:45","08:30","11:45","","","","",""
"3911395100140","07003","心療内科","2","13:15","16:45","13:15","16:45","13:15","16:45","13:15","16:45","13:15","16:45","","","","","","","13:00","16:30","13:00","16:30","13:00","16:30","13:00","16:30","13:00","16:30","","","","","","","空欄にした: 土_診療 00:00-00:00（開始と終了が同じ） / 空欄にした: 土_外来受付 00:00-00:00（開始と終了が同じ）"
"3911395100140","07003","心療内科","3","","","","","","","","","","","","","","","","","","","","","","","","","","","","","","","","","空欄にした: 月_診療 00:00-00:00（開始と終了が同じ） / 空欄にした: 火_診療 00:00-00:00（開始と終了が同じ） / 空欄にした: 水_診療 00:00-00:00（開始と終了が同じ） / 空欄にした: 木_診療 00:00-00:00（開始と終了が同じ） / 空欄にした: 金_診療 00:00-00:00（開始と終了が同じ） / 空欄にした: 土_診療 00:00-00:00（開始と終了が同じ） / 空欄にした: 月_外来受付 00:00-00:00（開始と終了が同じ） / 空欄にした: 火_外来受付 00:00-00:00（開始と終了が同じ） / 空欄にした: 水_外来受付 00:00-00:00（開始と終了が同じ） / 空欄にした: 木_外来受付 00:00-00:00（開始と終了が同じ） / 空欄にした: 金_外来受付 00:00-00:00（開始と終了が同じ） / 空欄にした: 土_外来受付 00:00-00:00（開始と終了が同じ）"
"3911395100270","01001","内科","1","09:00","12:30","09:00","12:30","09:00","12:30","09:00","12:30","09:00","12:30","","","","","","","09:00","12:00","09:00","12:00","09:00","12:00","09:00","12:00","09:00","12:00","","","","","","",""
"3911395100270","01001","内科","2","13:30","17:00","13:30","17:00","13:30","17:00","13:30","17:00","13:30","17:00","","","","","","","13:30","16:30","13:30","16:30","13:30","16:30","13:30","16:30","13:30","16:30","","","","","","",""
"3911395100270","01001","内科","3","","","","","","","","","","","","","","","","","","","","","","","","","","","","","","","","",""
"3911395100270","07001","精神科","1","09:00","12:30","09:00","12:30","09:00","12:30","09:00","12:30","09:00","12:30","","","","","","","09:00","12:00","09:00","12:00","09:00","12:00","09:00","12:00","09:00","12:00","","","","","","",""
"3911395100270","07001","精神科","2","13:30","17:00","13:30","17:00","13:30","17:00","13:30","17:00","13:30","17:00","","","","","","","13:30","16:30","13:30","16:30","13:30","16:30","13:30","16:30","13:30","16:30","","","","","","",""
"3911395100270","07001","精神科","3","","","","","","","","","","","","","","","","","","","","","","","","","","","","","","","","",""
"3911395100270","07002","神経科","1","09:00","12:30","09:00","12:30","09:00","12:30","09:00","12:30","09:00","12:30","","","","","","","09:00","12:00","09:00","12:00","09:00","12:00","09:00","12:00","09:00","12:00","","","","","","",""
"3911395100270","07002","神経科","2","13:30","17:00","13:30","17:00","13:30","17:00","13:30","17:00","13:30","17:00","","","","","","","13:30","16:30","13:30","16:30","13:30","16:30","13:30","16:30","13:30","16:30","","","","","","",""
"3911395100270","07002","神経科","3","","","","","","","","","","","","","","","","","","","","","","","","","","","","","","","","",""
"3911395100270","07003","心療内科","1","09:00","12:30","09:00","12:30","09:00","12:30","09:00","12:30","09:00","12:30","","","","","","","09:00","12:00","09:00","12:00","09:00","12:00","09:00","12:00","09:00","12:00","","","","","","",""
"3911395100270","07003","心療内科","2","13:30","17:00","13:30","17:00","13:30","17:00","13:30","17:00","13:30","17:00","","","","","","","13:30","16:30","13:30","16:30","13:30","16:30","13:30","16:30","13:30","16:30","","","","","","",""
"3911395100270","07003","心療内科","3","","","","","","","","","","","","","","","","","","","","","","","","","","","","","","","","",""
"3911395100300","01001","内科","1","09:00","12:00","","","09:00","12:00","","","09:00","12:00","","","","","","","08:30","11:00","","","08:30","11:00","","","08:30","11:00","","","","","","","空欄にした: 火_診療 00:00-00:00（開始と終了が同じ） / 空欄にした: 木_診療 00:00-00:00（開始と終了が同じ） / 空欄にした: 土_診療 00:00-00:00（開始と終了が同じ） / 空欄にした: 火_外来受付 00:00-00:00（開始と終了が同じ） / 空欄にした: 木_外来受付 00:00-00:00（開始と終了が同じ） / 空欄にした: 土_外来受付 00:00-00:00（開始と終了が同じ）"
"3911395100300","01001","内科","2","13:30","15:00","","","","","","","13:30","15:00","","","","","","","13:00","14:00","","","","","","","13:00","14:00","","","","","","","空欄にした: 火_診療 00:00-00:00（開始と終了が同じ） / 空欄にした: 水_診療 00:00-00:00（開始と終了が同じ） / 空欄にした: 木_診療 00:00-00:00（開始と終了が同じ） / 空欄にした: 土_診療 00:00-00:00（開始と終了が同じ） / 空欄にした: 火_外来受付 00:00-00:00（開始と終了が同じ） / 空欄にした: 水_外来受付 00:00-00:00（開始と終了が同じ） / 空欄にした: 木_外来受付 00:00-00:00（開始と終了が同じ） / 空欄にした: 土_外来受付 00:00-00:00（開始と終了が同じ）"
"3911395100300","01001","内科","3","","","","","","","","","","","","","","","","","","","","","","","","","","","","","","","","","空欄にした: 月_診療 00:00-00:00（開始と終了が同じ） / 空欄にした: 火_診療 00:00-00:00（開始と終了が同じ） / 空欄にした: 水_診療 00:00-00:00（開始と終了が同じ） / 空欄にした: 木_診療 00:00-00:00（開始と終了が同じ） / 空欄にした: 金_診療 00:00-00:00（開始と終了が同じ） / 空欄にした: 土_診療 00:00-00:00（開始と終了が同じ） / 空欄にした: 月_外来受付 00:00-00:00（開始と終了が同じ） / 空欄にした: 火_外来受付 00:00-00:00（開始と終了が同じ） / 空欄にした: 水_外来受付 00:00-00:00（開始と終了が同じ） / 空欄にした: 木_外来受付 00:00-00:00（開始と終了が同じ） / 空欄にした: 金_外来受付 00:00-00:00（開始と終了が同じ） / 空欄にした: 土_外来受付 00:00-00:00（開始と終了が同じ）"
"3911395100300","07001","精神科","1","09:00","12:00","09:00","12:00","09:00","12:00","09:00","12:00","09:00","12:00","09:00","12:00","","","","","08:30","11:00","08:30","11:00","08:30","11:00","08:30","11:00","08:30","11:00","08:30","11:00","","","","",""
"3911395100300","07001","精神科","2","13:30","17:00","13:30","17:00","13:30","17:00","13:30","17:00","13:30","17:00","","","","","","","13:00","16:00","13:00","16:00","13:00","16:00","13:00","16:00","13:00","16:00","","","","","","",""
"3911395100300","07001","精神科","3","","","","","","","","","","","","","","","","","","","","","","","","","","","","","","","","","空欄にした: 月_診療 00:00-00:00（開始と終了が同じ） / 空欄にした: 火_診療 00:00-00:00（開始と終了が同じ） / 空欄にした: 水_診療 00:00-00:00（開始と終了が同じ） / 空欄にした: 木_診療 00:00-00:00（開始と終了が同じ） / 空欄にした: 金_診療 00:00-00:00（開始と終了が同じ） / 空欄にした: 土_診療 00:00-00:00（開始と終了が同じ） / 空欄にした: 月_外来受付 00:00-00:00（開始と終了が同じ） / 空欄にした: 火_外来受付 00:00-00:00（開始と終了が同じ） / 空欄にした: 水_外来受付 00:00-00:00（開始と終了が同じ） / 空欄にした: 木_外来受付 00:00-00:00（開始と終了が同じ） / 空欄にした: 金_外来受付 00:00-00:00（開始と終了が同じ） / 空欄にした: 土_外来受付 00:00-00:00（開始と終了が同じ）"
"3911395100300","07003","心療内科","1","09:00","12:00","09:00","12:00","09:00","12:00","09:00","12:00","09:00","12:00","09:00","12:00","","","","","08:30","11:00","08:30","11:00","08:30","11:00","08:30","11:00","08:30","11:00","08:30","11:00","","","","",""
"3911395100300","07003","心療内科","2","13:30","17:00","13:30","17:00","13:30","17:00","13:30","17:00","13:30","17:00","","","","","","","13:00","16:00","13:00","16:00","13:00","16:00","13:00","16:00","13:00","16:00","","","","","","","空欄にした: 土_診療 00:00-00:00（開始と終了が同じ） / 空欄にした: 土_外来受付 00:00-00:00（開始と終了が同じ）"
"3911395100300","07003","心療内科","3","","","","","","","","","","","","","","","","","","","","","","","","","","","","","","","","","空欄にした: 月_診療 00:00-00:00（開始と終了が同じ） / 空欄にした: 火_診療 00:00-00:00（開始と終了が同じ） / 空欄にした: 水_診療 00:00-00:00（開始と終了が同じ） / 空欄にした: 木_診療 00:00-00:00（開始と終了が同じ） / 空欄にした: 金_診療 00:00-00:00（開始と終了が同じ） / 空欄にした: 土_診療 00:00-00:00（開始と終了が同じ） / 空欄にした: 月_外来受付 00:00-00:00（開始と終了が同じ） / 空欄にした: 火_外来受付 00:00-00:00（開始と終了が同じ） / 空欄にした: 水_外来受付 00:00-00:00（開始と終了が同じ） / 空欄にした: 木_外来受付 00:00-00:00（開始と終了が同じ） / 空欄にした: 金_外来受付 00:00-00:00（開始と終了が同じ） / 空欄にした: 土_外来受付 00:00-00:00（開始と終了が同じ）"
"3911395100560","07001","精神科","1","09:00","12:00","09:00","12:00","09:00","12:00","09:00","12:00","09:00","12:00","09:00","12:00","","","","","09:00","11:30","09:00","11:30","09:00","11:30","09:00","11:30","09:00","11:30","09:00","11:30","","","","",""
"3911395100560","07001","精神科","2","13:30","17:00","13:30","17:00","13:30","17:00","13:30","17:00","13:30","17:00","","","","","","","13:30","16:30","13:30","16:30","13:30","16:30","13:30","16:30","13:30","16:30","","","","","","",""
"3911395100560","07001","精神科","3","","","","","","","","","","","","","","","","","","","","","","","","","","","","","","","","",""
"3911395100850","01001","内科","1","09:00","17:00","09:00","17:00","09:00","17:00","09:00","17:00","09:00","17:00","","","","","","","08:30","16:30","08:30","16:30","08:30","16:30","08:30","16:30","08:30","16:30","","","","","","",""
"3911395100850","01001","内科","2","","","","","","","","","","","09:00","12:30","","","","","","","","","","","","","","","08:30","12:00","","","","",""
"3911395100850","01001","内科","3","","","","","","","","","","","","","","","","","","","","","","","","","","","","","","","","",""
"3911395100850","01017","循環器内科","1","09:00","17:00","09:00","17:00","09:00","17:00","09:00","17:00","09:00","17:00","","","","","","","08:30","16:30","08:30","16:30","08:30","16:30","08:30","16:30","08:30","16:30","","","","","","",""
"3911395100850","01017","循環器内科","2","","","","","","","","","","","09:00","12:30","","","","","","","","","","","","","","","08:30","12:00","","","","",""
"3911395100850","01017","循環器内科","3","","","","","","","","","","","","","","","","","","","","","","","","","","","","","","","","",""
"3911395100850","01020","消化器内科","1","09:00","17:00","09:00","17:00","09:00","17:00","09:00","17:00","09:00","17:00","","","","","","","08:30","16:30","08:30","16:30","08:30","16:30","08:30","16:30","08:30","16:30","","","","","","",""
"3911395100850","01020","消化器内科","2","","","","","","","","","","","09:00","12:30","","","","","","","","","","","","","","","08:30","12:00","","","","",""
"3911395100850","01020","消化器内科","3","","","","","","","","","","","","","","","","","","","","","","","","","","","","","","","","",""
"3911395100850","01025","神経内科","1","09:00","17:00","09:00","17:00","09:00","17:00","09:00","17:00","09:00","17:00","","","","","","","08:30","16:30","08:30","16:30","08:30","16:30","08:30","16:30","08:30","16:30","","","","","","",""
"3911395100850","01025","神経内科","2","","","","","","","","","","","09:00","12:30","","","","","","","","","","","","","","","08:30","12:00","","","","",""
"3911395100850","01025","神経内科","3","","","","","","","","","","","","","","","","","","","","","","","","","","","","","","","","",""
"3911395100850","07001","精神科","1","09:00","17:00","09:00","17:00","09:00","17:00","09:00","17:00","09:00","17:00","","","","","","","08:30","16:30","08:30","16:30","08:30","16:30","08:30","16:30","08:30","16:30","","","","","","",""
"3911395100850","07001","精神科","2","","","","","","","","","","","09:00","12:30","","","","","","","","","","","","","","","08:30","12:00","","","","",""
"3911395100850","07001","精神科","3","","","","","","","","","","","","","","","","","","","","","","","","","","","","","","","","",""
"3911395100850","09003","リハビリテーション科","1","09:00","17:00","09:00","17:00","09:00","17:00","09:00","17:00","09:00","17:00","","","","","","","08:30","16:30","08:30","16:30","08:30","16:30","08:30","16:30","08:30","16:30","","","","","","",""
"3911395100850","09003","リハビリテーション科","2","","","","","","","","","","","09:00","12:30","","","","","","","","","","","","","","","08:30","12:00","","","","",""
"3911395100850","09003","リハビリテーション科","3","","","","","","","","","","","","","","","","","","","","","","","","","","","","","","","","",""
"3911395100850","09004","放射線科","1","09:00","17:00","09:00","17:00","09:00","17:00","09:00","17:00","09:00","17:00","","","","","","","08:30","16:30","08:30","16:30","08:30","16:30","08:30","16:30","08:30","16:30","","","","","","",""
"3911395100850","09004","放射線科","2","","","","","","","","","","","09:00","12:30","","","","","","","","","","","","","","","08:30","12:00","","","","",""
"3911395100850","09004","放射線科","3","","","","","","","","","","","","","","","","","","","","","","","","","","","","","","","","",""
"3911395100980","01001","内科","1","09:00","12:00","09:00","12:00","09:00","12:00","09:00","12:00","09:00","12:00","09:00","12:00","","","","","08:00","11:30","08:00","11:30","08:00","11:30","08:00","11:30","08:00","11:30","08:00","11:30","","","","",""
"3911395100980","01001","内科","2","13:30","17:00","13:30","17:00","13:30","17:00","13:30","17:00","13:30","17:00","","","","","","","12:00","16:30","12:00","16:30","12:00","16:30","12:00","16:30","12:00","16:30","","","","","","",""
"3911395100980","01001","内科","3","","","","","","","","","","","","","","","","","","","","","","","","","","","","","","","","",""
"3911395100980","01014","呼吸器内科","1","","","","","09:00","12:00","","","","","","","","","","","","","","","08:00","11:30","","","","","","","","","","",""
"3911395100980","01014","呼吸器内科","2","","","13:30","17:00","","","","","","","","","","","","","","","12:00","16:30","","","","","","","","","","","","",""
"3911395100980","01014","呼吸器内科","3","","","","","","","","","","","","","","","","","","","","","","","","","","","","","","","","",""
"3911395100980","01017","循環器内科","1","09:00","12:00","09:00","12:00","","","09:00","12:00","09:00","12:00","09:00","12:00","","","","","08:00","11:30","08:00","11:30","","","08:00","11:30","08:00","11:30","08:00","11:30","","","","",""
"3911395100980","01017","循環器内科","2","","","","","","","13:30","17:00","13:30","17:00","","","","","","","","","","","","","12:00","16:30","12:00","16:30","","","","","","",""
"3911395100980","01017","循環器内科","3","","","","","","","","","","","","","","","","","","","","","","","","","","","","","","","","",""
"3911395100980","01020","消化器内科","1","09:00","12:00","09:00","12:00","09:00","12:00","09:00","12:00","09:00","12:00","09:00","12:00","","","","","08:00","11:30","08:00","11:30","08:00","11:30","08:00","11:30","08:00","11:30","08:00","11:30","","","","",""
"3911395100980","01020","消化器内科","2","","","13:30","17:00","13:30","17:00","13:30","17:00","13:30","17:00","","","","","","","","","12:00","16:30","12:00","16:30","12:00","16:30","12:00","16:30","","","","","","",""
"3911395100980","01020","消化器内科","3","","","","","","","","","","","","","","","","","","","","","","","","","","","","","","","","",""
"3911395100980","01026","腫瘍内科","1","","","","","","","","","","","09:00","12:00","","","","","","","","","","","","","","","08:00","11:30","","","","",""
"3911395100980","01026","腫瘍内科","2","","","","","13:30","17:00","","","","","","","","","","","","","","","12:00","16:30","","","","","","","","","","",""
"3911395100980","01026","腫瘍内科","3","","","","","","","","","","","","","","","","","","","","","","","","","","","","","","","","",""
"3911395100980","02001","外科","1","09:00","12:00","09:00","12:00","09:00","12:00","09:00","12:00","09:00","12:00","09:00","12:00","","","","","08:00","11:30","08:00","11:30","08:00","11:30","08:00","11:30","08:00","11:30","08:00","11:30","","","","",""
"3911395100980","02001","外科","2","14:00","17:00","14:00","17:00","14:00","17:00","14:00","17:00","","","","","","","","","12:00","16:30","12:00","16:30","12:00","16:30","12:00","16:30","","","","","","","","",""
"3911395100980","02001","外科","3","","","","","","","","","","","","","","","","","","","","","","","","","","","","","","","","",""
"3911395100980","02002","脳神経外科","1","09:00","12:00","09:00","12:00","09:00","12:00","09:00","12:00","09:00","12:00","09:00","12:00","","","","","08:00","11:30","08:00","11:30","08:00","11:30","08:00","11:30","08:00","11:30","08:00","11:30","","","","",""
"3911395100980","02002","脳神経外科","2","13:30","17:00","13:30","17:00","13:30","17:00","13:30","17:00","13:30","17:00","","","","","","","12:00","16:30","12:00","16:30","12:00","16:30","12:00","16:30","12:00","16:30","","","","","","",""
"3911395100980","02002","脳神経外科","3","","","","","","","","","","","","","","","","","","","","","","","","","","","","","","","","",""
"3911395100980","02005","呼吸器外科","1","","","","","","","","","","","","","","","","","","","","","","","","","","","","","","","","",""
"3911395100980","02005","呼吸器外科","2","","","14:00","17:00","","","","","","","","","","","","","","","12:00","16:30","","","","","","","","","","","","",""
"3911395100980","02005","呼吸器外科","3","","","","","","","","","","","","","","","","","","","","","","","","","","","","","","","","",""
"3911395100980","02012","消化器外科","1","09:00","12:00","09:00","12:00","09:00","12:00","09:00","12:00","09:00","12:00","","","","","","","08:00","11:30","08:00","11:30","08:00","11:30","08:00","11:30","08:00","11:30","","","","","","",""
"3911395100980","02012","消化器外科","2","14:00","17:00","","","14:00","17:00","","","","","","","","","","","12:00","16:30","","","12:00","16:30","","","","","","","","","","",""
"3911395100980","02012","消化器外科","3","","","","","","","","","","","","","","","","","","","","","","","","","","","","","","","","",""
"3911395100980","02035","整形外科","1","09:00","12:00","09:00","12:00","09:00","12:00","09:00","12:00","09:00","12:00","09:00","12:00","","","","","08:00","11:30","08:00","11:30","08:00","11:30","08:00","11:30","08:00","11:30","08:00","11:30","","","","",""
"3911395100980","02035","整形外科","2","","","","","","","","","","","","","","","","","","","","","","","","","","","","","","","","",""
"3911395100980","02035","整形外科","3","","","","","","","","","","","","","","","","","","","","","","","","","","","","","","","","",""
"3911395100980","02037","美容外科","1","","","","","09:00","12:00","","","","","","","","","","","","","","","08:00","11:30","","","","","","","","","","",""
"3911395100980","02037","美容外科","2","","","","","13:30","17:00","","","","","","","","","","","","","","","12:00","16:30","","","","","","","","","","",""
"3911395100980","02037","美容外科","3","","","","","","","","","","","","","","","","","","","","","","","","","","","","","","","","",""
"3911395100980","04003","婦人科","1","09:00","12:00","09:00","12:00","09:00","12:00","09:00","12:00","09:00","12:00","09:00","12:00","","","","","08:00","11:30","08:00","11:30","08:00","11:30","08:00","11:30","08:00","11:30","08:00","11:30","","","","",""
"3911395100980","04003","婦人科","2","16:00","16:30","16:00","16:30","16:00","16:30","16:00","16:30","16:00","16:30","","","","","","","12:00","16:00","12:00","16:00","12:00","16:00","12:00","16:00","12:00","16:00","","","","","","",""
"3911395100980","04003","婦人科","3","","","","","","","","","","","","","","","","","","","","","","","","","","","","","","","","",""
"3911395100980","05001","眼科","1","09:00","12:00","09:00","12:00","09:00","12:00","09:00","12:00","09:00","12:00","09:00","12:00","","","","","08:00","11:30","08:00","11:30","08:00","11:30","08:00","11:30","08:00","11:30","08:00","11:30","","","","",""
"3911395100980","05001","眼科","2","13:30","17:00","13:30","17:00","13:30","17:00","13:30","17:00","13:30","17:00","","","","","","","12:00","16:30","12:00","16:30","12:00","16:30","12:00","16:30","12:00","16:30","","","","","","",""
"3911395100980","05001","眼科","3","","","","","","","","","","","","","","","","","","","","","","","","","","","","","","","","",""
"3911395100980","05002","耳鼻いんこう科","1","09:00","12:00","","","09:00","12:00","09:00","12:00","09:00","12:00","09:00","12:00","","","","","08:00","11:30","","","08:00","11:30","08:00","11:30","08:00","11:30","08:00","11:30","","","","",""
"3911395100980","05002","耳鼻いんこう科","2","","","14:00","17:00","14:00","17:00","14:00","17:00","14:00","17:00","","","","","","","","","12:00","16:30","12:00","16:30","12:00","16:30","12:00","16:30","","","","","","",""
"3911395100980","05002","耳鼻いんこう科","3","","","","","","","","","","","","","","","","","","","","","","","","","","","","","","","","",""
"3911395100980","06001","皮膚科","1","","","09:00","12:00","","","09:00","12:00","","","","","","","","","","","08:00","11:30","","","08:00","11:30","","","","","","","","",""
"3911395100980","06001","皮膚科","2","","","","","","","","","","","","","","","","","","","","","","","","","","","","","","","","",""
"3911395100980","06001","皮膚科","3","","","","","","","","","","","","","","","","","","","","","","","","","","","","","","","","",""
"3911395100980","06004","泌尿器科","1","","","","","09:00","12:00","","","","","09:00","12:00","","","","","","","","","08:00","11:30","","","","","08:00","11:30","","","","",""
"3911395100980","06004","泌尿器科","2","","","","","14:00","16:00","","","","","","","","","","","","","","","12:00","15:30","","","","","","","","","","",""
"3911395100980","06004","泌尿器科","3","","","","","","","","","","","","","","","","","","","","","","","","","","","","","","","","",""
"3911395100980","07001","精神科","1","09:00","12:00","09:00","12:00","09:00","12:00","09:00","12:00","09:00","12:00","09:00","12:00","","","","","08:30","11:30","08:30","11:30","08:30","11:30","08:30","11:30","08:30","11:30","08:30","11:30","","","","",""
"3911395100980","07001","精神科","2","","","13:30","16:30","13:30","17:00","14:00","16:30","13:30","17:00","","","","","","","","","12:00","16:00","12:00","16:30","12:00","16:00","12:00","16:30","","","","","","",""
"3911395100980","07001","精神科","3","","","","","","","","","","","","","","","","","","","","","","","","","","","","","","","","",""
"3911395100980","07003","心療内科","1","09:00","12:00","09:00","12:00","09:00","12:00","09:00","12:00","09:00","12:00","09:00","12:00","","","","","08:30","11:30","08:30","11:30","08:30","11:30","08:30","11:30","08:30","11:30","08:30","11:30","","","","",""
"3911395100980","07003","心療内科","2","","","13:30","16:30","13:30","17:00","14:00","16:30","13:30","17:00","","","","","","","","","12:00","16:00","12:00","16:30","12:00","16:00","12:00","16:30","","","","","","",""
"3911395100980","07003","心療内科","3","","","","","","","","","","","","","","","","","","","","","","","","","","","","","","","","",""
"3911395100980","09002","リウマチ科","1","","","","","","","09:00","12:00","","","","","","","","","","","","","","","08:00","11:30","","","","","","","","",""
"3911395100980","09002","リウマチ科","2","","","","","","","","","","","","","","","","","","","","","","","","","","","","","","","","",""
"3911395100980","09002","リウマチ科","3","","","","","","","","","","","","","","","","","","","","","","","","","","","","","","","","",""
"3911395100980","09003","リハビリテーション科","1","09:00","12:00","","","09:00","12:00","","","09:00","12:00","","","","","","","08:00","11:30","","","08:00","11:30","","","08:00","11:30","","","","","","",""
"3911395100980","09003","リハビリテーション科","2","","","","","","","","","","","","","","","","","","","","","","","","","","","","","","","","",""
"3911395100980","09003","リハビリテーション科","3","","","","","","","","","","","","","","","","","","","","","","","","","","","","","","","","",""
"3911395100980","09004","放射線科","1","","","","","","","","","","","","","","","","","","","","","","","","","","","","","","","","",""
"3911395100980","09004","放射線科","2","","","","","","","","","","","","","","","","","","","","","","","","","","","","","","","","",""
"3911395100980","09004","放射線科","3","","","","","","","","","","","","","","","","","","","","","","","","","","","","","","","","",""
"3911395100980","09010","救急科","1","00:00","23:59","00:00","23:59","00:00","23:59","00:00","23:59","00:00","23:59","00:00","23:59","00:00","23:59","00:00","23:59","00:00","23:59","00:00","23:59","00:00","23:59","00:00","23:59","00:00","23:59","00:00","23:59","00:00","23:59","00:00","23:59",""
"3911395100980","09010","救急科","2","","","","","","","","","","","","","","","","","","","","","","","","","","","","","","","","",""
"3911395100980","09010","救急科","3","","","","","","","","","","","","","","","","","","","","","","","","","","","","","","","","",""
"3911395100980","09011","麻酔科","1","","","","","","","","","","","","","","","","","","","","","","","","","","","","","","","","",""
"3911395100980","09011","麻酔科","2","","","","","","","","","","","","","","","","","","","","","","","","","","","","","","","","",""
"3911395100980","09011","麻酔科","3","","","","","","","","","","","","","","","","","","","","","","","","","","","","","","","","",""
"3911395101020","02002","脳神経外科","1","09:00","12:00","09:00","12:00","09:00","12:00","","","09:00","12:00","09:00","12:00","","","","","09:00","12:00","09:00","12:00","09:00","12:00","","","09:00","12:00","09:00","12:00","","","","",""
"3911395101020","02002","脳神経外科","2","14:00","17:00","14:00","17:00","14:00","17:00","","","14:00","17:00","","","","","","","14:00","17:00","14:00","17:00","14:00","17:00","","","14:00","17:00","","","","","","",""
"3911395101020","02002","脳神経外科","3","","","","","","","","","","","","","","","","","","","","","","","","","","","","","","","","",""
"3911395101020","02035","整形外科","1","09:00","12:00","09:00","12:00","09:00","12:00","09:00","12:00","09:00","12:00","09:00","12:00","","","","","09:00","12:00","09:00","12:00","09:00","12:00","09:00","12:00","09:00","12:00","09:00","12:00","","","","",""
"3911395101020","02035","整形外科","2","14:00","17:00","14:00","17:00","14:00","17:00","14:00","17:00","14:00","17:00","","","","","","","14:00","17:00","14:00","17:00","14:00","17:00","14:00","17:00","14:00","17:00","","","","","","",""
"3911395101020","02035","整形外科","3","","","","","","","","","","","","","","","","","","","","","","","","","","","","","","","","",""
"3911395101020","09003","リハビリテーション科","1","09:00","12:00","09:00","12:00","09:00","12:00","09:00","12:00","09:00","12:00","09:00","12:00","","","","","09:00","12:00","09:00","12:00","09:00","12:00","09:00","12:00","09:00","12:00","09:00","12:00","","","","",""
"3911395101020","09003","リハビリテーション科","2","14:00","17:00","14:00","17:00","14:00","17:00","14:00","17:00","14:00","17:00","","","","","","","14:00","17:00","14:00","17:00","14:00","17:00","14:00","17:00","14:00","17:00","","","","","","",""
"3911395101020","09003","リハビリテーション科","3","","","","","","","","","","","","","","","","","","","","","","","","","","","","","","","","",""
"3911395101020","09011","麻酔科","1","09:00","12:00","09:00","12:00","09:00","12:00","09:00","12:00","09:00","12:00","09:00","12:00","","","","","09:00","12:00","09:00","12:00","09:00","12:00","09:00","12:00","09:00","12:00","09:00","12:00","","","","",""
"3911395101020","09011","麻酔科","2","14:00","17:00","14:00","17:00","14:00","17:00","14:00","17:00","14:00","17:00","","","","","","","14:00","17:00","14:00","17:00","14:00","17:00","14:00","17:00","14:00","17:00","","","","","","",""
"3911395101020","09011","麻酔科","3","","","","","","","","","","","","","","","","","","","","","","","","","","","","","","","","",""
"3911395101280","01001","内科","1","09:00","12:00","09:00","12:00","09:00","12:00","09:00","12:00","09:00","12:00","09:00","12:00","","","","","09:00","17:00","09:00","17:00","09:00","17:00","09:00","17:00","09:00","17:00","09:00","12:00","","","","",""
"3911395101280","01001","内科","2","13:30","17:00","13:30","17:00","13:30","17:00","13:30","17:00","13:30","17:00","","","","","","","","","","","","","","","","","","","","","","",""
"3911395101280","01001","内科","3","","","","","","","","","","","","","","","","","","","","","","","","","","","","","","","","",""
"3911395101280","01017","循環器内科","1","09:00","12:00","","","","","09:00","12:00","","","","","","","","","09:00","12:00","","","","","09:00","12:00","","","","","","","","",""
"3911395101280","01017","循環器内科","2","","","13:30","17:00","","","","","13:30","17:00","","","","","","","","","13:00","17:00","","","","","13:00","17:00","","","","","","",""
"3911395101280","01017","循環器内科","3","","","","","","","","","","","","","","","","","","","","","","","","","","","","","","","","",""
"3911395101280","01020","消化器内科","1","09:00","12:00","09:00","12:00","09:00","12:00","","","09:00","12:00","09:00","12:00","","","","","09:00","17:00","09:00","12:00","09:00","17:00","13:30","17:00","09:00","12:00","09:00","12:00","","","","",""
"3911395101280","01020","消化器内科","2","14:00","17:00","","","14:00","17:00","14:00","17:00","","","","","","","","","","","","","","","","","","","","","","","","",""
"3911395101280","01020","消化器内科","3","","","","","","","","","","","","","","","","","","","","","","","","","","","","","","","","",""
"3911395101280","01021","胃腸内科","1","09:00","12:00","09:00","12:00","09:00","12:00","09:00","12:00","09:00","12:00","09:00","12:00","","","","","09:00","17:00","09:00","17:00","09:00","17:00","09:00","17:00","09:00","17:00","09:00","12:00","","","","",""
"3911395101280","01021","胃腸内科","2","13:30","17:00","13:30","17:00","13:30","17:00","13:30","17:00","13:30","17:00","","","","","","","","","","","","","","","","","","","","","","",""
"3911395101280","01021","胃腸内科","3","","","","","","","","","","","","","","","","","","","","","","","","","","","","","","","","",""
"3911395101280","02001","外科","1","09:00","12:00","09:00","12:00","09:00","12:00","09:00","12:00","09:00","12:00","09:00","12:00","","","","","09:00","17:00","09:00","17:00","09:00","17:00","09:00","17:00","09:00","17:00","09:00","12:00","","","","",""
"3911395101280","02001","外科","2","13:30","17:00","13:30","17:00","13:30","17:00","13:30","17:00","13:30","17:00","","","","","","","","","","","","","","","","","","","","","","",""
"3911395101280","02001","外科","3","","","","","","","","","","","","","","","","","","","","","","","","","","","","","","","","",""
"3911395101280","02005","呼吸器外科","1","09:00","12:00","","","","","","","","","","","","","","","09:00","12:00","","","","","","","","","","","","","","",""
"3911395101280","02005","呼吸器外科","2","","","","","","","","","","","","","","","","","","","","","","","","","","","","","","","","",""
"3911395101280","02005","呼吸器外科","3","","","","","","","","","","","","","","","","","","","","","","","","","","","","","","","","",""
"3911395101280","02008","血管外科","1","09:00","12:00","","","09:00","12:00","09:00","12:00","09:00","12:00","09:00","12:00","","","","","09:00","17:00","09:00","17:00","09:00","17:00","09:00","17:00","09:00","17:00","09:00","12:00","","","","",""
"3911395101280","02008","血管外科","2","13:30","17:00","","","13:30","17:00","13:30","17:00","13:30","17:00","","","","","","","","","","","","","","","","","","","","","","",""
"3911395101280","02008","血管外科","3","","","","","","","","","","","","","","","","","","","","","","","","","","","","","","","","",""
"3911395101280","02011","心臓血管外科","1","09:00","12:00","","","09:00","12:00","09:00","12:00","09:00","12:00","09:00","12:00","","","","","09:00","17:00","","","09:00","17:00","09:00","17:00","09:00","17:00","09:00","12:00","","","","",""
"3911395101280","02011","心臓血管外科","2","13:30","17:00","","","13:30","17:00","13:30","17:00","13:30","17:00","","","","","","","","","","","","","","","","","","","","","","",""
"3911395101280","02011","心臓血管外科","3","","","","","","","","","","","","","","","","","","","","","","","","","","","","","","","","",""
"3911395101280","02025","肛門外科","1","09:00","12:00","09:00","12:00","09:00","12:00","09:00","12:00","09:00","12:00","09:00","12:00","","","","","09:00","17:00","09:00","17:00","09:00","17:00","09:00","17:00","09:00","17:00","09:00","12:00","","","","",""
"3911395101280","02025","肛門外科","2","13:30","17:00","13:30","17:00","13:30","17:00","13:30","17:00","13:30","17:00","","","","","","","","","","","","","","","","","","","","","","",""
"3911395101280","02025","肛門外科","3","","","","","","","","","","","","","","","","","","","","","","","","","","","","","","","","",""
"3911395101280","02035","整形外科","1","09:00","12:00","09:00","12:00","09:00","12:00","09:00","12:00","09:00","12:00","09:00","12:00","","","","","09:00","17:00","09:00","17:00","09:00","17:00","09:00","17:00","09:00","17:00","09:00","12:00","","","","",""
"3911395101280","02035","整形外科","2","13:30","17:00","13:30","17:00","13:30","17:00","13:30","17:00","13:30","17:00","","","","","","","","","","","","","","","","","","","","","","",""
"3911395101280","02035","整形外科","3","","","","","","","","","","","","","","","","","","","","","","","","","","","","","","","","",""
"3911395101280","02036","形成外科","1","","","09:00","12:00","","","","","","","","","","","","","","","09:00","17:00","","","","","","","","","","","","",""
"3911395101280","02036","形成外科","2","","","13:30","17:00","","","","","","","","","","","","","","","","","","","","","","","","","","","","",""
"3911395101280","02036","形成外科","3","","","","","","","","","","","","","","","","","","","","","","","","","","","","","","","","",""
"3911395101280","09003","リハビリテーション科","1","09:00","12:00","09:00","12:00","09:00","12:00","09:00","12:00","09:00","12:00","09:00","12:00","","","","","09:00","17:00","09:00","17:00","09:00","17:00","09:00","17:00","09:00","17:00","09:00","12:00","","","","",""
"3911395101280","09003","リハビリテーション科","2","13:30","17:00","13:30","17:00","13:30","17:00","13:30","17:00","13:30","17:00","","","","","","","","","","","","","","","","","","","","","","",""
"3911395101280","09003","リハビリテーション科","3","","","","","","","","","","","","","","","","","","","","","","","","","","","","","","","","",""
"3911395101280","09004","放射線科","1","09:00","12:00","09:00","12:00","09:00","12:00","09:00","12:00","09:00","12:00","09:00","12:00","","","","","09:00","17:00","09:00","17:00","09:00","17:00","09:00","17:00","09:00","17:00","09:00","12:00","","","","",""
"3911395101280","09004","放射線科","2","13:30","17:00","13:30","17:00","13:30","17:00","13:30","17:00","13:30","17:00","","","","","","","","","","","","","","","","","","","","","","",""
"3911395101280","09004","放射線科","3","","","","","","","","","","","","","","","","","","","","","","","","","","","","","","","","",""
"3911395101280","09011","麻酔科","1","","","","","","","","","","","","","","","","","09:00","17:00","09:00","17:00","09:00","17:00","09:00","17:00","09:00","17:00","09:00","12:00","","","","",""
"3911395101280","09011","麻酔科","2","","","13:30","17:00","13:30","17:00","13:30","17:00","","","","","","","","","","","","","","","","","","","","","","","","",""
"3911395101280","09011","麻酔科","3","","","","","","","","","","","","","","","","","","","","","","","","","","","","","","","","",""
"3911395101310","01001","内科","1","08:45","12:35","08:45","12:35","08:45","12:35","08:45","12:35","08:45","12:35","08:45","12:45","","","","","08:45","12:35","08:45","12:35","08:45","12:35","08:45","12:35","08:45","12:35","08:45","12:45","","","","",""
"3911395101310","01001","内科","2","14:00","17:30","14:00","17:30","14:00","17:30","14:00","17:30","14:00","17:30","","","","","","","14:00","17:30","14:00","17:30","14:00","17:30","14:00","17:30","14:00","17:30","","","","","","",""
"3911395101310","01001","内科","3","","","","","","","","","","","","","","","","","","","","","","","","","","","","","","","","",""
"3911395101310","01006","糖尿病内科","1","","","08:45","12:35","","","08:45","11:00","","","","","","","","","","","08:45","12:35","","","08:45","11:00","","","","","","","","",""
"3911395101310","01006","糖尿病内科","2","","","14:00","17:00","","","","","","","","","","","","","","","14:00","17:00","","","","","","","","","","","","",""
"3911395101310","01006","糖尿病内科","3","","","","","","","","","","","","","","","","","","","","","","","","","","","","","","","","",""
"3911395101310","01017","循環器内科","1","08:45","12:35","08:45","12:35","08:45","12:35","08:45","12:35","","","08:45","12:45","","","","","08:45","12:35","08:45","12:35","08:45","12:35","08:45","12:35","","","08:45","12:45","","","","",""
"3911395101310","01017","循環器内科","2","14:00","17:30","14:00","17:30","","","14:00","17:30","14:00","17:30","","","","","","","14:00","17:30","14:00","17:30","","","14:00","17:30","14:00","17:30","","","","","","",""
"3911395101310","01017","循環器内科","3","","","","","","","","","","","","","","","","","","","","","","","","","","","","","","","","",""
"3911395101310","01020","消化器内科","1","08:45","12:35","08:45","12:35","08:45","12:35","08:45","12:35","08:45","12:35","08:45","12:45","","","","","08:45","12:35","08:45","12:35","08:45","12:35","08:45","12:35","08:45","12:35","08:45","12:45","","","","",""
"3911395101310","01020","消化器内科","2","14:00","17:30","14:00","17:30","14:00","17:30","14:00","17:30","14:00","17:30","","","","","","","14:00","17:30","14:00","17:30","14:00","17:30","14:00","17:30","14:00","17:30","","","","","","",""
"3911395101310","01020","消化器内科","3","","","","","","","","","","","","","","","","","","","","","","","","","","","","","","","","",""
"3911395101310","01021","胃腸内科","1","08:45","12:35","08:45","12:35","08:45","12:35","08:45","12:35","08:45","12:35","08:45","12:45","","","","","08:45","12:35","08:45","12:35","08:45","12:35","08:45","12:35","08:45","12:35","08:45","12:45","","","","",""
"3911395101310","01021","胃腸内科","2","14:00","17:30","14:00","17:30","14:00","17:30","14:00","17:30","14:00","17:30","","","","","","","14:00","17:30","14:00","17:30","14:00","17:30","14:00","17:30","14:00","17:30","","","","","","",""
"3911395101310","01021","胃腸内科","3","","","","","","","","","","","","","","","","","","","","","","","","","","","","","","","","",""
"3911395101310","02001","外科","1","08:45","12:35","","","08:45","12:35","08:45","12:35","08:45","12:35","08:45","12:45","","","","","08:45","12:35","","","08:45","12:35","08:45","12:35","08:45","12:35","08:45","12:45","","","","",""
"3911395101310","02001","外科","2","14:00","17:30","","","14:00","17:30","14:00","17:30","14:00","17:30","","","","","","","14:00","17:30","","","14:00","17:30","14:00","17:30","14:00","17:30","","","","","","",""
"3911395101310","02001","外科","3","","","","","","","","","","","","","","","","","","","","","","","","","","","","","","","","",""
"3911395101310","07003","心療内科","1","","","","","08:45","12:35","","","08:45","12:35","08:45","12:45","","","","","","","","","08:45","12:35","","","08:45","12:35","08:45","12:45","","","","",""
"3911395101310","07003","心療内科","2","","","","","14:00","17:30","","","14:00","17:30","","","","","","","","","","","14:00","17:30","","","14:00","17:30","","","","","","",""
"3911395101310","07003","心療内科","3","","","","","","","","","","","","","","","","","","","","","","","","","","","","","","","","",""
"3911395101310","09003","リハビリテーション科","1","08:45","12:35","08:45","12:35","08:45","12:35","08:45","12:35","08:45","12:35","08:45","12:45","","","","","08:45","12:35","08:45","12:35","08:45","12:35","08:45","12:35","08:45","12:35","08:45","12:45","","","","",""
"3911395101310","09003","リハビリテーション科","2","14:00","17:30","14:00","17:30","14:00","17:30","14:00","17:30","14:00","17:30","","","","","","","14:00","17:30","14:00","17:30","14:00","17:30","14:00","17:30","14:00","17:30","","","","","","",""
"3911395101310","09003","リハビリテーション科","3","","","","","","","","","","","","","","","","","","","","","","","","","","","","","","","","",""
"3911395101440","01001","内科","1","09:00","12:30","09:00","12:30","09:00","12:30","09:00","12:30","09:00","12:30","09:00","12:30","","","","","09:00","12:00","09:00","12:00","09:00","12:00","09:00","12:00","09:00","12:00","09:00","12:00","","","","",""
"3911395101440","01001","内科","2","13:30","17:30","13:30","17:30","13:30","17:30","13:30","17:30","13:30","17:30","","","","","","","13:30","17:00","13:30","17:00","13:30","17:00","13:30","17:00","13:30","17:00","","","","","","","空欄にした: 土_診療 00:00-00:00（開始と終了が同じ） / 空欄にした: 土_外来受付 00:00-00:00（開始と終了が同じ）"
"3911395101440","01001","内科","3","","","","","","","","","","","","","","","","","","","","","","","","","","","","","","","","","空欄にした: 月_診療 00:00-00:00（開始と終了が同じ） / 空欄にした: 火_診療 00:00-00:00（開始と終了が同じ） / 空欄にした: 水_診療 00:00-00:00（開始と終了が同じ） / 空欄にした: 木_診療 00:00-00:00（開始と終了が同じ） / 空欄にした: 金_診療 00:00-00:00（開始と終了が同じ） / 空欄にした: 土_診療 00:00-00:00（開始と終了が同じ） / 空欄にした: 月_外来受付 00:00-00:00（開始と終了が同じ） / 空欄にした: 火_外来受付 00:00-00:00（開始と終了が同じ） / 空欄にした: 水_外来受付 00:00-00:00（開始と終了が同じ） / 空欄にした: 木_外来受付 00:00-00:00（開始と終了が同じ） / 空欄にした: 金_外来受付 00:00-00:00（開始と終了が同じ） / 空欄にした: 土_外来受付 00:00-00:00（開始と終了が同じ）"
"3911395101440","01014","呼吸器内科","1","09:00","12:30","09:00","12:30","09:00","12:30","09:00","12:30","09:00","12:30","09:00","12:30","","","","","09:00","12:00","09:00","12:00","09:00","12:00","09:00","12:00","09:00","12:00","09:00","12:00","","","","",""
"3911395101440","01014","呼吸器内科","2","13:30","17:30","13:30","17:30","13:30","17:30","13:30","17:30","13:30","17:30","","","","","","","13:30","17:00","13:30","17:00","13:30","17:00","13:30","17:00","13:30","17:00","","","","","","","空欄にした: 土_診療 00:00-00:00（開始と終了が同じ） / 空欄にした: 土_外来受付 00:00-00:00（開始と終了が同じ）"
"3911395101440","01014","呼吸器内科","3","","","","","","","","","","","","","","","","","","","","","","","","","","","","","","","","","空欄にした: 月_診療 00:00-00:00（開始と終了が同じ） / 空欄にした: 火_診療 00:00-00:00（開始と終了が同じ） / 空欄にした: 水_診療 00:00-00:00（開始と終了が同じ） / 空欄にした: 木_診療 00:00-00:00（開始と終了が同じ） / 空欄にした: 金_診療 00:00-00:00（開始と終了が同じ） / 空欄にした: 土_診療 00:00-00:00（開始と終了が同じ） / 空欄にした: 月_外来受付 00:00-00:00（開始と終了が同じ） / 空欄にした: 火_外来受付 00:00-00:00（開始と終了が同じ） / 空欄にした: 水_外来受付 00:00-00:00（開始と終了が同じ） / 空欄にした: 木_外来受付 00:00-00:00（開始と終了が同じ） / 空欄にした: 金_外来受付 00:00-00:00（開始と終了が同じ） / 空欄にした: 土_外来受付 00:00-00:00（開始と終了が同じ）"
"3911395101440","01017","循環器内科","1","","","","","","","","","","","09:00","12:30","","","","","09:00","12:00","09:00","12:00","09:00","12:00","09:00","12:00","09:00","12:00","09:00","12:00","","","","",""
"3911395101440","01017","循環器内科","2","13:30","17:30","","","13:30","17:30","","","13:30","17:30","","","","","","","13:30","17:00","13:30","17:00","13:30","17:00","13:30","17:00","13:30","17:00","","","","","","","空欄にした: 土_診療 00:00-00:00（開始と終了が同じ） / 空欄にした: 土_外来受付 00:00-00:00（開始と終了が同じ）"
"3911395101440","01017","循環器内科","3","","","","","","","","","","","","","","","","","","","","","","","","","","","","","","","","","空欄にした: 月_診療 00:00-00:00（開始と終了が同じ） / 空欄にした: 火_診療 00:00-00:00（開始と終了が同じ） / 空欄にした: 水_診療 00:00-00:00（開始と終了が同じ） / 空欄にした: 木_診療 00:00-00:00（開始と終了が同じ） / 空欄にした: 金_診療 00:00-00:00（開始と終了が同じ） / 空欄にした: 土_診療 00:00-00:00（開始と終了が同じ） / 空欄にした: 月_外来受付 00:00-00:00（開始と終了が同じ） / 空欄にした: 火_外来受付 00:00-00:00（開始と終了が同じ） / 空欄にした: 水_外来受付 00:00-00:00（開始と終了が同じ） / 空欄にした: 木_外来受付 00:00-00:00（開始と終了が同じ） / 空欄にした: 金_外来受付 00:00-00:00（開始と終了が同じ） / 空欄にした: 土_外来受付 00:00-00:00（開始と終了が同じ）"
"3911395101440","01020","消化器内科","1","09:00","12:30","09:00","12:30","09:00","12:30","09:00","12:30","09:00","12:30","09:00","12:30","","","","","09:00","12:00","09:00","12:00","09:00","12:00","09:00","12:00","09:00","12:00","09:00","12:00","","","","",""
"3911395101440","01020","消化器内科","2","13:30","17:30","13:30","17:30","13:30","17:30","13:30","17:30","13:30","17:30","","","","","","","13:30","17:00","13:30","17:00","13:30","17:00","13:30","17:00","13:30","17:00","","","","","","","空欄にした: 土_診療 00:00-00:00（開始と終了が同じ） / 空欄にした: 土_外来受付 00:00-00:00（開始と終了が同じ）"
"3911395101440","01020","消化器内科","3","","","","","","","","","","","","","","","","","","","","","","","","","","","","","","","","","空欄にした: 月_診療 00:00-00:00（開始と終了が同じ） / 空欄にした: 火_診療 00:00-00:00（開始と終了が同じ） / 空欄にした: 水_診療 00:00-00:00（開始と終了が同じ） / 空欄にした: 木_診療 00:00-00:00（開始と終了が同じ） / 空欄にした: 金_診療 00:00-00:00（開始と終了が同じ） / 空欄にした: 土_診療 00:00-00:00（開始と終了が同じ） / 空欄にした: 月_外来受付 00:00-00:00（開始と終了が同じ） / 空欄にした: 火_外来受付 00:00-00:00（開始と終了が同じ） / 空欄にした: 水_外来受付 00:00-00:00（開始と終了が同じ） / 空欄にした: 木_外来受付 00:00-00:00（開始と終了が同じ） / 空欄にした: 金_外来受付 00:00-00:00（開始と終了が同じ） / 空欄にした: 土_外来受付 00:00-00:00（開始と終了が同じ）"
"3911395101440","02035","整形外科","1","09:00","12:30","09:00","12:30","09:00","12:30","09:00","12:30","09:00","12:30","09:00","12:30","","","","","09:00","12:00","09:00","12:00","09:00","12:00","09:00","12:00","09:00","12:00","09:00","12:00","","","","",""
"3911395101440","02035","整形外科","2","13:30","17:30","13:30","17:30","13:30","17:30","13:30","17:30","13:30","17:30","","","","","","","13:30","17:00","13:30","17:00","13:30","17:00","13:30","17:00","13:30","17:00","","","","","","","空欄にした: 土_診療 00:00-00:00（開始と終了が同じ） / 空欄にした: 土_外来受付 00:00-00:00（開始と終了が同じ）"
"3911395101440","02035","整形外科","3","","","","","","","","","","","","","","","","","","","","","","","","","","","","","","","","","空欄にした: 月_診療 00:00-00:00（開始と終了が同じ） / 空欄にした: 火_診療 00:00-00:00（開始と終了が同じ） / 空欄にした: 水_診療 00:00-00:00（開始と終了が同じ） / 空欄にした: 木_診療 00:00-00:00（開始と終了が同じ） / 空欄にした: 金_診療 00:00-00:00（開始と終了が同じ） / 空欄にした: 土_診療 00:00-00:00（開始と終了が同じ） / 空欄にした: 月_外来受付 00:00-00:00（開始と終了が同じ） / 空欄にした: 火_外来受付 00:00-00:00（開始と終了が同じ） / 空欄にした: 水_外来受付 00:00-00:00（開始と終了が同じ） / 空欄にした: 木_外来受付 00:00-00:00（開始と終了が同じ） / 空欄にした: 金_外来受付 00:00-00:00（開始と終了が同じ） / 空欄にした: 土_外来受付 00:00-00:00（開始と終了が同じ）"
"3911395101440","06004","泌尿器科","1","09:00","12:30","09:00","12:30","09:00","12:30","09:00","12:30","09:00","12:30","09:00","12:30","","","","","09:00","12:00","09:00","12:00","09:00","12:00","09:00","12:00","09:00","12:00","09:00","12:00","","","","",""
"3911395101440","06004","泌尿器科","2","13:30","17:30","13:30","17:30","13:30","17:30","13:30","17:30","13:30","17:30","","","","","","","13:30","17:00","13:30","17:00","13:30","17:00","13:30","17:00","13:30","17:00","","","","","","","空欄にした: 土_診療 00:00-00:00（開始と終了が同じ） / 空欄にした: 土_外来受付 00:00-00:00（開始と終了が同じ）"
"3911395101440","06004","泌尿器科","3","","","","","","","","","","","","","","","","","","","","","","","","","","","","","","","","","空欄にした: 月_診療 00:00-00:00（開始と終了が同じ） / 空欄にした: 火_診療 00:00-00:00（開始と終了が同じ） / 空欄にした: 水_診療 00:00-00:00（開始と終了が同じ） / 空欄にした: 木_診療 00:00-00:00（開始と終了が同じ） / 空欄にした: 金_診療 00:00-00:00（開始と終了が同じ） / 空欄にした: 土_診療 00:00-00:00（開始と終了が同じ） / 空欄にした: 月_外来受付 00:00-00:00（開始と終了が同じ） / 空欄にした: 火_外来受付 00:00-00:00（開始と終了が同じ） / 空欄にした: 水_外来受付 00:00-00:00（開始と終了が同じ） / 空欄にした: 木_外来受付 00:00-00:00（開始と終了が同じ） / 空欄にした: 金_外来受付 00:00-00:00（開始と終了が同じ） / 空欄にした: 土_外来受付 00:00-00:00（開始と終了が同じ）"
"3911395101440","09003","リハビリテーション科","1","09:00","12:30","09:00","12:30","09:00","12:30","09:00","12:30","09:00","12:30","09:00","12:30","","","","","09:00","12:00","09:00","12:00","09:00","12:00","09:00","12:00","09:00","12:00","09:00","12:00","","","","",""
"3911395101440","09003","リハビリテーション科","2","13:30","17:30","13:30","17:30","13:30","17:30","13:30","17:30","13:30","17:30","","","","","","","13:30","17:00","13:30","17:00","13:30","17:00","13:30","17:00","13:30","17:00","","","","","","","空欄にした: 土_診療 00:00-00:00（開始と終了が同じ） / 空欄にした: 土_外来受付 00:00-00:00（開始と終了が同じ）"
"3911395101440","09003","リハビリテーション科","3","","","","","","","","","","","","","","","","","","","","","","","","","","","","","","","","","空欄にした: 月_診療 00:00-00:00（開始と終了が同じ） / 空欄にした: 火_診療 00:00-00:00（開始と終了が同じ） / 空欄にした: 水_診療 00:00-00:00（開始と終了が同じ） / 空欄にした: 木_診療 00:00-00:00（開始と終了が同じ） / 空欄にした: 金_診療 00:00-00:00（開始と終了が同じ） / 空欄にした: 土_診療 00:00-00:00（開始と終了が同じ） / 空欄にした: 月_外来受付 00:00-00:00（開始と終了が同じ） / 空欄にした: 火_外来受付 00:00-00:00（開始と終了が同じ） / 空欄にした: 水_外来受付 00:00-00:00（開始と終了が同じ） / 空欄にした: 木_外来受付 00:00-00:00（開始と終了が同じ） / 空欄にした: 金_外来受付 00:00-00:00（開始と終了が同じ） / 空欄にした: 土_外来受付 00:00-00:00（開始と終了が同じ）"
"3911395101570","01001","内科","1","","","","","","","","","","","","","","","","","","","","","","","","","","","","","","","","",""
"3911395101570","01001","内科","2","","","","","","","","","","","","","","","","","","","","","","","","","","","","","","","","",""
"3911395101570","01001","内科","3","","","","","","","","","","","","","","","","","","","","","","","","","","","","","","","","",""
"3911395101570","01014","呼吸器内科","1","","","","","","","","","","","","","","","","","","","","","","","","","","","","","","","","",""
"3911395101570","01014","呼吸器内科","2","","","","","","","","","","","","","","","","","","","","","","","","","","","","","","","","",""
"3911395101570","01014","呼吸器内科","3","","","","","","","","","","","","","","","","","","","","","","","","","","","","","","","","",""
"3911395101570","01017","循環器内科","1","09:00","12:00","09:00","12:00","09:00","12:00","09:00","12:00","09:00","12:00","09:00","12:00","","","","","08:00","12:00","08:00","12:00","08:00","12:00","08:00","12:00","09:00","12:00","08:00","12:00","","","","",""
"3911395101570","01017","循環器内科","2","14:00","17:00","14:00","17:00","","","14:00","17:00","14:00","17:00","","","","","","","12:01","17:00","12:01","17:00","","","","","12:01","17:00","","","","","","",""
"3911395101570","01017","循環器内科","3","","","","","","","","","","","","","","","","","","","","","","","","","","","","","","","","",""
"3911395101570","01020","消化器内科","1","09:00","12:00","09:00","12:00","09:00","12:00","09:00","12:00","09:00","12:00","09:00","12:00","","","","","08:00","12:00","08:00","12:00","08:00","12:00","08:00","12:00","08:00","12:00","08:00","12:00","","","","",""
"3911395101570","01020","消化器内科","2","14:00","17:00","14:00","17:00","14:00","17:00","14:00","17:00","","","","","","","","","12:01","17:00","12:01","17:00","12:01","17:00","12:01","17:00","","","","","","","","",""
"3911395101570","01020","消化器内科","3","","","","","","","","","","","","","","","","","","","","","","","","","","","","","","","","",""
"3911395101570","01025","神経内科","1","09:00","12:00","","","","","09:00","12:00","","","","","","","","","08:00","12:00","","","","","08:00","12:00","","","","","","","","",""
"3911395101570","01025","神経内科","2","","","","","","","","","14:00","17:00","","","","","","","","","","","","","","","12:01","17:00","","","","","","",""
"3911395101570","01025","神経内科","3","","","","","","","","","","","","","","","","","","","","","","","","","","","","","","","","",""
"3911395101570","01032","ペインクリニック内科","1","","","","","","","","","","","","","","","","","","","","","","","","","","","","","","","","",""
"3911395101570","01032","ペインクリニック内科","2","","","","","","","","","","","","","","","","","","","","","","","","","","","","","","","","",""
"3911395101570","01032","ペインクリニック内科","3","","","","","","","","","","","","","","","","","","","","","","","","","","","","","","","","",""
"3911395101570","01034","緩和ケア内科","1","09:00","12:00","09:00","12:00","09:00","12:00","09:00","12:00","09:00","12:00","09:00","12:00","","","","","08:00","12:00","08:00","12:00","08:00","12:00","08:00","12:00","08:00","12:00","08:00","12:00","","","","",""
"3911395101570","01034","緩和ケア内科","2","","","14:00","16:00","14:00","17:00","","","14:00","16:00","","","","","","","","","12:01","16:00","12:01","17:00","","","12:01","16:00","","","","","","",""
"3911395101570","01034","緩和ケア内科","3","","","","","","","","","","","","","","","","","","","","","","","","","","","","","","","","",""
"3911395101570","02001","外科","1","09:00","12:00","","","09:00","12:00","09:00","12:00","09:00","12:00","","","","","","","08:00","12:00","","","08:00","12:00","08:00","12:00","08:00","12:00","","","","","","",""
"3911395101570","02001","外科","2","14:00","17:00","","","","","14:00","17:00","14:00","17:00","","","","","","","12:01","17:00","","","","","12:01","17:00","12:01","17:00","","","","","","",""
"3911395101570","02001","外科","3","","","","","","","","","","","","","","","","","","","","","","","","","","","","","","","","",""
"3911395101570","02002","脳神経外科","1","","","09:00","12:00","","","","","","","","","","","","","","","08:00","12:00","","","","","","","","","","","","",""
"3911395101570","02002","脳神経外科","2","","","","","","","","","","","","","","","","","","","","","","","","","","","","","","","","",""
"3911395101570","02002","脳神経外科","3","","","","","","","","","","","","","","","","","","","","","","","","","","","","","","","","",""
"3911395101570","02011","心臓血管外科","1","","","","","","","","","","","","","","","","","","","","","","","","","","","","","","","","",""
"3911395101570","02011","心臓血管外科","2","","","14:00","17:00","14:00","17:00","","","","","","","","","","","","","12:01","17:00","12:01","17:00","","","","","","","","","","",""
"3911395101570","02011","心臓血管外科","3","","","","","","","","","","","","","","","","","","","","","","","","","","","","","","","","",""
"3911395101570","02012","消化器外科","1","09:00","12:00","","","09:00","12:00","09:00","12:00","09:00","12:00","","","","","","","08:00","12:00","","","08:00","12:00","08:00","12:00","08:00","12:00","","","","","","",""
"3911395101570","02012","消化器外科","2","14:00","17:00","","","14:00","17:00","14:00","17:00","14:00","17:00","","","","","","","12:01","17:00","","","12:01","17:00","12:01","17:00","12:01","17:00","","","","","","",""
"3911395101570","02012","消化器外科","3","","","","","","","","","","","","","","","","","","","","","","","","","","","","","","","","",""
"3911395101570","02035","整形外科","1","09:00","12:00","09:00","12:00","","","09:00","12:00","09:00","12:00","09:00","12:00","","","","","08:00","11:30","08:00","12:00","","","08:00","11:30","08:00","12:00","08:00","12:00","","","","",""
"3911395101570","02035","整形外科","2","","","14:00","17:00","","","","","","","","","","","","","","","12:01","16:30","","","","","","","","","","","","",""
"3911395101570","02035","整形外科","3","","","","","","","","","","","","","","","","","","","","","","","","","","","","","","","","",""
"3911395101570","05001","眼科","1","","","","","","","","","","","","","","","","","","","","","","","","","","","","","","","","",""
"3911395101570","05001","眼科","2","14:00","17:00","","","","","","","","","","","","","","","12:01","17:00","","","","","","","","","","","","","","",""
"3911395101570","05001","眼科","3","","","","","","","","","","","","","","","","","","","","","","","","","","","","","","","","",""
"3911395101570","06004","泌尿器科","1","09:00","12:00","09:00","12:00","09:00","12:00","09:00","12:00","09:00","12:00","","","","","","","08:00","12:00","08:00","12:00","08:00","12:00","08:00","12:00","08:00","12:00","","","","","","",""
"3911395101570","06004","泌尿器科","2","","","14:00","17:00","","","","","14:00","17:00","","","","","","","","","12:01","16:00","","","","","12:01","16:00","","","","","","",""
"3911395101570","06004","泌尿器科","3","","","","","","","","","","","","","","","","","","","","","","","","","","","","","","","","",""
"3911395101570","07001","精神科","1","","","","","","","","","","","","","","","","","","","","","","","","","","","","","","","","",""
"3911395101570","07001","精神科","2","","","","","","","","","14:00","17:00","","","","","","","","","","","","","","","12:01","17:00","","","","","","",""
"3911395101570","07001","精神科","3","","","","","","","","","","","","","","","","","","","","","","","","","","","","","","","","",""
"3911395101570","07003","心療内科","1","","","","","","","","","","","","","","","","","","","","","","","","","","","","","","","","",""
"3911395101570","07003","心療内科","2","","","","","","","","","14:00","17:00","","","","","","","","","","","","","","","12:01","17:00","","","","","","",""
"3911395101570","07003","心療内科","3","","","","","","","","","","","","","","","","","","","","","","","","","","","","","","","","",""
"3911395101570","09002","リウマチ科","1","","","","","","","","","","","09:00","12:00","","","","","","","","","","","","","","","08:00","12:00","","","","",""
"3911395101570","09002","リウマチ科","2","","","","","","","","","","","","","","","","","","","","","","","","","","","","","","","","",""
"3911395101570","09002","リウマチ科","3","","","","","","","","","","","","","","","","","","","","","","","","","","","","","","","","",""
"3911395101570","09003","リハビリテーション科","1","","","","","","","","","","","","","","","","","","","","","","","","","","","","","","","","",""
"3911395101570","09003","リハビリテーション科","2","","","","","","","","","","","","","","","","","","","","","","","","","","","","","","","","",""
"3911395101570","09003","リハビリテーション科","3","","","","","","","","","","","","","","","","","","","","","","","","","","","","","","","","",""
"3911395101570","09004","放射線科","1","","","","","","","","","","","","","","","","","","","","","","","","","","","","","","","","",""
"3911395101570","09004","放射線科","2","","","","","","","","","","","","","","","","","","","","","","","","","","","","","","","","",""
"3911395101570","09004","放射線科","3","","","","","","","","","","","","","","","","","","","","","","","","","","","","","","","","",""
"3911395101570","09011","麻酔科","1","","","","","","","","","","","","","","","","","","","","","","","","","","","","","","","","",""
"3911395101570","09011","麻酔科","2","","","","","","","","","","","","","","","","","","","","","","","","","","","","","","","","",""
"3911395101570","09011","麻酔科","3","","","","","","","","","","","","","","","","","","","","","","","","","","","","","","","","",""
"3911395101600","01001","内科","1","08:45","12:30","08:45","12:30","08:45","12:30","08:45","12:30","08:45","12:30","08:45","12:30","","","","","08:45","12:00","08:45","12:00","08:45","12:00","08:45","12:00","08:45","12:00","08:45","12:00","","","","",""
"3911395101600","01001","内科","2","13:30","17:00","13:30","17:00","13:30","17:00","13:30","17:00","13:30","17:00","","","","","","","13:30","16:30","13:30","16:30","13:30","16:30","13:30","16:30","13:30","16:30","","","","","","",""
"3911395101600","01001","内科","3","","","","","","","","","","","","","","","","","","","","","","","","","","","","","","","","",""
"3911395101600","01020","消化器内科","1","08:45","12:30","08:45","12:30","08:45","12:30","08:45","12:30","08:45","12:30","08:45","12:30","","","","","08:45","12:00","08:45","12:00","08:45","12:00","08:45","12:00","08:45","12:00","08:45","12:00","","","","",""
"3911395101600","01020","消化器内科","2","13:30","17:00","13:30","17:00","13:30","17:00","13:30","17:00","13:30","17:00","","","","","","","13:30","16:30","13:30","16:30","13:30","16:30","13:30","16:30","13:30","16:30","","","","","","",""
"3911395101600","01020","消化器内科","3","","","","","","","","","","","","","","","","","","","","","","","","","","","","","","","","",""
"3911395101600","07001","精神科","1","08:45","12:30","08:45","12:30","08:45","12:30","08:45","12:30","08:45","12:30","08:45","12:30","","","","","08:45","12:00","08:45","12:00","08:45","12:00","08:45","12:00","08:45","12:00","08:45","12:00","","","","",""
"3911395101600","07001","精神科","2","13:30","17:00","13:30","17:00","13:30","17:00","13:30","17:00","13:30","17:00","","","","","","","13:30","16:30","13:30","16:30","13:30","16:30","13:30","16:30","13:30","16:30","","","","","","",""
"3911395101600","07001","精神科","3","","","","","","","","","","","","","","","","","","","","","","","","","","","","","","","","",""
"3911395101600","07002","神経科","1","08:45","12:30","08:45","12:30","08:45","12:30","08:45","12:30","08:45","12:30","08:45","12:30","","","","","08:45","12:00","08:45","12:00","08:45","12:00","08:45","12:00","08:45","12:00","08:45","12:00","","","","",""
"3911395101600","07002","神経科","2","13:30","17:00","13:30","17:00","13:30","17:00","13:30","17:00","13:30","17:00","","","","","","","13:30","16:30","13:30","16:30","13:30","16:30","13:30","16:30","13:30","16:30","","","","","","",""
"3911395101600","07002","神経科","3","","","","","","","","","","","","","","","","","","","","","","","","","","","","","","","","",""
"3911395101600","07003","心療内科","1","08:45","12:30","08:45","12:30","08:45","12:30","08:45","12:30","08:45","12:30","08:45","12:30","","","","","08:45","12:00","08:45","12:00","08:45","12:00","08:45","12:00","08:45","12:00","08:45","12:00","","","","",""
"3911395101600","07003","心療内科","2","13:30","17:00","13:30","17:00","13:30","17:00","13:30","17:00","13:30","17:00","","","","","","","13:30","16:30","13:30","16:30","13:30","16:30","13:30","16:30","13:30","16:30","","","","","","",""
"3911395101600","07003","心療内科","3","","","","","","","","","","","","","","","","","","","","","","","","","","","","","","","","",""
"3911395101600","09002","リウマチ科","1","","","","","","","","","","","","","","","","","","","","","","","","","","","","","","","","",""
"3911395101600","09002","リウマチ科","2","","","","","","","","","","","","","","","","","","","","","","","","","","","","","","","","",""
"3911395101600","09002","リウマチ科","3","","","","","","","","","","","","","","","","","","","","","","","","","","","","","","","","",""
"3911395101600","09003","リハビリテーション科","1","08:45","12:30","08:45","12:30","08:45","12:30","08:45","12:30","08:45","12:30","08:45","12:30","","","","","08:45","12:00","08:45","12:00","08:45","12:00","08:45","12:00","08:45","12:00","08:45","12:00","","","","",""
"3911395101600","09003","リハビリテーション科","2","13:30","17:00","13:30","17:00","13:30","17:00","13:30","17:00","13:30","17:00","","","","","","","13:30","16:30","13:30","16:30","13:30","16:30","13:30","16:30","13:30","16:30","","","","","","",""
"3911395101600","09003","リハビリテーション科","3","","","","","","","","","","","","","","","","","","","","","","","","","","","","","","","","",""
"3911395101600","09004","放射線科","1","08:45","12:30","08:45","12:30","08:45","12:30","08:45","12:30","08:45","12:30","08:45","12:30","","","","","08:45","12:00","08:45","12:00","08:45","12:00","08:45","12:00","08:45","12:00","08:45","12:00","","","","",""
"3911395101600","09004","放射線科","2","13:30","17:00","13:30","17:00","13:30","17:00","13:30","17:00","13:30","17:00","","","","","","","13:30","16:30","13:30","16:30","13:30","16:30","13:30","16:30","13:30","16:30","","","","","","",""
"3911395101600","09004","放射線科","3","","","","","","","","","","","","","","","","","","","","","","","","","","","","","","","","",""
"3911395101730","01001","内科","1","09:00","12:00","09:00","12:00","09:00","12:00","09:00","12:00","09:00","12:00","09:00","12:30","","","","","08:40","12:00","08:40","12:00","08:40","12:00","08:40","12:00","08:40","12:00","08:40","12:00","","","","",""
"3911395101730","01001","内科","2","13:30","17:00","13:30","17:00","13:30","17:00","13:30","17:00","13:30","17:00","","","","","","","13:00","16:30","13:00","16:30","13:00","16:30","13:00","16:30","13:00","16:30","","","","","","","空欄にした: 土_診療 00:00-00:00（開始と終了が同じ） / 空欄にした: 土_外来受付 00:00-00:00（開始と終了が同じ）"
"3911395101730","01001","内科","3","","","","","","","","","","","","","","","","","","","","","","","","","","","","","","","","","空欄にした: 月_診療 00:00-00:00（開始と終了が同じ） / 空欄にした: 火_診療 00:00-00:00（開始と終了が同じ） / 空欄にした: 水_診療 00:00-00:00（開始と終了が同じ） / 空欄にした: 木_診療 00:00-00:00（開始と終了が同じ） / 空欄にした: 金_診療 00:00-00:00（開始と終了が同じ） / 空欄にした: 土_診療 00:00-00:00（開始と終了が同じ） / 空欄にした: 月_外来受付 00:00-00:00（開始と終了が同じ） / 空欄にした: 火_外来受付 00:00-00:00（開始と終了が同じ） / 空欄にした: 水_外来受付 00:00-00:00（開始と終了が同じ） / 空欄にした: 木_外来受付 00:00-00:00（開始と終了が同じ） / 空欄にした: 金_外来受付 00:00-00:00（開始と終了が同じ） / 空欄にした: 土_外来受付 00:00-00:00（開始と終了が同じ）"
"3911395101730","01014","呼吸器内科","1","09:00","12:00","09:00","12:00","09:00","12:00","09:00","12:00","09:00","12:00","09:00","12:30","","","","","08:40","12:00","08:40","12:00","08:40","12:00","08:40","12:00","08:40","12:00","08:40","12:00","","","","",""
"3911395101730","01014","呼吸器内科","2","13:30","17:00","13:30","17:00","13:30","17:00","13:30","17:00","13:30","17:00","","","","","","","13:00","16:30","13:00","16:30","13:00","16:30","13:00","16:30","13:00","16:30","","","","","","","空欄にした: 土_診療 00:00-00:00（開始と終了が同じ） / 空欄にした: 土_外来受付 00:00-00:00（開始と終了が同じ）"
"3911395101730","01014","呼吸器内科","3","","","","","","","","","","","","","","","","","","","","","","","","","","","","","","","","","空欄にした: 月_診療 00:00-00:00（開始と終了が同じ） / 空欄にした: 火_診療 00:00-00:00（開始と終了が同じ） / 空欄にした: 水_診療 00:00-00:00（開始と終了が同じ） / 空欄にした: 木_診療 00:00-00:00（開始と終了が同じ） / 空欄にした: 金_診療 00:00-00:00（開始と終了が同じ） / 空欄にした: 土_診療 00:00-00:00（開始と終了が同じ） / 空欄にした: 月_外来受付 00:00-00:00（開始と終了が同じ） / 空欄にした: 火_外来受付 00:00-00:00（開始と終了が同じ） / 空欄にした: 水_外来受付 00:00-00:00（開始と終了が同じ） / 空欄にした: 木_外来受付 00:00-00:00（開始と終了が同じ） / 空欄にした: 金_外来受付 00:00-00:00（開始と終了が同じ） / 空欄にした: 土_外来受付 00:00-00:00（開始と終了が同じ）"
"3911395101730","01017","循環器内科","1","09:00","12:00","09:00","12:00","09:00","12:00","09:00","12:00","09:00","12:00","09:00","12:30","","","","","08:40","12:00","08:40","12:00","08:40","12:00","08:40","12:00","08:40","12:00","08:40","12:00","","","","",""
"3911395101730","01017","循環器内科","2","13:30","17:00","13:30","17:00","13:30","17:00","13:30","17:00","13:30","17:00","","","","","","","13:00","16:30","13:00","16:30","13:00","16:30","13:00","16:30","13:00","16:30","","","","","","","空欄にした: 土_診療 00:00-00:00（開始と終了が同じ） / 空欄にした: 土_外来受付 00:00-00:00（開始と終了が同じ）"
"3911395101730","01017","循環器内科","3","","","","","","","","","","","","","","","","","","","","","","","","","","","","","","","","","空欄にした: 月_診療 00:00-00:00（開始と終了が同じ） / 空欄にした: 火_診療 00:00-00:00（開始と終了が同じ） / 空欄にした: 水_診療 00:00-00:00（開始と終了が同じ） / 空欄にした: 木_診療 00:00-00:00（開始と終了が同じ） / 空欄にした: 金_診療 00:00-00:00（開始と終了が同じ） / 空欄にした: 土_診療 00:00-00:00（開始と終了が同じ） / 空欄にした: 月_外来受付 00:00-00:00（開始と終了が同じ） / 空欄にした: 火_外来受付 00:00-00:00（開始と終了が同じ） / 空欄にした: 水_外来受付 00:00-00:00（開始と終了が同じ） / 空欄にした: 木_外来受付 00:00-00:00（開始と終了が同じ） / 空欄にした: 金_外来受付 00:00-00:00（開始と終了が同じ） / 空欄にした: 土_外来受付 00:00-00:00（開始と終了が同じ）"
"3911395101730","01020","消化器内科","1","09:00","12:00","09:00","12:00","09:00","12:00","09:00","12:00","09:00","12:00","09:00","12:30","","","","","08:40","12:00","08:40","12:00","08:40","12:00","08:40","12:00","08:40","12:00","08:40","12:00","","","","",""
"3911395101730","01020","消化器内科","2","13:30","17:00","13:30","17:00","13:30","17:00","13:30","17:00","13:30","17:00","","","","","","","13:00","16:30","13:00","16:30","13:00","16:30","13:00","16:30","13:00","16:30","","","","","","","空欄にした: 土_診療 00:00-00:00（開始と終了が同じ） / 空欄にした: 土_外来受付 00:00-00:00（開始と終了が同じ）"
"3911395101730","01020","消化器内科","3","","","","","","","","","","","","","","","","","","","","","","","","","","","","","","","","","空欄にした: 月_診療 00:00-00:00（開始と終了が同じ） / 空欄にした: 火_診療 00:00-00:00（開始と終了が同じ） / 空欄にした: 水_診療 00:00-00:00（開始と終了が同じ） / 空欄にした: 木_診療 00:00-00:00（開始と終了が同じ） / 空欄にした: 金_診療 00:00-00:00（開始と終了が同じ） / 空欄にした: 土_診療 00:00-00:00（開始と終了が同じ） / 空欄にした: 月_外来受付 00:00-00:00（開始と終了が同じ） / 空欄にした: 火_外来受付 00:00-00:00（開始と終了が同じ） / 空欄にした: 水_外来受付 00:00-00:00（開始と終了が同じ） / 空欄にした: 木_外来受付 00:00-00:00（開始と終了が同じ） / 空欄にした: 金_外来受付 00:00-00:00（開始と終了が同じ） / 空欄にした: 土_外来受付 00:00-00:00（開始と終了が同じ）"
"3911395101730","01032","ペインクリニック内科","1","","","","","","","","","","","","","","","","","","","","","","","","","","","","","","","","","空欄にした: 月_診療 00:00-00:00（開始と終了が同じ） / 空欄にした: 木_診療 00:00-00:00（開始と終了が同じ）"
"3911395101730","01032","ペインクリニック内科","2","13:30","16:30","","","","","13:30","16:30","","","","","","","","","13:00","16:00","","","","","13:00","16:00","","","","","","","","",""
"3911395101730","01032","ペインクリニック内科","3","","","","","","","","","","","","","","","","","","","","","","","","","","","","","","","","","空欄にした: 月_診療 00:00-00:00（開始と終了が同じ） / 空欄にした: 木_診療 00:00-00:00（開始と終了が同じ）"
"3911395101730","02035","整形外科","1","09:00","12:00","09:00","12:00","09:00","12:00","09:00","12:00","09:00","12:00","09:00","12:30","","","","","08:40","12:00","08:40","12:00","08:40","12:00","08:40","12:00","08:40","12:00","08:40","12:00","","","","",""
"3911395101730","02035","整形外科","2","13:30","17:00","13:30","17:00","13:30","17:00","13:30","17:00","13:30","17:00","","","","","","","13:00","16:30","13:00","16:30","13:00","16:30","13:00","16:30","13:00","16:30","","","","","","","空欄にした: 土_診療 00:00-00:00（開始と終了が同じ） / 空欄にした: 土_外来受付 00:00-00:00（開始と終了が同じ）"
"3911395101730","02035","整形外科","3","","","","","","","","","","","","","","","","","","","","","","","","","","","","","","","","","空欄にした: 月_診療 00:00-00:00（開始と終了が同じ） / 空欄にした: 火_診療 00:00-00:00（開始と終了が同じ） / 空欄にした: 水_診療 00:00-00:00（開始と終了が同じ） / 空欄にした: 木_診療 00:00-00:00（開始と終了が同じ） / 空欄にした: 金_診療 00:00-00:00（開始と終了が同じ） / 空欄にした: 土_診療 00:00-00:00（開始と終了が同じ） / 空欄にした: 月_外来受付 00:00-00:00（開始と終了が同じ） / 空欄にした: 火_外来受付 00:00-00:00（開始と終了が同じ） / 空欄にした: 水_外来受付 00:00-00:00（開始と終了が同じ） / 空欄にした: 木_外来受付 00:00-00:00（開始と終了が同じ） / 空欄にした: 金_外来受付 00:00-00:00（開始と終了が同じ） / 空欄にした: 土_外来受付 00:00-00:00（開始と終了が同じ）"
"3911395101730","09003","リハビリテーション科","1","09:00","12:00","09:00","12:00","09:00","12:00","09:00","12:00","09:00","12:00","09:00","12:30","","","","","08:40","12:00","08:40","12:00","08:40","12:00","08:40","12:00","08:40","12:00","08:40","12:00","","","","",""
"3911395101730","09003","リハビリテーション科","2","13:30","17:00","13:30","17:00","13:30","17:00","13:30","17:00","13:30","17:00","","","","","","","13:00","16:30","13:00","16:30","13:00","16:30","13:00","16:30","13:00","16:30","","","","","","","空欄にした: 土_診療 00:00-00:00（開始と終了が同じ） / 空欄にした: 土_外来受付 00:00-00:00（開始と終了が同じ）"
"3911395101730","09003","リハビリテーション科","3","","","","","","","","","","","","","","","","","","","","","","","","","","","","","","","","","空欄にした: 月_診療 00:00-00:00（開始と終了が同じ） / 空欄にした: 火_診療 00:00-00:00（開始と終了が同じ） / 空欄にした: 水_診療 00:00-00:00（開始と終了が同じ） / 空欄にした: 木_診療 00:00-00:00（開始と終了が同じ） / 空欄にした: 金_診療 00:00-00:00（開始と終了が同じ） / 空欄にした: 土_診療 00:00-00:00（開始と終了が同じ） / 空欄にした: 月_外来受付 00:00-00:00（開始と終了が同じ） / 空欄にした: 火_外来受付 00:00-00:00（開始と終了が同じ） / 空欄にした: 水_外来受付 00:00-00:00（開始と終了が同じ） / 空欄にした: 木_外来受付 00:00-00:00（開始と終了が同じ） / 空欄にした: 金_外来受付 00:00-00:00（開始と終了が同じ） / 空欄にした: 土_外来受付 00:00-00:00（開始と終了が同じ）"
"3911395101730","09004","放射線科","1","09:00","12:00","09:00","12:00","09:00","12:00","09:00","12:00","09:00","12:00","09:00","12:00","","","","","08:40","12:00","08:40","12:00","08:40","12:00","08:40","12:00","08:40","12:00","08:40","12:00","","","","",""
"3911395101730","09004","放射線科","2","13:30","17:00","13:30","17:00","13:30","17:00","13:30","17:00","13:30","17:00","","","","","","","13:00","16:30","13:00","16:30","13:00","16:30","13:00","16:30","13:00","16:30","","","","","","","空欄にした: 土_診療 00:00-00:00（開始と終了が同じ） / 空欄にした: 土_外来受付 00:00-00:00（開始と終了が同じ）"
"3911395101730","09004","放射線科","3","","","","","","","","","","","","","","","","","","","","","","","","","","","","","","","","","空欄にした: 月_診療 00:00-00:00（開始と終了が同じ） / 空欄にした: 火_診療 00:00-00:00（開始と終了が同じ） / 空欄にした: 水_診療 00:00-00:00（開始と終了が同じ） / 空欄にした: 木_診療 00:00-00:00（開始と終了が同じ） / 空欄にした: 金_診療 00:00-00:00（開始と終了が同じ） / 空欄にした: 土_診療 00:00-00:00（開始と終了が同じ） / 空欄にした: 月_外来受付 00:00-00:00（開始と終了が同じ） / 空欄にした: 火_外来受付 00:00-00:00（開始と終了が同じ） / 空欄にした: 水_外来受付 00:00-00:00（開始と終了が同じ） / 空欄にした: 木_外来受付 00:00-00:00（開始と終了が同じ） / 空欄にした: 金_外来受付 00:00-00:00（開始と終了が同じ） / 空欄にした: 土_外来受付 00:00-00:00（開始と終了が同じ）"
"3911395101860","01001","内科","1","","","","","","","","","09:00","12:00","","","","","","","","","","","","","","","08:30","11:30","","","","","","",""
"3911395101860","01001","内科","2","","","","","","","","","","","","","","","","","","","","","","","","","","","","","","","","",""
"3911395101860","01001","内科","3","","","","","","","","","","","","","","","","","","","","","","","","","","","","","","","","",""
"3911395101860","01010","糖尿病・内分泌内科","1","","","","","","","","","","","","","","","","","","","","","","","","","","","","","","","","",""
"3911395101860","01010","糖尿病・内分泌内科","2","","","","","","","","","","","","","","","","","","","","","","","","","","","","","","","","",""
"3911395101860","01010","糖尿病・内分泌内科","3","","","","","","","","","","","","","","","","","","","","","","","","","","","","","","","","",""
"3911395101860","01014","呼吸器内科","1","","","","","","","","","09:00","12:00","","","","","","","","","","","","","","","08:30","11:30","","","","","","",""
"3911395101860","01014","呼吸器内科","2","","","","","","","","","","","","","","","","","","","","","","","","","","","","","","","","",""
"3911395101860","01014","呼吸器内科","3","","","","","","","","","","","","","","","","","","","","","","","","","","","","","","","","",""
"3911395101860","01020","消化器内科","1","","","","","","","","","","","","","","","","","","","","","","","","","","","","","","","","",""
"3911395101860","01020","消化器内科","2","","","","","","","","","","","","","","","","","","","","","","","","","","","","","","","","",""
"3911395101860","01020","消化器内科","3","","","","","","","","","","","","","","","","","","","","","","","","","","","","","","","","",""
"3911395101860","03005","児童精神科","1","","","","","14:00","17:00","","","","","","","","","","","","","","","13:30","16:30","","","","","","","","","","",""
"3911395101860","03005","児童精神科","2","","","","","","","","","","","","","","","","","","","","","","","","","","","","","","","","",""
"3911395101860","03005","児童精神科","3","","","","","","","","","","","","","","","","","","","","","","","","","","","","","","","","",""
"3911395101860","07001","精神科","1","09:00","12:00","09:00","12:00","09:00","12:00","09:00","12:00","09:00","12:00","09:00","12:00","","","","","08:30","11:30","08:30","11:30","08:30","11:30","08:30","11:30","08:30","11:30","08:30","11:30","","","","",""
"3911395101860","07001","精神科","2","14:00","17:00","14:00","17:00","14:00","17:00","14:00","17:00","14:00","17:00","","","","","","","13:30","16:30","13:30","16:30","13:30","16:30","13:30","16:30","13:30","16:30","","","","","","",""
"3911395101860","07001","精神科","3","","","","","","","","","","","","","","","","","","","","","","","","","","","","","","","","",""
"3911395101860","07002","神経科","1","09:00","12:00","09:00","12:00","09:00","12:00","09:00","12:00","09:00","12:00","09:00","12:00","","","","","08:30","11:30","08:30","11:30","08:30","11:30","08:30","11:30","08:30","11:30","08:30","11:30","","","","",""
"3911395101860","07002","神経科","2","14:00","17:00","14:00","17:00","14:00","17:00","14:00","17:00","14:00","17:00","","","","","","","13:30","16:30","13:30","16:30","13:30","16:30","13:30","16:30","13:30","16:30","","","","","","",""
"3911395101860","07002","神経科","3","","","","","","","","","","","","","","","","","","","","","","","","","","","","","","","","",""
"3911395101860","07003","心療内科","1","09:00","12:00","09:00","12:00","09:00","12:00","","","09:00","12:00","","","","","","","08:30","11:30","08:30","11:30","08:30","11:30","","","08:30","11:30","","","","","","",""
"3911395101860","07003","心療内科","2","","","","","14:00","17:00","","","14:00","17:00","","","","","","","","","","","13:30","16:30","","","13:30","16:30","","","","","","",""
"3911395101860","07003","心療内科","3","","","","","","","","","","","","","","","","","","","","","","","","","","","","","","","","",""
"3911395101860","07004","老年精神科","1","09:00","12:00","09:00","12:00","09:00","12:00","09:00","12:00","09:00","12:00","09:00","12:00","","","","","08:30","11:30","08:30","11:30","08:30","11:30","08:30","11:30","08:30","11:30","08:30","11:30","","","","",""
"3911395101860","07004","老年精神科","2","14:00","17:00","14:00","17:00","14:00","17:00","14:00","17:00","14:00","17:00","","","","","","","13:30","16:30","13:30","16:30","13:30","16:30","13:30","16:30","13:30","16:30","","","","","","",""
"3911395101860","07004","老年精神科","3","","","","","","","","","","","","","","","","","","","","","","","","","","","","","","","","",""
"3911395101860","07005","老年心療内科","1","09:00","12:00","09:00","12:00","09:00","12:00","09:00","12:00","09:00","12:00","09:00","12:00","","","","","08:30","11:30","08:30","11:30","08:30","11:30","08:30","11:30","08:30","11:30","08:30","11:30","","","","",""
"3911395101860","07005","老年心療内科","2","14:00","17:00","14:00","17:00","14:00","17:00","14:00","17:00","14:00","17:00","","","","","","","13:30","16:30","13:30","16:30","13:30","16:30","13:30","16:30","13:30","16:30","","","","","","",""
"3911395101860","07005","老年心療内科","3","","","","","","","","","","","","","","","","","","","","","","","","","","","","","","","","",""
"3911395102160","01001","内科","1","09:00","12:30","09:00","12:30","09:00","12:30","09:00","12:30","09:00","12:30","09:00","12:30","","","","","08:30","12:15","08:30","12:15","08:30","12:15","08:30","12:15","08:30","12:15","08:30","12:15","","","","",""
"3911395102160","01001","内科","2","13:30","17:30","13:30","17:30","13:30","17:30","13:30","17:30","13:30","17:30","","","","","","","12:15","17:15","12:15","17:15","12:15","17:15","12:15","17:15","12:15","17:15","","","","","","",""
"3911395102160","01001","内科","3","","","","","","","","","","","","","","","","","","","","","","","","","","","","","","","","",""
"3911395102160","01006","糖尿病内科","1","09:00","12:30","09:00","12:30","09:00","12:30","09:00","12:30","09:00","12:30","09:00","12:30","","","","","08:30","12:15","08:30","12:15","08:30","12:15","08:30","12:15","08:30","12:15","08:30","12:15","","","","",""
"3911395102160","01006","糖尿病内科","2","13:30","17:30","13:30","17:30","13:30","17:30","13:30","17:30","13:30","17:30","","","","","","","12:15","17:15","12:15","17:15","12:15","17:15","12:15","17:15","12:15","17:15","","","","","","",""
"3911395102160","01006","糖尿病内科","3","","","","","","","","","","","","","","","","","","","","","","","","","","","","","","","","",""
"3911395102160","01014","呼吸器内科","1","09:00","12:30","09:00","12:30","09:00","12:30","09:00","12:30","09:00","12:30","09:00","12:30","","","","","08:30","12:15","08:30","12:15","08:30","12:15","08:30","12:15","08:30","12:15","08:30","12:15","","","","",""
"3911395102160","01014","呼吸器内科","2","13:30","17:30","13:30","17:30","13:30","17:30","13:30","17:30","13:30","17:30","","","","","","","12:15","17:15","12:15","17:15","12:15","17:15","12:15","17:15","12:15","17:15","","","","","","",""
"3911395102160","01014","呼吸器内科","3","","","","","","","","","","","","","","","","","","","","","","","","","","","","","","","","",""
"3911395102160","01017","循環器内科","1","08:30","12:30","08:30","12:30","08:30","12:30","08:30","12:30","08:30","12:30","08:30","12:30","","","","","08:30","12:15","08:30","12:15","08:30","12:15","08:30","12:15","08:30","12:15","08:30","12:15","","","","",""
"3911395102160","01017","循環器内科","2","13:30","17:30","13:30","17:30","13:30","17:30","13:30","17:30","13:30","17:30","","","","","","","12:15","17:15","12:15","17:15","12:15","17:15","12:15","17:15","12:15","17:15","","","","","","",""
"3911395102160","01017","循環器内科","3","","","","","","","","","","","","","","","","","","","","","","","","","","","","","","","","",""
"3911395102160","01021","胃腸内科","1","09:00","12:30","09:00","12:30","09:00","12:30","09:00","12:30","09:00","12:30","09:00","12:30","","","","","08:30","12:15","08:30","12:15","08:30","12:15","08:30","12:15","08:30","12:15","08:30","12:15","","","","",""
"3911395102160","01021","胃腸内科","2","13:30","17:30","13:30","17:30","13:30","17:30","13:30","17:30","13:30","17:30","","","","","","","12:15","17:15","12:15","17:15","12:15","17:15","12:15","17:15","12:15","17:15","","","","","","",""
"3911395102160","01021","胃腸内科","3","","","","","","","","","","","","","","","","","","","","","","","","","","","","","","","","",""
"3911395102160","02012","消化器外科","1","","","","","","","","","","","","","","","","","","","","","","","","","","","","","","","","",""
"3911395102160","02012","消化器外科","2","13:30","17:30","","","13:30","17:30","13:30","17:30","","","","","","","","","12:15","17:15","","","12:15","17:15","12:15","17:15","","","","","","","","",""
"3911395102160","02012","消化器外科","3","","","","","","","","","","","","","","","","","","","","","","","","","","","","","","","","",""
"3911395102160","02035","整形外科","1","09:00","12:30","09:00","12:30","09:00","12:30","09:00","12:30","09:00","12:30","11:00","12:30","","","","","08:30","12:15","08:30","12:15","08:30","12:15","08:30","12:15","08:30","12:15","08:30","12:15","","","","",""
"3911395102160","02035","整形外科","2","13:30","17:30","13:30","17:30","14:00","17:30","","","13:30","17:30","","","","","","","12:15","17:15","12:15","17:15","12:15","17:15","","","12:15","17:15","","","","","","",""
"3911395102160","02035","整形外科","3","","","","","","","","","","","","","","","","","","","","","","","","","","","","","","","","",""
"3911395102160","09003","リハビリテーション科","1","09:00","12:30","09:00","12:30","09:00","12:30","09:00","12:30","09:00","12:30","09:00","12:30","","","","","08:30","12:15","08:30","12:15","08:30","12:15","08:30","12:15","08:30","12:15","08:30","12:15","","","","",""
"3911395102160","09003","リハビリテーション科","2","13:30","17:30","13:30","17:30","13:30","17:30","13:30","17:30","13:30","17:30","","","","","","","12:15","17:15","12:15","17:15","12:15","17:15","12:15","17:15","12:15","17:15","","","","","","",""
"3911395102160","09003","リハビリテーション科","3","","","","","","","","","","","","","","","","","","","","","","","","","","","","","","","","",""
"3911395102320","01001","内科","1","08:45","17:05","08:45","17:05","08:45","17:05","08:45","17:05","08:45","17:05","","","","","","","08:00","11:30","08:00","11:30","08:00","11:30","08:00","11:30","08:00","11:30","","","","","","",""
"3911395102320","01001","内科","2","","","","","","","","","","","","","","","","","08:30","11:30","08:30","11:30","08:30","11:30","08:30","11:30","08:30","11:30","","","","","","",""
"3911395102320","01001","内科","3","","","","","","","","","","","","","","","","","","","","","","","","","","","","","","","","",""
"3911395102320","01005","血液内科","1","","","","","","","13:00","17:05","","","","","","","","","","","","","","","08:00","11:30","","","","","","","","",""
"3911395102320","01005","血液内科","2","","","","","","","","","","","","","","","","","","","","","","","08:30","11:30","","","","","","","","",""
"3911395102320","01005","血液内科","3","","","","","","","","","","","","","","","","","","","","","","","","","","","","","","","","",""
"3911395102320","01006","糖尿病内科","1","08:45","17:05","08:45","17:05","08:45","17:05","08:45","17:05","08:45","17:05","","","","","","","08:00","11:30","08:00","11:30","08:00","11:30","08:00","11:30","08:00","11:30","","","","","","",""
"3911395102320","01006","糖尿病内科","2","","","","","","","","","","","","","","","","","08:30","11:30","08:30","11:30","08:30","11:30","08:30","11:30","08:30","11:30","","","","","","",""
"3911395102320","01006","糖尿病内科","3","","","","","","","","","","","","","","","","","","","","","","","","","","","","","","","","",""
"3911395102320","01013","脳神経内科","1","","","","","","","","","","","","","","","","","","","","","","","","","","","","","","","","",""
"3911395102320","01013","脳神経内科","2","","","","","","","","","","","","","","","","","","","","","","","","","","","","","","","","",""
"3911395102320","01013","脳神経内科","3","","","","","","","","","","","","","","","","","","","","","","","","","","","","","","","","",""
"3911395102320","01014","呼吸器内科","1","08:45","12:00","08:45","12:00","08:45","12:00","08:45","12:00","08:45","12:00","","","","","","","08:00","11:30","08:00","11:30","08:00","11:30","08:00","11:30","08:00","11:30","","","","","","",""
"3911395102320","01014","呼吸器内科","2","","","","","","","","","","","","","","","","","08:30","11:30","08:30","11:30","08:30","11:30","08:30","11:30","08:30","11:30","","","","","","",""
"3911395102320","01014","呼吸器内科","3","","","","","","","","","","","","","","","","","","","","","","","","","","","","","","","","",""
"3911395102320","01017","循環器内科","1","09:00","17:05","09:00","17:05","09:00","17:05","09:00","12:00","09:00","17:05","","","","","","","08:00","11:30","08:00","11:30","08:00","11:30","08:00","11:00","08:00","11:30","","","","","","",""
"3911395102320","01017","循環器内科","2","","","","","","","","","","","","","","","","","08:30","11:30","08:30","11:30","08:30","11:30","08:30","11:00","08:30","11:30","","","","","","",""
"3911395102320","01017","循環器内科","3","","","","","","","","","","","","","","","","","","","","","","","","","","","","","","","","",""
"3911395102320","01020","消化器内科","1","08:45","12:00","08:45","17:05","08:45","12:00","08:45","12:00","08:45","12:00","","","","","","","08:00","11:30","08:00","11:30","08:00","11:30","08:00","11:30","08:00","11:30","","","","","","",""
"3911395102320","01020","消化器内科","2","","","","","","","","","","","","","","","","","08:30","11:30","08:30","11:30","08:30","11:30","08:30","11:30","08:30","11:30","","","","","","",""
"3911395102320","01020","消化器内科","3","","","","","","","","","","","","","","","","","","","","","","","","","","","","","","","","",""
"3911395102320","02001","外科","1","08:45","17:05","08:45","17:05","08:45","17:05","08:45","17:05","08:45","17:05","","","","","","","08:00","11:30","08:00","11:30","08:00","11:30","08:00","11:30","08:00","11:30","","","","","","",""
"3911395102320","02001","外科","2","","","","","","","","","","","","","","","","","08:30","11:30","08:30","11:30","08:30","11:30","08:30","11:30","08:30","11:30","","","","","","",""
"3911395102320","02001","外科","3","","","","","","","","","","","","","","","","","","","","","","","","","","","","","","","","",""
"3911395102320","02002","脳神経外科","1","","","08:45","12:00","08:45","17:05","08:45","17:05","08:45","17:05","","","","","","","","","08:00","11:30","08:00","11:30","08:00","11:30","08:00","11:30","","","","","","",""
"3911395102320","02002","脳神経外科","2","","","","","","","","","","","","","","","","","","","08:30","11:30","08:30","11:30","08:30","11:30","08:30","11:30","","","","","","",""
"3911395102320","02002","脳神経外科","3","","","","","","","","","","","","","","","","","","","","","","","","","","","","","","","","",""
"3911395102320","02005","呼吸器外科","1","08:45","14:30","","","08:45","17:05","","","08:45","17:05","","","","","","","08:00","11:30","","","08:00","11:30","","","08:00","11:30","","","","","","",""
"3911395102320","02005","呼吸器外科","2","","","","","","","","","","","","","","","","","08:30","11:30","","","08:30","11:30","","","08:30","11:30","","","","","","",""
"3911395102320","02005","呼吸器外科","3","","","","","","","","","","","","","","","","","","","","","","","","","","","","","","","","",""
"3911395102320","02011","心臓血管外科","1","08:45","17:05","","","08:45","12:00","","","08:45","17:05","","","","","","","08:00","11:30","","","08:00","11:30","","","08:00","11:30","","","","","","",""
"3911395102320","02011","心臓血管外科","2","","","","","","","","","","","","","","","","","08:30","11:30","","","08:30","11:30","","","08:30","11:30","","","","","","",""
"3911395102320","02011","心臓血管外科","3","","","","","","","","","","","","","","","","","","","","","","","","","","","","","","","","",""
"3911395102320","02012","消化器外科","1","08:45","17:05","08:45","17:05","08:45","17:05","08:45","17:05","08:45","17:05","","","","","","","08:00","11:30","08:00","11:30","08:00","11:30","08:00","11:30","08:00","11:30","","","","","","",""
"3911395102320","02012","消化器外科","2","","","","","","","","","","","","","","","","","08:30","11:30","08:30","11:30","08:30","11:30","08:30","11:30","08:30","11:30","","","","","","",""
"3911395102320","02012","消化器外科","3","","","","","","","","","","","","","","","","","","","","","","","","","","","","","","","","",""
"3911395102320","02023","乳腺・内分泌外科","1","","","08:45","17:05","","","08:45","17:05","","","","","","","","","","","08:00","11:30","","","08:00","11:30","","","","","","","","",""
"3911395102320","02023","乳腺・内分泌外科","2","","","","","","","","","","","","","","","","","","","08:30","11:30","","","08:30","11:30","","","","","","","","",""
"3911395102320","02023","乳腺・内分泌外科","3","","","","","","","","","","","","","","","","","","","","","","","","","","","","","","","","",""
"3911395102320","02035","整形外科","1","09:00","12:30","09:00","12:30","09:00","12:30","09:00","12:30","09:00","12:30","","","","","","","08:00","11:30","08:00","11:30","08:00","11:30","08:00","11:30","08:00","11:30","","","","","","",""
"3911395102320","02035","整形外科","2","","","","","","","","","","","","","","","","","08:30","11:30","08:30","11:30","08:30","11:30","08:30","11:30","08:30","11:30","","","","","","",""
"3911395102320","02035","整形外科","3","","","","","","","","","","","","","","","","","","","","","","","","","","","","","","","","",""
"3911395102320","02036","形成外科","1","","","08:45","17:05","08:45","12:00","","","08:45","12:00","","","","","","","","","08:00","11:30","08:00","11:30","","","08:00","11:30","","","","","","",""
"3911395102320","02036","形成外科","2","","","","","","","","","","","","","","","","","","","08:30","11:30","","","","","08:30","11:30","","","","","","",""
"3911395102320","02036","形成外科","3","","","","","","","","","","","","","","","","","","","","","","","","","","","","","","","","",""
"3911395102320","03001","小児科","1","08:45","17:05","08:45","17:05","08:45","12:00","08:45","12:00","08:45","17:05","","","","","","","08:00","11:30","08:00","11:30","08:00","11:30","08:00","11:30","08:00","11:30","","","","","","",""
"3911395102320","03001","小児科","2","","","","","","","","","08:45","12:00","","","","","","","08:30","11:30","08:30","11:30","08:30","11:30","08:30","11:30","08:30","11:30","","","","","","",""
"3911395102320","03001","小児科","3","","","","","","","","","","","","","","","","","","","","","","","","","","","","","","","","",""
"3911395102320","04001","産婦人科","1","08:45","16:00","08:45","12:00","08:45","12:00","08:45","12:00","08:45","16:00","","","","","","","08:00","16:00","08:00","16:00","08:00","16:00","08:00","11:30","08:00","16:00","","","","","","",""
"3911395102320","04001","産婦人科","2","","","","","","","","","","","","","","","","","08:30","16:00","08:30","16:00","08:30","16:00","08:30","11:30","08:30","11:30","","","","","","",""
"3911395102320","04001","産婦人科","3","","","","","","","","","","","","","","","","","","","","","","","","","","","","","","","","",""
"3911395102320","05001","眼科","1","","","09:00","12:00","09:00","12:00","09:00","12:00","","","","","","","","","","","09:00","10:30","09:00","10:30","09:00","10:30","","","","","","","","",""
"3911395102320","05001","眼科","2","","","","","","","","","","","","","","","","","","","","","","","","","","","","","","","","",""
"3911395102320","05001","眼科","3","","","","","","","","","","","","","","","","","","","","","","","","","","","","","","","","",""
"3911395102320","05002","耳鼻いんこう科","1","08:45","17:05","08:45","17:05","08:45","12:00","08:45","12:00","08:45","12:00","","","","","","","08:00","15:30","08:00","11:30","08:00","11:30","08:00","11:30","08:00","11:30","","","","","","",""
"3911395102320","05002","耳鼻いんこう科","2","","","","","","","","","","","","","","","","","08:30","15:30","08:30","11:30","08:30","11:30","08:30","11:30","08:30","11:30","","","","","","",""
"3911395102320","05002","耳鼻いんこう科","3","","","","","","","","","","","","","","","","","","","","","","","","","","","","","","","","",""
"3911395102320","06001","皮膚科","1","08:45","12:00","08:45","12:00","08:45","12:00","08:45","12:00","08:45","12:00","","","","","","","08:00","11:30","08:00","11:30","08:00","11:30","08:00","11:30","08:00","11:30","","","","","","",""
"3911395102320","06001","皮膚科","2","","","","","","","","","","","","","","","","","08:30","11:30","08:30","11:30","08:30","11:30","08:30","11:30","08:00","11:30","","","","","","",""
"3911395102320","06001","皮膚科","3","","","","","","","","","","","","","","","","","","","","","","","","","","","","","","","","",""
"3911395102320","06004","泌尿器科","1","08:45","17:05","08:45","17:05","08:45","17:05","08:45","17:05","08:45","17:05","","","","","","","08:00","11:30","08:00","11:30","08:00","11:30","08:00","11:30","08:00","11:30","","","","","","",""
"3911395102320","06004","泌尿器科","2","","","","","","","","","","","","","","","","","08:30","11:30","08:30","11:30","08:30","11:30","08:30","11:30","08:30","11:30","","","","","","",""
"3911395102320","06004","泌尿器科","3","","","","","","","","","","","","","","","","","","","","","","","","","","","","","","","","",""
"3911395102320","07001","精神科","1","","","","","","","","","","","","","","","","","","","","","","","","","","","","","","","","",""
"3911395102320","07001","精神科","2","","","","","","","","","","","","","","","","","","","","","","","","","","","","","","","","",""
"3911395102320","07001","精神科","3","","","","","","","","","","","","","","","","","","","","","","","","","","","","","","","","",""
"3911395102320","07003","心療内科","1","","","","","","","","","","","","","","","","","","","","","","","","","","","","","","","","",""
"3911395102320","07003","心療内科","2","","","","","","","","","","","","","","","","","","","","","","","","","","","","","","","","",""
"3911395102320","07003","心療内科","3","","","","","","","","","","","","","","","","","","","","","","","","","","","","","","","","",""
"3911395102320","09002","リウマチ科","1","14:00","15:30","14:00","15:30","","","","","","","","","","","","","08:30","15:30","08:30","15:30","","","","","","","","","","","","",""
"3911395102320","09002","リウマチ科","2","","","","","","","","","","","","","","","","","","","","","","","","","","","","","","","","",""
"3911395102320","09002","リウマチ科","3","","","","","","","","","","","","","","","","","","","","","","","","","","","","","","","","",""
"3911395102320","09003","リハビリテーション科","1","","","","","","","","","","","","","","","","","","","","","","","","","","","","","","","","",""
"3911395102320","09003","リハビリテーション科","2","","","","","","","","","","","","","","","","","","","","","","","","","","","","","","","","",""
"3911395102320","09003","リハビリテーション科","3","","","","","","","","","","","","","","","","","","","","","","","","","","","","","","","","",""
"3911395102320","09004","放射線科","1","","","08:45","12:00","","","","","08:45","12:00","","","","","","","","","08:00","11:30","","","","","08:00","11:30","","","","","","",""
"3911395102320","09004","放射線科","2","","","","","","","","","","","","","","","","","","","","","","","","","","","","","","","","",""
"3911395102320","09004","放射線科","3","","","","","","","","","","","","","","","","","","","","","","","","","","","","","","","","",""
"3911395102320","09008","病理診断科","1","","","","","","","","","","","","","","","","","","","","","","","","","","","","","","","","",""
"3911395102320","09008","病理診断科","2","","","","","","","","","","","","","","","","","","","","","","","","","","","","","","","","",""
"3911395102320","09008","病理診断科","3","","","","","","","","","","","","","","","","","","","","","","","","","","","","","","","","",""
"3911395102320","09011","麻酔科","1","","","","","","","08:45","12:00","","","","","","","","","","","","","","","08:00","11:30","","","","","","","","",""
"3911395102320","09011","麻酔科","2","","","","","","","","","","","","","","","","","","","","","","","","","","","","","","","","",""
"3911395102320","09011","麻酔科","3","","","","","","","","","","","","","","","","","","","","","","","","","","","","","","","","",""
"3911395102610","01001","内科","1","09:00","17:15","09:00","17:15","09:00","17:15","09:00","17:15","09:00","17:15","","","","","","","08:15","11:00","08:15","11:00","08:15","11:00","08:15","11:00","08:15","11:00","","","","","","",""
"3911395102610","01001","内科","2","","","","","","","","","","","","","","","","","","","","","","","","","","","","","","","","",""
"3911395102610","01001","内科","3","","","","","","","","","","","","","","","","","","","","","","","","","","","","","","","","",""
"3911395102610","01014","呼吸器内科","1","09:00","17:15","09:00","17:15","09:00","17:15","09:00","17:15","09:00","17:15","","","","","","","08:00","11:00","08:00","11:00","08:00","11:00","08:00","11:00","08:00","11:00","","","","","","",""
"3911395102610","01014","呼吸器内科","2","","","","","","","","","","","","","","","","","","","","","","","","","","","","","","","","",""
"3911395102610","01014","呼吸器内科","3","","","","","","","","","","","","","","","","","","","","","","","","","","","","","","","","",""
"3911395102610","01017","循環器内科","1","09:00","17:15","09:00","17:15","","","09:00","17:15","09:00","17:15","","","","","","","08:15","11:00","08:15","11:00","","","08:15","11:00","08:15","11:00","","","","","","",""
"3911395102610","01017","循環器内科","2","","","","","","","13:30","17:15","","","","","","","","","","","","","","","08:15","16:00","","","","","","","","",""
"3911395102610","01017","循環器内科","3","","","","","","","","","","","","","","","","","","","","","","","","","","","","","","","","",""
"3911395102610","01020","消化器内科","1","09:00","17:15","09:00","17:15","09:00","17:15","09:00","17:15","09:00","17:15","","","","","","","08:15","11:00","08:15","11:00","08:15","11:00","08:15","11:00","08:15","11:00","","","","","","",""
"3911395102610","01020","消化器内科","2","","","","","","","","","","","","","","","","","","","","","","","","","","","","","","","","",""
"3911395102610","01020","消化器内科","3","","","","","","","","","","","","","","","","","","","","","","","","","","","","","","","","",""
"3911395102610","01025","神経内科","1","","","","","","","","","","","","","","","","","","","","","","","","","","","","","","","","",""
"3911395102610","01025","神経内科","2","","","","","","","","","","","","","","","","","","","","","","","","","","","","","","","","",""
"3911395102610","01025","神経内科","3","","","","","","","","","","","","","","","","","","","","","","","","","","","","","","","","",""
"3911395102610","02001","外科","1","09:00","17:15","09:00","17:15","09:00","17:15","09:00","17:15","09:00","17:15","","","","","","","08:15","11:00","08:15","11:00","08:15","11:00","08:15","11:00","08:15","11:00","","","","","","",""
"3911395102610","02001","外科","2","","","","","","","","","","","","","","","","","","","","","","","","","","","","","","","","",""
"3911395102610","02001","外科","3","","","","","","","","","","","","","","","","","","","","","","","","","","","","","","","","",""
"3911395102610","02002","脳神経外科","1","","","","","09:00","11:00","","","13:00","17:15","","","","","","","","","","","08:15","11:00","","","08:15","16:00","","","","","","",""
"3911395102610","02002","脳神経外科","2","","","","","","","","","","","","","","","","","","","","","","","","","","","","","","","","",""
"3911395102610","02002","脳神経外科","3","","","","","","","","","","","","","","","","","","","","","","","","","","","","","","","","",""
"3911395102610","02005","呼吸器外科","1","","","09:00","17:15","","","09:00","17:15","09:00","17:15","","","","","","","","","08:15","11:00","","","08:15","11:00","08:15","11:00","","","","","","",""
"3911395102610","02005","呼吸器外科","2","","","","","","","","","","","","","","","","","","","","","","","","","","","","","","","","",""
"3911395102610","02005","呼吸器外科","3","","","","","","","","","","","","","","","","","","","","","","","","","","","","","","","","",""
"3911395102610","02012","消化器外科","1","09:00","17:15","09:00","17:15","09:00","17:15","09:00","17:15","09:00","17:15","","","","","","","08:15","11:00","08:15","11:00","08:15","11:00","08:15","11:00","08:15","11:00","","","","","","",""
"3911395102610","02012","消化器外科","2","","","","","","","","","","","","","","","","","","","","","","","","","","","","","","","","",""
"3911395102610","02012","消化器外科","3","","","","","","","","","","","","","","","","","","","","","","","","","","","","","","","","",""
"3911395102610","02035","整形外科","1","09:00","17:15","09:00","17:15","09:00","17:15","09:00","17:15","09:00","17:15","","","","","","","08:15","11:00","08:15","11:00","08:15","11:00","08:15","11:00","08:15","11:00","","","","","","",""
"3911395102610","02035","整形外科","2","","","","","","","","","","","","","","","","","","","","","","","","","","","","","","","","",""
"3911395102610","02035","整形外科","3","","","","","","","","","","","","","","","","","","","","","","","","","","","","","","","","",""
"3911395102610","03001","小児科","1","09:00","17:15","09:00","17:15","09:00","17:15","09:00","17:15","09:00","17:15","","","","","","","08:15","11:00","08:15","11:00","08:15","11:00","08:15","11:00","08:15","11:00","","","","","","",""
"3911395102610","03001","小児科","2","","","","","","","","","","","","","","","","","","","","","","","","","","","","","","","","",""
"3911395102610","03001","小児科","3","","","","","","","","","","","","","","","","","","","","","","","","","","","","","","","","",""
"3911395102610","03006","小児外科","1","","","","","","","","","","","","","","","","","","","","","","","","","","","","","","","","",""
"3911395102610","03006","小児外科","2","","","","","","","","","","","","","","","","","","","","","","","","","","","","","","","","",""
"3911395102610","03006","小児外科","3","","","","","","","","","","","","","","","","","","","","","","","","","","","","","","","","",""
"3911395102610","04002","産科","1","09:00","17:15","09:00","17:15","09:00","17:15","09:00","17:15","09:00","17:15","","","","","","","08:15","11:00","08:15","11:00","08:15","11:00","08:15","11:00","08:15","11:00","","","","","","",""
"3911395102610","04002","産科","2","","","","","","","","","","","","","","","","","","","","","","","","","","","","","","","","",""
"3911395102610","04002","産科","3","","","","","","","","","","","","","","","","","","","","","","","","","","","","","","","","",""
"3911395102610","04003","婦人科","1","09:00","17:15","09:00","17:15","09:00","17:15","09:00","17:15","09:00","17:15","","","","","","","08:15","11:00","08:15","11:00","08:15","11:00","08:15","11:00","08:15","11:00","","","","","","",""
"3911395102610","04003","婦人科","2","","","","","","","","","","","","","","","","","","","","","","","","","","","","","","","","",""
"3911395102610","04003","婦人科","3","","","","","","","","","","","","","","","","","","","","","","","","","","","","","","","","",""
"3911395102610","05001","眼科","1","09:00","17:15","09:00","17:15","09:00","17:15","09:00","17:15","09:00","17:15","","","","","","","08:15","11:00","08:15","11:00","08:15","11:00","08:15","11:00","08:15","11:00","","","","","","",""
"3911395102610","05001","眼科","2","","","","","","","","","","","","","","","","","","","","","","","","","","","","","","","","",""
"3911395102610","05001","眼科","3","","","","","","","","","","","","","","","","","","","","","","","","","","","","","","","","",""
"3911395102610","05002","耳鼻いんこう科","1","09:00","17:15","09:00","17:15","09:00","17:15","09:00","17:15","09:00","17:15","","","","","","","08:15","11:00","08:15","11:00","08:15","11:00","08:15","11:00","08:15","11:00","","","","","","",""
"3911395102610","05002","耳鼻いんこう科","2","","","","","","","","","","","","","","","","","","","","","","","","","","","","","","","","",""
"3911395102610","05002","耳鼻いんこう科","3","","","","","","","","","","","","","","","","","","","","","","","","","","","","","","","","",""
"3911395102610","06001","皮膚科","1","","","","","09:00","17:15","","","09:00","17:15","","","","","","","","","","","08:15","11:00","","","08:15","11:00","","","","","","",""
"3911395102610","06001","皮膚科","2","","","","","","","","","","","","","","","","","","","","","","","","","","","","","","","","",""
"3911395102610","06001","皮膚科","3","","","","","","","","","","","","","","","","","","","","","","","","","","","","","","","","",""
"3911395102610","06004","泌尿器科","1","09:00","17:15","09:00","17:15","09:00","17:15","","","09:00","17:15","","","","","","","08:15","11:00","08:15","11:00","08:15","11:00","","","08:15","11:00","","","","","","",""
"3911395102610","06004","泌尿器科","2","","","","","","","","","","","","","","","","","","","","","","","","","","","","","","","","",""
"3911395102610","06004","泌尿器科","3","","","","","","","","","","","","","","","","","","","","","","","","","","","","","","","","",""
"3911395102610","07001","精神科","1","","","","","","","","","","","","","","","","","","","","","","","","","","","","","","","","",""
"3911395102610","07001","精神科","2","","","","","","","","","","","","","","","","","","","","","","","","","","","","","","","","",""
"3911395102610","07001","精神科","3","","","","","","","","","","","","","","","","","","","","","","","","","","","","","","","","",""
"3911395102610","08001","歯科","1","","","","","","","","","","","","","","","","","","","","","","","","","","","","","","","","",""
"3911395102610","08001","歯科","2","","","","","","","","","","","","","","","","","","","","","","","","","","","","","","","","",""
"3911395102610","08001","歯科","3","","","","","","","","","","","","","","","","","","","","","","","","","","","","","","","","",""
"3911395102610","09001","アレルギー科","1","09:00","17:15","09:00","17:15","09:00","17:15","09:00","17:15","09:00","17:15","","","","","","","08:15","11:00","08:15","11:00","08:15","11:00","08:15","11:00","08:15","11:00","","","","","","",""
"3911395102610","09001","アレルギー科","2","","","","","","","","","","","","","","","","","","","","","","","","","","","","","","","","",""
"3911395102610","09001","アレルギー科","3","","","","","","","","","","","","","","","","","","","","","","","","","","","","","","","","",""
"3911395102610","09002","リウマチ科","1","09:00","17:15","","","","","","","09:00","17:15","","","","","","","08:15","11:00","","","","","","","08:15","11:00","","","","","","",""
"3911395102610","09002","リウマチ科","2","","","","","","","","","","","","","","","","","","","","","","","","","","","","","","","","",""
"3911395102610","09002","リウマチ科","3","","","","","","","","","","","","","","","","","","","","","","","","","","","","","","","","",""
"3911395102610","09003","リハビリテーション科","1","","","","","","","","","","","","","","","","","","","","","","","","","","","","","","","","",""
"3911395102610","09003","リハビリテーション科","2","","","","","","","","","","","","","","","","","","","","","","","","","","","","","","","","",""
"3911395102610","09003","リハビリテーション科","3","","","","","","","","","","","","","","","","","","","","","","","","","","","","","","","","",""
"3911395102610","09004","放射線科","1","","","13:30","17:15","","","","","09:00","17:15","","","","","","","","","08:15","11:00","","","","","08:15","11:00","","","","","","",""
"3911395102610","09004","放射線科","2","","","","","","","","","","","","","","","","","","","","","","","","","","","","","","","","",""
"3911395102610","09004","放射線科","3","","","","","","","","","","","","","","","","","","","","","","","","","","","","","","","","",""
"3911395102610","09008","病理診断科","1","","","","","","","","","","","","","","","","","","","","","","","","","","","","","","","","",""
"3911395102610","09008","病理診断科","2","","","","","","","","","","","","","","","","","","","","","","","","","","","","","","","","",""
"3911395102610","09008","病理診断科","3","","","","","","","","","","","","","","","","","","","","","","","","","","","","","","","","",""
"3911395102610","09011","麻酔科","1","","","","","","","","","","","","","","","","","","","","","","","","","","","","","","","","",""
"3911395102610","09011","麻酔科","2","","","","","","","","","","","","","","","","","","","","","","","","","","","","","","","","",""
"3911395102610","09011","麻酔科","3","","","","","","","","","","","","","","","","","","","","","","","","","","","","","","","","",""
"3911395102870","01001","内科","1","09:00","12:30","09:00","12:30","09:00","12:30","09:00","12:30","09:00","12:30","09:00","12:00","","","","","09:00","12:00","09:00","12:00","09:00","12:00","09:00","12:00","09:00","12:00","09:00","12:00","","","","",""
"3911395102870","01001","内科","2","13:30","17:00","13:30","17:00","13:30","17:00","13:30","17:00","13:30","17:00","","","","","","","12:00","16:30","12:00","16:30","12:00","16:30","12:00","16:30","12:00","16:30","","","","","","",""
"3911395102870","01001","内科","3","","","","","","","","","","","","","","","","","","","","","","","","","","","","","","","","",""
"3911395102870","01017","循環器内科","1","09:00","12:30","09:00","12:30","09:00","12:30","09:00","12:30","09:00","12:30","09:00","12:00","","","","","09:00","11:30","09:00","11:30","09:00","11:30","09:00","11:30","09:00","11:30","09:00","11:00","","","","",""
"3911395102870","01017","循環器内科","2","13:30","17:00","13:30","17:00","13:30","17:00","","","13:30","17:00","","","","","","","11:30","16:30","11:30","16:30","11:30","16:30","","","11:30","16:30","","","","","","",""
"3911395102870","01017","循環器内科","3","","","","","","","","","","","","","","","","","","","","","","","","","","","","","","","","",""
"3911395102870","01020","消化器内科","1","09:00","12:30","09:00","12:30","09:00","12:30","09:00","12:30","09:00","12:30","09:00","12:00","","","","","09:00","11:30","09:30","11:30","09:00","11:30","09:00","11:30","09:00","11:30","09:00","11:00","","","","",""
"3911395102870","01020","消化器内科","2","13:30","17:00","13:30","17:00","13:30","17:00","13:30","17:00","13:30","17:00","","","","","","","11:30","16:30","13:30","16:30","13:30","16:30","13:30","16:30","13:30","16:30","","","","","","",""
"3911395102870","01020","消化器内科","3","","","","","","","","","","","","","","","","","","","","","","","","","","","","","","","","",""
"3911395102870","01025","神経内科","1","09:00","12:30","13:30","17:00","09:00","12:30","09:00","12:30","09:00","12:30","09:00","12:00","","","","","09:00","11:30","11:30","16:00","09:00","11:30","09:00","11:30","09:00","11:30","09:00","11:00","","","","",""
"3911395102870","01025","神経内科","2","13:30","17:00","","","13:30","17:00","13:30","17:00","","","","","","","","","11:30","16:00","","","11:30","16:00","11:30","16:00","","","","","","","","",""
"3911395102870","01025","神経内科","3","","","","","","","","","","","","","","","","","","","","","","","","","","","","","","","","",""
"3911395102870","01028","老年内科","1","09:00","12:30","13:30","17:00","09:00","12:30","09:00","12:30","09:00","12:30","09:00","12:30","","","","","09:00","11:30","11:30","16:00","09:00","11:30","09:00","11:30","09:00","11:30","09:00","11:30","","","","",""
"3911395102870","01028","老年内科","2","13:30","17:00","","","13:30","17:00","13:30","17:00","","","","","","","","","11:30","16:00","","","11:30","16:00","11:30","16:00","","","","","","","","",""
"3911395102870","01028","老年内科","3","","","","","","","","","","","","","","","","","","","","","","","","","","","","","","","","",""
"3911395102870","02002","脳神経外科","1","09:00","12:30","09:00","12:30","09:00","12:30","09:00","12:30","09:00","12:30","","","","","","","09:00","12:00","09:00","12:00","09:00","12:00","09:00","12:00","09:00","12:00","","","","","","",""
"3911395102870","02002","脳神経外科","2","13:30","17:00","13:30","17:00","13:30","17:00","13:30","17:00","13:30","17:00","","","","","","","12:00","16:30","12:00","16:30","12:00","16:30","12:00","16:30","12:00","16:30","","","","","","",""
"3911395102870","02002","脳神経外科","3","","","","","","","","","","","","","","","","","","","","","","","","","","","","","","","","",""
"3911395102870","09003","リハビリテーション科","1","09:00","12:30","09:00","12:30","09:00","12:30","09:00","12:30","09:00","12:30","","","","","","","09:00","12:00","09:00","12:00","09:00","12:00","09:00","12:00","09:00","12:00","","","","","","",""
"3911395102870","09003","リハビリテーション科","2","13:30","17:00","13:30","17:00","13:30","17:00","13:30","17:00","13:30","17:00","","","","","","","12:00","16:30","12:00","16:30","12:00","16:30","12:00","16:30","12:00","16:30","","","","","","",""
"3911395102870","09003","リハビリテーション科","3","","","","","","","","","","","","","","","","","","","","","","","","","","","","","","","","",""
"3911395102870","09004","放射線科","1","09:00","12:30","09:00","12:30","09:00","12:30","09:00","12:30","09:00","12:30","09:00","12:30","","","","","09:00","12:00","09:00","12:00","09:00","12:00","09:00","12:00","09:00","12:00","09:00","12:00","","","","",""
"3911395102870","09004","放射線科","2","13:30","17:00","13:30","17:00","13:30","17:00","","","13:30","17:00","","","","","","","12:00","16:30","12:00","16:30","12:00","16:30","","","12:00","16:30","","","","","","",""
"3911395102870","09004","放射線科","3","","","","","","","","","","","","","","","","","","","","","","","","","","","","","","","","",""
"3911395102900","01001","内科","1","09:00","13:00","09:00","13:00","09:00","13:00","09:00","13:00","09:00","13:00","09:00","13:00","","","","","09:00","12:00","09:00","12:00","09:00","12:00","09:00","12:00","09:00","12:00","09:00","12:00","","","","",""
"3911395102900","01001","内科","2","14:00","18:00","14:00","18:00","14:00","18:00","14:00","18:00","14:00","18:00","","","","","","","14:00","17:00","14:00","17:00","14:00","17:00","14:00","17:00","14:00","17:00","","","","","","",""
"3911395102900","01001","内科","3","","","","","","","","","","","","","","","","","","","","","","","","","","","","","","","","",""
"3911395102900","01014","呼吸器内科","1","09:00","13:00","09:00","13:00","09:00","13:00","09:00","13:00","09:00","13:00","09:00","13:00","","","","","09:00","12:00","09:00","12:00","09:00","12:00","09:00","12:00","09:00","12:00","09:00","12:00","","","","",""
"3911395102900","01014","呼吸器内科","2","14:00","18:00","14:00","18:00","14:00","18:00","14:00","18:00","14:00","18:00","","","","","","","14:00","17:00","14:00","17:00","14:00","17:00","14:00","17:00","14:00","17:00","","","","","","",""
"3911395102900","01014","呼吸器内科","3","","","","","","","","","","","","","","","","","","","","","","","","","","","","","","","","",""
"3911395102900","01017","循環器内科","1","09:00","13:00","09:00","13:00","09:00","13:00","09:00","13:00","09:00","13:00","09:00","13:00","","","","","09:00","12:00","09:00","12:00","09:00","12:00","09:00","12:00","09:00","12:00","09:00","12:00","","","","",""
"3911395102900","01017","循環器内科","2","14:00","18:00","14:00","18:00","14:00","18:00","14:00","18:00","14:00","18:00","","","","","","","14:00","17:00","14:00","17:00","14:00","17:00","14:00","17:00","14:00","17:00","","","","","","",""
"3911395102900","01017","循環器内科","3","","","","","","","","","","","","","","","","","","","","","","","","","","","","","","","","",""
"3911395102900","01020","消化器内科","1","09:00","13:00","09:00","13:00","09:00","13:00","09:00","13:00","09:00","13:00","09:00","13:00","","","","","09:00","12:00","09:00","12:00","09:00","12:00","09:00","12:00","09:00","12:00","09:00","12:00","","","","",""
"3911395102900","01020","消化器内科","2","14:00","18:00","14:00","18:00","14:00","18:00","14:00","18:00","14:00","18:00","","","","","","","14:00","17:00","14:00","17:00","14:00","17:00","14:00","17:00","14:00","17:00","","","","","","",""
"3911395102900","01020","消化器内科","3","","","","","","","","","","","","","","","","","","","","","","","","","","","","","","","","",""
"3911395102900","02001","外科","1","09:00","13:00","09:00","13:00","09:00","13:00","09:00","13:00","09:00","13:00","09:00","13:00","","","","","09:00","12:00","09:00","12:00","09:00","12:00","09:00","12:00","09:00","12:00","09:00","12:00","","","","",""
"3911395102900","02001","外科","2","14:00","18:00","14:00","18:00","","","14:00","18:00","","","","","","","","","14:00","17:00","14:00","17:00","","","14:00","17:00","","","","","","","","",""
"3911395102900","02001","外科","3","","","","","","","","","","","","","","","","","","","","","","","","","","","","","","","","",""
"3911395102900","02035","整形外科","1","09:00","13:00","09:00","13:00","09:00","13:00","09:00","13:00","09:00","13:00","09:00","13:00","","","","","09:00","12:00","09:00","12:00","09:00","12:00","09:00","12:00","09:00","12:00","09:00","12:00","","","","",""
"3911395102900","02035","整形外科","2","14:00","18:00","14:00","18:00","","","14:00","18:00","","","","","","","","","14:00","17:00","14:00","17:00","","","14:00","17:00","","","","","","","","",""
"3911395102900","02035","整形外科","3","","","","","","","","","","","","","","","","","","","","","","","","","","","","","","","","",""
"3911395102900","06001","皮膚科","1","","","","","","","","","","","","","","","","","","","","","","","","","","","","","","","","",""
"3911395102900","06001","皮膚科","2","","","","","","","14:00","17:00","","","","","","","","","","","","","14:00","17:00","","","","","","","","","","",""
"3911395102900","06001","皮膚科","3","","","","","","","","","","","","","","","","","","","","","","","","","","","","","","","","",""
"3911395102900","07001","精神科","1","","","","","","","","","09:00","13:00","","","","","","","","","","","","","","","09:00","12:00","","","","","","",""
"3911395102900","07001","精神科","2","","","","","","","","","14:00","18:00","","","","","","","","","","","","","","","14:00","17:00","","","","","","",""
"3911395102900","07001","精神科","3","","","","","","","","","","","","","","","","","","","","","","","","","","","","","","","","",""
"3911395102900","09002","リウマチ科","1","09:00","13:00","09:00","13:00","09:00","13:00","09:00","13:00","09:00","13:00","09:00","13:00","","","","","09:00","12:00","09:00","12:00","09:00","12:00","09:00","12:00","09:00","12:00","09:00","12:00","","","","",""
"3911395102900","09002","リウマチ科","2","14:00","18:00","14:00","18:00","","","14:00","18:00","","","","","","","","","14:00","17:00","14:00","17:00","","","14:00","17:00","","","","","","","","",""
"3911395102900","09002","リウマチ科","3","","","","","","","","","","","","","","","","","","","","","","","","","","","","","","","","",""
"3911395102900","09003","リハビリテーション科","1","09:00","13:00","09:00","13:00","09:00","13:00","09:00","13:00","09:00","13:00","09:00","13:00","","","","","09:00","12:00","09:00","12:00","09:00","12:00","09:00","12:00","09:00","12:00","09:00","12:00","","","","",""
"3911395102900","09003","リハビリテーション科","2","14:00","18:00","14:00","18:00","14:00","18:00","14:00","18:00","14:00","18:00","","","","","","","14:00","17:00","14:00","17:00","14:00","17:00","14:00","17:00","14:00","17:00","","","","","","",""
"3911395102900","09003","リハビリテーション科","3","","","","","","","","","","","","","","","","","","","","","","","","","","","","","","","","",""
"3911395102900","09004","放射線科","1","09:00","13:00","09:00","13:00","09:00","13:00","09:00","13:00","09:00","13:00","09:00","13:00","","","","","09:00","12:00","09:00","12:00","09:00","12:00","09:00","12:00","09:00","12:00","09:00","12:00","","","","",""
"3911395102900","09004","放射線科","2","14:00","18:00","14:00","18:00","14:00","18:00","14:00","18:00","14:00","18:00","","","","","","","14:00","17:00","14:00","17:00","14:00","17:00","14:00","17:00","14:00","17:00","","","","","","",""
"3911395102900","09004","放射線科","3","","","","","","","","","","","","","","","","","","","","","","","","","","","","","","","","",""
"3911395102900","09011","麻酔科","1","09:00","13:00","09:00","13:00","09:00","13:00","09:00","13:00","09:00","13:00","09:00","13:00","","","","","09:00","12:00","09:00","12:00","09:00","12:00","09:00","12:00","09:00","12:00","09:00","12:00","","","","",""
"3911395102900","09011","麻酔科","2","14:00","18:00","14:00","18:00","14:00","18:00","14:00","18:00","14:00","18:00","","","","","","","14:00","17:00","14:00","17:00","14:00","17:00","14:00","17:00","14:00","17:00","","","","","","",""
"3911395102900","09011","麻酔科","3","","","","","","","","","","","","","","","","","","","","","","","","","","","","","","","","",""
"3911395103170","01001","内科","1","08:30","12:00","08:30","12:00","08:30","12:00","08:30","12:00","08:30","12:00","08:30","12:00","","","","","08:30","12:00","08:30","12:00","08:30","12:00","08:30","12:00","08:30","12:00","08:30","12:00","","","","",""
"3911395103170","01001","内科","2","13:30","17:00","13:30","17:00","13:30","17:00","13:30","17:00","13:30","17:00","","","","","","","13:30","17:00","13:30","17:00","13:30","17:00","13:30","17:00","13:30","17:00","","","","","","",""
"3911395103170","01001","内科","3","","","","","","","","","","","","","","","","","","","","","","","","","","","","","","","","",""
"3911395103170","01005","血液内科","1","","","","","08:30","12:00","","","08:30","12:00","08:30","12:00","","","","","","","","","08:30","12:00","","","08:30","12:00","08:30","12:00","","","","",""
"3911395103170","01005","血液内科","2","","","13:30","17:00","","","13:30","17:00","","","","","","","","","","","13:30","17:00","","","13:30","17:00","","","","","","","","",""
"3911395103170","01005","血液内科","3","","","","","","","","","","","","","","","","","","","","","","","","","","","","","","","","",""
"3911395103170","01006","糖尿病内科","1","08:30","12:00","08:30","12:00","08:30","12:00","08:30","12:00","08:30","12:00","08:30","12:00","","","","","08:30","12:00","08:30","12:00","08:30","12:00","08:30","12:00","08:30","12:00","08:30","12:00","","","","",""
"3911395103170","01006","糖尿病内科","2","13:30","17:00","13:30","17:00","","","","","13:30","17:00","","","","","","","13:30","17:00","13:30","17:00","","","","","13:30","17:00","","","","","","",""
"3911395103170","01006","糖尿病内科","3","","","","","","","","","","","","","","","","","","","","","","","","","","","","","","","","",""
"3911395103170","01013","脳神経内科","1","08:30","12:00","08:30","12:00","08:30","12:00","08:30","12:00","08:30","12:00","08:30","12:00","","","","","08:30","12:00","08:30","12:00","08:30","12:00","08:30","12:00","08:30","12:00","08:30","12:00","","","","",""
"3911395103170","01013","脳神経内科","2","13:30","17:00","13:30","17:00","","","13:30","17:00","","","","","","","","","13:30","17:00","13:30","17:00","","","13:30","17:00","","","","","","","","",""
"3911395103170","01013","脳神経内科","3","","","","","","","","","","","","","","","","","","","","","","","","","","","","","","","","",""
"3911395103170","01014","呼吸器内科","1","","","08:30","12:00","","","08:30","12:00","","","08:30","12:00","","","","","","","08:30","12:00","","","08:30","12:00","","","08:30","12:00","","","","",""
"3911395103170","01014","呼吸器内科","2","13:30","17:00","","","13:30","17:00","","","","","","","","","","","13:30","17:00","","","13:30","17:00","","","","","","","","","","",""
"3911395103170","01014","呼吸器内科","3","","","","","","","","","","","","","","","","","","","","","","","","","","","","","","","","",""
"3911395103170","01017","循環器内科","1","","","","","","","","","","","","","","","","","","","","","","","","","","","","","","","","",""
"3911395103170","01017","循環器内科","2","","","","","13:30","17:00","","","","","","","","","","","","","","","13:30","17:00","","","","","","","","","","",""
"3911395103170","01017","循環器内科","3","","","","","","","","","","","","","","","","","","","","","","","","","","","","","","","","",""
"3911395103170","01020","消化器内科","1","","","","","08:30","12:00","08:30","12:00","","","","","","","","","","","","","08:30","12:00","08:30","12:00","","","","","","","","",""
"3911395103170","01020","消化器内科","2","","","","","","","","","13:30","17:00","","","","","","","","","","","","","","","13:30","17:00","","","","","","",""
"3911395103170","01020","消化器内科","3","","","","","","","","","","","","","","","","","","","","","","","","","","","","","","","","",""
"3911395103170","01023","人工透析内科","1","08:30","12:00","08:30","12:00","","","","","08:30","12:00","","","","","","","08:30","12:00","08:30","12:00","","","","","08:30","12:00","","","","","","",""
"3911395103170","01023","人工透析内科","2","13:30","16:00","13:30","16:00","13:30","17:00","13:30","17:00","13:30","17:00","","","","","","","13:30","16:00","13:30","16:00","13:30","17:00","13:30","17:00","13:30","17:00","","","","","","",""
"3911395103170","01023","人工透析内科","3","","","","","","","","","","","","","","","","","","","","","","","","","","","","","","","","",""
"3911395103170","02001","外科","1","08:30","12:00","08:30","12:00","08:30","12:00","08:30","12:00","08:30","12:00","08:30","12:00","","","","","08:30","12:00","08:30","12:00","08:30","12:00","08:30","12:00","08:30","12:00","08:30","12:00","","","","",""
"3911395103170","02001","外科","2","13:30","17:00","13:30","17:00","13:30","17:00","13:30","17:00","13:30","17:00","","","","","","","13:30","17:00","13:30","17:00","13:30","17:00","13:30","17:00","13:30","17:00","","","","","","",""
"3911395103170","02001","外科","3","","","","","","","","","","","","","","","","","","","","","","","","","","","","","","","","",""
"3911395103170","02012","消化器外科","1","08:30","12:00","","","","","08:30","12:00","","","08:30","12:00","","","","","08:30","12:00","","","","","08:30","12:00","","","08:30","12:00","","","","",""
"3911395103170","02012","消化器外科","2","","","13:30","17:00","13:30","17:00","13:30","17:00","","","","","","","","","","","13:30","17:00","13:30","17:00","13:30","17:00","","","","","","","","",""
"3911395103170","02012","消化器外科","3","","","","","","","","","","","","","","","","","","","","","","","","","","","","","","","","",""
"3911395103170","02025","肛門外科","1","","","08:30","12:00","08:30","12:00","","","08:30","12:00","08:30","12:00","","","","","","","08:30","12:00","08:30","12:00","","","08:30","12:00","08:30","12:00","","","","",""
"3911395103170","02025","肛門外科","2","13:30","17:00","","","","","","","13:30","17:00","","","","","","","13:30","17:00","","","","","","","13:30","17:00","","","","","","",""
"3911395103170","02025","肛門外科","3","","","","","","","","","","","","","","","","","","","","","","","","","","","","","","","","",""
"3911395103170","02035","整形外科","1","08:30","12:00","08:30","12:00","08:30","12:00","08:30","12:00","08:30","12:00","","","","","","","08:30","12:00","08:30","12:00","08:30","12:00","08:30","12:00","08:30","12:00","","","","","","",""
"3911395103170","02035","整形外科","2","","","13:30","17:00","","","","","","","","","","","","","","","13:30","16:10","","","","","","","","","","","","",""
"3911395103170","02035","整形外科","3","","","","","","","","","","","","","","","","","","","","","","","","","","","","","","","","",""
"3911395103170","06001","皮膚科","1","08:30","12:00","08:30","12:00","08:30","12:00","08:30","12:00","08:30","12:00","08:30","12:00","","","","","08:30","12:00","08:30","12:00","08:30","12:00","08:30","12:00","08:30","12:00","08:30","11:00","","","","",""
"3911395103170","06001","皮膚科","2","","","13:30","17:00","13:30","17:00","13:30","17:00","13:30","17:00","","","","","","","","","13:30","16:30","13:30","16:30","13:30","16:30","13:30","16:30","","","","","","",""
"3911395103170","06001","皮膚科","3","","","","","","","","","","","","","","","","","","","","","","","","","","","","","","","","",""
"3911395103170","06002","美容皮膚科","1","","","08:30","12:00","08:30","12:00","","","","","","","","","","","","","08:30","12:00","08:30","12:00","","","","","","","","","","",""
"3911395103170","06002","美容皮膚科","2","13:30","17:00","","","","","13:30","17:00","","","","","","","","","13:30","17:00","","","","","13:30","17:00","","","","","","","","",""
"3911395103170","06002","美容皮膚科","3","","","","","","","","","","","","","","","","","","","","","","","","","","","","","","","","",""
"3911395103170","09002","リウマチ科","1","","","","","","","","","08:30","12:00","08:30","12:00","","","","","","","","","","","","","08:30","12:00","08:30","12:00","","","","",""
"3911395103170","09002","リウマチ科","2","13:30","17:00","","","13:30","17:00","13:30","17:00","13:30","17:00","","","","","","","13:30","17:00","","","13:30","17:00","13:30","17:00","13:30","17:00","","","","","","",""
"3911395103170","09002","リウマチ科","3","","","","","","","","","","","","","","","","","","","","","","","","","","","","","","","","",""
"3911395103170","09003","リハビリテーション科","1","08:30","12:00","08:30","12:00","08:30","12:00","08:30","12:00","08:30","12:00","","","","","","","08:30","12:00","08:30","12:00","08:30","12:00","08:30","12:00","08:30","12:00","","","","","","",""
"3911395103170","09003","リハビリテーション科","2","","","","","","","","","","","","","","","","","","","","","","","","","","","","","","","","",""
"3911395103170","09003","リハビリテーション科","3","","","","","","","","","","","","","","","","","","","","","","","","","","","","","","","","",""
"3911395103200","01001","内科","1","09:00","12:30","09:00","12:30","09:00","12:30","09:00","12:30","09:00","12:30","09:00","12:30","","","","","08:30","12:00","08:30","12:00","08:30","12:00","08:30","12:00","08:30","12:00","08:30","12:00","","","","",""
"3911395103200","01001","内科","2","13:30","17:30","13:30","17:30","","","13:30","17:30","13:30","17:30","","","","","","","13:00","17:00","13:00","17:00","","","13:00","17:00","13:00","17:00","","","","","","",""
"3911395103200","01001","内科","3","","","","","","","","","","","","","","","","","","","","","","","","","","","","","","","","",""
"3911395103200","01014","呼吸器内科","1","","","","","","","","","","","","","","","","","","","","","","","","","","","","","","","","",""
"3911395103200","01014","呼吸器内科","2","","","","","","","","","","","","","","","","","","","","","","","","","","","","","","","","",""
"3911395103200","01014","呼吸器内科","3","","","","","","","","","","","","","","","","","","","","","","","","","","","","","","","","",""
"3911395103200","01017","循環器内科","1","","","","","","","","","","","","","","","","","","","","","","","","","","","","","","","","",""
"3911395103200","01017","循環器内科","2","","","","","","","","","","","","","","","","","","","","","","","","","","","","","","","","",""
"3911395103200","01017","循環器内科","3","","","","","","","","","","","","","","","","","","","","","","","","","","","","","","","","",""
"3911395103200","01020","消化器内科","1","","","","","","","","","","","","","","","","","","","","","","","","","","","","","","","","",""
"3911395103200","01020","消化器内科","2","","","","","","","","","","","","","","","","","","","","","","","","","","","","","","","","",""
"3911395103200","01020","消化器内科","3","","","","","","","","","","","","","","","","","","","","","","","","","","","","","","","","",""
"3911395103200","02001","外科","1","09:00","12:30","09:00","12:30","09:00","12:30","","","09:00","12:30","09:00","12:30","","","","","08:30","12:00","08:30","12:00","08:30","12:00","","","08:30","12:00","08:30","12:00","","","","",""
"3911395103200","02001","外科","2","13:30","17:30","13:30","17:30","","","","","13:30","17:30","","","","","","","13:00","17:00","13:00","17:00","","","","","13:00","17:00","","","","","","",""
"3911395103200","02001","外科","3","","","","","","","","","","","","","","","","","","","","","","","","","","","","","","","","",""
"3911395103200","05001","眼科","1","09:00","12:30","09:00","12:30","09:00","12:30","09:00","12:30","09:00","12:30","09:00","12:30","","","","","08:30","12:00","08:30","12:00","08:30","12:00","08:30","12:00","08:30","12:00","08:30","12:00","","","","",""
"3911395103200","05001","眼科","2","13:30","17:30","13:30","17:30","","","13:30","17:30","13:30","17:30","","","","","","","13:00","17:00","13:00","17:00","","","13:00","17:00","13:00","17:00","","","","","","",""
"3911395103200","05001","眼科","3","","","","","","","","","","","","","","","","","","","","","","","","","","","","","","","","",""
"3911395103200","09003","リハビリテーション科","1","09:00","12:30","09:00","12:30","09:00","12:30","09:00","12:30","09:00","12:30","","","","","","","08:30","12:00","08:30","12:00","08:30","12:00","08:30","12:00","08:30","12:00","","","","","","",""
"3911395103200","09003","リハビリテーション科","2","13:30","17:30","13:30","17:30","","","13:30","17:30","13:30","17:30","","","","","","","13:00","17:00","13:00","17:00","","","13:00","17:00","13:00","17:00","","","","","","",""
"3911395103200","09003","リハビリテーション科","3","","","","","","","","","","","","","","","","","","","","","","","","","","","","","","","","",""
"3911395103200","09004","放射線科","1","09:00","12:30","09:00","12:30","09:00","12:30","09:00","12:30","09:00","12:30","09:00","12:30","","","","","08:30","12:00","08:30","12:00","08:30","12:00","08:30","12:00","08:30","12:00","08:30","12:00","","","","",""
"3911395103200","09004","放射線科","2","13:30","17:30","13:30","17:30","","","13:30","17:30","13:30","17:30","","","","","","","13:00","17:00","13:00","17:00","","","13:00","17:00","13:00","17:00","","","","","","",""
"3911395103200","09004","放射線科","3","","","","","","","","","","","","","","","","","","","","","","","","","","","","","","","","",""
"3911395103330","01001","内科","1","09:00","13:00","09:00","13:00","09:00","13:00","09:00","13:00","09:00","13:00","09:00","13:00","","","","","09:00","12:00","09:00","12:00","09:00","12:00","09:00","12:00","09:00","12:00","09:00","12:00","","","","",""
"3911395103330","01001","内科","2","14:00","18:00","14:00","18:00","14:00","18:00","14:00","18:00","14:00","18:00","","","","","","","14:00","18:00","14:00","18:00","14:00","18:00","14:00","18:00","14:00","18:00","","","","","","",""
"3911395103330","01001","内科","3","","","","","","","","","","","","","","","","","","","","","","","","","","","","","","","","",""
"3911395103330","01017","循環器内科","1","","","","","","","","","","","","","","","","","","","","","","","","","","","","","","","","",""
"3911395103330","01017","循環器内科","2","","","","","","","14:00","18:00","","","","","","","","","","","","","","","14:00","18:00","","","","","","","","",""
"3911395103330","01017","循環器内科","3","","","","","","","","","","","","","","","","","","","","","","","","","","","","","","","","",""
"3911395103330","01021","胃腸内科","1","","","","","","","09:00","13:00","","","","","","","","","","","","","","","09:00","12:00","","","","","","","","",""
"3911395103330","01021","胃腸内科","2","","","","","","","","","","","","","","","","","","","","","","","","","","","","","","","","",""
"3911395103330","01021","胃腸内科","3","","","","","","","","","","","","","","","","","","","","","","","","","","","","","","","","",""
"3911395103330","02001","外科","1","09:00","13:00","09:00","13:00","09:00","13:00","09:00","13:00","09:00","13:00","09:00","13:00","","","","","09:00","12:00","09:00","12:00","09:00","12:00","09:00","12:00","09:00","12:00","09:00","12:00","","","","",""
"3911395103330","02001","外科","2","14:00","18:00","14:00","18:00","14:00","18:00","14:00","18:00","14:00","18:00","","","","","","","14:00","18:00","14:00","18:00","14:00","18:00","14:00","18:00","14:00","18:00","","","","","","",""
"3911395103330","02001","外科","3","","","","","","","","","","","","","","","","","","","","","","","","","","","","","","","","",""
"3911395103330","02035","整形外科","1","09:00","13:00","09:00","13:00","09:00","13:00","09:00","13:00","09:00","13:00","09:00","13:00","","","","","09:00","12:00","09:00","12:00","09:00","12:00","09:00","12:00","09:00","12:00","09:00","12:00","","","","",""
"3911395103330","02035","整形外科","2","14:00","18:00","14:00","18:00","14:00","18:00","14:00","18:00","14:00","18:00","","","","","","","14:00","18:00","14:00","18:00","14:00","18:00","14:00","18:00","14:00","18:00","","","","","","",""
"3911395103330","02035","整形外科","3","","","","","","","","","","","","","","","","","","","","","","","","","","","","","","","","",""
"3911395103330","05001","眼科","1","09:00","13:00","09:00","13:00","09:00","13:00","09:00","13:00","09:00","13:00","09:00","13:00","","","","","09:00","12:00","09:00","12:00","09:00","12:00","09:00","12:00","09:00","12:00","09:00","12:00","","","","",""
"3911395103330","05001","眼科","2","14:00","17:00","","","","","14:00","17:00","14:00","17:00","","","","","","","14:00","17:00","","","","","14:00","17:00","14:00","17:00","","","","","","",""
"3911395103330","05001","眼科","3","","","","","","","","","","","","","","","","","","","","","","","","","","","","","","","","",""
"3911395103330","06001","皮膚科","1","","","14:00","17:00","","","","","","","","","","","","","","","14:00","17:00","","","","","","","","","","","","",""
"3911395103330","06001","皮膚科","2","","","","","","","","","","","","","","","","","","","","","","","","","","","","","","","","",""
"3911395103330","06001","皮膚科","3","","","","","","","","","","","","","","","","","","","","","","","","","","","","","","","","",""
"3911395103330","07001","精神科","1","","","","","","","","","","","","","","","","","","","","","","","","","","","","","","","","",""
"3911395103330","07001","精神科","2","","","","","","","","","","","","","","","","","","","","","","","","","","","","","","","","",""
"3911395103330","07001","精神科","3","","","","","","","","","","","","","","","","","","","","","","","","","","","","","","","","",""
"3911395103330","09002","リウマチ科","1","09:00","13:00","","","","","","","09:00","13:00","09:00","13:00","","","","","09:00","12:00","","","","","","","09:00","12:00","09:00","12:00","","","","",""
"3911395103330","09002","リウマチ科","2","14:00","18:00","","","","","","","14:00","18:00","","","","","","","14:00","18:00","","","","","","","14:00","18:00","","","","","","",""
"3911395103330","09002","リウマチ科","3","","","","","","","","","","","","","","","","","","","","","","","","","","","","","","","","",""
"3911395103330","09003","リハビリテーション科","1","09:00","13:00","09:00","13:00","09:00","13:00","09:00","13:00","09:00","13:00","09:00","13:00","","","","","09:00","12:00","09:00","12:00","09:00","12:00","09:00","12:00","09:00","12:00","09:00","12:00","","","","",""
"3911395103330","09003","リハビリテーション科","2","14:00","18:00","14:00","18:00","14:00","18:00","14:00","18:00","14:00","18:00","","","","","","","14:00","18:00","14:00","18:00","14:00","18:00","14:00","18:00","14:00","18:00","","","","","","",""
"3911395103330","09003","リハビリテーション科","3","","","","","","","","","","","","","","","","","","","","","","","","","","","","","","","","",""
"3911395103330","09004","放射線科","1","","","","","","","","","","","","","","","","","","","","","","","","","","","","","","","","",""
"3911395103330","09004","放射線科","2","","","","","","","","","","","","","","","","","","","","","","","","","","","","","","","","",""
"3911395103330","09004","放射線科","3","","","","","","","","","","","","","","","","","","","","","","","","","","","","","","","","",""
"3911395103330","09011","麻酔科","1","","","","","","","","","","","","","","","","","","","","","","","","","","","","","","","","",""
"3911395103330","09011","麻酔科","2","","","","","","","","","","","","","","","","","","","","","","","","","","","","","","","","",""
"3911395103330","09011","麻酔科","3","","","","","","","","","","","","","","","","","","","","","","","","","","","","","","","","",""
"3911395103460","01001","内科","1","09:00","12:00","09:00","12:00","09:00","12:00","09:00","12:00","09:00","12:00","","","","","","","07:45","11:30","07:45","11:30","07:45","11:30","07:45","11:30","07:45","11:30","","","","","","",""
"3911395103460","01001","内科","2","13:30","17:00","13:30","17:00","13:30","17:00","13:30","17:00","13:30","17:00","","","","","","","12:30","16:30","12:30","16:30","12:30","16:30","12:30","16:30","12:30","16:30","","","","","","",""
"3911395103460","01001","内科","3","","","","","","","","","","","","","","","","","","","","","","","","","","","","","","","","",""
"3911395103460","01002","感染症内科","1","","","","","","","","","09:00","12:00","","","","","","","","","","","","","","","08:00","11:30","","","","","","",""
"3911395103460","01002","感染症内科","2","","","13:30","17:00","","","13:30","17:00","","","","","","","","","","","12:30","16:30","","","12:30","16:30","","","","","","","","",""
"3911395103460","01002","感染症内科","3","","","","","","","","","","","","","","","","","","","","","","","","","","","","","","","","",""
"3911395103460","01005","血液内科","1","09:00","12:00","09:00","12:00","","","09:00","12:00","09:00","12:00","","","","","","","08:00","11:30","08:00","11:30","","","08:00","11:30","08:00","11:30","","","","","","",""
"3911395103460","01005","血液内科","2","","","13:30","17:00","","","","","13:30","17:00","","","","","","","","","12:30","16:30","","","","","12:30","16:30","","","","","","",""
"3911395103460","01005","血液内科","3","","","","","","","","","","","","","","","","","","","","","","","","","","","","","","","","",""
"3911395103460","01006","糖尿病内科","1","09:00","12:00","09:00","12:00","09:00","12:00","09:00","12:00","09:00","12:00","","","","","","","08:00","11:30","08:00","11:30","08:00","11:30","08:00","11:30","08:00","11:30","","","","","","",""
"3911395103460","01006","糖尿病内科","2","13:30","17:00","13:30","17:00","13:30","17:00","13:30","17:00","13:30","17:00","","","","","","","12:30","16:30","12:30","16:30","12:30","16:30","12:30","16:30","12:30","16:30","","","","","","",""
"3911395103460","01006","糖尿病内科","3","","","","","","","","","","","","","","","","","","","","","","","","","","","","","","","","",""
"3911395103460","01007","代謝内科","1","09:00","12:00","09:00","12:00","09:00","12:00","09:00","12:00","09:00","12:00","","","","","","","08:00","11:30","08:00","11:30","08:00","11:30","08:00","11:30","08:00","11:30","","","","","","",""
"3911395103460","01007","代謝内科","2","13:30","17:00","13:30","17:00","13:30","17:00","13:30","17:00","13:30","17:00","","","","","","","12:30","16:30","12:30","16:30","12:30","16:30","12:30","16:30","12:30","16:30","","","","","","",""
"3911395103460","01007","代謝内科","3","","","","","","","","","","","","","","","","","","","","","","","","","","","","","","","","",""
"3911395103460","01008","内分泌内科","1","09:00","12:00","09:00","12:00","09:00","12:00","09:00","12:00","09:00","12:00","","","","","","","08:00","11:30","08:00","11:30","08:00","11:30","08:00","11:30","08:00","11:30","","","","","","",""
"3911395103460","01008","内分泌内科","2","13:30","17:00","13:30","17:00","13:30","17:00","13:30","17:00","13:30","17:00","","","","","","","12:30","16:30","12:30","16:30","12:30","16:30","12:30","16:30","12:30","16:30","","","","","","",""
"3911395103460","01008","内分泌内科","3","","","","","","","","","","","","","","","","","","","","","","","","","","","","","","","","",""
"3911395103460","01013","脳神経内科","1","09:00","12:00","09:00","12:00","09:00","12:00","09:00","12:00","09:00","12:00","","","","","","","08:00","11:30","08:00","11:30","08:00","11:30","08:00","11:30","08:00","11:30","","","","","","",""
"3911395103460","01013","脳神経内科","2","13:30","17:00","","","","","","","","","","","","","","","12:30","16:30","","","","","","","","","","","","","","",""
"3911395103460","01013","脳神経内科","3","","","","","","","","","","","","","","","","","","","","","","","","","","","","","","","","",""
"3911395103460","01014","呼吸器内科","1","","","09:00","12:00","09:00","12:00","","","09:00","12:00","","","","","","","","","08:00","11:30","08:00","11:30","","","08:00","11:30","","","","","","",""
"3911395103460","01014","呼吸器内科","2","","","13:30","17:00","","","","","13:30","17:00","","","","","","","","","13:30","16:30","","","","","12:30","16:30","","","","","","",""
"3911395103460","01014","呼吸器内科","3","","","","","","","","","","","","","","","","","","","","","","","","","","","","","","","","",""
"3911395103460","01017","循環器内科","1","09:00","12:00","09:00","12:00","09:00","12:00","09:00","12:00","09:00","12:00","","","","","","","08:00","11:30","08:00","11:30","08:00","11:30","08:00","11:30","08:00","11:30","","","","","","",""
"3911395103460","01017","循環器内科","2","13:30","17:00","13:30","17:00","13:30","17:00","13:30","17:00","13:30","17:00","","","","","","","12:30","16:30","12:30","16:30","12:30","16:30","12:30","16:30","12:30","16:30","","","","","","",""
"3911395103460","01017","循環器内科","3","","","","","","","","","","","","","","","","","","","","","","","","","","","","","","","","",""
"3911395103460","01020","消化器内科","1","09:00","12:00","09:00","12:00","09:00","12:00","09:00","12:00","09:00","12:00","","","","","","","08:00","11:30","08:00","11:30","08:00","11:30","08:00","11:30","08:00","11:30","","","","","","",""
"3911395103460","01020","消化器内科","2","13:30","17:00","13:30","17:00","13:30","17:00","13:30","17:00","13:30","17:00","","","","","","","12:30","16:30","12:30","16:30","12:30","16:30","12:30","16:30","12:30","16:30","","","","","","",""
"3911395103460","01020","消化器内科","3","","","","","","","","","","","","","","","","","","","","","","","","","","","","","","","","",""
"3911395103460","01022","腎臓内科","1","","","09:00","11:30","","","","","","","","","","","","","","","08:00","11:30","","","","","","","","","","","","",""
"3911395103460","01022","腎臓内科","2","","","13:30","17:00","","","13:30","15:30","","","","","","","","","","","12:30","16:30","","","12:30","15:00","","","","","","","","",""
"3911395103460","01022","腎臓内科","3","","","","","","","","","","","","","","","","","","","","","","","","","","","","","","","","",""
"3911395103460","01023","人工透析内科","1","09:00","12:00","09:00","12:00","09:00","12:00","09:00","12:00","09:00","12:00","","","","","","","08:00","11:30","08:00","11:30","08:00","11:30","08:00","11:30","08:00","11:30","","","","","","",""
"3911395103460","01023","人工透析内科","2","13:30","17:00","13:30","17:00","13:30","17:00","13:30","17:00","13:30","17:00","","","","","","","12:30","16:30","12:30","16:30","12:30","16:30","12:30","16:30","12:30","16:30","","","","","","",""
"3911395103460","01023","人工透析内科","3","","","","","","","","","","","","","","","","","","","","","","","","","","","","","","","","",""
"3911395103460","02001","外科","1","09:00","12:00","09:00","12:00","09:00","12:00","09:00","12:00","09:00","12:00","","","","","","","08:00","11:30","08:00","11:30","08:00","11:30","08:00","11:30","08:00","11:30","","","","","","",""
"3911395103460","02001","外科","2","13:30","17:00","13:30","17:00","13:30","17:00","13:30","17:00","13:30","17:00","","","","","","","12:30","16:30","12:30","16:30","12:30","16:30","12:30","16:30","12:30","16:30","","","","","","",""
"3911395103460","02001","外科","3","","","","","","","","","","","","","","","","","","","","","","","","","","","","","","","","",""
"3911395103460","02002","脳神経外科","1","09:00","12:00","09:00","12:00","09:00","12:00","09:00","12:00","09:00","12:00","","","","","","","08:00","11:30","08:00","11:30","08:00","11:30","08:00","11:30","08:00","11:30","","","","","","",""
"3911395103460","02002","脳神経外科","2","","","","","","","","","","","","","","","","","","","","","","","","","","","","","","","","",""
"3911395103460","02002","脳神経外科","3","","","","","","","","","","","","","","","","","","","","","","","","","","","","","","","","",""
"3911395103460","02005","呼吸器外科","1","09:00","12:00","","","","","09:00","12:00","","","","","","","","","08:00","11:30","","","","","08:00","11:30","","","","","","","","",""
"3911395103460","02005","呼吸器外科","2","","","","","","","","","","","","","","","","","","","","","","","","","","","","","","","","",""
"3911395103460","02005","呼吸器外科","3","","","","","","","","","","","","","","","","","","","","","","","","","","","","","","","","",""
"3911395103460","02011","心臓血管外科","1","11:00","12:00","09:00","12:00","","","","","09:00","12:00","","","","","","","08:00","11:30","08:00","11:30","","","","","08:00","11:30","","","","","","",""
"3911395103460","02011","心臓血管外科","2","13:30","16:00","13:30","16:00","","","","","13:30","16:00","","","","","","","12:30","15:30","12:30","15:30","","","","","12:30","15:30","","","","","","",""
"3911395103460","02011","心臓血管外科","3","","","","","","","","","","","","","","","","","","","","","","","","","","","","","","","","",""
"3911395103460","02012","消化器外科","1","09:00","12:00","09:00","12:00","09:00","12:00","09:00","12:00","09:00","12:00","","","","","","","08:00","11:30","08:00","11:30","08:00","11:30","08:00","11:30","08:00","11:30","","","","","","",""
"3911395103460","02012","消化器外科","2","13:30","17:00","13:30","17:00","13:30","17:00","","","13:30","17:00","","","","","","","12:30","16:30","12:30","16:30","12:30","16:30","","","12:30","16:30","","","","","","",""
"3911395103460","02012","消化器外科","3","","","","","","","","","","","","","","","","","","","","","","","","","","","","","","","","",""
"3911395103460","02022","乳腺外科","1","09:00","12:00","","","09:00","12:00","","","09:00","12:00","","","","","","","08:00","11:30","","","08:00","11:30","","","08:00","11:30","","","","","","",""
"3911395103460","02022","乳腺外科","2","13:30","17:00","","","","","","","13:30","17:00","","","","","","","12:30","16:30","","","","","","","12:30","16:30","","","","","","",""
"3911395103460","02022","乳腺外科","3","","","","","","","","","","","","","","","","","","","","","","","","","","","","","","","","",""
"3911395103460","02035","整形外科","1","09:00","12:00","09:00","12:00","09:00","12:00","09:00","12:00","09:00","12:00","","","","","","","08:00","11:30","08:00","11:30","08:00","11:30","08:00","11:30","08:00","11:30","","","","","","",""
"3911395103460","02035","整形外科","2","","","","","13:30","17:00","","","","","","","","","","","","","","","13:30","17:00","","","","","","","","","","",""
"3911395103460","02035","整形外科","3","","","","","","","","","","","","","","","","","","","","","","","","","","","","","","","","",""
"3911395103460","02036","形成外科","1","09:00","12:00","","","","","09:00","12:00","09:00","12:00","","","","","","","08:00","11:30","","","","","08:00","11:30","08:00","11:30","","","","","","",""
"3911395103460","02036","形成外科","2","","","","","","","","","","","","","","","","","","","","","","","","","","","","","","","","",""
"3911395103460","02036","形成外科","3","","","","","","","","","","","","","","","","","","","","","","","","","","","","","","","","",""
"3911395103460","03006","小児外科","1","09:00","12:00","09:00","12:00","09:00","12:00","09:00","12:00","09:00","12:00","","","","","","","08:00","11:30","08:00","11:30","08:00","11:30","08:00","11:30","08:00","11:30","","","","","","",""
"3911395103460","03006","小児外科","2","13:30","17:00","13:30","17:00","13:30","17:00","13:30","17:00","13:30","17:00","","","","","","","12:30","16:30","12:30","16:30","12:30","16:30","12:30","16:30","12:30","16:30","","","","","","",""
"3911395103460","03006","小児外科","3","","","","","","","","","","","","","","","","","","","","","","","","","","","","","","","","",""
"3911395103460","06001","皮膚科","1","09:00","12:00","09:00","12:00","09:00","12:00","09:00","12:00","09:00","12:00","","","","","","","08:00","11:30","08:00","11:30","08:00","11:30","08:00","11:30","08:00","11:30","","","","","","",""
"3911395103460","06001","皮膚科","2","13:30","17:00","","","13:30","17:00","13:30","17:00","","","","","","","","","12:30","16:30","","","12:30","16:30","12:30","16:30","","","","","","","","",""
"3911395103460","06001","皮膚科","3","","","","","","","","","","","","","","","","","","","","","","","","","","","","","","","","",""
"3911395103460","06004","泌尿器科","1","09:00","12:00","09:00","12:00","09:00","12:00","09:00","12:00","09:00","12:00","","","","","","","08:00","11:30","08:00","11:30","08:00","11:30","08:00","11:30","08:00","11:30","","","","","","",""
"3911395103460","06004","泌尿器科","2","13:30","17:00","","","","","13:30","17:00","14:00","17:00","","","","","","","12:30","16:30","","","","","12:30","16:30","12:30","15:30","","","","","","",""
"3911395103460","06004","泌尿器科","3","","","","","","","","","","","","","","","","","","","","","","","","","","","","","","","","",""
"3911395103460","07001","精神科","1","09:00","12:00","09:00","12:00","09:00","12:00","09:00","12:00","09:00","12:00","","","","","","","08:00","11:30","08:00","11:30","08:00","11:30","08:00","11:30","08:00","11:30","","","","","","",""
"3911395103460","07001","精神科","2","13:30","17:00","13:30","17:00","13:30","17:00","13:30","17:00","13:30","17:00","","","","","","","12:30","16:30","12:30","16:30","12:30","16:30","12:30","16:30","12:30","16:30","","","","","","",""
"3911395103460","07001","精神科","3","","","","","","","","","","","","","","","","","","","","","","","","","","","","","","","","",""
"3911395103460","07003","心療内科","1","","","","","","","","","","","","","","","","","","","","","","","","","","","","","","","","",""
"3911395103460","07003","心療内科","2","","","","","","","","","","","","","","","","","","","","","","","","","","","","","","","","",""
"3911395103460","07003","心療内科","3","","","","","","","","","","","","","","","","","","","","","","","","","","","","","","","","",""
"3911395103460","08001","歯科","1","","","","","","","","","","","","","","","","","","","","","","","","","","","","","","","","",""
"3911395103460","08001","歯科","2","","","","","","","","","","","","","","","","","","","","","","","","","","","","","","","","",""
"3911395103460","08001","歯科","3","","","","","","","","","","","","","","","","","","","","","","","","","","","","","","","","",""
"3911395103460","09002","リウマチ科","1","09:00","12:00","09:00","12:00","09:00","12:00","09:00","12:00","09:00","12:00","","","","","","","08:00","11:30","08:00","11:30","08:00","11:30","08:00","11:30","08:00","11:30","","","","","","",""
"3911395103460","09002","リウマチ科","2","13:30","17:00","13:30","17:00","","","13:30","17:00","13:30","17:00","","","","","","","12:30","16:30","12:30","16:30","","","12:30","16:30","12:30","16:30","","","","","","",""
"3911395103460","09002","リウマチ科","3","","","","","","","","","","","","","","","","","","","","","","","","","","","","","","","","",""
"3911395103460","09003","リハビリテーション科","1","","","","","","","","","","","","","","","","","","","","","","","","","","","","","","","","",""
"3911395103460","09003","リハビリテーション科","2","","","","","","","","","","","","","","","","","","","","","","","","","","","","","","","","",""
"3911395103460","09003","リハビリテーション科","3","","","","","","","","","","","","","","","","","","","","","","","","","","","","","","","","",""
"3911395103460","09004","放射線科","1","09:00","12:00","09:00","12:00","09:00","12:00","09:00","12:00","09:00","12:00","","","","","","","08:00","11:30","08:00","11:30","08:00","11:30","08:00","11:30","08:00","11:30","","","","","","",""
"3911395103460","09004","放射線科","2","","","","","","","","","","","","","","","","","","","","","","","","","","","","","","","","",""
"3911395103460","09004","放射線科","3","","","","","","","","","","","","","","","","","","","","","","","","","","","","","","","","",""
"3911395103460","09008","病理診断科","1","","","","","","","","","","","","","","","","","","","","","","","","","","","","","","","","",""
"3911395103460","09008","病理診断科","2","","","","","","","","","","","","","","","","","","","","","","","","","","","","","","","","",""
"3911395103460","09008","病理診断科","3","","","","","","","","","","","","","","","","","","","","","","","","","","","","","","","","",""
"3911395103460","09010","救急科","1","","","","","","","","","","","","","","","","","","","","","","","","","","","","","","","","",""
"3911395103460","09010","救急科","2","","","","","","","","","","","","","","","","","","","","","","","","","","","","","","","","",""
"3911395103460","09010","救急科","3","00:00","23:59","00:00","23:59","00:00","23:59","00:00","23:59","00:00","23:59","00:00","23:59","00:00","23:59","00:00","23:59","00:00","23:59","00:00","23:59","00:00","23:59","00:00","23:59","00:00","23:59","00:00","23:59","00:00","23:59","00:00","23:59",""
"3911395103460","09011","麻酔科","1","","","","","","","","","","","","","","","","","","","","","","","","","","","","","","","","",""
"3911395103460","09011","麻酔科","2","","","","","","","","","","","","","","","","","","","","","","","","","","","","","","","","",""
"3911395103460","09011","麻酔科","3","","","","","","","","","","","","","","","","","","","","","","","","","","","","","","","","",""
"3911395103590","01001","内科","1","09:00","12:00","09:00","12:00","09:00","12:00","09:00","12:00","09:00","12:00","09:00","13:00","","","","","09:00","11:30","09:00","11:30","09:00","11:30","09:00","11:30","09:00","11:30","09:00","12:00","","","","",""
"3911395103590","01001","内科","2","14:00","17:30","14:00","17:30","14:00","17:30","14:00","17:30","14:00","17:30","","","","","","","14:00","17:00","14:00","17:00","14:00","17:00","14:00","17:00","14:00","17:00","","","","","","",""
"3911395103590","01001","内科","3","","","","","","","","","","","","","","","","","","","","","","","","","","","","","","","","",""
"3911395103590","01014","呼吸器内科","1","","","","","","","09:00","12:00","","","","","","","","","","","","","","","09:00","11:30","","","","","","","","",""
"3911395103590","01014","呼吸器内科","2","","","","","","","","","","","","","","","","","","","","","","","","","","","","","","","","",""
"3911395103590","01014","呼吸器内科","3","","","","","","","","","","","","","","","","","","","","","","","","","","","","","","","","",""
"3911395103590","01017","循環器内科","1","","","","","","","","","","","","","","","","","","","","","","","","","","","","","","","","",""
"3911395103590","01017","循環器内科","2","","","","","","","","","","","","","","","","","","","","","","","","","","","","","","","","",""
"3911395103590","01017","循環器内科","3","","","","","","","","","","","","","","","","","","","","","","","","","","","","","","","","",""
"3911395103590","01020","消化器内科","1","09:00","12:00","","","09:00","12:00","","","09:00","12:00","","","","","","","09:00","11:30","","","09:00","11:30","","","09:00","11:30","","","","","","",""
"3911395103590","01020","消化器内科","2","14:00","17:30","","","","","","","14:00","17:30","","","","","","","14:00","17:00","","","","","","","14:00","17:00","","","","","","",""
"3911395103590","01020","消化器内科","3","","","","","","","","","","","","","","","","","","","","","","","","","","","","","","","","",""
"3911395103590","09003","リハビリテーション科","1","","","","","","","","","","","","","","","","","","","","","","","","","","","","","","","","",""
"3911395103590","09003","リハビリテーション科","2","","","","","","","","","","","","","","","","","","","","","","","","","","","","","","","","",""
"3911395103590","09003","リハビリテーション科","3","","","","","","","","","","","","","","","","","","","","","","","","","","","","","","","","",""
"3911395103590","09004","放射線科","1","","","","","","","","","","","","","","","","","","","","","","","","","","","","","","","","",""
"3911395103590","09004","放射線科","2","","","","","","","","","","","","","","","","","","","","","","","","","","","","","","","","",""
"3911395103590","09004","放射線科","3","","","","","","","","","","","","","","","","","","","","","","","","","","","","","","","","",""
"3911395103750","01001","内科","1","08:30","12:00","08:30","12:00","08:30","12:00","08:30","12:00","08:30","12:00","08:30","12:00","","","","","08:30","12:00","08:30","12:00","08:30","12:00","08:30","12:00","08:30","12:00","08:30","12:00","","","","",""
"3911395103750","01001","内科","2","13:30","17:00","13:30","17:00","13:30","17:00","13:30","17:00","13:30","17:00","","","","","","","13:30","16:30","13:30","16:30","13:30","16:30","13:30","16:30","13:30","16:30","","","","","","",""
"3911395103750","01001","内科","3","","","","","","","","","","","","","","","","","","","","","","","","","","","","","","","","",""
"3911395103750","01013","脳神経内科","1","08:30","12:00","","","","","","","","","08:30","12:00","","","","","08:30","12:00","","","","","","","","","08:30","12:00","","","","",""
"3911395103750","01013","脳神経内科","2","","","13:30","17:00","","","13:30","17:00","13:30","17:00","","","","","","","","","13:30","16:30","","","13:30","16:30","13:30","16:30","","","","","","",""
"3911395103750","01013","脳神経内科","3","","","","","","","","","","","","","","","","","","","","","","","","","","","","","","","","",""
"3911395103750","01014","呼吸器内科","1","","","","","","","","","","","","","","","","","","","","","","","","","","","","","","","","",""
"3911395103750","01014","呼吸器内科","2","","","","","","","13:30","17:00","","","","","","","","","","","","","","","13:30","16:30","","","","","","","","",""
"3911395103750","01014","呼吸器内科","3","","","","","","","","","","","","","","","","","","","","","","","","","","","","","","","","",""
"3911395103750","01017","循環器内科","1","","","08:30","12:00","","","08:30","12:00","08:30","12:00","","","","","","","","","08:30","12:00","","","08:30","12:00","08:30","12:00","","","","","","",""
"3911395103750","01017","循環器内科","2","13:30","17:00","","","","","","","","","","","","","","","13:30","16:30","","","","","","","","","","","","","","",""
"3911395103750","01017","循環器内科","3","","","","","","","","","","","","","","","","","","","","","","","","","","","","","","","","",""
"3911395103750","01020","消化器内科","1","08:30","12:00","","","08:30","12:00","","","08:30","12:00","","","","","","","08:30","12:00","","","08:30","12:00","","","08:30","12:00","","","","","","",""
"3911395103750","01020","消化器内科","2","","","","","13:30","17:00","","","13:30","17:00","","","","","","","","","","","13:30","16:30","","","13:30","16:30","","","","","","",""
"3911395103750","01020","消化器内科","3","","","","","","","","","","","","","","","","","","","","","","","","","","","","","","","","",""
"3911395103750","01024","肝臓内科","1","","","","","08:30","12:00","","","08:30","12:00","","","","","","","","","","","08:30","12:00","","","08:30","12:00","","","","","","",""
"3911395103750","01024","肝臓内科","2","","","","","","","","","","","","","","","","","","","","","","","","","","","","","","","","",""
"3911395103750","01024","肝臓内科","3","","","","","","","","","","","","","","","","","","","","","","","","","","","","","","","","",""
"3911395103750","01030","内視鏡内科","1","08:30","12:00","08:30","12:00","08:30","12:00","08:30","12:00","08:30","12:00","","","","","","","08:30","12:00","08:30","12:00","08:30","12:00","08:30","12:00","08:30","12:00","","","","","","",""
"3911395103750","01030","内視鏡内科","2","13:30","16:30","13:30","16:30","","","","","13:30","16:30","","","","","","","13:30","16:30","13:30","16:30","","","","","13:30","16:30","","","","","","",""
"3911395103750","01030","内視鏡内科","3","","","","","","","","","","","","","","","","","","","","","","","","","","","","","","","","",""
"3911395103750","01034","緩和ケア内科","1","08:30","12:00","","","08:30","12:00","08:30","12:00","08:30","12:00","","","","","","","08:30","12:00","","","08:30","12:00","08:30","12:00","08:30","12:00","","","","","","",""
"3911395103750","01034","緩和ケア内科","2","13:30","16:30","","","14:00","16:30","","","13:30","16:30","","","","","","","13:30","16:30","","","14:00","16:30","","","13:30","16:30","","","","","","",""
"3911395103750","01034","緩和ケア内科","3","","","","","","","","","","","","","","","","","","","","","","","","","","","","","","","","",""
"3911395103750","02001","外科","1","08:30","12:00","08:30","12:00","08:30","12:00","08:30","12:00","08:30","12:00","08:30","12:00","","","","","08:30","12:00","08:30","12:00","08:30","12:00","08:30","12:00","08:30","12:00","08:30","12:00","","","","",""
"3911395103750","02001","外科","2","08:30","17:00","13:30","17:00","13:30","17:00","13:30","17:00","13:30","17:00","","","","","","","13:30","16:30","13:30","16:30","13:30","16:30","13:30","16:30","13:30","16:30","","","","","","",""
"3911395103750","02001","外科","3","","","","","","","","","","","","","","","","","","","","","","","","","","","","","","","","",""
"3911395103750","02012","消化器外科","1","08:30","12:00","08:30","12:00","08:30","12:00","08:30","12:00","08:30","12:00","08:30","12:00","","","","","08:30","12:00","08:30","12:00","08:30","12:00","08:30","12:00","08:30","12:00","08:30","12:00","","","","",""
"3911395103750","02012","消化器外科","2","13:30","17:00","13:30","17:00","13:30","17:00","13:30","17:00","13:30","17:00","","","","","","","13:30","16:30","13:30","16:30","13:30","16:30","13:30","16:30","13:30","16:30","","","","","","",""
"3911395103750","02012","消化器外科","3","","","","","","","","","","","","","","","","","","","","","","","","","","","","","","","","",""
"3911395103750","02022","乳腺外科","1","","","","","","","08:30","12:00","","","","","","","","","","","","","","","08:30","12:00","","","","","","","","",""
"3911395103750","02022","乳腺外科","2","","","13:30","17:00","","","","","13:30","17:00","","","","","","","","","13:30","16:30","","","","","13:30","16:30","","","","","","",""
"3911395103750","02022","乳腺外科","3","","","","","","","","","","","","","","","","","","","","","","","","","","","","","","","","",""
"3911395103750","02026","大腸・肛門外科","1","","","08:30","12:00","08:30","12:00","","","","","","","","","","","","","08:30","12:00","08:30","12:00","","","","","","","","","","",""
"3911395103750","02026","大腸・肛門外科","2","13:30","17:00","","","","","13:30","17:00","","","","","","","","","13:30","16:30","","","","","13:30","16:30","","","","","","","","",""
"3911395103750","02026","大腸・肛門外科","3","","","","","","","","","","","","","","","","","","","","","","","","","","","","","","","","",""
"3911395103750","02032","内視鏡外科","1","","","","","","","","","","","","","","","","","","","","","","","","","","","","","","","","",""
"3911395103750","02032","内視鏡外科","2","","","13:30","17:00","","","","","13:30","17:00","","","","","","","","","13:30","16:30","","","","","13:30","16:30","","","","","","",""
"3911395103750","02032","内視鏡外科","3","","","","","","","","","","","","","","","","","","","","","","","","","","","","","","","","",""
"3911395103750","02035","整形外科","1","08:30","12:00","08:30","12:00","08:30","12:00","08:30","12:00","","","","","","","","","08:30","12:00","08:30","12:00","08:30","12:00","08:30","12:00","","","","","","","","",""
"3911395103750","02035","整形外科","2","13:30","17:00","13:30","17:00","","","","","13:30","17:00","","","","","","","13:30","16:30","13:30","16:30","","","","","13:30","16:30","","","","","","",""
"3911395103750","02035","整形外科","3","","","","","","","","","","","","","","","","","","","","","","","","","","","","","","","","",""
"3911395103750","02036","形成外科","1","","","","","","","","","","","","","","","","","","","","","","","","","","","","","","","","",""
"3911395103750","02036","形成外科","2","","","","","","","","","","","","","","","","","","","","","","","","","","","","","","","","",""
"3911395103750","02036","形成外科","3","","","","","","","","","","","","","","","","","","","","","","","","","","","","","","","","",""
"3911395103750","09003","リハビリテーション科","1","","","","","","","","","","","","","","","","","","","","","","","","","","","","","","","","",""
"3911395103750","09003","リハビリテーション科","2","","","","","","","","","","","","","","","","","","","","","","","","","","","","","","","","",""
"3911395103750","09003","リハビリテーション科","3","","","","","","","","","","","","","","","","","","","","","","","","","","","","","","","","",""
"3911395103750","09004","放射線科","1","08:30","12:00","08:30","12:00","08:30","12:00","08:30","12:00","08:30","12:00","","","","","","","08:30","12:00","08:30","12:00","08:30","12:00","08:30","12:00","08:30","12:00","","","","","","",""
"3911395103750","09004","放射線科","2","","","","","","","","","","","","","","","","","","","","","","","","","","","","","","","","",""
"3911395103750","09004","放射線科","3","","","","","","","","","","","","","","","","","","","","","","","","","","","","","","","","",""
"3911395103750","09011","麻酔科","1","","","","","","","","","","","","","","","","","","","","","","","","","","","","","","","","",""
"3911395103750","09011","麻酔科","2","","","","","","","","","13:30","17:00","","","","","","","","","","","","","13:30","16:30","","","","","","","","",""
"3911395103750","09011","麻酔科","3","","","","","","","","","","","","","","","","","","","","","","","","","","","","","","","","",""
"3911395103910","01001","内科","1","08:30","12:30","08:30","12:30","08:30","12:30","08:30","12:30","08:30","12:30","08:30","12:30","","","","","08:30","12:30","08:30","12:30","08:30","12:30","08:30","12:30","08:30","12:30","","","","","","",""
"3911395103910","01001","内科","2","14:00","18:00","14:00","18:00","14:00","18:00","14:00","18:00","14:00","18:00","14:00","17:00","","","","","14:00","18:00","14:00","18:00","14:00","18:00","14:00","18:00","14:00","17:00","","","","","","",""
"3911395103910","01001","内科","3","","","","","","","","","","","","","","","","","","","","","","","","","","","","","","","","",""
"3911395103910","01014","呼吸器内科","1","08:30","12:30","08:30","12:30","08:30","12:30","08:30","12:30","08:30","12:30","08:30","12:30","","","","","08:30","12:30","08:30","12:30","08:30","12:30","08:30","12:30","08:30","12:30","08:30","12:30","","","","",""
"3911395103910","01014","呼吸器内科","2","14:00","18:00","14:00","18:00","14:00","18:00","14:00","18:00","14:00","18:00","14:00","17:00","","","","","14:00","18:00","14:00","18:00","14:00","18:00","14:00","18:00","14:00","18:00","14:00","17:00","","","","",""
"3911395103910","01014","呼吸器内科","3","","","","","","","","","","","","","","","","","","","","","","","","","","","","","","","","",""
"3911395103910","01016","気管食道内科","1","09:00","12:30","09:00","12:30","09:00","12:30","09:00","12:30","","","09:00","12:30","","","","","08:30","12:30","08:30","12:30","08:30","12:30","08:30","12:30","","","08:30","12:30","","","","",""
"3911395103910","01016","気管食道内科","2","14:00","18:00","","","14:00","18:00","","","","","","","","","","","14:00","18:00","","","14:00","18:00","","","","","","","","","","",""
"3911395103910","01016","気管食道内科","3","","","","","","","","","","","","","","","","","","","","","","","","","","","","","","","","",""
"3911395103910","01017","循環器内科","1","08:30","12:30","08:30","12:30","08:30","12:30","08:30","12:30","08:30","12:30","08:30","12:30","","","","","08:30","12:30","08:30","12:30","08:30","12:30","08:30","12:30","08:30","12:30","08:30","12:30","","","","",""
"3911395103910","01017","循環器内科","2","14:00","18:00","14:00","18:00","14:00","18:00","14:00","18:00","14:00","18:00","14:00","17:00","","","","","14:00","18:00","14:00","18:00","14:00","18:00","14:00","18:00","14:00","18:00","14:00","17:00","","","","",""
"3911395103910","01017","循環器内科","3","","","","","","","","","","","","","","","","","","","","","","","","","","","","","","","","",""
"3911395103910","01020","消化器内科","1","08:30","12:30","08:30","12:30","08:30","12:30","08:30","12:30","08:30","12:30","08:30","12:30","","","","","08:30","12:30","08:30","12:30","08:30","12:30","08:30","12:30","08:30","12:30","08:30","12:30","","","","",""
"3911395103910","01020","消化器内科","2","14:00","18:00","14:00","18:00","14:00","18:00","14:00","18:00","14:00","18:00","14:00","17:00","","","","","14:00","18:00","14:00","18:00","14:00","18:00","14:00","18:00","14:00","18:00","14:00","17:00","","","","",""
"3911395103910","01020","消化器内科","3","","","","","","","","","","","","","","","","","","","","","","","","","","","","","","","","",""
"3911395103910","02001","外科","1","08:30","12:30","08:30","12:30","08:30","12:30","08:30","12:30","08:30","12:30","08:30","12:30","","","","","08:30","12:30","08:30","12:30","08:30","12:30","08:30","12:30","08:30","12:30","08:30","12:30","","","","",""
"3911395103910","02001","外科","2","14:00","18:00","14:00","18:00","14:00","18:00","14:00","18:00","14:00","18:00","14:00","17:00","","","","","14:00","18:00","14:00","18:00","14:00","18:00","14:00","18:00","14:00","18:00","14:00","17:00","","","","",""
"3911395103910","02001","外科","3","","","","","","","","","","","","","","","","","","","","","","","","","","","","","","","","",""
"3911395103910","02005","呼吸器外科","1","08:30","12:30","08:30","12:30","08:30","12:30","08:30","12:30","08:30","12:30","08:30","12:30","","","","","08:30","12:30","08:30","12:30","08:30","12:30","08:30","12:30","08:30","12:30","08:30","12:30","","","","",""
"3911395103910","02005","呼吸器外科","2","14:00","18:00","14:00","18:00","14:00","18:00","14:00","18:00","14:00","18:00","14:00","17:00","","","","","14:00","18:00","14:00","18:00","14:00","18:00","14:00","18:00","14:00","18:00","14:00","17:00","","","","",""
"3911395103910","02005","呼吸器外科","3","","","","","","","","","","","","","","","","","","","","","","","","","","","","","","","","",""
"3911395103910","02011","心臓血管外科","1","09:00","12:30","09:00","12:30","09:00","12:30","09:00","12:30","","","08:30","12:30","","","","","08:30","12:00","08:30","12:00","08:30","12:00","08:30","12:00","","","08:30","12:00","","","","",""
"3911395103910","02011","心臓血管外科","2","14:00","18:00","","","14:00","18:00","","","","","14:00","17:00","","","","","14:00","17:30","","","14:00","17:30","","","","","14:00","16:30","","","","",""
"3911395103910","02011","心臓血管外科","3","","","","","","","","","","","","","","","","","","","","","","","","","","","","","","","","",""
"3911395103910","02025","肛門外科","1","09:00","12:30","09:00","12:30","09:00","12:30","09:00","12:30","","","09:00","12:30","","","","","08:30","12:00","08:30","12:00","08:30","12:00","08:30","12:00","","","08:30","12:00","","","","",""
"3911395103910","02025","肛門外科","2","14:00","18:00","","","14:00","18:00","","","","","","","","","","","14:00","17:30","","","14:00","17:30","","","","","","","","","","",""
"3911395103910","02025","肛門外科","3","","","","","","","","","","","","","","","","","","","","","","","","","","","","","","","","",""
"3911395103910","02035","整形外科","1","","","","","","","","","","","09:00","12:30","","","","","","","","","","","","","","","09:00","12:15","","","","",""
"3911395103910","02035","整形外科","2","","","14:00","17:00","","","","","","","14:00","17:00","","","","","","","14:00","16:45","","","","","","","14:00","16:45","","","","",""
"3911395103910","02035","整形外科","3","","","","","","","","","","","","","","","","","","","","","","","","","","","","","","","","",""
"3911395103910","02036","形成外科","1","","","","","","","","","","","","","","","","","","","","","","","","","","","","","","","","",""
"3911395103910","02036","形成外科","2","","","","","","","","","14:00","18:00","","","","","","","","","","","","","","","14:00","17:30","","","","","","",""
"3911395103910","02036","形成外科","3","","","","","","","","","","","","","","","","","","","","","","","","","","","","","","","","",""
"3911395104500","01001","内科","1","09:00","12:30","09:00","12:30","09:00","12:30","09:00","12:30","09:00","12:30","09:00","12:30","","","","","08:30","12:00","08:30","12:00","08:30","12:00","08:30","12:00","08:30","12:00","08:30","12:00","","","","",""
"3911395104500","01001","内科","2","14:00","17:00","14:00","17:00","14:00","17:00","14:00","17:00","14:00","17:00","","","","","","","13:30","16:30","13:30","16:30","13:30","16:30","13:30","16:30","13:30","16:30","","","","","","","空欄にした: 土_診療 00:00-00:00（開始と終了が同じ） / 空欄にした: 土_外来受付 00:00-00:00（開始と終了が同じ）"
"3911395104500","01001","内科","3","","","","","","","","","","","","","","","","","","","","","","","","","","","","","","","","","空欄にした: 月_診療 00:00-00:00（開始と終了が同じ） / 空欄にした: 火_診療 00:00-00:00（開始と終了が同じ） / 空欄にした: 水_診療 00:00-00:00（開始と終了が同じ） / 空欄にした: 木_診療 00:00-00:00（開始と終了が同じ） / 空欄にした: 金_診療 00:00-00:00（開始と終了が同じ） / 空欄にした: 土_診療 00:00-00:00（開始と終了が同じ） / 空欄にした: 月_外来受付 00:00-00:00（開始と終了が同じ） / 空欄にした: 火_外来受付 00:00-00:00（開始と終了が同じ） / 空欄にした: 水_外来受付 00:00-00:00（開始と終了が同じ） / 空欄にした: 木_外来受付 00:00-00:00（開始と終了が同じ） / 空欄にした: 金_外来受付 00:00-00:00（開始と終了が同じ） / 空欄にした: 土_外来受付 00:00-00:00（開始と終了が同じ）"
"3911395104500","01006","糖尿病内科","1","09:00","12:30","09:00","12:30","09:00","12:30","09:00","12:30","09:00","12:30","09:00","12:30","","","","","08:30","12:00","08:30","12:00","08:30","12:00","08:30","12:00","08:30","12:00","08:30","12:00","","","","",""
"3911395104500","01006","糖尿病内科","2","14:00","17:00","14:00","17:00","14:00","17:00","14:00","17:00","14:00","17:00","","","","","","","13:30","16:30","13:30","16:30","13:30","16:30","13:30","16:30","13:30","16:30","","","","","","","空欄にした: 土_診療 00:00-00:00（開始と終了が同じ） / 空欄にした: 土_外来受付 00:00-00:00（開始と終了が同じ）"
"3911395104500","01006","糖尿病内科","3","","","","","","","","","","","","","","","","","","","","","","","","","","","","","","","","","空欄にした: 月_診療 00:00-00:00（開始と終了が同じ） / 空欄にした: 火_診療 00:00-00:00（開始と終了が同じ） / 空欄にした: 水_診療 00:00-00:00（開始と終了が同じ） / 空欄にした: 木_診療 00:00-00:00（開始と終了が同じ） / 空欄にした: 金_診療 00:00-00:00（開始と終了が同じ） / 空欄にした: 土_診療 00:00-00:00（開始と終了が同じ） / 空欄にした: 月_外来受付 00:00-00:00（開始と終了が同じ） / 空欄にした: 火_外来受付 00:00-00:00（開始と終了が同じ） / 空欄にした: 水_外来受付 00:00-00:00（開始と終了が同じ） / 空欄にした: 木_外来受付 00:00-00:00（開始と終了が同じ） / 空欄にした: 金_外来受付 00:00-00:00（開始と終了が同じ） / 空欄にした: 土_外来受付 00:00-00:00（開始と終了が同じ）"
"3911395104500","01014","呼吸器内科","1","09:00","12:30","09:00","12:30","09:00","12:30","09:00","12:30","09:00","12:30","09:00","12:30","","","","","08:30","12:00","08:30","12:00","08:30","12:00","08:30","12:00","08:30","12:00","08:30","12:00","","","","",""
"3911395104500","01014","呼吸器内科","2","14:00","17:00","14:00","17:00","14:00","17:00","14:00","17:00","14:00","17:00","","","","","","","13:30","16:30","13:30","16:30","13:30","16:30","13:30","16:30","13:30","16:30","","","","","","","空欄にした: 土_診療 00:00-00:00（開始と終了が同じ） / 空欄にした: 土_外来受付 00:00-00:00（開始と終了が同じ）"
"3911395104500","01014","呼吸器内科","3","","","","","","","","","","","","","","","","","","","","","","","","","","","","","","","","","空欄にした: 月_診療 00:00-00:00（開始と終了が同じ） / 空欄にした: 火_診療 00:00-00:00（開始と終了が同じ） / 空欄にした: 水_診療 00:00-00:00（開始と終了が同じ） / 空欄にした: 木_診療 00:00-00:00（開始と終了が同じ） / 空欄にした: 金_診療 00:00-00:00（開始と終了が同じ） / 空欄にした: 土_診療 00:00-00:00（開始と終了が同じ） / 空欄にした: 月_外来受付 00:00-00:00（開始と終了が同じ） / 空欄にした: 火_外来受付 00:00-00:00（開始と終了が同じ） / 空欄にした: 水_外来受付 00:00-00:00（開始と終了が同じ） / 空欄にした: 木_外来受付 00:00-00:00（開始と終了が同じ） / 空欄にした: 金_外来受付 00:00-00:00（開始と終了が同じ） / 空欄にした: 土_外来受付 00:00-00:00（開始と終了が同じ）"
"3911395104500","01020","消化器内科","1","09:00","12:30","09:00","12:30","09:00","12:30","09:00","12:30","09:00","12:30","09:00","12:30","","","","","08:30","12:00","08:30","12:00","08:30","12:00","08:30","12:00","08:30","12:00","08:30","12:00","","","","",""
"3911395104500","01020","消化器内科","2","14:00","17:00","14:00","17:00","14:00","17:00","14:00","17:00","14:00","17:00","","","","","","","13:30","16:30","13:30","16:30","13:30","16:30","13:30","16:30","13:30","16:30","","","","","","","空欄にした: 土_診療 00:00-00:00（開始と終了が同じ） / 空欄にした: 土_外来受付 00:00-00:00（開始と終了が同じ）"
"3911395104500","01020","消化器内科","3","","","","","","","","","","","","","","","","","","","","","","","","","","","","","","","","","空欄にした: 月_診療 00:00-00:00（開始と終了が同じ） / 空欄にした: 火_診療 00:00-00:00（開始と終了が同じ） / 空欄にした: 水_診療 00:00-00:00（開始と終了が同じ） / 空欄にした: 木_診療 00:00-00:00（開始と終了が同じ） / 空欄にした: 金_診療 00:00-00:00（開始と終了が同じ） / 空欄にした: 土_診療 00:00-00:00（開始と終了が同じ） / 空欄にした: 月_外来受付 00:00-00:00（開始と終了が同じ） / 空欄にした: 火_外来受付 00:00-00:00（開始と終了が同じ） / 空欄にした: 水_外来受付 00:00-00:00（開始と終了が同じ） / 空欄にした: 木_外来受付 00:00-00:00（開始と終了が同じ） / 空欄にした: 金_外来受付 00:00-00:00（開始と終了が同じ） / 空欄にした: 土_外来受付 00:00-00:00（開始と終了が同じ）"
"3911395104500","09003","リハビリテーション科","1","09:00","12:30","09:00","12:30","09:00","12:30","09:00","12:30","09:00","12:30","09:00","12:30","","","","","08:30","12:00","08:30","12:00","08:30","12:00","08:30","12:00","08:30","12:00","08:30","12:00","","","","",""
"3911395104500","09003","リハビリテーション科","2","14:00","17:00","14:00","17:00","14:00","17:00","14:00","17:00","14:00","17:00","","","","","","","13:30","16:30","13:30","16:30","13:30","16:30","13:30","16:30","13:30","16:30","","","","","","","空欄にした: 土_診療 00:00-00:00（開始と終了が同じ） / 空欄にした: 土_外来受付 00:00-00:00（開始と終了が同じ）"
"3911395104500","09003","リハビリテーション科","3","","","","","","","","","","","","","","","","","","","","","","","","","","","","","","","","","空欄にした: 月_診療 00:00-00:00（開始と終了が同じ） / 空欄にした: 火_診療 00:00-00:00（開始と終了が同じ） / 空欄にした: 水_診療 00:00-00:00（開始と終了が同じ） / 空欄にした: 木_診療 00:00-00:00（開始と終了が同じ） / 空欄にした: 金_診療 00:00-00:00（開始と終了が同じ） / 空欄にした: 土_診療 00:00-00:00（開始と終了が同じ） / 空欄にした: 月_外来受付 00:00-00:00（開始と終了が同じ） / 空欄にした: 火_外来受付 00:00-00:00（開始と終了が同じ） / 空欄にした: 水_外来受付 00:00-00:00（開始と終了が同じ） / 空欄にした: 木_外来受付 00:00-00:00（開始と終了が同じ） / 空欄にした: 金_外来受付 00:00-00:00（開始と終了が同じ） / 空欄にした: 土_外来受付 00:00-00:00（開始と終了が同じ）"
"3911395104630","01001","内科","1","09:00","17:30","09:00","17:30","09:00","17:30","09:00","17:30","09:00","17:30","09:00","12:30","","","","","09:00","17:30","09:00","17:30","09:00","17:30","09:00","17:30","09:00","17:30","09:00","12:30","","","","",""
"3911395104630","01001","内科","2","","","","","","","","","","","","","","","","","","","","","","","","","","","","","","","","",""
"3911395104630","01001","内科","3","","","","","","","","","","","","","","","","","","","","","","","","","","","","","","","","",""
"3911395104630","01014","呼吸器内科","1","","","09:00","17:00","09:00","17:00","13:30","16:30","09:00","17:00","","","","","","","","","","","","","","","","","","","","","","",""
"3911395104630","01014","呼吸器内科","2","","","","","","","","","","","","","","","","","","","","","","","","","","","","","","","","",""
"3911395104630","01014","呼吸器内科","3","","","","","","","","","","","","","","","","","","","","","","","","","","","","","","","","",""
"3911395104630","02035","整形外科","1","09:00","17:30","09:00","17:30","09:00","17:30","09:00","17:30","09:00","17:30","09:00","12:30","","","","","09:00","17:30","09:00","17:30","09:00","17:30","09:00","17:30","09:00","17:30","09:00","12:30","","","","",""
"3911395104630","02035","整形外科","2","","","","","","","","","","","","","","","","","","","","","","","","","","","","","","","","",""
"3911395104630","02035","整形外科","3","","","","","","","","","","","","","","","","","","","","","","","","","","","","","","","","",""
"3911395104630","09001","アレルギー科","1","","","09:00","17:00","09:00","17:00","13:30","16:30","09:00","17:00","","","","","","","","","09:00","17:00","09:00","17:00","13:30","16:30","09:00","17:00","","","","","","",""
"3911395104630","09001","アレルギー科","2","","","","","","","","","","","","","","","","","","","","","","","","","","","","","","","","",""
"3911395104630","09001","アレルギー科","3","","","","","","","","","","","","","","","","","","","","","","","","","","","","","","","","",""
"3911395104630","09002","リウマチ科","1","09:00","17:30","09:00","17:30","09:00","17:30","09:00","17:30","09:00","17:30","09:00","12:30","","","","","09:00","17:30","09:00","17:30","09:00","17:30","09:00","17:30","09:00","17:30","09:00","12:30","","","","",""
"3911395104630","09002","リウマチ科","2","","","","","","","","","","","","","","","","","","","","","","","","","","","","","","","","",""
"3911395104630","09002","リウマチ科","3","","","","","","","","","","","","","","","","","","","","","","","","","","","","","","","","",""
"3911395104630","09003","リハビリテーション科","1","09:00","17:30","09:00","17:30","09:00","17:30","09:00","17:30","09:00","17:30","09:00","12:30","","","","","09:00","17:30","09:00","17:30","09:00","17:30","09:00","17:30","09:00","17:30","09:00","12:30","","","","",""
"3911395104630","09003","リハビリテーション科","2","","","","","","","","","","","","","","","","","","","","","","","","","","","","","","","","",""
"3911395104630","09003","リハビリテーション科","3","","","","","","","","","","","","","","","","","","","","","","","","","","","","","","","","",""
"3911395104890","07001","精神科","1","09:00","13:00","09:00","13:00","09:00","13:00","09:00","13:00","09:00","13:00","09:00","13:00","","","","","08:30","11:00","08:30","11:00","08:30","11:00","08:30","11:00","08:30","11:00","08:30","11:00","","","","",""
"3911395104890","07001","精神科","2","14:00","17:00","14:00","17:00","14:00","17:00","14:00","17:00","14:00","17:00","14:00","17:00","","","","","11:00","16:00","11:00","16:00","11:00","16:00","11:00","16:00","11:00","16:00","11:00","16:00","","","","",""
"3911395104890","07001","精神科","3","","","","","","","","","","","","","","","","","","","","","","","","","","","","","","","","",""
"3911395104890","07003","心療内科","1","09:00","13:00","09:00","13:00","09:00","13:00","09:00","13:00","09:00","13:00","09:00","13:00","","","","","08:30","11:00","08:30","11:00","08:30","11:00","08:30","11:00","08:30","11:00","08:30","11:00","","","","",""
"3911395104890","07003","心療内科","2","14:00","17:00","14:00","17:00","14:00","17:00","14:00","17:00","14:00","17:00","14:00","17:00","","","","","11:00","16:00","11:00","16:00","11:00","16:00","11:00","16:00","11:00","16:00","11:00","16:00","","","","",""
"3911395104890","07003","心療内科","3","","","","","","","","","","","","","","","","","","","","","","","","","","","","","","","","",""
"3911395104920","01001","内科","1","09:00","12:30","09:00","12:30","09:00","12:30","09:00","12:30","09:00","12:30","09:00","12:30","","","","","08:30","17:00","08:30","17:00","08:30","17:00","08:30","17:00","08:30","17:00","08:30","12:00","","","","",""
"3911395104920","01001","内科","2","13:30","17:30","13:30","17:30","13:30","17:30","13:30","17:30","13:30","17:30","","","","","","","","","","","","","","","","","","","","","","",""
"3911395104920","01001","内科","3","","","","","","","","","","","","","","","","","","","","","","","","","","","","","","","","",""
"3911395104920","01006","糖尿病内科","1","09:00","12:30","09:00","12:30","09:00","12:30","09:00","12:30","","","","","","","","","08:30","17:00","08:30","17:00","08:30","12:00","08:30","12:00","08:30","17:00","","","","","","",""
"3911395104920","01006","糖尿病内科","2","13:30","17:30","13:30","17:30","","","","","13:30","17:30","","","","","","","","","","","","","","","","","","","","","","",""
"3911395104920","01006","糖尿病内科","3","","","","","","","","","","","","","","","","","","","","","","","","","","","","","","","","",""
"3911395104920","01008","内分泌内科","1","09:00","12:30","09:00","12:30","09:00","12:30","09:00","12:30","09:00","12:30","","","","","","","08:30","12:00","08:30","17:00","08:30","12:00","08:30","12:00","08:30","17:00","","","","","","",""
"3911395104920","01008","内分泌内科","2","13:30","17:30","13:30","17:30","","","","","13:30","17:30","","","","","","","","","","","","","","","","","","","","","","",""
"3911395104920","01008","内分泌内科","3","","","","","","","","","","","","","","","","","","","","","","","","","","","","","","","","",""
"3911395104920","01014","呼吸器内科","1","09:00","12:30","","","09:00","12:30","09:00","12:30","09:00","12:30","","","","","","","08:30","17:00","","","08:30","17:00","08:30","17:00","08:30","12:00","","","","","","",""
"3911395104920","01014","呼吸器内科","2","13:30","17:30","","","13:30","17:30","13:30","17:30","","","","","","","","","","","","","","","","","","","","","","","","",""
"3911395104920","01014","呼吸器内科","3","","","","","","","","","","","","","","","","","","","","","","","","","","","","","","","","",""
"3911395104920","01017","循環器内科","1","09:00","12:30","09:00","12:30","09:00","12:30","09:00","12:30","09:00","12:30","","","","","","","08:30","17:00","08:30","17:00","08:30","17:00","08:30","17:00","08:30","17:00","","","","","","",""
"3911395104920","01017","循環器内科","2","13:30","17:30","13:30","17:30","13:30","17:30","13:30","17:30","13:30","17:30","","","","","","","","","","","","","","","","","","","","","","",""
"3911395104920","01017","循環器内科","3","","","","","","","","","","","","","","","","","","","","","","","","","","","","","","","","",""
"3911395104920","01020","消化器内科","1","09:00","12:30","","","09:00","12:30","","","09:00","12:30","","","","","","","08:00","12:00","","","08:00","12:00","","","08:00","12:00","","","","","","",""
"3911395104920","01020","消化器内科","2","","","","","","","","","","","","","","","","","","","","","","","","","","","","","","","","",""
"3911395104920","01020","消化器内科","3","","","","","","","","","","","","","","","","","","","","","","","","","","","","","","","","",""
"3911395104920","01022","腎臓内科","1","09:00","12:30","","","09:00","12:30","","","","","","","","","","","08:00","12:00","","","08:00","12:00","08:00","17:00","08:30","12:00","","","","","","",""
"3911395104920","01022","腎臓内科","2","","","","","","","13:30","17:30","","","","","","","","","","","","","","","","","","","","","","","","",""
"3911395104920","01022","腎臓内科","3","","","","","","","","","","","","","","","","","","","","","","","","","","","","","","","","",""
"3911395104920","02001","外科","1","09:00","12:30","09:00","12:30","09:00","12:30","09:00","12:30","09:00","12:30","09:00","12:30","","","","","08:30","17:00","08:30","17:00","08:30","17:00","08:30","17:00","08:30","17:00","08:30","12:00","","","","",""
"3911395104920","02001","外科","2","13:30","17:30","13:30","17:30","13:30","17:30","13:30","17:30","13:30","17:30","","","","","","","","","","","","","","","","","","","","","","",""
"3911395104920","02001","外科","3","","","","","","","","","","","","","","","","","","","","","","","","","","","","","","","","",""
"3911395104920","02002","脳神経外科","1","","","09:00","12:30","09:00","12:30","09:00","12:30","09:00","12:30","","","","","","","","","08:30","12:00","08:30","12:00","08:30","12:00","08:30","12:00","","","","","","",""
"3911395104920","02002","脳神経外科","2","","","","","","","","","","","","","","","","","","","","","","","","","","","","","","","","",""
"3911395104920","02002","脳神経外科","3","","","","","","","","","","","","","","","","","","","","","","","","","","","","","","","","",""
"3911395104920","02012","消化器外科","1","09:00","12:30","09:00","12:30","09:00","12:30","09:00","12:30","09:00","12:30","09:00","12:30","","","","","08:30","17:00","08:30","17:00","08:30","17:00","08:30","17:00","08:30","17:00","08:30","12:00","","","","",""
"3911395104920","02012","消化器外科","2","13:30","17:30","13:30","17:30","13:30","17:30","13:30","17:30","13:30","17:30","","","","","","","","","","","","","","","","","","","","","","",""
"3911395104920","02012","消化器外科","3","","","","","","","","","","","","","","","","","","","","","","","","","","","","","","","","",""
"3911395104920","02022","乳腺外科","1","","","","","","","","","","","","","","","","","08:30","17:00","","","","","","","","","","","","","","",""
"3911395104920","02022","乳腺外科","2","13:30","17:30","","","","","","","","","","","","","","","","","","","","","","","","","","","","","","",""
"3911395104920","02022","乳腺外科","3","","","","","","","","","","","","","","","","","","","","","","","","","","","","","","","","",""
"3911395104920","02025","肛門外科","1","09:00","12:30","09:00","12:30","09:00","12:30","09:00","12:30","09:00","12:30","09:00","12:30","","","","","08:30","17:00","08:30","17:00","08:30","17:00","08:30","17:00","08:30","17:00","08:30","12:00","","","","",""
"3911395104920","02025","肛門外科","2","13:30","17:30","13:30","17:30","13:30","17:30","13:30","17:30","13:30","17:30","","","","","","","","","","","","","","","","","","","","","","",""
"3911395104920","02025","肛門外科","3","","","","","","","","","","","","","","","","","","","","","","","","","","","","","","","","",""
"3911395104920","02035","整形外科","1","09:00","12:30","09:00","12:30","09:00","12:30","09:00","12:30","09:00","12:30","09:00","12:30","","","","","08:30","17:00","08:30","17:00","08:30","17:00","08:30","17:00","08:30","17:00","08:30","12:00","","","","",""
"3911395104920","02035","整形外科","2","13:30","17:30","13:30","17:30","13:30","17:30","13:30","17:30","13:30","17:30","","","","","","","","","","","","","","","","","","","","","","",""
"3911395104920","02035","整形外科","3","","","","","","","","","","","","","","","","","","","","","","","","","","","","","","","","",""
"3911395104920","02036","形成外科","1","09:00","12:30","","","09:00","12:30","","","09:00","12:30","","","","","","","08:30","12:00","","","08:30","12:00","","","08:30","12:00","","","","","","",""
"3911395104920","02036","形成外科","2","","","","","","","","","","","","","","","","","","","","","","","","","","","","","","","","",""
"3911395104920","02036","形成外科","3","","","","","","","","","","","","","","","","","","","","","","","","","","","","","","","","",""
"3911395104920","02991","小児整形外科","1","","","","","","","","","13:30","17:30","","","","","","","","","","","","","","","08:30","17:00","","","","","","",""
"3911395104920","02991","小児整形外科","2","","","","","","","","","","","","","","","","","","","","","","","","","","","","","","","","",""
"3911395104920","02991","小児整形外科","3","","","","","","","","","","","","","","","","","","","","","","","","","","","","","","","","",""
"3911395104920","03001","小児科","1","09:00","12:30","09:00","12:30","09:00","12:30","09:00","12:30","09:00","12:30","09:00","12:30","","","","","08:30","17:00","08:30","17:00","08:30","12:00","08:30","17:00","08:30","17:00","08:30","14:30","","","","",""
"3911395104920","03001","小児科","2","13:30","17:30","13:30","17:30","13:30","17:30","13:30","17:30","13:30","17:30","13:30","15:00","","","","","","","","","","","","","","","","","","","","",""
"3911395104920","03001","小児科","3","","","","","","","","","","","","","","","","","","","","","","","","","","","","","","","","",""
"3911395104920","03991","小児神経科","1","13:30","17:30","","","","","13:30","17:30","","","13:00","15:00","","","","","08:30","17:00","","","","","08:30","17:00","","","08:30","14:30","","","","",""
"3911395104920","03991","小児神経科","2","","","","","","","","","","","","","","","","","","","","","","","","","","","","","","","","",""
"3911395104920","03991","小児神経科","3","","","","","","","","","","","","","","","","","","","","","","","","","","","","","","","","",""
"3911395104920","05002","耳鼻いんこう科","1","09:00","12:30","09:00","12:30","09:00","12:30","09:00","12:30","09:00","12:30","09:00","12:30","","","","","08:30","17:00","08:30","12:00","08:30","17:00","08:30","17:00","08:30","17:00","08:30","12:00","","","","",""
"3911395104920","05002","耳鼻いんこう科","2","13:30","17:30","","","13:30","17:30","13:30","17:30","13:30","17:30","","","","","","","","","","","","","","","","","","","","","","",""
"3911395104920","05002","耳鼻いんこう科","3","","","","","","","","","","","","","","","","","","","","","","","","","","","","","","","","",""
"3911395104920","06001","皮膚科","1","09:00","12:30","","","09:00","12:30","","","09:00","12:30","","","","","","","08:30","12:00","","","08:30","12:00","08:30","17:00","08:30","12:00","","","","","","",""
"3911395104920","06001","皮膚科","2","","","","","","","13:30","17:30","","","","","","","","","","","","","","","","","","","","","","","","",""
"3911395104920","06001","皮膚科","3","","","","","","","","","","","","","","","","","","","","","","","","","","","","","","","","",""
"3911395104920","06002","美容皮膚科","1","09:30","12:30","09:00","12:30","","","09:00","12:30","09:00","12:30","","","","","","","08:30","17:00","08:30","17:00","","","08:30","17:00","08:30","17:00","","","","","","",""
"3911395104920","06002","美容皮膚科","2","13:30","17:30","13:30","17:30","","","13:30","17:30","13:30","17:30","","","","","","","","","","","","","","","","","","","","","","",""
"3911395104920","06002","美容皮膚科","3","","","","","","","","","","","","","","","","","","","","","","","","","","","","","","","","",""
"3911395104920","06004","泌尿器科","1","","","09:00","12:30","","","","","","","09:00","12:30","","","","","","","08:30","16:00","","","","","","","08:30","12:00","","","","",""
"3911395104920","06004","泌尿器科","2","","","13:30","16:30","","","","","","","","","","","","","","","","","","","","","","","","","","","","",""
"3911395104920","06004","泌尿器科","3","","","","","","","","","","","","","","","","","","","","","","","","","","","","","","","","",""
"3911395104920","07001","精神科","1","09:00","12:30","09:00","12:30","09:00","12:30","09:00","13:30","09:00","13:30","09:00","12:30","","","","","08:30","17:00","08:30","17:30","08:30","17:30","08:30","17:30","08:30","17:30","08:30","12:00","","","","",""
"3911395104920","07001","精神科","2","13:30","17:30","13:30","17:30","13:30","17:30","13:30","17:30","13:30","17:30","","","","","","","","","","","","","","","","","","","","","","",""
"3911395104920","07001","精神科","3","","","","","","","","","","","","","","","","","","","","","","","","","","","","","","","","",""
"3911395104920","07003","心療内科","1","09:00","12:30","09:00","12:30","09:00","12:30","09:00","12:30","09:00","12:30","09:00","12:30","","","","","08:30","17:00","08:30","17:00","08:30","17:00","08:30","17:00","08:30","17:00","08:30","12:00","","","","",""
"3911395104920","07003","心療内科","2","13:30","17:30","13:30","17:30","13:30","17:30","13:30","17:30","13:30","17:30","","","","","","","","","","","","","","","","","","","","","","",""
"3911395104920","07003","心療内科","3","","","","","","","","","","","","","","","","","","","","","","","","","","","","","","","","",""
"3911395104920","08001","歯科","1","09:00","12:30","09:00","12:30","09:00","12:30","09:00","12:30","09:00","12:30","","","","","","","08:30","16:00","08:30","16:00","08:30","16:00","08:30","12:00","08:30","16:00","","","","","","",""
"3911395104920","08001","歯科","2","13:30","16:30","13:30","16:30","13:30","16:30","","","13:00","16:30","","","","","","","","","","","","","","","","","","","","","","",""
"3911395104920","08001","歯科","3","","","","","","","","","","","","","","","","","","","","","","","","","","","","","","","","",""
"3911395104920","09002","リウマチ科","1","","","","","","","","","","","","","","","","","","","08:30","17:00","","","","","","","","","","","","",""
"3911395104920","09002","リウマチ科","2","","","13:30","17:30","","","","","","","","","","","","","","","","","","","","","","","","","","","","",""
"3911395104920","09002","リウマチ科","3","","","","","","","","","","","","","","","","","","","","","","","","","","","","","","","","",""
"3911395104920","09003","リハビリテーション科","1","09:00","12:30","09:00","12:30","09:00","12:30","09:00","12:30","09:00","12:30","09:00","12:30","","","","","08:30","17:00","08:30","17:00","08:30","17:00","08:30","17:00","08:30","17:00","08:30","12:00","","","","",""
"3911395104920","09003","リハビリテーション科","2","13:30","17:30","13:30","17:30","13:30","17:30","13:30","17:30","13:30","17:30","","","","","","","","","","","","","","","","","","","","","","",""
"3911395104920","09003","リハビリテーション科","3","","","","","","","","","","","","","","","","","","","","","","","","","","","","","","","","",""
"3911395104920","09004","放射線科","1","09:00","12:30","09:00","12:30","09:00","12:30","09:00","12:30","09:00","12:30","09:00","12:30","","","","","08:30","17:00","08:30","17:00","08:30","17:00","08:30","17:00","08:30","17:00","08:30","12:00","","","","",""
"3911395104920","09004","放射線科","2","13:30","17:30","13:30","17:30","13:30","17:30","13:30","17:30","13:30","17:30","","","","","","","","","","","","","","","","","","","","","","",""
"3911395104920","09004","放射線科","3","","","","","","","","","","","","","","","","","","","","","","","","","","","","","","","","",""
"3911395104920","09011","麻酔科","1","","","09:00","12:30","","","","","09:00","12:30","","","","","","","","","08:00","12:00","","","","","08:00","12:00","","","","","","",""
"3911395104920","09011","麻酔科","2","","","","","","","","","","","","","","","","","","","","","","","","","","","","","","","","",""
"3911395104920","09011","麻酔科","3","","","","","","","","","","","","","","","","","","","","","","","","","","","","","","","","",""
"3911395105060","01001","内科","1","09:00","12:00","09:00","12:00","09:00","12:00","09:00","12:00","09:00","12:00","09:00","12:00","","","","","09:00","12:00","09:00","12:00","09:00","12:00","09:00","12:00","09:00","12:00","09:00","12:00","","","","",""
"3911395105060","01001","内科","2","13:00","17:00","13:00","17:00","13:00","17:00","13:00","17:00","13:00","17:00","","","","","","","13:00","17:00","13:00","17:00","13:00","17:00","13:00","17:00","13:00","17:00","","","","","","",""
"3911395105060","01001","内科","3","","","","","","","","","","","","","","","","","","","","","","","","","","","","","","","","",""
"3911395105060","01006","糖尿病内科","1","09:00","12:00","09:00","12:00","09:00","12:00","09:00","12:00","09:00","12:00","09:00","12:00","","","","","09:00","12:00","09:00","12:00","09:00","12:00","09:00","12:00","09:00","12:00","09:00","12:00","","","","",""
"3911395105060","01006","糖尿病内科","2","13:00","17:00","13:00","17:00","13:00","17:00","13:00","17:00","13:00","17:00","","","","","","","13:00","17:00","13:00","17:00","13:00","17:00","13:00","17:00","13:00","17:00","","","","","","",""
"3911395105060","01006","糖尿病内科","3","","","","","","","","","","","","","","","","","","","","","","","","","","","","","","","","",""
"3911395105060","02001","外科","1","09:00","12:00","09:00","12:00","09:00","12:00","09:00","12:00","09:00","12:00","09:00","12:00","","","","","09:00","12:00","09:00","12:00","09:00","12:00","09:00","12:00","09:00","12:00","09:00","12:00","","","","",""
"3911395105060","02001","外科","2","13:00","17:00","13:00","17:00","13:00","17:00","13:00","17:00","13:00","17:00","","","","","","","13:00","17:00","13:00","17:00","13:00","17:00","13:00","17:00","13:00","17:00","","","","","","",""
"3911395105060","02001","外科","3","","","","","","","","","","","","","","","","","","","","","","","","","","","","","","","","",""
"3911395105060","02035","整形外科","1","09:00","12:00","","","","","","","13:00","17:00","","","","","","","09:00","12:00","","","","","","","13:00","17:00","","","","","","",""
"3911395105060","02035","整形外科","2","13:00","17:00","","","","","","","","","","","","","","","13:00","17:00","","","","","","","","","","","","","","",""
"3911395105060","02035","整形外科","3","","","","","","","","","","","","","","","","","","","","","","","","","","","","","","","","",""
"3911395105060","02036","形成外科","1","","","","","09:00","12:00","","","","","","","","","","","","","","","09:00","12:00","","","","","","","","","","",""
"3911395105060","02036","形成外科","2","","","","","13:00","17:00","","","","","","","","","","","","","","","13:00","17:00","","","","","","","","","","",""
"3911395105060","02036","形成外科","3","","","","","","","","","","","","","","","","","","","","","","","","","","","","","","","","",""
"3911395105060","06001","皮膚科","1","09:00","12:00","09:00","12:00","09:00","12:00","09:00","12:00","09:00","12:00","09:00","12:00","","","","","09:00","12:00","09:00","12:00","09:00","12:00","09:00","12:00","09:00","12:00","09:00","12:00","","","","",""
"3911395105060","06001","皮膚科","2","13:00","17:00","13:00","17:00","13:00","17:00","13:00","17:00","13:00","17:00","","","","","","","13:00","17:00","13:00","17:00","13:00","17:00","13:00","17:00","13:00","17:00","","","","","","",""
"3911395105060","06001","皮膚科","3","","","","","","","","","","","","","","","","","","","","","","","","","","","","","","","","",""
"3911395105060","09003","リハビリテーション科","1","09:00","12:00","09:00","12:00","09:00","12:00","09:00","12:00","09:00","12:00","09:00","12:00","","","","","09:00","12:00","09:00","12:00","09:00","12:00","09:00","12:00","09:00","12:00","09:00","12:00","","","","",""
"3911395105060","09003","リハビリテーション科","2","13:00","17:00","13:00","17:00","13:00","17:00","13:00","17:00","13:00","17:00","","","","","","","13:00","17:00","13:00","17:00","13:00","17:00","13:00","17:00","13:00","17:00","","","","","","",""
"3911395105060","09003","リハビリテーション科","3","","","","","","","","","","","","","","","","","","","","","","","","","","","","","","","","",""
"3911395105060","09004","放射線科","1","09:00","12:00","09:00","12:00","09:00","12:00","09:00","12:00","09:00","12:00","09:00","12:00","","","","","09:00","12:00","09:00","12:00","09:00","12:00","09:00","12:00","09:00","12:00","09:00","12:00","","","","",""
"3911395105060","09004","放射線科","2","13:00","17:00","13:00","17:00","13:00","17:00","13:00","17:00","13:00","17:00","","","","","","","13:00","17:00","13:00","17:00","13:00","17:00","13:00","17:00","13:00","17:00","","","","","","",""
"3911395105060","09004","放射線科","3","","","","","","","","","","","","","","","","","","","","","","","","","","","","","","","","",""
"3911395105060","09011","麻酔科","1","09:00","12:00","09:00","12:00","09:00","12:00","09:00","12:00","09:00","12:00","09:00","12:00","","","","","09:00","12:00","09:00","12:00","09:00","12:00","09:00","12:00","09:00","12:00","09:00","12:00","","","","",""
"3911395105060","09011","麻酔科","2","13:00","17:00","13:00","17:00","13:00","17:00","13:00","17:00","13:00","17:00","","","","","","","13:00","17:00","13:00","17:00","13:00","17:00","13:00","17:00","13:00","17:00","","","","","","",""
"3911395105060","09011","麻酔科","3","","","","","","","","","","","","","","","","","","","","","","","","","","","","","","","","",""
"3911395105220","01001","内科","1","09:00","12:00","09:00","12:00","09:00","12:00","09:00","12:00","09:00","12:00","09:00","12:00","","","","","08:30","12:00","08:30","12:00","08:30","12:00","08:30","12:00","08:30","12:00","08:30","12:00","","","","",""
"3911395105220","01001","内科","2","13:00","17:00","13:00","17:00","13:00","17:00","13:00","17:00","13:00","17:00","","","","","","","13:00","17:00","13:00","17:00","13:00","17:00","13:00","17:00","13:00","17:00","","","","","","",""
"3911395105220","01001","内科","3","","","","","","","","","","","","","","","","","","","","","","","","","","","","","","","","",""
"3911395105220","01017","循環器内科","1","09:00","12:00","09:00","12:00","09:00","12:00","09:00","12:00","09:00","12:00","09:00","12:00","","","","","08:30","12:00","08:30","12:00","08:30","12:00","08:30","12:00","08:30","12:00","08:30","12:00","","","","",""
"3911395105220","01017","循環器内科","2","13:00","17:00","13:00","17:00","13:00","17:00","13:00","17:00","13:00","17:00","","","","","","","13:00","17:00","13:00","17:00","13:00","17:00","13:00","17:00","13:00","17:00","","","","","","",""
"3911395105220","01017","循環器内科","3","","","","","","","","","","","","","","","","","","","","","","","","","","","","","","","","",""
"3911395105220","01020","消化器内科","1","09:00","12:00","09:00","12:00","09:00","12:00","09:00","12:00","09:00","12:00","09:00","12:00","","","","","08:30","12:00","08:30","12:00","08:30","12:00","08:30","12:00","08:30","12:00","08:30","12:00","","","","",""
"3911395105220","01020","消化器内科","2","13:00","17:00","13:00","17:00","13:00","17:00","13:00","17:00","13:00","17:00","","","","","","","13:00","17:00","13:00","17:00","13:00","17:00","13:00","17:00","13:00","17:00","","","","","","",""
"3911395105220","01020","消化器内科","3","","","","","","","","","","","","","","","","","","","","","","","","","","","","","","","","",""
"3911395105220","09003","リハビリテーション科","1","09:00","12:00","09:00","12:00","09:00","12:00","09:00","12:00","09:00","12:00","09:00","12:00","","","","","08:30","11:30","08:30","11:30","08:30","11:30","08:30","11:30","08:30","11:30","08:30","11:30","","","","",""
"3911395105220","09003","リハビリテーション科","2","13:00","17:00","13:00","17:00","13:00","17:00","13:00","17:00","13:00","17:00","","","","","","","13:00","16:30","13:00","16:30","13:00","16:30","13:00","16:30","13:00","16:30","","","","","","",""
"3911395105220","09003","リハビリテーション科","3","","","","","","","","","","","","","","","","","","","","","","","","","","","","","","","","",""
"3911395105220","09004","放射線科","1","09:00","12:00","09:00","12:00","09:00","12:00","09:00","12:00","09:00","12:00","09:00","12:00","","","","","08:30","12:00","08:30","12:00","08:30","12:00","08:30","12:00","08:30","12:00","08:30","12:00","","","","",""
"3911395105220","09004","放射線科","2","13:00","17:00","13:00","17:00","13:00","17:00","13:00","17:00","13:00","17:00","","","","","","","13:00","17:00","13:00","17:00","13:00","17:00","13:00","17:00","13:00","17:00","","","","","","",""
"3911395105220","09004","放射線科","3","","","","","","","","","","","","","","","","","","","","","","","","","","","","","","","","",""
"3911395105480","01001","内科","1","09:00","12:30","09:00","12:30","09:00","12:30","09:00","12:30","09:00","12:30","09:00","12:30","","","","","08:30","12:00","08:30","12:00","08:30","12:00","08:30","12:00","08:30","12:00","08:30","12:00","","","","",""
"3911395105480","01001","内科","2","13:30","18:00","13:30","18:00","13:30","18:00","13:30","18:00","13:30","18:00","","","","","","","13:30","17:00","13:30","17:00","13:30","17:00","13:30","17:00","13:30","17:00","","","","","","",""
"3911395105480","01001","内科","3","","","","","","","","","","","","","","","","","","","","","","","","","","","","","","","","","空欄にした: 月_診療 00:00-00:00（開始と終了が同じ） / 空欄にした: 火_診療 00:00-00:00（開始と終了が同じ） / 空欄にした: 水_診療 00:00-00:00（開始と終了が同じ） / 空欄にした: 木_診療 00:00-00:00（開始と終了が同じ） / 空欄にした: 金_診療 00:00-00:00（開始と終了が同じ） / 空欄にした: 月_外来受付 00:00-00:00（開始と終了が同じ） / 空欄にした: 火_外来受付 00:00-00:00（開始と終了が同じ） / 空欄にした: 水_外来受付 00:00-00:00（開始と終了が同じ） / 空欄にした: 木_外来受付 00:00-00:00（開始と終了が同じ） / 空欄にした: 金_外来受付 00:00-00:00（開始と終了が同じ）"
"3911395105480","01014","呼吸器内科","1","09:00","12:30","09:00","12:30","09:00","12:30","09:00","12:30","09:00","12:30","09:00","12:30","","","","","08:30","12:00","08:30","12:00","08:30","12:00","08:30","12:00","08:30","12:00","08:30","12:00","","","","",""
"3911395105480","01014","呼吸器内科","2","13:30","18:00","13:30","18:00","13:30","18:00","13:30","18:00","13:30","18:00","","","","","","","13:30","17:00","13:30","17:00","13:30","17:00","13:30","17:00","13:30","17:00","","","","","","",""
"3911395105480","01014","呼吸器内科","3","","","","","","","","","","","","","","","","","","","","","","","","","","","","","","","","","空欄にした: 月_診療 00:00-00:00（開始と終了が同じ） / 空欄にした: 火_診療 00:00-00:00（開始と終了が同じ） / 空欄にした: 水_診療 00:00-00:00（開始と終了が同じ） / 空欄にした: 木_診療 00:00-00:00（開始と終了が同じ） / 空欄にした: 金_診療 00:00-00:00（開始と終了が同じ） / 空欄にした: 月_外来受付 00:00-00:00（開始と終了が同じ） / 空欄にした: 火_外来受付 00:00-00:00（開始と終了が同じ） / 空欄にした: 水_外来受付 00:00-00:00（開始と終了が同じ） / 空欄にした: 木_外来受付 00:00-00:00（開始と終了が同じ） / 空欄にした: 金_外来受付 00:00-00:00（開始と終了が同じ）"
"3911395105480","01017","循環器内科","1","09:00","12:30","09:00","12:30","09:00","12:30","09:00","12:30","09:00","12:30","","","","","","","08:30","12:00","08:30","12:00","08:30","12:00","08:30","12:00","08:30","12:00","","","","","","",""
"3911395105480","01017","循環器内科","2","13:30","18:00","13:30","18:00","13:30","18:00","13:30","18:00","13:30","18:00","","","","","","","13:30","17:00","13:30","17:00","13:30","17:00","13:30","17:00","13:30","17:00","","","","","","",""
"3911395105480","01017","循環器内科","3","","","","","","","","","","","","","","","","","","","","","","","","","","","","","","","","","空欄にした: 月_診療 00:00-00:00（開始と終了が同じ） / 空欄にした: 火_診療 00:00-00:00（開始と終了が同じ） / 空欄にした: 水_診療 00:00-00:00（開始と終了が同じ） / 空欄にした: 木_診療 00:00-00:00（開始と終了が同じ） / 空欄にした: 金_診療 00:00-00:00（開始と終了が同じ） / 空欄にした: 月_外来受付 00:00-00:00（開始と終了が同じ） / 空欄にした: 火_外来受付 00:00-00:00（開始と終了が同じ） / 空欄にした: 水_外来受付 00:00-00:00（開始と終了が同じ） / 空欄にした: 木_外来受付 00:00-00:00（開始と終了が同じ） / 空欄にした: 金_外来受付 00:00-00:00（開始と終了が同じ）"
"3911395105480","01020","消化器内科","1","09:00","12:30","09:00","12:30","09:00","12:30","09:00","12:30","09:00","12:30","","","","","","","08:30","12:00","08:30","12:00","08:30","12:00","08:30","12:00","08:30","12:00","","","","","","",""
"3911395105480","01020","消化器内科","2","13:30","18:00","13:30","18:00","13:30","18:00","13:30","18:00","13:30","18:00","","","","","","","13:30","17:00","13:30","17:00","13:30","17:00","13:30","17:00","13:30","17:00","","","","","","",""
"3911395105480","01020","消化器内科","3","","","","","","","","","","","","","","","","","","","","","","","","","","","","","","","","","空欄にした: 月_診療 00:00-00:00（開始と終了が同じ） / 空欄にした: 火_診療 00:00-00:00（開始と終了が同じ） / 空欄にした: 水_診療 00:00-00:00（開始と終了が同じ） / 空欄にした: 木_診療 00:00-00:00（開始と終了が同じ） / 空欄にした: 金_診療 00:00-00:00（開始と終了が同じ） / 空欄にした: 月_外来受付 00:00-00:00（開始と終了が同じ） / 空欄にした: 火_外来受付 00:00-00:00（開始と終了が同じ） / 空欄にした: 水_外来受付 00:00-00:00（開始と終了が同じ） / 空欄にした: 木_外来受付 00:00-00:00（開始と終了が同じ） / 空欄にした: 金_外来受付 00:00-00:00（開始と終了が同じ）"
"3911395105480","02035","整形外科","1","09:00","12:30","09:00","12:30","09:00","12:30","09:00","12:30","09:00","12:30","","","","","","","08:30","12:00","08:30","12:00","08:30","12:00","08:30","12:00","08:30","12:00","","","","","","",""
"3911395105480","02035","整形外科","2","13:30","18:00","13:30","18:00","13:30","18:00","13:30","18:00","13:30","18:00","","","","","","","13:30","17:00","13:30","17:00","13:30","17:00","13:30","17:00","13:30","17:00","","","","","","",""
"3911395105480","02035","整形外科","3","","","","","","","","","","","","","","","","","","","","","","","","","","","","","","","","","空欄にした: 月_診療 00:00-00:00（開始と終了が同じ） / 空欄にした: 火_診療 00:00-00:00（開始と終了が同じ） / 空欄にした: 水_診療 00:00-00:00（開始と終了が同じ） / 空欄にした: 木_診療 00:00-00:00（開始と終了が同じ） / 空欄にした: 金_診療 00:00-00:00（開始と終了が同じ） / 空欄にした: 月_外来受付 00:00-00:00（開始と終了が同じ） / 空欄にした: 火_外来受付 00:00-00:00（開始と終了が同じ） / 空欄にした: 水_外来受付 00:00-00:00（開始と終了が同じ） / 空欄にした: 木_外来受付 00:00-00:00（開始と終了が同じ） / 空欄にした: 金_外来受付 00:00-00:00（開始と終了が同じ）"
"3911395105480","06004","泌尿器科","1","","","","","09:00","11:30","","","","","","","","","","","","","","","08:30","11:00","","","","","","","","","","",""
"3911395105480","06004","泌尿器科","2","","","","","","","","","","","","","","","","","","","","","","","","","","","","","","","","",""
"3911395105480","06004","泌尿器科","3","","","","","","","","","","","","","","","","","","","","","","","","","","","","","","","","",""
"3911395105480","09003","リハビリテーション科","1","09:00","12:30","09:00","12:30","09:00","12:30","09:00","12:30","09:00","12:30","","","","","","","08:30","12:00","08:30","12:00","08:30","12:00","08:30","12:00","08:30","12:00","","","","","","",""
"3911395105480","09003","リハビリテーション科","2","13:30","18:00","13:30","18:00","13:30","18:00","13:30","18:00","13:30","18:00","","","","","","","13:30","17:00","13:30","17:00","13:30","17:00","13:30","17:00","13:30","17:00","","","","","","",""
"3911395105480","09003","リハビリテーション科","3","","","","","","","","","","","","","","","","","","","","","","","","","","","","","","","","","空欄にした: 月_診療 00:00-00:00（開始と終了が同じ） / 空欄にした: 火_診療 00:00-00:00（開始と終了が同じ） / 空欄にした: 水_診療 00:00-00:00（開始と終了が同じ） / 空欄にした: 木_診療 00:00-00:00（開始と終了が同じ） / 空欄にした: 金_診療 00:00-00:00（開始と終了が同じ） / 空欄にした: 月_外来受付 00:00-00:00（開始と終了が同じ） / 空欄にした: 火_外来受付 00:00-00:00（開始と終了が同じ） / 空欄にした: 水_外来受付 00:00-00:00（開始と終了が同じ） / 空欄にした: 木_外来受付 00:00-00:00（開始と終了が同じ） / 空欄にした: 金_外来受付 00:00-00:00（開始と終了が同じ）"
"3911395105640","01001","内科","1","09:00","12:30","09:00","12:30","09:00","12:30","09:00","12:30","09:00","12:30","","","","","","","08:30","12:00","08:30","12:00","08:30","12:00","08:30","12:00","08:30","12:00","","","","","","",""
"3911395105640","01001","内科","2","13:30","16:00","13:30","16:00","","","13:30","16:00","13:30","16:00","","","","","","","13:00","15:30","13:00","15:30","","","13:00","15:30","13:00","15:30","","","","","","","空欄にした: 水_診療 00:00-00:00（開始と終了が同じ） / 空欄にした: 土_診療 00:00-00:00（開始と終了が同じ） / 空欄にした: 水_外来受付 00:00-00:00（開始と終了が同じ） / 空欄にした: 土_外来受付 00:00-00:00（開始と終了が同じ）"
"3911395105640","01001","内科","3","","","","","","","","","","","","","","","","","","","","","","","","","","","","","","","","","空欄にした: 月_診療 00:00-00:00（開始と終了が同じ） / 空欄にした: 火_診療 00:00-00:00（開始と終了が同じ） / 空欄にした: 水_診療 00:00-00:00（開始と終了が同じ） / 空欄にした: 木_診療 00:00-00:00（開始と終了が同じ） / 空欄にした: 金_診療 00:00-00:00（開始と終了が同じ） / 空欄にした: 土_診療 00:00-00:00（開始と終了が同じ） / 空欄にした: 月_外来受付 00:00-00:00（開始と終了が同じ） / 空欄にした: 火_外来受付 00:00-00:00（開始と終了が同じ） / 空欄にした: 水_外来受付 00:00-00:00（開始と終了が同じ） / 空欄にした: 木_外来受付 00:00-00:00（開始と終了が同じ） / 空欄にした: 金_外来受付 00:00-00:00（開始と終了が同じ） / 空欄にした: 土_外来受付 00:00-00:00（開始と終了が同じ）"
"3911395105640","06001","皮膚科","1","09:00","12:30","09:00","12:30","09:00","12:30","09:00","12:30","09:00","12:30","","","","","","","08:30","12:00","08:30","12:00","08:30","12:00","08:30","12:00","08:30","12:00","","","","","","",""
"3911395105640","06001","皮膚科","2","13:30","16:00","13:30","16:00","13:30","16:00","13:30","16:00","13:30","16:00","","","","","","","13:00","15:30","13:00","15:30","13:00","15:30","13:00","15:30","13:00","15:30","","","","","","",""
"3911395105640","06001","皮膚科","3","","","","","","","","","","","","","","","","","","","","","","","","","","","","","","","","",""
"3911395105640","06002","美容皮膚科","1","","","","","","","","","","","","","","","","","","","","","","","","","","","","","","","","",""
"3911395105640","06002","美容皮膚科","2","13:30","16:00","","","","","13:30","16:00","","","","","","","","","13:00","15:30","","","","","13:00","15:30","","","","","","","","",""
"3911395105640","06002","美容皮膚科","3","","","","","","","","","","","","","","","","","","","","","","","","","","","","","","","","",""
"3911395105640","09003","リハビリテーション科","1","09:00","12:30","09:00","12:30","09:00","12:30","09:00","12:30","09:00","12:30","","","","","","","08:30","12:00","08:30","12:00","08:30","12:00","08:30","12:00","08:30","12:00","","","","","","",""
"3911395105640","09003","リハビリテーション科","2","","","","","","","","","","","","","","","","","","","","","","","","","","","","","","","","","空欄にした: 月_診療 00:00-00:00（開始と終了が同じ） / 空欄にした: 火_診療 00:00-00:00（開始と終了が同じ） / 空欄にした: 水_診療 00:00-00:00（開始と終了が同じ） / 空欄にした: 木_診療 00:00-00:00（開始と終了が同じ） / 空欄にした: 金_診療 00:00-00:00（開始と終了が同じ） / 空欄にした: 土_診療 00:00-00:00（開始と終了が同じ） / 空欄にした: 月_外来受付 00:00-00:00（開始と終了が同じ） / 空欄にした: 火_外来受付 00:00-00:00（開始と終了が同じ） / 空欄にした: 水_外来受付 00:00-00:00（開始と終了が同じ） / 空欄にした: 木_外来受付 00:00-00:00（開始と終了が同じ） / 空欄にした: 金_外来受付 00:00-00:00（開始と終了が同じ） / 空欄にした: 土_外来受付 00:00-00:00（開始と終了が同じ）"
"3911395105640","09003","リハビリテーション科","3","","","","","","","","","","","","","","","","","","","","","","","","","","","","","","","","","空欄にした: 月_診療 00:00-00:00（開始と終了が同じ） / 空欄にした: 火_診療 00:00-00:00（開始と終了が同じ） / 空欄にした: 水_診療 00:00-00:00（開始と終了が同じ） / 空欄にした: 木_診療 00:00-00:00（開始と終了が同じ） / 空欄にした: 金_診療 00:00-00:00（開始と終了が同じ） / 空欄にした: 土_診療 00:00-00:00（開始と終了が同じ） / 空欄にした: 月_外来受付 00:00-00:00（開始と終了が同じ） / 空欄にした: 火_外来受付 00:00-00:00（開始と終了が同じ） / 空欄にした: 水_外来受付 00:00-00:00（開始と終了が同じ） / 空欄にした: 木_外来受付 00:00-00:00（開始と終了が同じ） / 空欄にした: 金_外来受付 00:00-00:00（開始と終了が同じ） / 空欄にした: 土_外来受付 00:00-00:00（開始と終了が同じ）"
"3911395105640","09004","放射線科","1","09:00","12:30","09:00","12:30","09:00","12:30","09:00","12:30","09:00","12:30","","","","","","","08:30","12:00","08:30","12:00","08:30","12:00","08:30","12:00","08:30","12:00","","","","","","",""
"3911395105640","09004","放射線科","2","","","","","","","","","","","","","","","","","","","","","","","","","","","","","","","","","空欄にした: 月_診療 00:00-00:00（開始と終了が同じ） / 空欄にした: 火_診療 00:00-00:00（開始と終了が同じ） / 空欄にした: 水_診療 00:00-00:00（開始と終了が同じ） / 空欄にした: 木_診療 00:00-00:00（開始と終了が同じ） / 空欄にした: 金_診療 00:00-00:00（開始と終了が同じ） / 空欄にした: 土_診療 00:00-00:00（開始と終了が同じ） / 空欄にした: 月_外来受付 00:00-00:00（開始と終了が同じ） / 空欄にした: 火_外来受付 00:00-00:00（開始と終了が同じ） / 空欄にした: 水_外来受付 00:00-00:00（開始と終了が同じ） / 空欄にした: 木_外来受付 00:00-00:00（開始と終了が同じ） / 空欄にした: 金_外来受付 00:00-00:00（開始と終了が同じ） / 空欄にした: 土_外来受付 00:00-00:00（開始と終了が同じ）"
"3911395105640","09004","放射線科","3","","","","","","","","","","","","","","","","","","","","","","","","","","","","","","","","","空欄にした: 月_診療 00:00-00:00（開始と終了が同じ） / 空欄にした: 火_診療 00:00-00:00（開始と終了が同じ） / 空欄にした: 水_診療 00:00-00:00（開始と終了が同じ） / 空欄にした: 木_診療 00:00-00:00（開始と終了が同じ） / 空欄にした: 金_診療 00:00-00:00（開始と終了が同じ） / 空欄にした: 土_診療 00:00-00:00（開始と終了が同じ） / 空欄にした: 月_外来受付 00:00-00:00（開始と終了が同じ） / 空欄にした: 火_外来受付 00:00-00:00（開始と終了が同じ） / 空欄にした: 水_外来受付 00:00-00:00（開始と終了が同じ） / 空欄にした: 木_外来受付 00:00-00:00（開始と終了が同じ） / 空欄にした: 金_外来受付 00:00-00:00（開始と終了が同じ） / 空欄にした: 土_外来受付 00:00-00:00（開始と終了が同じ）"
"3911395105800","01001","内科","1","09:00","12:30","09:00","12:30","09:00","12:30","09:00","12:30","09:00","12:30","09:00","12:05","","","","","08:00","12:00","08:00","12:00","08:00","12:00","08:00","12:00","08:00","12:00","08:00","12:05","","","","",""
"3911395105800","01001","内科","2","13:30","17:20","13:30","17:20","13:30","17:20","13:30","17:20","13:30","17:20","","","","","","","13:30","17:20","13:30","17:20","13:30","17:20","13:30","17:20","13:30","17:20","","","","","","",""
"3911395105800","01001","内科","3","","","","","","","","","","","","","","","","","","","","","","","","","","","","","","","","",""
"3911395105800","01006","糖尿病内科","1","09:00","12:30","","","","","","","09:00","12:30","","","","","","","08:00","12:00","","","","","","","08:00","12:00","","","","","","",""
"3911395105800","01006","糖尿病内科","2","","","","","","","","","13:30","17:20","","","","","","","","","","","","","","","13:30","17:20","","","","","","",""
"3911395105800","01006","糖尿病内科","3","","","","","","","","","","","","","","","","","","","","","","","","","","","","","","","","",""
"3911395105800","01014","呼吸器内科","1","","","","","09:00","12:30","","","","","","","","","","","","","","","08:00","12:00","","","","","","","","","","",""
"3911395105800","01014","呼吸器内科","2","","","","","","","","","","","","","","","","","","","","","","","","","","","","","","","","",""
"3911395105800","01014","呼吸器内科","3","","","","","","","","","","","","","","","","","","","","","","","","","","","","","","","","",""
"3911395105800","01017","循環器内科","1","","","09:00","12:30","09:00","12:30","","","","","","","","","","","","","08:00","12:00","08:00","12:00","","","","","","","","","","",""
"3911395105800","01017","循環器内科","2","","","","","","","","","13:30","16:30","","","","","","","","","","","","","","","13:30","16:30","","","","","","",""
"3911395105800","01017","循環器内科","3","","","","","","","","","","","","","","","","","","","","","","","","","","","","","","","","",""
"3911395105800","01022","腎臓内科","1","","","09:00","12:30","","","","","09:00","12:30","","","","","","","","","08:00","12:00","","","","","08:00","12:00","","","","","","",""
"3911395105800","01022","腎臓内科","2","","","13:30","17:20","","","13:30","17:20","13:30","17:20","","","","","","","","","13:30","17:20","","","13:30","17:20","13:30","17:20","","","","","","",""
"3911395105800","01022","腎臓内科","3","","","","","","","","","","","","","","","","","","","","","","","","","","","","","","","","",""
"3911395105800","01028","老年内科","1","09:00","12:30","","","09:00","12:30","","","","","","","","","","","08:00","12:00","","","08:00","12:00","","","","","","","","","","",""
"3911395105800","01028","老年内科","2","","","13:30","17:20","","","13:30","17:20","","","","","","","","","","","13:30","17:20","","","13:30","17:20","","","","","","","","",""
"3911395105800","01028","老年内科","3","","","","","","","","","","","","","","","","","","","","","","","","","","","","","","","","",""
"3911395105800","02001","外科","1","09:00","12:30","09:00","12:30","09:00","12:30","09:00","12:30","09:00","12:30","","","","","","","08:00","12:00","08:00","12:00","08:00","12:00","08:00","12:00","08:00","12:00","","","","","","",""
"3911395105800","02001","外科","2","13:30","17:20","","","13:30","17:20","13:30","17:20","13:30","17:20","","","","","","","13:30","17:20","","","13:30","17:20","13:30","17:20","13:30","17:20","","","","","","",""
"3911395105800","02001","外科","3","","","","","","","","","","","","","","","","","","","","","","","","","","","","","","","","",""
"3911395105800","02012","消化器外科","1","09:00","12:30","09:00","12:30","09:00","12:30","09:00","12:30","09:00","12:30","","","","","","","08:00","12:00","08:00","12:00","08:00","12:00","08:00","12:00","08:00","12:00","","","","","","",""
"3911395105800","02012","消化器外科","2","13:30","17:20","","","13:30","17:20","13:30","17:20","13:30","17:20","","","","","","","13:30","17:20","","","13:30","17:20","13:30","17:20","13:30","17:20","","","","","","",""
"3911395105800","02012","消化器外科","3","","","","","","","","","","","","","","","","","","","","","","","","","","","","","","","","",""
"3911395105800","02025","肛門外科","1","09:00","12:30","09:00","12:30","09:00","12:30","09:00","12:30","09:00","12:30","","","","","","","08:00","12:00","08:00","12:00","08:00","12:00","08:00","12:00","08:00","12:00","","","","","","",""
"3911395105800","02025","肛門外科","2","13:30","17:20","","","13:30","17:20","13:30","17:20","","","","","","","","","13:30","17:20","","","13:30","17:20","13:30","17:20","","","","","","","","",""
"3911395105800","02025","肛門外科","3","","","","","","","","","","","","","","","","","","","","","","","","","","","","","","","","",""
"3911395105800","02032","内視鏡外科","1","09:00","12:30","09:00","12:30","09:00","12:30","09:00","12:30","09:00","12:30","","","","","","","08:00","12:00","08:00","12:00","08:00","12:00","08:00","12:00","08:00","12:00","","","","","","",""
"3911395105800","02032","内視鏡外科","2","13:30","17:20","","","13:30","17:20","13:30","17:20","13:30","17:20","","","","","","","13:30","17:20","","","13:30","17:20","13:30","17:20","13:30","17:20","","","","","","",""
"3911395105800","02032","内視鏡外科","3","","","","","","","","","","","","","","","","","","","","","","","","","","","","","","","","",""
"3911395105800","02035","整形外科","1","10:00","12:00","","","","","09:30","12:00","","","","","","","","","08:00","12:00","","","","","08:00","12:00","","","","","","","","",""
"3911395105800","02035","整形外科","2","","","","","","","","","","","","","","","","","","","","","","","","","","","","","","","","",""
"3911395105800","02035","整形外科","3","","","","","","","","","","","","","","","","","","","","","","","","","","","","","","","","",""
"3911395105800","04003","婦人科","1","09:00","12:30","09:00","12:30","09:00","12:30","09:00","12:30","09:00","12:30","09:00","12:05","","","","","08:00","12:00","08:00","12:00","08:00","12:00","08:00","12:00","08:00","12:00","08:00","12:05","","","","",""
"3911395105800","04003","婦人科","2","","","","","","","","","13:30","17:20","","","","","","","","","","","","","","","13:30","17:20","","","","","","",""
"3911395105800","04003","婦人科","3","","","","","","","","","","","","","","","","","","","","","","","","","","","","","","","","",""
"3911395105800","06001","皮膚科","1","","","","","","","","","","","","","","","","","","","","","","","","","","","","","","","","",""
"3911395105800","06001","皮膚科","2","","","","","14:00","17:00","13:30","17:20","","","","","","","","","","","","","13:30","17:00","13:30","17:20","","","","","","","","",""
"3911395105800","06001","皮膚科","3","","","","","","","","","","","","","","","","","","","","","","","","","","","","","","","","",""
"3911395105800","06004","泌尿器科","1","09:00","12:30","09:00","12:30","","","09:00","12:30","","","","","","","","","08:00","12:00","08:00","12:00","","","08:00","12:00","","","","","","","","",""
"3911395105800","06004","泌尿器科","2","13:30","17:20","13:30","17:20","","","13:30","17:20","13:30","17:20","","","","","","","13:30","17:20","13:30","17:20","","","13:30","17:20","13:30","17:20","","","","","","",""
"3911395105800","06004","泌尿器科","3","","","","","","","","","","","","","","","","","","","","","","","","","","","","","","","","",""
"3911395105800","09002","リウマチ科","1","09:00","12:30","","","","","09:00","12:30","09:00","12:30","","","","","","","08:00","12:00","","","","","08:00","12:00","08:00","12:00","","","","","","",""
"3911395105800","09002","リウマチ科","2","","","","","13:30","17:20","","","","","","","","","","","","","","","13:30","17:20","","","","","","","","","","",""
"3911395105800","09002","リウマチ科","3","","","","","","","","","","","","","","","","","","","","","","","","","","","","","","","","",""
"3911395105800","09003","リハビリテーション科","1","09:00","12:30","09:00","12:30","09:00","12:30","09:00","12:30","09:00","12:30","09:00","12:05","","","","","08:00","12:00","08:00","12:00","08:00","12:00","08:00","12:00","08:00","12:00","08:00","12:05","","","","",""
"3911395105800","09003","リハビリテーション科","2","13:30","17:20","13:30","17:20","13:30","17:20","13:30","17:20","13:30","17:20","","","","","","","13:30","17:20","13:30","17:20","13:30","17:20","13:30","17:20","13:30","17:20","","","","","","",""
"3911395105800","09003","リハビリテーション科","3","","","","","","","","","","","","","","","","","","","","","","","","","","","","","","","","",""
"3911395105930","05001","眼科","1","08:45","12:15","08:45","12:15","08:45","12:15","08:45","12:15","08:45","12:15","08:45","12:15","","","","","08:45","11:45","08:45","11:45","08:45","11:45","08:45","11:45","08:45","11:45","08:45","11:15","","","","",""
"3911395105930","05001","眼科","2","13:30","17:00","13:30","17:00","13:30","17:00","13:30","17:00","13:30","17:00","","","","","","","13:30","16:30","13:30","16:30","13:30","16:30","13:30","16:30","13:30","16:30","","","","","","",""
"3911395105930","05001","眼科","3","","","","","","","","","","","","","","","","","","","","","","","","","","","","","","","","",""
"3911395106070","01001","内科","1","09:00","12:00","09:00","12:00","09:00","12:00","09:00","12:00","09:00","12:00","","","","","","","08:30","11:30","08:30","11:30","08:30","11:30","08:30","11:30","08:30","11:30","","","","","","",""
"3911395106070","01001","内科","2","","","13:00","17:00","13:00","17:00","","","","","","","","","","","","","13:00","16:30","13:00","16:30","","","","","","","","","","",""
"3911395106070","01001","内科","3","","","","","","","","","","","","","","","","","","","","","","","","","","","","","","","","",""
"3911395106070","01991","腎代謝内科","1","","","09:00","12:00","09:00","12:00","","","","","","","","","","","","","08:30","11:30","18:30","11:30","","","","","","","","","","",""
"3911395106070","01991","腎代謝内科","2","","","","","","","","","","","","","","","","","","","","","","","","","","","","","","","","",""
"3911395106070","01991","腎代謝内科","3","","","","","","","","","","","","","","","","","","","","","","","","","","","","","","","","",""
"3911395106070","02001","外科","1","09:00","12:00","09:00","12:00","09:00","12:00","09:00","12:00","09:00","12:00","","","","","","","08:30","11:30","08:30","11:30","08:30","11:30","08:30","11:30","08:30","11:30","","","","","","",""
"3911395106070","02001","外科","2","","","","","","","","","","","","","","","","","","","","","","","","","","","","","","","","",""
"3911395106070","02001","外科","3","","","","","","","","","","","","","","","","","","","","","","","","","","","","","","","","",""
"3911395106070","02012","消化器外科","1","09:00","12:00","09:00","12:00","09:00","12:00","09:00","12:00","09:00","12:00","","","","","","","08:30","11:30","08:30","11:30","08:30","11:30","08:30","11:30","08:30","11:30","","","","","","",""
"3911395106070","02012","消化器外科","2","","","","","","","","","","","","","","","","","","","","","","","","","","","","","","","","",""
"3911395106070","02012","消化器外科","3","","","","","","","","","","","","","","","","","","","","","","","","","","","","","","","","",""
"3911395106070","02035","整形外科","1","09:00","12:00","","","09:00","12:00","09:00","12:00","09:00","12:00","","","","","","","08:30","11:30","","","08:30","11:30","08:30","11:30","08:30","11:30","","","","","","",""
"3911395106070","02035","整形外科","2","13:00","17:00","13:00","17:00","13:00","17:00","13:00","17:00","13:00","17:00","","","","","","","13:00","16:30","13:00","16:30","13:00","16:30","13:00","16:30","13:00","16:30","","","","","","",""
"3911395106070","02035","整形外科","3","","","","","","","","","","","","","","","","","","","","","","","","","","","","","","","","",""
"3911395106070","02991","人工透析血管外科","1","","","","","","","","","","","","","","","","","","","","","","","","","","","","","","","","",""
"3911395106070","02991","人工透析血管外科","2","","","","","","","","","","","","","","","","","","","","","","","","","","","","","","","","",""
"3911395106070","02991","人工透析血管外科","3","","","","","","","","","","","","","","","","","","","","","","","","","","","","","","","","",""
"3911395106070","06004","泌尿器科","1","","","","","09:00","12:00","","","","","","","","","","","","","","","08:30","11:30","","","","","","","","","","",""
"3911395106070","06004","泌尿器科","2","","","","","13:00","17:00","","","","","","","","","","","","","","","13:00","16:30","","","","","","","","","","",""
"3911395106070","06004","泌尿器科","3","","","","","","","","","","","","","","","","","","","","","","","","","","","","","","","","",""
"3911395106070","09003","リハビリテーション科","1","","","","","","","","","","","","","","","","","","","","","","","","","","","","","","","","",""
"3911395106070","09003","リハビリテーション科","2","","","","","","","","","","","","","","","","","","","","","","","","","","","","","","","","",""
"3911395106070","09003","リハビリテーション科","3","","","","","","","","","","","","","","","","","","","","","","","","","","","","","","","","",""
"3911395106070","09004","放射線科","1","","","","","","","","","","","","","","","","","","","","","","","","","","","","","","","","",""
"3911395106070","09004","放射線科","2","","","","","","","","","","","","","","","","","","","","","","","","","","","","","","","","",""
"3911395106070","09004","放射線科","3","","","","","","","","","","","","","","","","","","","","","","","","","","","","","","","","",""
"3911395106070","09011","麻酔科","1","","","","","","","","","","","","","","","","","","","","","","","","","","","","","","","","",""
"3911395106070","09011","麻酔科","2","","","","","","","","","","","","","","","","","","","","","","","","","","","","","","","","",""
"3911395106070","09011","麻酔科","3","","","","","","","","","","","","","","","","","","","","","","","","","","","","","","","","",""
"3911395106100","01001","内科","1","09:00","12:30","09:00","12:30","09:00","12:30","09:00","12:30","09:00","12:30","09:00","12:30","","","","","08:30","12:00","08:30","12:00","08:30","12:00","08:30","12:00","08:30","12:00","08:30","12:00","","","","",""
"3911395106100","01001","内科","2","13:30","17:30","13:30","17:30","13:30","17:30","13:30","17:30","13:30","17:30","","","","","","","13:00","17:00","13:00","17:00","13:00","17:00","13:00","17:00","13:00","17:00","","","","","","",""
"3911395106100","01001","内科","3","","","","","","","","","","","","","","","","","","","","","","","","","","","","","","","","","空欄にした: 月_診療 00:00-00:00（開始と終了が同じ） / 空欄にした: 火_診療 00:00-00:00（開始と終了が同じ） / 空欄にした: 水_診療 00:00-00:00（開始と終了が同じ） / 空欄にした: 木_診療 00:00-00:00（開始と終了が同じ） / 空欄にした: 金_診療 00:00-00:00（開始と終了が同じ） / 空欄にした: 月_外来受付 00:00-00:00（開始と終了が同じ） / 空欄にした: 火_外来受付 00:00-00:00（開始と終了が同じ） / 空欄にした: 水_外来受付 00:00-00:00（開始と終了が同じ） / 空欄にした: 木_外来受付 00:00-00:00（開始と終了が同じ） / 空欄にした: 金_外来受付 00:00-00:00（開始と終了が同じ）"
"3911395106100","01017","循環器内科","1","09:00","12:30","","","","","","","","","","","","","","","08:30","12:00","","","","","","","","","","","","","","",""
"3911395106100","01017","循環器内科","2","","","","","","","","","","","","","","","","","","","","","","","","","","","","","","","","",""
"3911395106100","01017","循環器内科","3","","","","","","","","","","","","","","","","","","","","","","","","","","","","","","","","",""
"3911395106100","02035","整形外科","1","09:30","12:30","","","","","","","","","09:30","12:30","","","","","09:00","12:00","","","","","","","","","09:00","12:00","","","","",""
"3911395106100","02035","整形外科","2","","","","","","","","","","","","","","","","","","","","","","","","","","","","","","","","",""
"3911395106100","02035","整形外科","3","","","","","","","","","","","","","","","","","","","","","","","","","","","","","","","","",""
"3911395106100","03001","小児科","1","09:00","12:30","09:00","12:30","09:00","12:30","09:00","12:30","09:00","12:30","09:00","12:30","","","","","08:30","12:00","08:30","12:00","08:30","12:00","08:30","12:00","08:30","12:00","08:30","12:00","","","","",""
"3911395106100","03001","小児科","2","13:30","18:00","13:30","17:00","13:30","18:00","13:30","18:00","13:30","18:00","","","","","","","13:00","17:30","13:00","17:00","15:00","17:30","13:00","17:30","13:00","17:30","","","","","","",""
"3911395106100","03001","小児科","3","","","","","","","","","","","","","","","","","","","","","","","","","","","","","","","","","空欄にした: 月_診療 00:00-00:00（開始と終了が同じ） / 空欄にした: 火_診療 00:00-00:00（開始と終了が同じ） / 空欄にした: 水_診療 00:00-00:00（開始と終了が同じ） / 空欄にした: 木_診療 00:00-00:00（開始と終了が同じ） / 空欄にした: 金_診療 00:00-00:00（開始と終了が同じ） / 空欄にした: 月_外来受付 00:00-00:00（開始と終了が同じ） / 空欄にした: 火_外来受付 00:00-00:00（開始と終了が同じ） / 空欄にした: 水_外来受付 00:00-00:00（開始と終了が同じ） / 空欄にした: 木_外来受付 00:00-00:00（開始と終了が同じ） / 空欄にした: 金_外来受付 00:00-00:00（開始と終了が同じ）"
"3911395106100","05002","耳鼻いんこう科","1","09:00","12:30","","","09:00","12:30","","","09:00","12:30","09:00","12:30","","","","","08:30","12:00","","","08:30","12:00","","","08:30","12:00","08:30","12:00","","","","",""
"3911395106100","05002","耳鼻いんこう科","2","","","","","13:30","17:30","13:30","17:30","13:30","17:30","","","","","","","","","","","13:00","17:00","13:00","17:00","13:00","17:00","","","","","","",""
"3911395106100","05002","耳鼻いんこう科","3","","","","","","","","","","","","","","","","","","","","","","","","","","","","","","","","",""
"3911395106100","06001","皮膚科","1","09:00","12:30","09:00","12:30","09:00","12:30","","","09:00","12:30","09:00","12:30","","","","","08:30","12:00","08:30","12:00","08:30","12:00","","","08:30","12:00","08:30","12:00","","","","",""
"3911395106100","06001","皮膚科","2","13:30","17:30","13:30","17:30","13:30","17:30","","","14:30","17:30","","","","","","","13:00","17:00","13:00","17:00","13:00","17:00","","","13:00","17:00","","","","","","",""
"3911395106100","06001","皮膚科","3","","","","","","","","","","","","","","","","","","","","","","","","","","","","","","","","",""
"3911395106100","07001","精神科","1","","","","","","","09:00","12:00","","","","","","","","","","","","","","","08:30","11:30","","","","","","","","",""
"3911395106100","07001","精神科","2","","","","","","","","","","","","","","","","","","","","","","","","","","","","","","","","",""
"3911395106100","07001","精神科","3","","","","","","","","","","","","","","","","","","","","","","","","","","","","","","","","",""
"3911395106100","09003","リハビリテーション科","1","09:00","12:30","09:00","12:30","09:00","12:30","09:00","12:30","09:00","12:30","09:00","12:30","","","","","08:30","12:00","08:30","12:00","08:30","12:00","08:30","12:00","08:30","12:00","08:30","12:00","","","","",""
"3911395106100","09003","リハビリテーション科","2","13:30","17:30","13:30","17:30","13:30","17:30","13:30","17:30","13:30","17:30","","","","","","","13:00","17:00","13:00","17:00","13:00","17:00","13:00","17:00","13:00","17:00","","","","","","",""
"3911395106100","09003","リハビリテーション科","3","","","","","","","","","","","","","","","","","","","","","","","","","","","","","","","","","空欄にした: 月_診療 00:00-00:00（開始と終了が同じ） / 空欄にした: 火_診療 00:00-00:00（開始と終了が同じ） / 空欄にした: 水_診療 00:00-00:00（開始と終了が同じ） / 空欄にした: 木_診療 00:00-00:00（開始と終了が同じ） / 空欄にした: 金_診療 00:00-00:00（開始と終了が同じ） / 空欄にした: 月_外来受付 00:00-00:00（開始と終了が同じ） / 空欄にした: 火_外来受付 00:00-00:00（開始と終了が同じ） / 空欄にした: 水_外来受付 00:00-00:00（開始と終了が同じ） / 空欄にした: 木_外来受付 00:00-00:00（開始と終了が同じ） / 空欄にした: 金_外来受付 00:00-00:00（開始と終了が同じ）"
"3911395106100","09004","放射線科","1","09:00","12:30","09:00","12:30","09:00","12:30","09:00","12:30","09:00","12:30","09:00","12:30","","","","","08:30","12:00","08:30","12:00","08:30","12:00","08:30","12:00","08:30","12:00","08:30","12:00","","","","",""
"3911395106100","09004","放射線科","2","13:30","17:30","13:30","17:30","13:30","17:30","","","13:30","17:30","","","","","","","13:00","17:00","13:00","17:00","13:00","17:00","","","13:00","17:00","","","","","","",""
"3911395106100","09004","放射線科","3","","","","","","","","","","","","","","","","","","","","","","","","","","","","","","","","","空欄にした: 月_診療 00:00-00:00（開始と終了が同じ） / 空欄にした: 火_診療 00:00-00:00（開始と終了が同じ） / 空欄にした: 水_診療 00:00-00:00（開始と終了が同じ） / 空欄にした: 木_診療 00:00-00:00（開始と終了が同じ） / 空欄にした: 金_診療 00:00-00:00（開始と終了が同じ） / 空欄にした: 月_外来受付 00:00-00:00（開始と終了が同じ） / 空欄にした: 火_外来受付 00:00-00:00（開始と終了が同じ） / 空欄にした: 水_外来受付 00:00-00:00（開始と終了が同じ） / 空欄にした: 木_外来受付 00:00-00:00（開始と終了が同じ） / 空欄にした: 金_外来受付 00:00-00:00（開始と終了が同じ）"
"3911395106230","01001","内科","1","09:00","12:00","09:00","12:00","09:00","12:00","09:00","12:00","09:00","12:00","","","","","","","08:30","11:30","08:30","11:30","08:30","11:30","08:30","11:30","08:30","11:30","","","","","","",""
"3911395106230","01001","内科","2","13:00","17:00","13:00","17:00","13:00","17:00","13:00","17:00","13:00","17:00","","","","","","","12:30","16:30","12:30","16:30","12:30","16:30","12:30","16:30","12:30","16:30","","","","","","",""
"3911395106230","01001","内科","3","","","","","","","","","","","","","","","","","","","","","","","","","","","","","","","","",""
"3911395106230","01017","循環器内科","1","09:00","12:00","09:00","12:00","09:00","12:00","09:00","12:00","09:00","12:00","","","","","","","08:30","11:30","08:30","11:30","08:30","11:30","08:30","11:30","08:30","11:30","","","","","","",""
"3911395106230","01017","循環器内科","2","13:00","17:00","13:00","17:00","13:00","17:00","13:00","17:00","13:00","17:00","","","","","","","12:30","16:30","12:30","16:30","12:30","16:30","12:30","16:30","12:30","16:30","","","","","","",""
"3911395106230","01017","循環器内科","3","","","","","","","","","","","","","","","","","","","","","","","","","","","","","","","","",""
"3911395106230","01020","消化器内科","1","09:00","12:00","09:00","12:00","09:00","12:00","09:00","12:00","09:00","12:00","","","","","","","08:30","11:30","08:30","11:30","08:30","11:30","08:30","11:30","08:30","11:30","","","","","","",""
"3911395106230","01020","消化器内科","2","13:00","17:00","13:00","17:00","13:00","17:00","13:00","17:00","13:00","17:00","","","","","","","12:30","16:30","12:30","16:30","12:30","16:30","12:30","16:30","12:30","16:30","","","","","","",""
"3911395106230","01020","消化器内科","3","","","","","","","","","","","","","","","","","","","","","","","","","","","","","","","","",""
"3911395106230","09003","リハビリテーション科","1","09:00","12:00","09:00","12:00","09:00","12:00","09:00","12:00","09:00","12:00","","","","","","","08:30","11:30","08:30","11:30","08:30","11:30","08:30","11:30","08:30","11:30","","","","","","",""
"3911395106230","09003","リハビリテーション科","2","13:00","17:00","13:00","17:00","13:00","17:00","13:00","17:00","13:00","17:00","","","","","","","12:30","16:30","12:30","16:30","12:30","16:30","12:30","16:30","12:30","16:30","","","","","","",""
"3911395106230","09003","リハビリテーション科","3","","","","","","","","","","","","","","","","","","","","","","","","","","","","","","","","",""
"3911395106360","01001","内科","1","09:00","12:30","09:00","12:30","09:00","12:30","09:00","12:30","09:00","12:30","09:00","12:30","","","","","09:00","12:30","09:00","12:30","09:00","12:30","09:00","12:30","09:00","12:30","09:00","12:30","","","","",""
"3911395106360","01001","内科","2","14:00","17:30","14:00","17:30","14:00","17:30","14:00","17:30","14:00","17:30","","","","","","","14:00","17:30","14:00","17:30","14:00","17:30","14:00","17:30","14:00","17:30","","","","","","",""
"3911395106360","01001","内科","3","","","","","","","","","","","","","","","","","","","","","","","","","","","","","","","","",""
"3911395106360","01014","呼吸器内科","1","","","","","","","","","","","","","","","","","","","","","","","","","","","","","","","","",""
"3911395106360","01014","呼吸器内科","2","","","","","","","","","","","","","","","","","","","","","","","","","","","","","","","","",""
"3911395106360","01014","呼吸器内科","3","","","","","","","","","","","","","","","","","","","","","","","","","","","","","","","","",""
"3911395106360","01017","循環器内科","1","","","","","","","","","","","","","","","","","","","","","","","","","","","","","","","","",""
"3911395106360","01017","循環器内科","2","","","","","","","","","","","","","","","","","","","","","","","","","","","","","","","","",""
"3911395106360","01017","循環器内科","3","","","","","","","","","","","","","","","","","","","","","","","","","","","","","","","","",""
"3911395106360","01020","消化器内科","1","","","","","","","","","","","","","","","","","","","","","","","","","","","","","","","","",""
"3911395106360","01020","消化器内科","2","","","","","","","","","","","","","","","","","","","","","","","","","","","","","","","","",""
"3911395106360","01020","消化器内科","3","","","","","","","","","","","","","","","","","","","","","","","","","","","","","","","","",""
"3911395106360","02001","外科","1","09:00","12:30","09:00","12:30","09:00","12:30","09:00","12:30","09:00","12:30","09:00","12:30","","","","","09:00","12:30","09:00","12:30","09:00","12:30","09:00","12:30","09:00","12:30","09:00","12:30","","","","",""
"3911395106360","02001","外科","2","14:00","17:30","14:00","17:30","14:00","17:30","14:00","17:30","14:00","17:30","","","","","","","14:00","17:30","14:00","17:30","14:00","17:30","14:00","17:30","14:00","17:30","","","","","","",""
"3911395106360","02001","外科","3","","","","","","","","","","","","","","","","","","","","","","","","","","","","","","","","",""
"3911395106360","02035","整形外科","1","","","","","","","","","","","","","","","","","","","","","","","","","","","","","","","","",""
"3911395106360","02035","整形外科","2","","","","","","","","","","","","","","","","","","","","","","","","","","","","","","","","",""
"3911395106360","02035","整形外科","3","","","","","","","","","","","","","","","","","","","","","","","","","","","","","","","","",""
"3911395106360","05001","眼科","1","09:00","12:30","09:00","12:30","09:00","12:30","09:00","12:30","09:00","12:30","09:00","12:30","","","","","09:00","12:30","09:00","12:30","09:00","12:30","09:00","12:30","09:00","12:30","09:00","12:30","","","","",""
"3911395106360","05001","眼科","2","14:00","17:30","14:00","17:30","14:00","17:30","14:00","17:30","14:00","17:30","","","","","","","14:00","17:30","14:00","17:30","14:00","17:30","14:00","17:30","14:00","17:30","","","","","","",""
"3911395106360","05001","眼科","3","","","","","","","","","","","","","","","","","","","","","","","","","","","","","","","","",""
"3911395106490","01001","内科","1","09:00","17:00","09:00","17:00","09:00","17:00","09:00","17:00","09:00","17:00","09:00","12:30","","","","","08:30","16:30","08:30","16:30","08:30","16:30","08:30","16:30","08:30","16:30","08:30","12:00","","","","",""
"3911395106490","01001","内科","2","","","","","","","","","","","","","","","","","","","","","","","","","","","","","","","","",""
"3911395106490","01001","内科","3","","","","","","","","","","","","","","","","","","","","","","","","","","","","","","","","",""
"3911395106490","07001","精神科","1","","","","","","","","","","","","","","","","","","","","","","","","","","","","","","","","",""
"3911395106490","07001","精神科","2","","","","","","","","","","","","","","","","","","","","","","","","","","","","","","","","",""
"3911395106490","07001","精神科","3","","","","","","","","","","","","","","","","","","","","","","","","","","","","","","","","",""
"3911395106490","07003","心療内科","1","","","","","","","","","","","","","","","","","","","","","","","","","","","","","","","","",""
"3911395106490","07003","心療内科","2","","","","","","","","","","","","","","","","","","","","","","","","","","","","","","","","",""
"3911395106490","07003","心療内科","3","","","","","","","","","","","","","","","","","","","","","","","","","","","","","","","","",""
"3911395106490","09003","リハビリテーション科","1","09:00","17:00","09:00","17:00","09:00","17:00","09:00","17:00","09:00","17:00","","","","","","","08:30","16:30","08:30","16:30","08:30","16:30","08:30","16:30","08:30","16:30","","","","","","",""
"3911395106490","09003","リハビリテーション科","2","","","","","","","","","","","09:00","12:30","","","","","","","","","","","","","","","08:30","12:00","","","","",""
"3911395106490","09003","リハビリテーション科","3","","","","","","","","","","","","","","","","","","","","","","","","","","","","","","","","",""
"3911395106650","01001","内科","1","09:00","12:00","09:00","12:00","09:00","12:00","09:00","12:00","09:00","12:00","09:00","12:00","","","","","08:30","11:00","08:30","11:00","08:30","11:00","08:30","11:00","08:30","11:00","08:30","11:00","","","","",""
"3911395106650","01001","内科","2","14:00","17:00","14:00","17:00","14:00","17:00","14:00","17:00","14:00","17:00","","","","","","","14:00","16:00","14:00","16:00","14:00","16:00","14:00","16:00","14:00","16:00","","","","","","","空欄にした: 土_診療 00:00-00:00（開始と終了が同じ） / 空欄にした: 土_外来受付 00:00-00:00（開始と終了が同じ）"
"3911395106650","01001","内科","3","","","","","","","","","","","","","","","","","","","","","","","","","","","","","","","","","空欄にした: 月_診療 00:00-00:00（開始と終了が同じ） / 空欄にした: 火_診療 00:00-00:00（開始と終了が同じ） / 空欄にした: 水_診療 00:00-00:00（開始と終了が同じ） / 空欄にした: 木_診療 00:00-00:00（開始と終了が同じ） / 空欄にした: 金_診療 00:00-00:00（開始と終了が同じ） / 空欄にした: 土_診療 00:00-00:00（開始と終了が同じ） / 空欄にした: 月_外来受付 00:00-00:00（開始と終了が同じ） / 空欄にした: 火_外来受付 00:00-00:00（開始と終了が同じ） / 空欄にした: 水_外来受付 00:00-00:00（開始と終了が同じ） / 空欄にした: 木_外来受付 00:00-00:00（開始と終了が同じ） / 空欄にした: 金_外来受付 00:00-00:00（開始と終了が同じ） / 空欄にした: 土_外来受付 00:00-00:00（開始と終了が同じ）"
"3911395106650","01005","血液内科","1","","","","","","","","","","","","","","","","","","","","","","","","","","","","","","","","","空欄にした: 月_診療 00:00-00:00（開始と終了が同じ） / 空欄にした: 火_診療 00:00-00:00（開始と終了が同じ） / 空欄にした: 水_診療 00:00-00:00（開始と終了が同じ） / 空欄にした: 木_診療 00:00-00:00（開始と終了が同じ） / 空欄にした: 金_診療 00:00-00:00（開始と終了が同じ） / 空欄にした: 土_診療 00:00-00:00（開始と終了が同じ） / 空欄にした: 月_外来受付 00:00-00:00（開始と終了が同じ） / 空欄にした: 火_外来受付 00:00-00:00（開始と終了が同じ） / 空欄にした: 水_外来受付 00:00-00:00（開始と終了が同じ） / 空欄にした: 木_外来受付 00:00-00:00（開始と終了が同じ） / 空欄にした: 金_外来受付 00:00-00:00（開始と終了が同じ） / 空欄にした: 土_外来受付 00:00-00:00（開始と終了が同じ）"
"3911395106650","01005","血液内科","2","14:00","17:00","","","","","","","","","","","","","","","14:00","16:00","","","","","","","","","","","","","","","空欄にした: 火_診療 00:00-00:00（開始と終了が同じ） / 空欄にした: 水_診療 00:00-00:00（開始と終了が同じ） / 空欄にした: 木_診療 00:00-00:00（開始と終了が同じ） / 空欄にした: 金_診療 00:00-00:00（開始と終了が同じ） / 空欄にした: 土_診療 00:00-00:00（開始と終了が同じ） / 空欄にした: 火_外来受付 00:00-00:00（開始と終了が同じ） / 空欄にした: 水_外来受付 00:00-00:00（開始と終了が同じ） / 空欄にした: 木_外来受付 00:00-00:00（開始と終了が同じ） / 空欄にした: 金_外来受付 00:00-00:00（開始と終了が同じ） / 空欄にした: 土_外来受付 00:00-00:00（開始と終了が同じ）"
"3911395106650","01005","血液内科","3","","","","","","","","","","","","","","","","","","","","","","","","","","","","","","","","","空欄にした: 月_診療 00:00-00:00（開始と終了が同じ） / 空欄にした: 火_診療 00:00-00:00（開始と終了が同じ） / 空欄にした: 水_診療 00:00-00:00（開始と終了が同じ） / 空欄にした: 木_診療 00:00-00:00（開始と終了が同じ） / 空欄にした: 金_診療 00:00-00:00（開始と終了が同じ） / 空欄にした: 土_診療 00:00-00:00（開始と終了が同じ） / 空欄にした: 月_外来受付 00:00-00:00（開始と終了が同じ） / 空欄にした: 火_外来受付 00:00-00:00（開始と終了が同じ） / 空欄にした: 水_外来受付 00:00-00:00（開始と終了が同じ） / 空欄にした: 木_外来受付 00:00-00:00（開始と終了が同じ） / 空欄にした: 金_外来受付 00:00-00:00（開始と終了が同じ） / 空欄にした: 土_外来受付 00:00-00:00（開始と終了が同じ）"
"3911395106650","01014","呼吸器内科","1","09:00","12:00","09:00","12:00","09:00","12:00","09:00","12:00","09:00","12:00","09:00","12:00","","","","","08:30","11:00","08:30","11:00","08:30","11:00","08:30","11:00","08:30","11:00","08:30","11:00","","","","",""
"3911395106650","01014","呼吸器内科","2","14:00","17:00","14:00","17:00","14:00","17:00","14:00","17:00","14:00","17:00","","","","","","","14:00","16:00","14:00","16:00","14:00","16:00","14:00","16:00","14:00","16:00","","","","","","","空欄にした: 土_診療 00:00-00:00（開始と終了が同じ） / 空欄にした: 土_外来受付 00:00-00:00（開始と終了が同じ）"
"3911395106650","01014","呼吸器内科","3","","","","","","","","","","","","","","","","","","","","","","","","","","","","","","","","","空欄にした: 月_診療 00:00-00:00（開始と終了が同じ） / 空欄にした: 火_診療 00:00-00:00（開始と終了が同じ） / 空欄にした: 水_診療 00:00-00:00（開始と終了が同じ） / 空欄にした: 木_診療 00:00-00:00（開始と終了が同じ） / 空欄にした: 金_診療 00:00-00:00（開始と終了が同じ） / 空欄にした: 土_診療 00:00-00:00（開始と終了が同じ） / 空欄にした: 月_外来受付 00:00-00:00（開始と終了が同じ） / 空欄にした: 火_外来受付 00:00-00:00（開始と終了が同じ） / 空欄にした: 水_外来受付 00:00-00:00（開始と終了が同じ） / 空欄にした: 木_外来受付 00:00-00:00（開始と終了が同じ） / 空欄にした: 金_外来受付 00:00-00:00（開始と終了が同じ） / 空欄にした: 土_外来受付 00:00-00:00（開始と終了が同じ）"
"3911395106650","01015","老年・呼吸器内科","1","","","","","","","","","","","","","","","","","","","","","","","","","","","","","","","","",""
"3911395106650","01015","老年・呼吸器内科","2","","","","","","","","","","","","","","","","","","","","","","","","","","","","","","","","",""
"3911395106650","01015","老年・呼吸器内科","3","","","","","","","","","","","","","","","","","","","","","","","","","","","","","","","","",""
"3911395106650","01017","循環器内科","1","09:00","12:00","09:00","12:00","09:00","12:00","09:00","12:00","09:00","12:00","","","","","","","08:30","11:00","08:30","11:00","08:30","11:00","08:30","11:00","08:30","11:00","","","","","","","空欄にした: 土_診療 00:00-00:00（開始と終了が同じ） / 空欄にした: 土_外来受付 00:00-00:00（開始と終了が同じ）"
"3911395106650","01017","循環器内科","2","14:00","17:00","14:00","17:00","14:00","17:00","14:00","17:00","14:00","17:00","","","","","","","14:00","16:00","14:00","16:00","14:00","16:00","14:00","16:00","14:00","16:00","","","","","","","空欄にした: 土_診療 00:00-00:00（開始と終了が同じ） / 空欄にした: 土_外来受付 00:00-00:00（開始と終了が同じ）"
"3911395106650","01017","循環器内科","3","","","","","","","","","","","","","","","","","","","","","","","","","","","","","","","","","空欄にした: 月_診療 00:00-00:00（開始と終了が同じ） / 空欄にした: 火_診療 00:00-00:00（開始と終了が同じ） / 空欄にした: 水_診療 00:00-00:00（開始と終了が同じ） / 空欄にした: 木_診療 00:00-00:00（開始と終了が同じ） / 空欄にした: 金_診療 00:00-00:00（開始と終了が同じ） / 空欄にした: 土_診療 00:00-00:00（開始と終了が同じ） / 空欄にした: 月_外来受付 00:00-00:00（開始と終了が同じ） / 空欄にした: 火_外来受付 00:00-00:00（開始と終了が同じ） / 空欄にした: 水_外来受付 00:00-00:00（開始と終了が同じ） / 空欄にした: 木_外来受付 00:00-00:00（開始と終了が同じ） / 空欄にした: 金_外来受付 00:00-00:00（開始と終了が同じ） / 空欄にした: 土_外来受付 00:00-00:00（開始と終了が同じ）"
"3911395106650","01020","消化器内科","1","09:00","12:00","09:00","12:00","09:00","12:00","09:00","12:00","09:00","12:00","09:00","12:00","","","","","08:30","11:00","08:30","11:00","08:30","11:00","08:30","11:00","08:30","11:00","08:30","11:00","","","","",""
"3911395106650","01020","消化器内科","2","14:00","17:00","14:00","17:00","14:00","17:00","14:00","17:00","14:00","17:00","","","","","","","14:00","16:00","14:00","16:00","14:00","16:00","14:00","16:00","14:00","16:00","","","","","","","空欄にした: 土_診療 00:00-00:00（開始と終了が同じ） / 空欄にした: 土_外来受付 00:00-00:00（開始と終了が同じ）"
"3911395106650","01020","消化器内科","3","","","","","","","","","","","","","","","","","","","","","","","","","","","","","","","","","空欄にした: 月_診療 00:00-00:00（開始と終了が同じ） / 空欄にした: 火_診療 00:00-00:00（開始と終了が同じ） / 空欄にした: 水_診療 00:00-00:00（開始と終了が同じ） / 空欄にした: 木_診療 00:00-00:00（開始と終了が同じ） / 空欄にした: 金_診療 00:00-00:00（開始と終了が同じ） / 空欄にした: 土_診療 00:00-00:00（開始と終了が同じ） / 空欄にした: 月_外来受付 00:00-00:00（開始と終了が同じ） / 空欄にした: 火_外来受付 00:00-00:00（開始と終了が同じ） / 空欄にした: 水_外来受付 00:00-00:00（開始と終了が同じ） / 空欄にした: 木_外来受付 00:00-00:00（開始と終了が同じ） / 空欄にした: 金_外来受付 00:00-00:00（開始と終了が同じ） / 空欄にした: 土_外来受付 00:00-00:00（開始と終了が同じ）"
"3911395106650","01028","老年内科","1","09:00","12:00","09:00","12:00","09:00","12:00","09:00","12:00","09:00","12:00","09:00","12:00","","","","","08:30","11:00","08:30","11:00","08:30","11:00","08:30","11:00","08:30","11:00","08:30","11:00","","","","",""
"3911395106650","01028","老年内科","2","14:00","17:00","14:00","17:00","14:00","17:00","14:00","17:00","14:00","17:00","","","","","","","14:00","16:00","14:00","16:00","14:00","16:00","14:00","16:00","14:00","16:00","","","","","","","空欄にした: 土_診療 00:00-00:00（開始と終了が同じ） / 空欄にした: 土_外来受付 00:00-00:00（開始と終了が同じ）"
"3911395106650","01028","老年内科","3","","","","","","","","","","","","","","","","","","","","","","","","","","","","","","","","","空欄にした: 月_診療 00:00-00:00（開始と終了が同じ） / 空欄にした: 火_診療 00:00-00:00（開始と終了が同じ） / 空欄にした: 水_診療 00:00-00:00（開始と終了が同じ） / 空欄にした: 木_診療 00:00-00:00（開始と終了が同じ） / 空欄にした: 金_診療 00:00-00:00（開始と終了が同じ） / 空欄にした: 土_診療 00:00-00:00（開始と終了が同じ） / 空欄にした: 月_外来受付 00:00-00:00（開始と終了が同じ） / 空欄にした: 火_外来受付 00:00-00:00（開始と終了が同じ） / 空欄にした: 水_外来受付 00:00-00:00（開始と終了が同じ） / 空欄にした: 木_外来受付 00:00-00:00（開始と終了が同じ） / 空欄にした: 金_外来受付 00:00-00:00（開始と終了が同じ） / 空欄にした: 土_外来受付 00:00-00:00（開始と終了が同じ）"
"3911395106650","02001","外科","1","09:00","12:00","09:00","12:00","09:00","12:00","09:00","12:00","09:00","12:00","09:00","12:00","","","","","08:30","11:00","08:30","11:00","08:30","11:00","08:30","11:00","08:30","11:00","08:30","11:00","","","","",""
"3911395106650","02001","外科","2","14:00","17:00","14:00","17:00","14:00","17:00","14:00","17:00","14:00","17:00","","","","","","","14:00","16:00","14:00","16:00","14:00","16:00","14:00","16:00","14:00","16:00","","","","","","","空欄にした: 土_診療 00:00-00:00（開始と終了が同じ） / 空欄にした: 土_外来受付 00:00-00:00（開始と終了が同じ）"
"3911395106650","02001","外科","3","","","","","","","","","","","","","","","","","","","","","","","","","","","","","","","","","空欄にした: 月_診療 00:00-00:00（開始と終了が同じ） / 空欄にした: 火_診療 00:00-00:00（開始と終了が同じ） / 空欄にした: 水_診療 00:00-00:00（開始と終了が同じ） / 空欄にした: 木_診療 00:00-00:00（開始と終了が同じ） / 空欄にした: 金_診療 00:00-00:00（開始と終了が同じ） / 空欄にした: 土_診療 00:00-00:00（開始と終了が同じ） / 空欄にした: 月_外来受付 00:00-00:00（開始と終了が同じ） / 空欄にした: 火_外来受付 00:00-00:00（開始と終了が同じ） / 空欄にした: 水_外来受付 00:00-00:00（開始と終了が同じ） / 空欄にした: 木_外来受付 00:00-00:00（開始と終了が同じ） / 空欄にした: 金_外来受付 00:00-00:00（開始と終了が同じ） / 空欄にした: 土_外来受付 00:00-00:00（開始と終了が同じ）"
"3911395106650","02002","脳神経外科","1","","","","","","","","","","","","","","","","","","","","","","","","","","","","","","","","","空欄にした: 月_診療 00:00-00:00（開始と終了が同じ） / 空欄にした: 火_診療 00:00-00:00（開始と終了が同じ） / 空欄にした: 水_診療 00:00-00:00（開始と終了が同じ） / 空欄にした: 木_診療 00:00-00:00（開始と終了が同じ） / 空欄にした: 金_診療 00:00-00:00（開始と終了が同じ） / 空欄にした: 土_診療 00:00-00:00（開始と終了が同じ） / 空欄にした: 月_外来受付 00:00-00:00（開始と終了が同じ） / 空欄にした: 火_外来受付 00:00-00:00（開始と終了が同じ） / 空欄にした: 水_外来受付 00:00-00:00（開始と終了が同じ） / 空欄にした: 木_外来受付 00:00-00:00（開始と終了が同じ） / 空欄にした: 金_外来受付 00:00-00:00（開始と終了が同じ） / 空欄にした: 土_外来受付 00:00-00:00（開始と終了が同じ）"
"3911395106650","02002","脳神経外科","2","","","","","14:00","17:00","","","","","","","","","","","","","","","14:00","16:00","","","","","","","","","","","空欄にした: 月_診療 00:00-00:00（開始と終了が同じ） / 空欄にした: 火_診療 00:00-00:00（開始と終了が同じ） / 空欄にした: 木_診療 00:00-00:00（開始と終了が同じ） / 空欄にした: 金_診療 00:00-00:00（開始と終了が同じ） / 空欄にした: 土_診療 00:00-00:00（開始と終了が同じ） / 空欄にした: 月_外来受付 00:00-00:00（開始と終了が同じ） / 空欄にした: 火_外来受付 00:00-00:00（開始と終了が同じ） / 空欄にした: 木_外来受付 00:00-00:00（開始と終了が同じ） / 空欄にした: 金_外来受付 00:00-00:00（開始と終了が同じ） / 空欄にした: 土_外来受付 00:00-00:00（開始と終了が同じ）"
"3911395106650","02002","脳神経外科","3","","","","","","","","","","","","","","","","","","","","","","","","","","","","","","","","","空欄にした: 月_診療 00:00-00:00（開始と終了が同じ） / 空欄にした: 火_診療 00:00-00:00（開始と終了が同じ） / 空欄にした: 水_診療 00:00-00:00（開始と終了が同じ） / 空欄にした: 木_診療 00:00-00:00（開始と終了が同じ） / 空欄にした: 金_診療 00:00-00:00（開始と終了が同じ） / 空欄にした: 土_診療 00:00-00:00（開始と終了が同じ） / 空欄にした: 月_外来受付 00:00-00:00（開始と終了が同じ） / 空欄にした: 火_外来受付 00:00-00:00（開始と終了が同じ） / 空欄にした: 水_外来受付 00:00-00:00（開始と終了が同じ） / 空欄にした: 木_外来受付 00:00-00:00（開始と終了が同じ） / 空欄にした: 金_外来受付 00:00-00:00（開始と終了が同じ） / 空欄にした: 土_外来受付 00:00-00:00（開始と終了が同じ）"
"3911395106650","02011","心臓血管外科","1","","","","","","","","","","","","","","","","","","","","","","","","","","","","","","","","",""
"3911395106650","02011","心臓血管外科","2","","","","","","","","","","","","","","","","","","","","","","","","","","","","","","","","",""
"3911395106650","02011","心臓血管外科","3","","","","","","","","","","","","","","","","","","","","","","","","","","","","","","","","",""
"3911395106650","02035","整形外科","1","09:00","12:00","09:00","12:00","09:00","12:00","09:00","12:00","09:00","12:00","09:00","12:00","","","","","08:30","11:00","08:30","11:00","08:30","11:00","08:30","11:00","08:30","11:00","08:30","11:00","","","","",""
"3911395106650","02035","整形外科","2","14:00","17:00","14:00","17:00","14:00","17:00","14:00","17:00","14:00","17:00","","","","","","","14:00","16:00","14:00","16:00","14:00","16:00","14:00","16:00","14:00","16:00","","","","","","","空欄にした: 土_診療 00:00-00:00（開始と終了が同じ） / 空欄にした: 土_外来受付 00:00-00:00（開始と終了が同じ）"
"3911395106650","02035","整形外科","3","","","","","","","","","","","","","","","","","","","","","","","","","","","","","","","","","空欄にした: 月_診療 00:00-00:00（開始と終了が同じ） / 空欄にした: 火_診療 00:00-00:00（開始と終了が同じ） / 空欄にした: 水_診療 00:00-00:00（開始と終了が同じ） / 空欄にした: 木_診療 00:00-00:00（開始と終了が同じ） / 空欄にした: 金_診療 00:00-00:00（開始と終了が同じ） / 空欄にした: 土_診療 00:00-00:00（開始と終了が同じ） / 空欄にした: 月_外来受付 00:00-00:00（開始と終了が同じ） / 空欄にした: 火_外来受付 00:00-00:00（開始と終了が同じ） / 空欄にした: 水_外来受付 00:00-00:00（開始と終了が同じ） / 空欄にした: 木_外来受付 00:00-00:00（開始と終了が同じ） / 空欄にした: 金_外来受付 00:00-00:00（開始と終了が同じ） / 空欄にした: 土_外来受付 00:00-00:00（開始と終了が同じ）"
"3911395106650","02036","形成外科","1","","","","","","","","","","","09:00","12:00","","","","","","","","","","","","","","","08:30","11:00","","","","","空欄にした: 月_診療 00:00-00:00（開始と終了が同じ） / 空欄にした: 火_診療 00:00-00:00（開始と終了が同じ） / 空欄にした: 水_診療 00:00-00:00（開始と終了が同じ） / 空欄にした: 木_診療 00:00-00:00（開始と終了が同じ） / 空欄にした: 金_診療 00:00-00:00（開始と終了が同じ） / 空欄にした: 月_外来受付 00:00-00:00（開始と終了が同じ） / 空欄にした: 火_外来受付 00:00-00:00（開始と終了が同じ） / 空欄にした: 水_外来受付 00:00-00:00（開始と終了が同じ） / 空欄にした: 木_外来受付 00:00-00:00（開始と終了が同じ） / 空欄にした: 金_外来受付 00:00-00:00（開始と終了が同じ）"
"3911395106650","02036","形成外科","2","","","","","","","","","","","","","","","","","","","","","","","","","","","","","","","","","空欄にした: 月_診療 00:00-00:00（開始と終了が同じ） / 空欄にした: 火_診療 00:00-00:00（開始と終了が同じ） / 空欄にした: 水_診療 00:00-00:00（開始と終了が同じ） / 空欄にした: 木_診療 00:00-00:00（開始と終了が同じ） / 空欄にした: 金_診療 00:00-00:00（開始と終了が同じ） / 空欄にした: 土_診療 00:00-00:00（開始と終了が同じ） / 空欄にした: 月_外来受付 00:00-00:00（開始と終了が同じ） / 空欄にした: 火_外来受付 00:00-00:00（開始と終了が同じ） / 空欄にした: 水_外来受付 00:00-00:00（開始と終了が同じ） / 空欄にした: 木_外来受付 00:00-00:00（開始と終了が同じ） / 空欄にした: 金_外来受付 00:00-00:00（開始と終了が同じ） / 空欄にした: 土_外来受付 00:00-00:00（開始と終了が同じ）"
"3911395106650","02036","形成外科","3","","","","","","","","","","","","","","","","","","","","","","","","","","","","","","","","","空欄にした: 月_診療 00:00-00:00（開始と終了が同じ） / 空欄にした: 火_診療 00:00-00:00（開始と終了が同じ） / 空欄にした: 水_診療 00:00-00:00（開始と終了が同じ） / 空欄にした: 木_診療 00:00-00:00（開始と終了が同じ） / 空欄にした: 金_診療 00:00-00:00（開始と終了が同じ） / 空欄にした: 土_診療 00:00-00:00（開始と終了が同じ） / 空欄にした: 月_外来受付 00:00-00:00（開始と終了が同じ） / 空欄にした: 火_外来受付 00:00-00:00（開始と終了が同じ） / 空欄にした: 水_外来受付 00:00-00:00（開始と終了が同じ） / 空欄にした: 木_外来受付 00:00-00:00（開始と終了が同じ） / 空欄にした: 金_外来受付 00:00-00:00（開始と終了が同じ） / 空欄にした: 土_外来受付 00:00-00:00（開始と終了が同じ）"
"3911395106650","05001","眼科","1","09:00","12:00","09:00","12:00","09:00","12:00","09:00","12:00","09:00","12:00","09:00","12:00","","","","","08:30","11:00","08:30","11:00","08:30","11:00","08:30","11:00","08:30","11:00","08:30","11:00","","","","",""
"3911395106650","05001","眼科","2","14:00","17:00","14:00","17:00","14:00","17:00","","","14:00","17:00","","","","","","","14:00","16:00","14:00","16:00","14:00","16:00","","","14:00","16:00","","","","","","","空欄にした: 木_診療 00:00-00:00（開始と終了が同じ） / 空欄にした: 土_診療 00:00-00:00（開始と終了が同じ） / 空欄にした: 木_外来受付 00:00-00:00（開始と終了が同じ） / 空欄にした: 土_外来受付 00:00-00:00（開始と終了が同じ）"
"3911395106650","05001","眼科","3","","","","","","","","","","","","","","","","","","","","","","","","","","","","","","","","","空欄にした: 月_診療 00:00-00:00（開始と終了が同じ） / 空欄にした: 火_診療 00:00-00:00（開始と終了が同じ） / 空欄にした: 水_診療 00:00-00:00（開始と終了が同じ） / 空欄にした: 木_診療 00:00-00:00（開始と終了が同じ） / 空欄にした: 金_診療 00:00-00:00（開始と終了が同じ） / 空欄にした: 土_診療 00:00-00:00（開始と終了が同じ） / 空欄にした: 月_外来受付 00:00-00:00（開始と終了が同じ） / 空欄にした: 火_外来受付 00:00-00:00（開始と終了が同じ） / 空欄にした: 水_外来受付 00:00-00:00（開始と終了が同じ） / 空欄にした: 木_外来受付 00:00-00:00（開始と終了が同じ） / 空欄にした: 金_外来受付 00:00-00:00（開始と終了が同じ） / 空欄にした: 土_外来受付 00:00-00:00（開始と終了が同じ）"
"3911395106650","06001","皮膚科","1","","","","","09:00","12:00","","","","","","","","","","","","","","","","","08:30","11:00","","","","","","","","","空欄にした: 月_診療 00:00-00:00（開始と終了が同じ） / 空欄にした: 火_診療 00:00-00:00（開始と終了が同じ） / 空欄にした: 木_診療 00:00-00:00（開始と終了が同じ） / 空欄にした: 金_診療 00:00-00:00（開始と終了が同じ） / 空欄にした: 土_診療 00:00-00:00（開始と終了が同じ） / 空欄にした: 月_外来受付 00:00-00:00（開始と終了が同じ） / 空欄にした: 火_外来受付 00:00-00:00（開始と終了が同じ） / 空欄にした: 水_外来受付 00:00-00:00（開始と終了が同じ） / 空欄にした: 金_外来受付 00:00-00:00（開始と終了が同じ） / 空欄にした: 土_外来受付 00:00-00:00（開始と終了が同じ）"
"3911395106650","06001","皮膚科","2","","","","","","","","","","","","","","","","","","","","","","","","","","","","","","","","","空欄にした: 月_診療 00:00-00:00（開始と終了が同じ） / 空欄にした: 火_診療 00:00-00:00（開始と終了が同じ） / 空欄にした: 水_診療 00:00-00:00（開始と終了が同じ） / 空欄にした: 木_診療 00:00-00:00（開始と終了が同じ） / 空欄にした: 金_診療 00:00-00:00（開始と終了が同じ） / 空欄にした: 土_診療 00:00-00:00（開始と終了が同じ） / 空欄にした: 月_外来受付 00:00-00:00（開始と終了が同じ） / 空欄にした: 火_外来受付 00:00-00:00（開始と終了が同じ） / 空欄にした: 水_外来受付 00:00-00:00（開始と終了が同じ） / 空欄にした: 木_外来受付 00:00-00:00（開始と終了が同じ） / 空欄にした: 金_外来受付 00:00-00:00（開始と終了が同じ） / 空欄にした: 土_外来受付 00:00-00:00（開始と終了が同じ）"
"3911395106650","06001","皮膚科","3","","","","","","","","","","","","","","","","","","","","","","","","","","","","","","","","","空欄にした: 月_診療 00:00-00:00（開始と終了が同じ） / 空欄にした: 火_診療 00:00-00:00（開始と終了が同じ） / 空欄にした: 水_診療 00:00-00:00（開始と終了が同じ） / 空欄にした: 木_診療 00:00-00:00（開始と終了が同じ） / 空欄にした: 金_診療 00:00-00:00（開始と終了が同じ） / 空欄にした: 土_診療 00:00-00:00（開始と終了が同じ） / 空欄にした: 月_外来受付 00:00-00:00（開始と終了が同じ） / 空欄にした: 火_外来受付 00:00-00:00（開始と終了が同じ） / 空欄にした: 水_外来受付 00:00-00:00（開始と終了が同じ） / 空欄にした: 木_外来受付 00:00-00:00（開始と終了が同じ） / 空欄にした: 金_外来受付 00:00-00:00（開始と終了が同じ） / 空欄にした: 土_外来受付 00:00-00:00（開始と終了が同じ）"
"3911395106650","06004","泌尿器科","1","","","","","","","","","","","09:00","12:00","","","","","","","","","","","","","","","08:30","11:00","","","","","空欄にした: 月_診療 00:00-00:00（開始と終了が同じ） / 空欄にした: 火_診療 00:00-00:00（開始と終了が同じ） / 空欄にした: 水_診療 00:00-00:00（開始と終了が同じ） / 空欄にした: 木_診療 00:00-00:00（開始と終了が同じ） / 空欄にした: 金_診療 00:00-00:00（開始と終了が同じ） / 空欄にした: 月_外来受付 00:00-00:00（開始と終了が同じ） / 空欄にした: 火_外来受付 00:00-00:00（開始と終了が同じ） / 空欄にした: 水_外来受付 00:00-00:00（開始と終了が同じ） / 空欄にした: 木_外来受付 00:00-00:00（開始と終了が同じ） / 空欄にした: 金_外来受付 00:00-00:00（開始と終了が同じ）"
"3911395106650","06004","泌尿器科","2","","","","","","","","","","","","","","","","","","","","","","","","","","","","","","","","","空欄にした: 月_診療 00:00-00:00（開始と終了が同じ） / 空欄にした: 火_診療 00:00-00:00（開始と終了が同じ） / 空欄にした: 水_診療 00:00-00:00（開始と終了が同じ） / 空欄にした: 木_診療 00:00-00:00（開始と終了が同じ） / 空欄にした: 金_診療 00:00-00:00（開始と終了が同じ） / 空欄にした: 土_診療 00:00-00:00（開始と終了が同じ） / 空欄にした: 月_外来受付 00:00-00:00（開始と終了が同じ） / 空欄にした: 火_外来受付 00:00-00:00（開始と終了が同じ） / 空欄にした: 水_外来受付 00:00-00:00（開始と終了が同じ） / 空欄にした: 木_外来受付 00:00-00:00（開始と終了が同じ） / 空欄にした: 金_外来受付 00:00-00:00（開始と終了が同じ） / 空欄にした: 土_外来受付 00:00-00:00（開始と終了が同じ）"
"3911395106650","06004","泌尿器科","3","","","","","","","","","","","","","","","","","","","","","","","","","","","","","","","","","空欄にした: 月_診療 00:00-00:00（開始と終了が同じ） / 空欄にした: 火_診療 00:00-00:00（開始と終了が同じ） / 空欄にした: 水_診療 00:00-00:00（開始と終了が同じ） / 空欄にした: 木_診療 00:00-00:00（開始と終了が同じ） / 空欄にした: 金_診療 00:00-00:00（開始と終了が同じ） / 空欄にした: 土_診療 00:00-00:00（開始と終了が同じ） / 空欄にした: 月_外来受付 00:00-00:00（開始と終了が同じ） / 空欄にした: 火_外来受付 00:00-00:00（開始と終了が同じ） / 空欄にした: 水_外来受付 00:00-00:00（開始と終了が同じ） / 空欄にした: 木_外来受付 00:00-00:00（開始と終了が同じ） / 空欄にした: 金_外来受付 00:00-00:00（開始と終了が同じ） / 空欄にした: 土_外来受付 00:00-00:00（開始と終了が同じ）"
"3911395106650","09001","アレルギー科","1","09:00","12:00","09:00","12:00","09:00","12:00","09:00","12:00","09:00","12:00","09:00","12:00","","","","","08:30","11:00","08:30","11:00","08:30","11:00","08:30","11:00","08:30","11:00","08:30","11:00","","","","",""
"3911395106650","09001","アレルギー科","2","14:00","17:00","14:00","17:00","14:00","17:00","14:00","17:00","14:00","17:00","","","","","","","14:00","16:00","14:00","16:00","14:00","16:00","14:00","16:00","14:00","16:00","","","","","","","空欄にした: 土_診療 00:00-00:00（開始と終了が同じ） / 空欄にした: 土_外来受付 00:00-00:00（開始と終了が同じ）"
"3911395106650","09001","アレルギー科","3","","","","","","","","","","","","","","","","","","","","","","","","","","","","","","","","","空欄にした: 月_診療 00:00-00:00（開始と終了が同じ） / 空欄にした: 火_診療 00:00-00:00（開始と終了が同じ） / 空欄にした: 水_診療 00:00-00:00（開始と終了が同じ） / 空欄にした: 木_診療 00:00-00:00（開始と終了が同じ） / 空欄にした: 金_診療 00:00-00:00（開始と終了が同じ） / 空欄にした: 土_診療 00:00-00:00（開始と終了が同じ） / 空欄にした: 月_外来受付 00:00-00:00（開始と終了が同じ） / 空欄にした: 火_外来受付 00:00-00:00（開始と終了が同じ） / 空欄にした: 水_外来受付 00:00-00:00（開始と終了が同じ） / 空欄にした: 木_外来受付 00:00-00:00（開始と終了が同じ） / 空欄にした: 金_外来受付 00:00-00:00（開始と終了が同じ） / 空欄にした: 土_外来受付 00:00-00:00（開始と終了が同じ）"
"3911395106650","09002","リウマチ科","1","09:00","12:00","09:00","12:00","09:00","12:00","09:00","12:00","09:00","12:00","09:00","12:00","","","","","08:30","11:00","08:30","11:00","08:30","11:00","08:30","11:00","08:30","11:00","08:30","11:00","","","","",""
"3911395106650","09002","リウマチ科","2","14:00","17:00","14:00","17:00","14:00","17:00","14:00","17:00","14:00","17:00","","","","","","","14:00","16:00","14:00","16:00","14:00","16:00","14:00","16:00","14:00","16:00","","","","","","","空欄にした: 土_診療 00:00-00:00（開始と終了が同じ） / 空欄にした: 土_外来受付 00:00-00:00（開始と終了が同じ）"
"3911395106650","09002","リウマチ科","3","","","","","","","","","","","","","","","","","","","","","","","","","","","","","","","","","空欄にした: 月_診療 00:00-00:00（開始と終了が同じ） / 空欄にした: 火_診療 00:00-00:00（開始と終了が同じ） / 空欄にした: 水_診療 00:00-00:00（開始と終了が同じ） / 空欄にした: 木_診療 00:00-00:00（開始と終了が同じ） / 空欄にした: 金_診療 00:00-00:00（開始と終了が同じ） / 空欄にした: 土_診療 00:00-00:00（開始と終了が同じ） / 空欄にした: 月_外来受付 00:00-00:00（開始と終了が同じ） / 空欄にした: 火_外来受付 00:00-00:00（開始と終了が同じ） / 空欄にした: 水_外来受付 00:00-00:00（開始と終了が同じ） / 空欄にした: 木_外来受付 00:00-00:00（開始と終了が同じ） / 空欄にした: 金_外来受付 00:00-00:00（開始と終了が同じ） / 空欄にした: 土_外来受付 00:00-00:00（開始と終了が同じ）"
"3911395106650","09003","リハビリテーション科","1","09:00","12:00","09:00","12:00","09:00","12:00","09:00","12:00","09:00","12:00","09:00","12:00","","","","","08:30","11:00","08:30","11:00","08:30","11:00","08:30","11:00","08:30","11:00","08:30","11:00","","","","",""
"3911395106650","09003","リハビリテーション科","2","14:00","17:00","14:00","17:00","14:00","17:00","14:00","17:00","14:00","17:00","","","","","","","14:00","16:00","14:00","16:00","14:00","16:00","14:00","16:00","14:00","16:00","","","","","","","空欄にした: 土_診療 00:00-00:00（開始と終了が同じ） / 空欄にした: 土_外来受付 00:00-00:00（開始と終了が同じ）"
"3911395106650","09003","リハビリテーション科","3","","","","","","","","","","","","","","","","","","","","","","","","","","","","","","","","","空欄にした: 月_診療 00:00-00:00（開始と終了が同じ） / 空欄にした: 火_診療 00:00-00:00（開始と終了が同じ） / 空欄にした: 水_診療 00:00-00:00（開始と終了が同じ） / 空欄にした: 木_診療 00:00-00:00（開始と終了が同じ） / 空欄にした: 金_診療 00:00-00:00（開始と終了が同じ） / 空欄にした: 土_診療 00:00-00:00（開始と終了が同じ） / 空欄にした: 月_外来受付 00:00-00:00（開始と終了が同じ） / 空欄にした: 火_外来受付 00:00-00:00（開始と終了が同じ） / 空欄にした: 水_外来受付 00:00-00:00（開始と終了が同じ） / 空欄にした: 木_外来受付 00:00-00:00（開始と終了が同じ） / 空欄にした: 金_外来受付 00:00-00:00（開始と終了が同じ） / 空欄にした: 土_外来受付 00:00-00:00（開始と終了が同じ）"
"3911395106650","09004","放射線科","1","09:00","12:00","09:00","12:00","09:00","12:00","09:00","12:00","09:00","12:00","09:00","12:00","","","","","08:30","11:00","08:30","11:00","08:30","11:00","08:30","11:00","08:30","11:00","08:30","11:00","","","","",""
"3911395106650","09004","放射線科","2","14:00","17:00","14:00","17:00","14:00","17:00","14:00","17:00","14:00","17:00","","","","","","","14:00","16:00","14:00","16:00","14:00","16:00","14:00","16:00","14:00","16:00","","","","","","","空欄にした: 土_診療 00:00-00:00（開始と終了が同じ） / 空欄にした: 土_外来受付 00:00-00:00（開始と終了が同じ）"
"3911395106650","09004","放射線科","3","","","","","","","","","","","","","","","","","","","","","","","","","","","","","","","","","空欄にした: 月_診療 00:00-00:00（開始と終了が同じ） / 空欄にした: 火_診療 00:00-00:00（開始と終了が同じ） / 空欄にした: 水_診療 00:00-00:00（開始と終了が同じ） / 空欄にした: 木_診療 00:00-00:00（開始と終了が同じ） / 空欄にした: 金_診療 00:00-00:00（開始と終了が同じ） / 空欄にした: 土_診療 00:00-00:00（開始と終了が同じ） / 空欄にした: 月_外来受付 00:00-00:00（開始と終了が同じ） / 空欄にした: 火_外来受付 00:00-00:00（開始と終了が同じ） / 空欄にした: 水_外来受付 00:00-00:00（開始と終了が同じ） / 空欄にした: 木_外来受付 00:00-00:00（開始と終了が同じ） / 空欄にした: 金_外来受付 00:00-00:00（開始と終了が同じ） / 空欄にした: 土_外来受付 00:00-00:00（開始と終了が同じ）"
"3911395106810","01001","内科","1","09:00","13:00","09:00","13:00","09:00","13:00","09:00","13:00","09:00","13:00","09:00","13:00","","","","","09:00","12:30","09:00","12:30","09:00","12:30","09:00","12:30","09:00","12:30","09:00","12:30","","","","",""
"3911395106810","01001","内科","2","14:00","17:00","14:00","17:00","","","14:00","17:00","14:00","17:00","","","","","","","14:00","16:30","14:00","16:30","","","14:00","16:30","14:00","16:30","","","","","","",""
"3911395106810","01001","内科","3","","","","","","","","","","","","","","","","","","","","","","","","","","","","","","","","",""
"3911395106810","01020","消化器内科","1","09:00","13:00","09:00","13:00","09:00","13:00","09:00","13:00","09:00","13:00","09:00","13:00","","","","","09:00","12:30","09:00","12:30","09:00","12:30","09:00","12:30","09:00","12:30","09:00","12:30","","","","",""
"3911395106810","01020","消化器内科","2","14:00","17:00","14:00","17:00","","","14:00","17:00","14:00","17:00","","","","","","","14:00","16:30","14:00","16:30","","","14:00","16:30","14:00","16:30","","","","","","",""
"3911395106810","01020","消化器内科","3","","","","","","","","","","","","","","","","","","","","","","","","","","","","","","","","",""
"3911395106810","02025","肛門外科","1","09:00","13:00","09:00","13:00","09:00","13:00","09:00","13:00","09:00","13:00","09:00","13:00","","","","","09:00","12:30","09:00","12:30","09:00","12:30","09:00","12:30","09:00","12:30","09:00","12:30","","","","",""
"3911395106810","02025","肛門外科","2","14:00","17:00","14:00","17:00","","","14:00","17:00","14:00","17:00","","","","","","","14:00","16:30","14:00","16:30","","","14:00","16:30","14:00","16:30","","","","","","",""
"3911395106810","02025","肛門外科","3","","","","","","","","","","","","","","","","","","","","","","","","","","","","","","","","",""
"3911395106810","06004","泌尿器科","1","09:00","13:00","09:00","13:00","","","09:00","13:00","09:00","13:00","09:00","13:00","","","","","09:00","12:30","09:00","12:30","","","09:00","12:30","09:00","12:30","09:00","12:30","","","","",""
"3911395106810","06004","泌尿器科","2","14:00","17:00","14:00","17:00","","","14:00","17:00","14:00","17:00","","","","","","","14:00","16:30","14:00","16:30","","","14:00","16:30","14:00","16:30","","","","","","",""
"3911395106810","06004","泌尿器科","3","09:00","17:00","09:00","17:00","","","09:00","17:00","09:00","17:00","09:00","13:00","","","","","","","","","","","","","","","","","","","","",""
"3911395106810","06005","男性泌尿器科","1","09:00","13:00","09:00","13:00","","","09:00","13:00","09:00","13:00","09:00","13:00","","","","","09:00","12:30","09:00","12:30","","","09:00","12:30","09:00","12:30","09:00","12:30","","","","",""
"3911395106810","06005","男性泌尿器科","2","14:00","17:00","14:00","17:00","","","14:00","17:00","14:00","17:00","","","","","","","14:00","16:30","14:00","16:30","","","14:00","16:30","14:00","16:30","","","","","","",""
"3911395106810","06005","男性泌尿器科","3","","","","","","","","","","","","","","","","","","","","","","","","","","","","","","","","",""
"3911395107080","01001","内科","1","","","09:00","12:00","","","09:00","12:00","","","","","","","","","","","07:00","11:30","","","07:00","11:30","","","","","","","","",""
"3911395107080","01001","内科","2","","","","","","","","","","","","","","","","","","","","","","","","","","","","","","","","",""
"3911395107080","01001","内科","3","","","","","","","","","","","","","","","","","","","","","","","","","","","","","","","","",""
"3911395107080","01032","ペインクリニック内科","1","09:00","12:00","","","","","09:00","12:00","","","","","","","","","07:00","11:30","","","","","07:00","11:30","","","","","","","","",""
"3911395107080","01032","ペインクリニック内科","2","","","","","14:00","17:00","","","","","","","","","","","","","","","12:00","17:00","","","","","","","","","","",""
"3911395107080","01032","ペインクリニック内科","3","","","","","","","","","","","","","","","","","","","","","","","","","","","","","","","","",""
"3911395107080","02035","整形外科","1","09:00","12:00","09:00","12:00","09:00","12:00","09:00","12:00","09:00","12:00","09:00","12:00","","","","","07:00","11:30","07:00","11:30","07:00","11:30","07:00","11:30","07:00","11:30","07:00","11:30","","","","",""
"3911395107080","02035","整形外科","2","14:00","17:00","14:00","17:00","14:00","17:00","14:00","17:00","14:00","17:00","","","","","","","12:00","17:00","12:00","17:00","12:00","17:00","12:00","17:00","12:00","17:00","","","","","","",""
"3911395107080","02035","整形外科","3","","","","","","","","","","","","","","","","","","","","","","","","","","","","","","","","",""
"3911395107080","09002","リウマチ科","1","","","09:00","12:00","","","09:00","12:00","","","09:00","12:00","","","","","","","07:00","11:30","","","07:00","11:30","","","09:00","12:00","","","","",""
"3911395107080","09002","リウマチ科","2","14:00","17:00","14:00","17:00","","","","","14:00","17:00","","","","","","","12:00","17:00","12:00","17:00","","","","","12:00","17:00","","","","","","",""
"3911395107080","09002","リウマチ科","3","","","","","","","","","","","","","","","","","","","","","","","","","","","","","","","","",""
"3911395107080","09003","リハビリテーション科","1","09:00","12:00","09:00","12:00","09:00","12:00","09:00","12:00","09:00","12:00","09:00","12:00","","","","","07:00","11:30","07:00","11:30","07:00","11:30","07:00","11:30","07:00","11:30","07:00","11:30","","","","",""
"3911395107080","09003","リハビリテーション科","2","14:00","17:00","14:00","17:00","14:00","17:00","14:00","17:00","14:00","17:00","","","","","","","12:00","17:00","12:00","17:00","12:00","17:00","12:00","17:00","12:00","17:00","","","","","","",""
"3911395107080","09003","リハビリテーション科","3","","","","","","","","","","","","","","","","","","","","","","","","","","","","","","","","",""
"3911395107080","09011","麻酔科","1","09:00","12:00","","","09:00","12:00","","","","","","","","","","","07:00","11:30","","","07:00","11:30","","","","","","","","","","",""
"3911395107080","09011","麻酔科","2","","","","","14:00","17:00","","","","","","","","","","","","","","","12:00","17:00","","","","","","","","","","",""
"3911395107080","09011","麻酔科","3","","","","","","","","","","","","","","","","","","","","","","","","","","","","","","","","",""
"3911395107400","01001","内科","1","09:00","12:30","09:00","12:30","09:00","12:30","09:00","12:30","09:00","12:30","09:00","12:30","","","","","08:30","12:00","08:30","12:00","08:30","12:00","08:30","12:00","08:30","12:00","08:30","12:00","","","","",""
"3911395107400","01001","内科","2","","","","","","","","","","","","","","","","","","","","","","","","","","","","","","","","",""
"3911395107400","01001","内科","3","","","","","","","","","","","","","","","","","","","","","","","","","","","","","","","","",""
"3911395107400","01014","呼吸器内科","1","09:00","12:30","09:00","12:30","09:00","12:30","09:00","12:30","09:00","12:30","09:00","12:30","","","","","08:30","12:00","08:30","12:00","08:30","12:00","08:30","12:00","08:30","12:00","08:30","12:00","","","","",""
"3911395107400","01014","呼吸器内科","2","","","","","","","","","","","","","","","","","","","","","","","","","","","","","","","","",""
"3911395107400","01014","呼吸器内科","3","","","","","","","","","","","","","","","","","","","","","","","","","","","","","","","","",""
"3911395107400","01017","循環器内科","1","09:00","12:30","09:00","12:30","09:00","12:30","09:00","12:30","09:00","12:30","09:00","12:30","","","","","08:30","12:00","08:30","12:00","08:30","12:00","08:30","12:00","08:30","12:00","08:30","12:00","","","","",""
"3911395107400","01017","循環器内科","2","","","","","","","","","","","","","","","","","","","","","","","","","","","","","","","","",""
"3911395107400","01017","循環器内科","3","","","","","","","","","","","","","","","","","","","","","","","","","","","","","","","","",""
"3911395107400","01020","消化器内科","1","09:00","12:30","09:00","12:30","09:00","12:30","09:00","12:30","09:00","12:30","09:00","12:30","","","","","08:30","12:00","08:30","12:00","08:30","12:00","08:30","12:00","08:30","12:00","08:30","12:00","","","","",""
"3911395107400","01020","消化器内科","2","","","","","","","","","","","","","","","","","","","","","","","","","","","","","","","","",""
"3911395107400","01020","消化器内科","3","","","","","","","","","","","","","","","","","","","","","","","","","","","","","","","","",""
"3911395107400","02001","外科","1","","","","","","","14:00","17:00","","","","","","","","","","","","","","","13:30","16:30","","","","","","","","",""
"3911395107400","02001","外科","2","","","","","","","","","","","","","","","","","","","","","","","","","","","","","","","","",""
"3911395107400","02001","外科","3","","","","","","","","","","","","","","","","","","","","","","","","","","","","","","","","",""
"3911395107400","02035","整形外科","1","09:00","12:30","09:00","12:30","09:00","12:30","09:00","12:30","09:00","12:30","","","","","","","08:30","12:00","08:30","12:00","08:30","12:00","08:30","12:00","08:30","12:00","","","","","","",""
"3911395107400","02035","整形外科","2","13:30","17:00","","","","","","","13:30","17:00","","","","","","","13:30","16:30","","","","","","","13:30","16:30","","","","","","",""
"3911395107400","02035","整形外科","3","","","","","","","","","","","","","","","","","","","","","","","","","","","","","","","","",""
"3911395107400","07001","精神科","1","","","","","","","","","","","","","","","","","","","","","","","","","","","","","","","","",""
"3911395107400","07001","精神科","2","","","","","","","","","","","","","","","","","","","","","","","","","","","","","","","","",""
"3911395107400","07001","精神科","3","","","","","","","","","","","","","","","","","","","","","","","","","","","","","","","","",""
"3911395107400","09003","リハビリテーション科","1","09:00","12:30","09:00","12:30","09:00","12:30","09:00","12:30","09:00","12:30","","","","","","","08:30","12:00","08:30","12:00","08:30","12:00","08:30","12:00","08:30","12:00","","","","","","",""
"3911395107400","09003","リハビリテーション科","2","13:30","17:00","","","","","13:30","17:00","13:30","17:00","","","","","","","13:30","16:30","","","","","13:30","16:30","13:30","16:30","","","","","","",""
"3911395107400","09003","リハビリテーション科","3","","","","","","","","","","","","","","","","","","","","","","","","","","","","","","","","",""
"3911395107400","09004","放射線科","1","09:00","12:30","09:00","12:30","09:00","12:30","09:00","12:30","09:00","12:30","09:00","12:30","","","","","08:30","12:00","08:30","12:00","08:30","12:00","08:30","12:00","08:30","12:00","08:30","12:00","","","","",""
"3911395107400","09004","放射線科","2","13:30","17:00","","","","","13:30","17:00","13:30","17:00","","","","","","","13:30","16:30","","","","","13:30","16:30","13:30","16:30","","","","","","",""
"3911395107400","09004","放射線科","3","","","","","","","","","","","","","","","","","","","","","","","","","","","","","","","","",""
"3911395107790","01001","内科","1","09:00","12:45","09:00","12:45","09:00","12:45","09:00","12:45","09:00","12:45","09:00","12:45","","","","","09:00","12:00","09:00","12:00","09:00","12:00","09:00","12:00","09:00","12:00","09:00","12:00","","","","",""
"3911395107790","01001","内科","2","14:00","17:30","14:00","17:30","14:00","17:30","14:00","17:30","14:00","17:30","","","","","","","14:00","17:00","14:00","17:00","14:00","17:00","14:00","17:00","14:00","17:00","","","","","","","空欄にした: 土_診療 00:00-00:00（開始と終了が同じ） / 空欄にした: 土_外来受付 00:00-00:00（開始と終了が同じ）"
"3911395107790","01001","内科","3","","","","","","","","","","","","","","","","","","","","","","","","","","","","","","","","","空欄にした: 月_診療 00:00-00:00（開始と終了が同じ） / 空欄にした: 火_診療 00:00-00:00（開始と終了が同じ） / 空欄にした: 水_診療 00:00-00:00（開始と終了が同じ） / 空欄にした: 木_診療 00:00-00:00（開始と終了が同じ） / 空欄にした: 金_診療 00:00-00:00（開始と終了が同じ） / 空欄にした: 土_診療 00:00-00:00（開始と終了が同じ） / 空欄にした: 月_外来受付 00:00-00:00（開始と終了が同じ） / 空欄にした: 火_外来受付 00:00-00:00（開始と終了が同じ） / 空欄にした: 水_外来受付 00:00-00:00（開始と終了が同じ） / 空欄にした: 木_外来受付 00:00-00:00（開始と終了が同じ） / 空欄にした: 金_外来受付 00:00-00:00（開始と終了が同じ） / 空欄にした: 土_外来受付 00:00-00:00（開始と終了が同じ）"
"3911395107790","01017","循環器内科","1","","","","","09:00","12:45","","","09:00","12:45","","","","","","","","","","","09:00","12:00","","","09:00","12:00","","","","","","","空欄にした: 月_診療 00:00-00:00（開始と終了が同じ） / 空欄にした: 火_診療 00:00-00:00（開始と終了が同じ） / 空欄にした: 木_診療 00:00-00:00（開始と終了が同じ） / 空欄にした: 土_診療 00:00-00:00（開始と終了が同じ） / 空欄にした: 月_外来受付 00:00-00:00（開始と終了が同じ） / 空欄にした: 火_外来受付 00:00-00:00（開始と終了が同じ） / 空欄にした: 木_外来受付 00:00-00:00（開始と終了が同じ） / 空欄にした: 土_外来受付 00:00-00:00（開始と終了が同じ）"
"3911395107790","01017","循環器内科","2","14:00","17:30","","","","","14:00","17:30","","","","","","","","","14:00","17:00","","","","","14:00","17:00","","","","","","","","","空欄にした: 火_診療 00:00-00:00（開始と終了が同じ） / 空欄にした: 水_診療 00:00-00:00（開始と終了が同じ） / 空欄にした: 金_診療 00:00-00:00（開始と終了が同じ） / 空欄にした: 土_診療 00:00-00:00（開始と終了が同じ） / 空欄にした: 火_外来受付 00:00-00:00（開始と終了が同じ） / 空欄にした: 水_外来受付 00:00-00:00（開始と終了が同じ） / 空欄にした: 金_外来受付 00:00-00:00（開始と終了が同じ） / 空欄にした: 土_外来受付 00:00-00:00（開始と終了が同じ）"
"3911395107790","01017","循環器内科","3","","","","","","","","","","","","","","","","","","","","","","","","","","","","","","","","","空欄にした: 月_診療 00:00-00:00（開始と終了が同じ） / 空欄にした: 火_診療 00:00-00:00（開始と終了が同じ） / 空欄にした: 水_診療 00:00-00:00（開始と終了が同じ） / 空欄にした: 木_診療 00:00-00:00（開始と終了が同じ） / 空欄にした: 金_診療 00:00-00:00（開始と終了が同じ） / 空欄にした: 土_診療 00:00-00:00（開始と終了が同じ） / 空欄にした: 月_外来受付 00:00-00:00（開始と終了が同じ） / 空欄にした: 火_外来受付 00:00-00:00（開始と終了が同じ） / 空欄にした: 水_外来受付 00:00-00:00（開始と終了が同じ） / 空欄にした: 木_外来受付 00:00-00:00（開始と終了が同じ） / 空欄にした: 金_外来受付 00:00-00:00（開始と終了が同じ） / 空欄にした: 土_外来受付 00:00-00:00（開始と終了が同じ）"
"3911395107790","01020","消化器内科","1","09:00","12:45","09:00","12:45","","","09:00","12:45","09:00","12:45","09:00","12:45","","","","","09:00","12:00","09:00","12:00","","","09:00","12:00","09:00","12:00","09:00","12:00","","","","","空欄にした: 水_診療 00:00-00:00（開始と終了が同じ） / 空欄にした: 水_外来受付 00:00-00:00（開始と終了が同じ）"
"3911395107790","01020","消化器内科","2","","","14:00","17:30","14:00","17:30","","","14:00","17:30","","","","","","","","","14:00","17:00","14:00","17:00","","","14:00","17:00","","","","","","","空欄にした: 月_診療 00:00-00:00（開始と終了が同じ） / 空欄にした: 木_診療 00:00-00:00（開始と終了が同じ） / 空欄にした: 土_診療 00:00-00:00（開始と終了が同じ） / 空欄にした: 月_外来受付 00:00-00:00（開始と終了が同じ） / 空欄にした: 木_外来受付 00:00-00:00（開始と終了が同じ） / 空欄にした: 土_外来受付 00:00-00:00（開始と終了が同じ）"
"3911395107790","01020","消化器内科","3","","","","","","","","","","","","","","","","","","","","","","","","","","","","","","","","","空欄にした: 月_診療 00:00-00:00（開始と終了が同じ） / 空欄にした: 火_診療 00:00-00:00（開始と終了が同じ） / 空欄にした: 水_診療 00:00-00:00（開始と終了が同じ） / 空欄にした: 木_診療 00:00-00:00（開始と終了が同じ） / 空欄にした: 金_診療 00:00-00:00（開始と終了が同じ） / 空欄にした: 土_診療 00:00-00:00（開始と終了が同じ） / 空欄にした: 月_外来受付 00:00-00:00（開始と終了が同じ） / 空欄にした: 火_外来受付 00:00-00:00（開始と終了が同じ） / 空欄にした: 水_外来受付 00:00-00:00（開始と終了が同じ） / 空欄にした: 木_外来受付 00:00-00:00（開始と終了が同じ） / 空欄にした: 金_外来受付 00:00-00:00（開始と終了が同じ） / 空欄にした: 土_外来受付 00:00-00:00（開始と終了が同じ）"
"3911395107790","01021","胃腸内科","1","09:00","12:45","09:00","12:45","","","09:00","12:45","09:00","12:45","09:00","12:45","","","","","09:00","12:00","09:00","12:00","","","09:00","12:00","09:00","12:00","09:00","12:00","","","","","空欄にした: 水_診療 00:00-00:00（開始と終了が同じ） / 空欄にした: 水_外来受付 00:00-00:00（開始と終了が同じ）"
"3911395107790","01021","胃腸内科","2","","","14:00","17:30","14:00","17:30","","","14:00","17:30","","","","","","","","","14:00","17:00","14:00","17:00","","","14:00","17:00","","","","","","","空欄にした: 月_診療 00:00-00:00（開始と終了が同じ） / 空欄にした: 木_診療 00:00-00:00（開始と終了が同じ） / 空欄にした: 土_診療 00:00-00:00（開始と終了が同じ） / 空欄にした: 月_外来受付 00:00-00:00（開始と終了が同じ） / 空欄にした: 木_外来受付 00:00-00:00（開始と終了が同じ） / 空欄にした: 土_外来受付 00:00-00:00（開始と終了が同じ）"
"3911395107790","01021","胃腸内科","3","","","","","","","","","","","","","","","","","","","","","","","","","","","","","","","","","空欄にした: 月_診療 00:00-00:00（開始と終了が同じ） / 空欄にした: 火_診療 00:00-00:00（開始と終了が同じ） / 空欄にした: 水_診療 00:00-00:00（開始と終了が同じ） / 空欄にした: 木_診療 00:00-00:00（開始と終了が同じ） / 空欄にした: 金_診療 00:00-00:00（開始と終了が同じ） / 空欄にした: 土_診療 00:00-00:00（開始と終了が同じ） / 空欄にした: 月_外来受付 00:00-00:00（開始と終了が同じ） / 空欄にした: 火_外来受付 00:00-00:00（開始と終了が同じ） / 空欄にした: 水_外来受付 00:00-00:00（開始と終了が同じ） / 空欄にした: 木_外来受付 00:00-00:00（開始と終了が同じ） / 空欄にした: 金_外来受付 00:00-00:00（開始と終了が同じ） / 空欄にした: 土_外来受付 00:00-00:00（開始と終了が同じ）"
"3911395107790","01991","肛門内科","1","","","","","","","","","","","","","","","","","","","","","","","","","","","","","","","","",""
"3911395107790","01991","肛門内科","2","","","","","","","","","","","","","","","","","","","","","","","","","","","","","","","","",""
"3911395107790","01991","肛門内科","3","","","","","","","","","","","","","","","","","","","","","","","","","","","","","","","","",""
"3911395107790","02035","整形外科","1","09:00","12:45","09:00","12:45","09:00","12:45","","","09:00","12:45","09:00","12:45","","","","","09:00","11:45","09:00","11:45","09:00","11:45","","","09:00","11:45","09:00","11:45","","","","","空欄にした: 木_診療 00:00-00:00（開始と終了が同じ） / 空欄にした: 木_外来受付 00:00-00:00（開始と終了が同じ）"
"3911395107790","02035","整形外科","2","14:00","17:30","","","14:00","17:30","","","14:00","17:30","","","","","","","14:00","17:00","","","14:00","17:00","","","14:00","17:00","","","","","","","空欄にした: 火_診療 00:00-00:00（開始と終了が同じ） / 空欄にした: 木_診療 00:00-00:00（開始と終了が同じ） / 空欄にした: 土_診療 00:00-00:00（開始と終了が同じ） / 空欄にした: 火_外来受付 00:00-00:00（開始と終了が同じ） / 空欄にした: 木_外来受付 00:00-00:00（開始と終了が同じ） / 空欄にした: 土_外来受付 00:00-00:00（開始と終了が同じ）"
"3911395107790","02035","整形外科","3","","","","","","","","","","","","","","","","","","","","","","","","","","","","","","","","","空欄にした: 月_診療 00:00-00:00（開始と終了が同じ） / 空欄にした: 火_診療 00:00-00:00（開始と終了が同じ） / 空欄にした: 水_診療 00:00-00:00（開始と終了が同じ） / 空欄にした: 木_診療 00:00-00:00（開始と終了が同じ） / 空欄にした: 金_診療 00:00-00:00（開始と終了が同じ） / 空欄にした: 土_診療 00:00-00:00（開始と終了が同じ） / 空欄にした: 月_外来受付 00:00-00:00（開始と終了が同じ） / 空欄にした: 火_外来受付 00:00-00:00（開始と終了が同じ） / 空欄にした: 水_外来受付 00:00-00:00（開始と終了が同じ） / 空欄にした: 木_外来受付 00:00-00:00（開始と終了が同じ） / 空欄にした: 金_外来受付 00:00-00:00（開始と終了が同じ） / 空欄にした: 土_外来受付 00:00-00:00（開始と終了が同じ）"
"3911395107790","09002","リウマチ科","1","09:00","12:45","09:00","12:45","09:00","12:45","","","09:00","12:45","09:00","12:45","","","","","09:00","11:45","09:00","11:45","09:00","11:45","","","09:00","11:45","09:00","11:45","","","","","空欄にした: 木_診療 00:00-00:00（開始と終了が同じ） / 空欄にした: 木_外来受付 00:00-00:00（開始と終了が同じ）"
"3911395107790","09002","リウマチ科","2","14:00","17:30","","","14:00","17:30","","","14:00","17:30","","","","","","","14:00","17:00","","","14:00","17:00","","","14:00","17:00","","","","","","","空欄にした: 火_診療 00:00-00:00（開始と終了が同じ） / 空欄にした: 木_診療 00:00-00:00（開始と終了が同じ） / 空欄にした: 土_診療 00:00-00:00（開始と終了が同じ） / 空欄にした: 火_外来受付 00:00-00:00（開始と終了が同じ） / 空欄にした: 木_外来受付 00:00-00:00（開始と終了が同じ） / 空欄にした: 土_外来受付 00:00-00:00（開始と終了が同じ）"
"3911395107790","09002","リウマチ科","3","","","","","","","","","","","","","","","","","","","","","","","","","","","","","","","","","空欄にした: 月_診療 00:00-00:00（開始と終了が同じ） / 空欄にした: 火_診療 00:00-00:00（開始と終了が同じ） / 空欄にした: 水_診療 00:00-00:00（開始と終了が同じ） / 空欄にした: 木_診療 00:00-00:00（開始と終了が同じ） / 空欄にした: 金_診療 00:00-00:00（開始と終了が同じ） / 空欄にした: 土_診療 00:00-00:00（開始と終了が同じ） / 空欄にした: 月_外来受付 00:00-00:00（開始と終了が同じ） / 空欄にした: 火_外来受付 00:00-00:00（開始と終了が同じ） / 空欄にした: 水_外来受付 00:00-00:00（開始と終了が同じ） / 空欄にした: 木_外来受付 00:00-00:00（開始と終了が同じ） / 空欄にした: 金_外来受付 00:00-00:00（開始と終了が同じ） / 空欄にした: 土_外来受付 00:00-00:00（開始と終了が同じ）"
"3911395107790","09003","リハビリテーション科","1","09:00","12:45","09:00","12:45","09:00","12:45","","","09:00","12:45","09:00","12:45","","","","","09:00","11:45","09:00","11:45","09:00","11:45","","","09:00","11:45","09:00","11:45","","","","","空欄にした: 木_診療 00:00-00:00（開始と終了が同じ） / 空欄にした: 木_外来受付 00:00-00:00（開始と終了が同じ）"
"3911395107790","09003","リハビリテーション科","2","14:00","17:30","","","14:00","17:30","","","14:00","17:30","","","","","","","14:00","17:00","","","14:00","17:00","","","14:00","17:00","","","","","","","空欄にした: 火_診療 00:00-00:00（開始と終了が同じ） / 空欄にした: 木_診療 00:00-00:00（開始と終了が同じ） / 空欄にした: 土_診療 00:00-00:00（開始と終了が同じ） / 空欄にした: 火_外来受付 00:00-00:00（開始と終了が同じ） / 空欄にした: 木_外来受付 00:00-00:00（開始と終了が同じ） / 空欄にした: 土_外来受付 00:00-00:00（開始と終了が同じ）"
"3911395107790","09003","リハビリテーション科","3","","","","","","","","","","","","","","","","","","","","","","","","","","","","","","","","","空欄にした: 月_診療 00:00-00:00（開始と終了が同じ） / 空欄にした: 火_診療 00:00-00:00（開始と終了が同じ） / 空欄にした: 水_診療 00:00-00:00（開始と終了が同じ） / 空欄にした: 木_診療 00:00-00:00（開始と終了が同じ） / 空欄にした: 金_診療 00:00-00:00（開始と終了が同じ） / 空欄にした: 土_診療 00:00-00:00（開始と終了が同じ） / 空欄にした: 月_外来受付 00:00-00:00（開始と終了が同じ） / 空欄にした: 火_外来受付 00:00-00:00（開始と終了が同じ） / 空欄にした: 水_外来受付 00:00-00:00（開始と終了が同じ） / 空欄にした: 木_外来受付 00:00-00:00（開始と終了が同じ） / 空欄にした: 金_外来受付 00:00-00:00（開始と終了が同じ） / 空欄にした: 土_外来受付 00:00-00:00（開始と終了が同じ）"
"3911395108120","01001","内科","1","08:30","12:30","08:30","12:30","08:30","12:30","08:30","12:30","08:30","12:30","08:30","12:30","","","","","08:30","12:20","08:30","12:20","08:30","12:20","08:30","12:20","08:30","12:20","08:30","12:20","","","","",""
"3911395108120","01001","内科","2","14:00","17:00","14:00","17:00","14:00","17:00","14:00","17:00","14:00","17:00","","","","","","","14:00","16:40","14:00","16:40","14:00","16:40","14:00","16:40","14:00","16:40","","","","","","",""
"3911395108120","01001","内科","3","","","","","","","","","","","","","","","","","","","","","","","","","","","","","","","","",""
"3911395108120","01011","糖尿病・代謝内科","1","08:30","12:30","08:30","12:30","08:30","12:30","08:30","12:30","08:30","12:30","08:30","12:30","","","","","08:30","12:20","08:30","12:20","08:30","12:20","08:30","12:20","08:30","12:20","08:30","12:20","","","","",""
"3911395108120","01011","糖尿病・代謝内科","2","14:00","17:00","14:00","17:00","14:00","17:00","14:00","17:00","14:00","17:00","","","","","","","14:00","16:40","14:00","16:40","14:00","16:40","14:00","16:40","14:00","16:40","","","","","","",""
"3911395108120","01011","糖尿病・代謝内科","3","","","","","","","","","","","","","","","","","","","","","","","","","","","","","","","","",""
"3911395108120","01014","呼吸器内科","1","08:30","12:30","08:30","12:30","08:30","12:30","08:30","12:30","08:30","12:30","08:30","12:30","","","","","08:30","12:20","08:30","12:20","08:30","12:20","08:30","12:20","08:30","12:20","08:30","12:20","","","","",""
"3911395108120","01014","呼吸器内科","2","14:00","17:00","14:00","17:00","14:00","17:00","14:00","17:00","14:00","17:00","","","","","","","14:00","16:40","14:00","16:40","14:00","16:40","14:00","16:40","14:00","16:40","","","","","","",""
"3911395108120","01014","呼吸器内科","3","","","","","","","","","","","","","","","","","","","","","","","","","","","","","","","","",""
"3911395108120","01017","循環器内科","1","08:30","12:30","08:30","12:30","08:30","12:30","08:30","12:30","08:30","12:30","08:30","12:30","","","","","08:30","12:20","08:30","12:20","08:30","12:20","08:30","12:20","08:30","12:20","08:30","12:20","","","","",""
"3911395108120","01017","循環器内科","2","14:00","17:00","14:00","17:00","14:00","17:00","14:00","17:00","14:00","17:00","","","","","","","14:00","16:40","14:00","16:40","14:00","16:40","14:00","16:40","14:00","16:40","","","","","","",""
"3911395108120","01017","循環器内科","3","","","","","","","","","","","","","","","","","","","","","","","","","","","","","","","","",""
"3911395108120","01020","消化器内科","1","08:30","12:30","08:30","12:30","08:30","12:30","08:30","12:30","08:30","12:30","08:30","12:30","","","","","08:30","12:20","08:30","12:20","08:30","12:20","08:30","12:20","08:30","12:20","08:30","12:20","","","","",""
"3911395108120","01020","消化器内科","2","14:00","17:00","14:00","17:00","14:00","17:00","14:00","17:00","14:00","17:00","","","","","","","14:00","16:40","14:00","16:40","14:00","16:40","14:00","16:40","14:00","16:40","","","","","","",""
"3911395108120","01020","消化器内科","3","","","","","","","","","","","","","","","","","","","","","","","","","","","","","","","","",""
"3911395108120","01022","腎臓内科","1","08:30","12:30","08:30","12:30","08:30","12:30","08:30","12:30","08:30","12:30","08:30","12:30","","","","","08:30","12:20","08:30","12:20","08:30","12:20","08:30","12:20","08:30","12:20","08:30","12:20","","","","",""
"3911395108120","01022","腎臓内科","2","14:00","17:00","14:00","17:00","14:00","17:00","14:00","17:00","14:00","17:00","","","","","","","14:00","16:40","14:00","16:40","14:00","16:40","14:00","16:40","14:00","16:40","","","","","","",""
"3911395108120","01022","腎臓内科","3","","","","","","","","","","","","","","","","","","","","","","","","","","","","","","","","",""
"3911395108120","02001","外科","1","09:00","12:00","09:00","12:00","09:00","12:00","09:00","12:00","09:00","12:00","09:00","12:00","","","","","09:00","12:00","09:00","12:00","09:00","12:00","09:00","12:00","09:00","12:00","09:00","12:00","","","","",""
"3911395108120","02001","外科","2","","","","","","","","","","","","","","","","","","","","","","","","","","","","","","","","",""
"3911395108120","02001","外科","3","","","","","","","","","","","","","","","","","","","","","","","","","","","","","","","","",""
"3911395108120","02008","血管外科","1","09:00","12:00","","","09:00","12:00","","","","","09:00","12:00","","","","","09:00","12:00","","","09:00","12:00","","","","","09:00","12:00","","","","",""
"3911395108120","02008","血管外科","2","","","","","","","","","","","","","","","","","","","","","","","","","","","","","","","","",""
"3911395108120","02008","血管外科","3","","","","","","","","","","","","","","","","","","","","","","","","","","","","","","","","",""
"3911395108120","09003","リハビリテーション科","1","08:30","12:30","08:30","12:30","08:30","12:30","08:30","12:30","08:30","12:30","08:30","12:30","","","","","08:30","12:20","08:30","12:20","08:30","12:20","08:30","12:20","08:30","12:20","08:30","12:20","","","","",""
"3911395108120","09003","リハビリテーション科","2","14:00","17:00","14:00","17:00","14:00","17:00","14:00","17:00","14:00","17:00","","","","","","","14:00","16:40","14:00","16:40","14:00","16:40","14:00","16:40","14:00","16:40","","","","","","",""
"3911395108120","09003","リハビリテーション科","3","","","","","","","","","","","","","","","","","","","","","","","","","","","","","","","","",""
"3911395108120","09004","放射線科","1","08:30","12:30","08:30","12:30","08:30","12:30","08:30","12:30","08:30","12:30","08:30","12:30","","","","","08:30","12:20","08:30","12:20","08:30","12:20","08:30","12:20","08:30","12:20","08:30","12:20","","","","",""
"3911395108120","09004","放射線科","2","14:00","17:00","14:00","17:00","14:00","17:00","14:00","17:00","14:00","17:00","","","","","","","14:00","16:40","14:00","16:40","14:00","16:40","14:00","16:40","14:00","16:40","","","","","","",""
"3911395108120","09004","放射線科","3","","","","","","","","","","","","","","","","","","","","","","","","","","","","","","","","",""
"3911395108410","01001","内科","1","09:00","12:00","09:00","12:00","09:00","12:00","09:00","12:00","09:00","12:00","","","","","","","09:00","11:30","09:00","11:30","09:00","11:30","09:00","11:30","09:00","11:30","","","","","","",""
"3911395108410","01001","内科","2","","","","","","","","","","","","","","","","","","","","","","","","","","","","","","","","",""
"3911395108410","01001","内科","3","","","","","","","","","","","","","","","","","","","","","","","","","","","","","","","","",""
"3911395108410","07001","精神科","1","09:00","12:00","09:00","12:00","09:00","12:00","09:00","12:00","09:00","12:00","","","","","","","09:00","11:30","09:00","11:30","09:00","11:30","09:00","11:30","09:00","11:30","","","","","","",""
"3911395108410","07001","精神科","2","","","","","","","","","","","","","","","","","","","","","","","","","","","","","","","","",""
"3911395108410","07001","精神科","3","","","","","","","","","","","","","","","","","","","","","","","","","","","","","","","","",""
"3911395108410","07003","心療内科","1","09:00","12:00","09:00","12:00","09:00","12:00","09:00","12:00","09:00","12:00","","","","","","","09:00","11:30","09:00","11:30","09:00","11:30","09:00","11:30","09:00","11:30","","","","","","",""
"3911395108410","07003","心療内科","2","","","","","","","","","","","","","","","","","","","","","","","","","","","","","","","","",""
"3911395108410","07003","心療内科","3","","","","","","","","","","","","","","","","","","","","","","","","","","","","","","","","",""
"3911395108410","07004","老年精神科","1","09:00","12:00","09:00","12:00","09:00","12:00","09:00","12:00","09:00","12:00","","","","","","","09:00","11:30","09:00","11:30","09:00","11:30","09:00","11:30","09:00","11:30","","","","","","",""
"3911395108410","07004","老年精神科","2","","","","","","","","","","","","","","","","","","","","","","","","","","","","","","","","",""
"3911395108410","07004","老年精神科","3","","","","","","","","","","","","","","","","","","","","","","","","","","","","","","","","",""
"3911395108410","09003","リハビリテーション科","1","09:00","12:00","09:00","12:00","09:00","12:00","09:00","12:00","09:00","12:00","","","","","","","09:00","11:30","09:00","11:30","09:00","11:30","09:00","11:30","09:00","11:30","","","","","","",""
"3911395108410","09003","リハビリテーション科","2","","","","","","","","","","","","","","","","","","","","","","","","","","","","","","","","",""
"3911395108410","09003","リハビリテーション科","3","","","","","","","","","","","","","","","","","","","","","","","","","","","","","","","","",""
"3911395108620","01001","内科","1","08:30","12:30","08:30","12:30","08:30","12:30","08:30","12:30","08:30","12:30","08:30","12:30","","","","","08:30","11:30","08:30","11:30","08:30","11:30","08:30","11:30","08:30","11:30","08:30","11:30","","","","",""
"3911395108620","01001","内科","2","13:30","17:00","13:30","17:00","13:30","17:00","13:30","17:00","13:30","17:00","","","","","","","13:30","16:30","13:30","16:30","13:30","16:30","13:30","16:30","13:30","16:30","","","","","","",""
"3911395108620","01001","内科","3","","","","","","","","","","","","","","","","","","","","","","","","","","","","","","","","",""
"3911395108620","01013","脳神経内科","1","08:30","12:30","08:30","12:30","08:30","12:30","08:30","12:30","08:30","12:30","08:30","12:30","","","","","08:30","11:30","08:30","11:30","08:30","11:30","08:30","11:30","08:30","11:30","08:30","11:30","","","","",""
"3911395108620","01013","脳神経内科","2","13:30","17:00","","","13:30","17:00","13:30","17:00","","","","","","","","","13:30","16:30","","","13:30","16:30","13:30","16:30","","","","","","","","",""
"3911395108620","01013","脳神経内科","3","","","","","","","","","","","","","","","","","","","","","","","","","","","","","","","","",""
"3911395108620","01020","消化器内科","1","08:30","12:30","08:30","12:30","08:30","12:30","08:30","12:30","08:30","12:30","08:30","12:30","","","","","08:30","11:30","08:30","11:30","08:30","11:30","08:30","11:30","08:30","11:30","08:30","11:30","","","","",""
"3911395108620","01020","消化器内科","2","13:30","17:00","13:30","17:00","13:30","17:00","13:30","17:00","13:30","17:00","","","","","","","13:30","16:30","13:30","16:30","13:30","16:30","13:30","16:30","13:30","16:30","","","","","","",""
"3911395108620","01020","消化器内科","3","","","","","","","","","","","","","","","","","","","","","","","","","","","","","","","","",""
"3911395108620","07001","精神科","1","08:30","12:30","08:30","12:30","08:30","12:30","08:30","12:30","08:30","12:30","08:30","12:30","","","","","08:30","11:30","08:30","11:30","08:30","11:30","08:30","11:30","08:30","11:30","08:30","11:30","","","","",""
"3911395108620","07001","精神科","2","13:30","17:00","13:30","17:00","13:30","17:00","13:30","17:00","13:30","17:00","","","","","","","13:30","16:30","13:30","16:30","13:30","16:30","13:30","16:30","13:30","16:30","","","","","","",""
"3911395108620","07001","精神科","3","","","","","","","","","","","","","","","","","","","","","","","","","","","","","","","","",""
"3911395108620","09003","リハビリテーション科","1","","","","","","","","","","","","","","","","","","","","","","","","","","","","","","","","",""
"3911395108620","09003","リハビリテーション科","2","","","","","","","","","","","","","","","","","","","","","","","","","","","","","","","","",""
"3911395108620","09003","リハビリテーション科","3","","","","","","","","","","","","","","","","","","","","","","","","","","","","","","","","",""
"3911395108620","09004","放射線科","1","","","","","","","","","","","","","","","","","","","","","","","","","","","","","","","","",""
"3911395108620","09004","放射線科","2","","","","","","","","","","","","","","","","","","","","","","","","","","","","","","","","",""
"3911395108620","09004","放射線科","3","","","","","","","","","","","","","","","","","","","","","","","","","","","","","","","","",""
"3911395108700","01001","内科","1","09:00","12:00","09:00","12:00","09:00","12:00","09:00","12:00","09:00","12:00","09:00","12:00","","","","","08:30","11:30","08:30","11:30","08:30","11:30","08:30","11:30","08:30","11:30","08:30","11:30","","","","",""
"3911395108700","01001","内科","2","13:00","17:00","13:00","17:00","13:00","17:00","13:00","17:00","13:00","17:00","","","","","","","12:30","16:30","12:30","16:30","12:30","16:30","12:30","16:30","12:30","16:30","","","","","","","空欄にした: 土_診療 00:00-00:00（開始と終了が同じ） / 空欄にした: 土_外来受付 00:00-00:00（開始と終了が同じ）"
"3911395108700","01001","内科","3","","","","","","","","","","","","","","","","","","","","","","","","","","","","","","","","","空欄にした: 月_診療 00:00-00:00（開始と終了が同じ） / 空欄にした: 火_診療 00:00-00:00（開始と終了が同じ） / 空欄にした: 水_診療 00:00-00:00（開始と終了が同じ） / 空欄にした: 木_診療 00:00-00:00（開始と終了が同じ） / 空欄にした: 金_診療 00:00-00:00（開始と終了が同じ） / 空欄にした: 土_診療 00:00-00:00（開始と終了が同じ） / 空欄にした: 月_外来受付 00:00-00:00（開始と終了が同じ） / 空欄にした: 火_外来受付 00:00-00:00（開始と終了が同じ） / 空欄にした: 水_外来受付 00:00-00:00（開始と終了が同じ） / 空欄にした: 木_外来受付 00:00-00:00（開始と終了が同じ） / 空欄にした: 金_外来受付 00:00-00:00（開始と終了が同じ） / 空欄にした: 土_外来受付 00:00-00:00（開始と終了が同じ）"
"3911395108700","01017","循環器内科","1","","","","","","","","","","","","","","","","","","","","","","","","","","","","","","","","",""
"3911395108700","01017","循環器内科","2","","","","","","","","","","","","","","","","","","","","","","","","","","","","","","","","",""
"3911395108700","01017","循環器内科","3","","","","","","","","","","","","","","","","","","","","","","","","","","","","","","","","",""
"3911395108700","01020","消化器内科","1","","","10:00","12:00","","","10:00","12:00","","","","","","","","","","","08:30","11:30","","","08:30","11:30","","","","","","","","","空欄にした: 月_診療 00:00-00:00（開始と終了が同じ） / 空欄にした: 水_診療 00:00-00:00（開始と終了が同じ） / 空欄にした: 金_診療 00:00-00:00（開始と終了が同じ） / 空欄にした: 土_診療 00:00-00:00（開始と終了が同じ） / 空欄にした: 月_外来受付 00:00-00:00（開始と終了が同じ） / 空欄にした: 水_外来受付 00:00-00:00（開始と終了が同じ） / 空欄にした: 金_外来受付 00:00-00:00（開始と終了が同じ） / 空欄にした: 土_外来受付 00:00-00:00（開始と終了が同じ）"
"3911395108700","01020","消化器内科","2","","","","","","","","","","","","","","","","","","","","","","","","","","","","","","","","","空欄にした: 月_診療 00:00-00:00（開始と終了が同じ） / 空欄にした: 火_診療 00:00-00:00（開始と終了が同じ） / 空欄にした: 水_診療 00:00-00:00（開始と終了が同じ） / 空欄にした: 木_診療 00:00-00:00（開始と終了が同じ） / 空欄にした: 金_診療 00:00-00:00（開始と終了が同じ） / 空欄にした: 土_診療 00:00-00:00（開始と終了が同じ） / 空欄にした: 月_外来受付 00:00-00:00（開始と終了が同じ） / 空欄にした: 火_外来受付 00:00-00:00（開始と終了が同じ） / 空欄にした: 水_外来受付 00:00-00:00（開始と終了が同じ） / 空欄にした: 木_外来受付 00:00-00:00（開始と終了が同じ） / 空欄にした: 金_外来受付 00:00-00:00（開始と終了が同じ） / 空欄にした: 土_外来受付 00:00-00:00（開始と終了が同じ）"
"3911395108700","01020","消化器内科","3","","","","","","","","","","","","","","","","","","","","","","","","","","","","","","","","","空欄にした: 月_診療 00:00-00:00（開始と終了が同じ） / 空欄にした: 火_診療 00:00-00:00（開始と終了が同じ） / 空欄にした: 水_診療 00:00-00:00（開始と終了が同じ） / 空欄にした: 木_診療 00:00-00:00（開始と終了が同じ） / 空欄にした: 金_診療 00:00-00:00（開始と終了が同じ） / 空欄にした: 土_診療 00:00-00:00（開始と終了が同じ） / 空欄にした: 月_外来受付 00:00-00:00（開始と終了が同じ） / 空欄にした: 火_外来受付 00:00-00:00（開始と終了が同じ） / 空欄にした: 水_外来受付 00:00-00:00（開始と終了が同じ） / 空欄にした: 木_外来受付 00:00-00:00（開始と終了が同じ） / 空欄にした: 金_外来受付 00:00-00:00（開始と終了が同じ） / 空欄にした: 土_外来受付 00:00-00:00（開始と終了が同じ）"
"3911395108700","02001","外科","1","09:00","12:00","09:00","12:00","09:00","12:00","09:00","12:00","09:00","12:00","09:00","12:00","","","","","08:30","11:30","08:30","11:30","08:30","11:30","08:30","11:30","08:30","11:30","08:30","11:30","","","","",""
"3911395108700","02001","外科","2","13:00","17:00","13:00","17:00","13:00","17:00","13:00","17:00","13:00","17:00","","","","","","","12:30","16:30","","","12:30","16:30","12:30","16:30","12:30","16:30","","","","","","","空欄にした: 土_診療 00:00-00:00（開始と終了が同じ） / 空欄にした: 火_外来受付 12:30-12:30（開始と終了が同じ） / 空欄にした: 土_外来受付 00:00-00:00（開始と終了が同じ）"
"3911395108700","02001","外科","3","","","","","","","","","","","","","","","","","","","","","","","","","","","","","","","","","空欄にした: 月_診療 00:00-00:00（開始と終了が同じ） / 空欄にした: 火_診療 00:00-00:00（開始と終了が同じ） / 空欄にした: 水_診療 00:00-00:00（開始と終了が同じ） / 空欄にした: 木_診療 00:00-00:00（開始と終了が同じ） / 空欄にした: 金_診療 00:00-00:00（開始と終了が同じ） / 空欄にした: 土_診療 00:00-00:00（開始と終了が同じ） / 空欄にした: 月_外来受付 00:00-00:00（開始と終了が同じ） / 空欄にした: 火_外来受付 00:00-00:00（開始と終了が同じ） / 空欄にした: 水_外来受付 00:00-00:00（開始と終了が同じ） / 空欄にした: 木_外来受付 00:00-00:00（開始と終了が同じ） / 空欄にした: 金_外来受付 00:00-00:00（開始と終了が同じ） / 空欄にした: 土_外来受付 00:00-00:00（開始と終了が同じ）"
"3911395108700","02002","脳神経外科","1","","","","","","","","","","","","","","","","","","","","","","","","","","","","","","","","",""
"3911395108700","02002","脳神経外科","2","","","","","","","","","","","","","","","","","","","","","","","","","","","","","","","","",""
"3911395108700","02002","脳神経外科","3","","","","","","","","","","","","","","","","","","","","","","","","","","","","","","","","",""
"3911395108700","02035","整形外科","1","09:30","12:30","","","","","10:00","12:00","","","09:00","12:00","","","","","08:30","12:00","","","","","08:30","11:30","","","08:30","11:30","","","","","空欄にした: 火_診療 00:00-00:00（開始と終了が同じ） / 空欄にした: 水_診療 00:00-00:00（開始と終了が同じ） / 空欄にした: 金_診療 00:00-00:00（開始と終了が同じ） / 空欄にした: 火_外来受付 00:00-00:00（開始と終了が同じ） / 空欄にした: 水_外来受付 00:00-00:00（開始と終了が同じ） / 空欄にした: 金_外来受付 00:00-00:00（開始と終了が同じ）"
"3911395108700","02035","整形外科","2","","","","","","","","","","","","","","","","","","","","","","","","","","","","","","","","","空欄にした: 月_診療 00:00-00:00（開始と終了が同じ） / 空欄にした: 火_診療 00:00-00:00（開始と終了が同じ） / 空欄にした: 水_診療 00:00-00:00（開始と終了が同じ） / 空欄にした: 木_診療 00:00-00:00（開始と終了が同じ） / 空欄にした: 金_診療 00:00-00:00（開始と終了が同じ） / 空欄にした: 土_診療 00:00-00:00（開始と終了が同じ） / 空欄にした: 月_外来受付 00:00-00:00（開始と終了が同じ） / 空欄にした: 火_外来受付 00:00-00:00（開始と終了が同じ） / 空欄にした: 水_外来受付 00:00-00:00（開始と終了が同じ） / 空欄にした: 木_外来受付 00:00-00:00（開始と終了が同じ） / 空欄にした: 金_外来受付 00:00-00:00（開始と終了が同じ） / 空欄にした: 土_外来受付 00:00-00:00（開始と終了が同じ）"
"3911395108700","02035","整形外科","3","","","","","","","","","","","","","","","","","","","","","","","","","","","","","","","","","空欄にした: 月_診療 00:00-00:00（開始と終了が同じ） / 空欄にした: 火_診療 00:00-00:00（開始と終了が同じ） / 空欄にした: 水_診療 00:00-00:00（開始と終了が同じ） / 空欄にした: 木_診療 00:00-00:00（開始と終了が同じ） / 空欄にした: 金_診療 00:00-00:00（開始と終了が同じ） / 空欄にした: 土_診療 00:00-00:00（開始と終了が同じ） / 空欄にした: 月_外来受付 00:00-00:00（開始と終了が同じ） / 空欄にした: 火_外来受付 00:00-00:00（開始と終了が同じ） / 空欄にした: 水_外来受付 00:00-00:00（開始と終了が同じ） / 空欄にした: 木_外来受付 00:00-00:00（開始と終了が同じ） / 空欄にした: 金_外来受付 00:00-00:00（開始と終了が同じ） / 空欄にした: 土_外来受付 00:00-00:00（開始と終了が同じ）"
"3911395108700","09003","リハビリテーション科","1","09:00","12:00","09:00","12:00","09:00","12:00","09:00","12:00","09:00","12:00","","","","","","","08:30","11:30","08:30","11:30","08:30","11:30","08:30","11:30","08:30","11:30","","","","","","","空欄にした: 土_診療 00:00-00:00（開始と終了が同じ） / 空欄にした: 土_外来受付 00:00-00:00（開始と終了が同じ）"
"3911395108700","09003","リハビリテーション科","2","13:00","17:00","13:00","17:00","13:00","17:00","13:00","17:00","13:00","17:00","","","","","","","12:30","16:30","12:30","16:30","12:30","16:30","12:30","16:30","12:30","16:30","","","","","","","空欄にした: 土_診療 00:00-00:00（開始と終了が同じ） / 空欄にした: 土_外来受付 00:00-00:00（開始と終了が同じ）"
"3911395108700","09003","リハビリテーション科","3","","","","","","","","","","","","","","","","","","","","","","","","","","","","","","","","","空欄にした: 月_診療 00:00-00:00（開始と終了が同じ） / 空欄にした: 火_診療 00:00-00:00（開始と終了が同じ） / 空欄にした: 水_診療 00:00-00:00（開始と終了が同じ） / 空欄にした: 木_診療 00:00-00:00（開始と終了が同じ） / 空欄にした: 金_診療 00:00-00:00（開始と終了が同じ） / 空欄にした: 土_診療 00:00-00:00（開始と終了が同じ） / 空欄にした: 月_外来受付 00:00-00:00（開始と終了が同じ） / 空欄にした: 火_外来受付 00:00-00:00（開始と終了が同じ） / 空欄にした: 水_外来受付 00:00-00:00（開始と終了が同じ） / 空欄にした: 木_外来受付 00:00-00:00（開始と終了が同じ） / 空欄にした: 金_外来受付 00:00-00:00（開始と終了が同じ） / 空欄にした: 土_外来受付 00:00-00:00（開始と終了が同じ）"
"3911395108700","09004","放射線科","1","09:00","12:00","09:00","12:00","09:00","12:00","09:00","12:00","09:00","12:00","09:00","12:00","","","","","08:30","11:30","08:30","11:30","08:30","11:30","08:30","11:30","08:30","11:30","08:30","11:30","","","","",""
"3911395108700","09004","放射線科","2","13:00","17:00","13:00","17:00","13:00","17:00","13:00","17:00","13:00","17:00","","","","","","","12:30","16:30","12:30","16:30","12:30","16:30","12:30","16:30","12:30","16:30","","","","","","","空欄にした: 土_診療 00:00-00:00（開始と終了が同じ） / 空欄にした: 土_外来受付 00:00-00:00（開始と終了が同じ）"
"3911395108700","09004","放射線科","3","","","","","","","","","","","","","","","","","","","","","","","","","","","","","","","","","空欄にした: 月_診療 00:00-00:00（開始と終了が同じ） / 空欄にした: 火_診療 00:00-00:00（開始と終了が同じ） / 空欄にした: 水_診療 00:00-00:00（開始と終了が同じ） / 空欄にした: 木_診療 00:00-00:00（開始と終了が同じ） / 空欄にした: 金_診療 00:00-00:00（開始と終了が同じ） / 空欄にした: 土_診療 00:00-00:00（開始と終了が同じ） / 空欄にした: 月_外来受付 00:00-00:00（開始と終了が同じ） / 空欄にした: 火_外来受付 00:00-00:00（開始と終了が同じ） / 空欄にした: 水_外来受付 00:00-00:00（開始と終了が同じ） / 空欄にした: 木_外来受付 00:00-00:00（開始と終了が同じ） / 空欄にした: 金_外来受付 00:00-00:00（開始と終了が同じ） / 空欄にした: 土_外来受付 00:00-00:00（開始と終了が同じ）"
"3911395108700","09011","麻酔科","1","09:00","12:00","09:00","12:00","09:00","12:00","09:00","12:00","09:00","12:00","09:00","12:00","","","","","08:30","11:30","08:30","11:30","08:30","11:30","08:30","11:30","08:30","11:30","08:30","11:30","","","","",""
"3911395108700","09011","麻酔科","2","13:00","17:00","13:00","17:00","13:00","17:00","13:00","17:00","13:00","17:00","","","","","","","12:30","16:30","12:30","16:30","12:30","16:30","12:30","16:30","12:30","16:30","","","","","","","空欄にした: 土_診療 00:00-00:00（開始と終了が同じ） / 空欄にした: 土_外来受付 00:00-00:00（開始と終了が同じ）"
"3911395108700","09011","麻酔科","3","","","","","","","","","","","","","","","","","","","","","","","","","","","","","","","","","空欄にした: 月_診療 00:00-00:00（開始と終了が同じ） / 空欄にした: 火_診療 00:00-00:00（開始と終了が同じ） / 空欄にした: 水_診療 00:00-00:00（開始と終了が同じ） / 空欄にした: 木_診療 00:00-00:00（開始と終了が同じ） / 空欄にした: 金_診療 00:00-00:00（開始と終了が同じ） / 空欄にした: 土_診療 00:00-00:00（開始と終了が同じ） / 空欄にした: 月_外来受付 00:00-00:00（開始と終了が同じ） / 空欄にした: 火_外来受付 00:00-00:00（開始と終了が同じ） / 空欄にした: 水_外来受付 00:00-00:00（開始と終了が同じ） / 空欄にした: 木_外来受付 00:00-00:00（開始と終了が同じ） / 空欄にした: 金_外来受付 00:00-00:00（開始と終了が同じ） / 空欄にした: 土_外来受付 00:00-00:00（開始と終了が同じ）"
"3911395108830","01001","内科","1","09:00","17:00","09:00","17:00","09:00","17:00","09:00","17:00","09:00","17:00","","","","","","","08:30","11:00","08:30","11:00","08:30","11:00","08:30","11:00","08:30","11:00","","","","","","",""
"3911395108830","01001","内科","2","","","","","","","","","","","","","","","","","","","","","","","","","","","","","","","","","空欄にした: 月_診療 00:00-00:00（開始と終了が同じ） / 空欄にした: 火_診療 00:00-00:00（開始と終了が同じ） / 空欄にした: 水_診療 00:00-00:00（開始と終了が同じ） / 空欄にした: 木_診療 00:00-00:00（開始と終了が同じ） / 空欄にした: 金_診療 00:00-00:00（開始と終了が同じ） / 空欄にした: 月_外来受付 00:00-00:00（開始と終了が同じ） / 空欄にした: 火_外来受付 00:00-00:00（開始と終了が同じ） / 空欄にした: 水_外来受付 00:00-00:00（開始と終了が同じ） / 空欄にした: 木_外来受付 00:00-00:00（開始と終了が同じ） / 空欄にした: 金_外来受付 00:00-00:00（開始と終了が同じ）"
"3911395108830","01001","内科","3","","","","","","","","","","","","","","","","","","","","","","","","","","","","","","","","","空欄にした: 月_診療 00:00-00:00（開始と終了が同じ） / 空欄にした: 火_診療 00:00-00:00（開始と終了が同じ） / 空欄にした: 水_診療 00:00-00:00（開始と終了が同じ） / 空欄にした: 木_診療 00:00-00:00（開始と終了が同じ） / 空欄にした: 金_診療 00:00-00:00（開始と終了が同じ） / 空欄にした: 月_外来受付 00:00-00:00（開始と終了が同じ） / 空欄にした: 火_外来受付 00:00-00:00（開始と終了が同じ） / 空欄にした: 水_外来受付 00:00-00:00（開始と終了が同じ） / 空欄にした: 木_外来受付 00:00-00:00（開始と終了が同じ） / 空欄にした: 金_外来受付 00:00-00:00（開始と終了が同じ）"
"3911395108830","01002","感染症内科","1","","","","","09:00","17:00","","","","","","","","","","","","","","","08:30","11:00","","","","","","","","","","",""
"3911395108830","01002","感染症内科","2","","","","","","","","","","","","","","","","","","","","","","","","","","","","","","","","",""
"3911395108830","01002","感染症内科","3","","","","","","","","","","","","","","","","","","","","","","","","","","","","","","","","",""
"3911395108830","01013","脳神経内科","1","09:00","17:00","","","09:00","17:00","","","09:00","17:00","","","","","","","08:30","11:00","","","08:30","11:00","","","08:30","11:00","","","","","","",""
"3911395108830","01013","脳神経内科","2","","","","","","","","","","","","","","","","","","","","","","","","","","","","","","","","",""
"3911395108830","01013","脳神経内科","3","","","","","","","","","","","","","","","","","","","","","","","","","","","","","","","","",""
"3911395108830","01017","循環器内科","1","09:00","17:00","09:00","17:00","09:00","17:00","","","09:00","17:00","","","","","","","08:30","11:00","08:30","11:00","08:30","11:00","","","08:30","11:00","","","","","","",""
"3911395108830","01017","循環器内科","2","","","","","","","","","","","","","","","","","","","","","","","","","","","","","","","","","空欄にした: 月_診療 00:00-00:00（開始と終了が同じ） / 空欄にした: 火_診療 00:00-00:00（開始と終了が同じ） / 空欄にした: 水_診療 00:00-00:00（開始と終了が同じ） / 空欄にした: 木_診療 00:00-00:00（開始と終了が同じ） / 空欄にした: 金_診療 00:00-00:00（開始と終了が同じ） / 空欄にした: 月_外来受付 00:00-00:00（開始と終了が同じ） / 空欄にした: 火_外来受付 00:00-00:00（開始と終了が同じ） / 空欄にした: 水_外来受付 00:00-00:00（開始と終了が同じ） / 空欄にした: 木_外来受付 00:00-00:00（開始と終了が同じ） / 空欄にした: 金_外来受付 00:00-00:00（開始と終了が同じ）"
"3911395108830","01017","循環器内科","3","","","","","","","","","","","","","","","","","","","","","","","","","","","","","","","","","空欄にした: 月_診療 00:00-00:00（開始と終了が同じ） / 空欄にした: 火_診療 00:00-00:00（開始と終了が同じ） / 空欄にした: 水_診療 00:00-00:00（開始と終了が同じ） / 空欄にした: 木_診療 00:00-00:00（開始と終了が同じ） / 空欄にした: 金_診療 00:00-00:00（開始と終了が同じ） / 空欄にした: 月_外来受付 00:00-00:00（開始と終了が同じ） / 空欄にした: 火_外来受付 00:00-00:00（開始と終了が同じ） / 空欄にした: 水_外来受付 00:00-00:00（開始と終了が同じ） / 空欄にした: 木_外来受付 00:00-00:00（開始と終了が同じ） / 空欄にした: 金_外来受付 00:00-00:00（開始と終了が同じ）"
"3911395108830","01020","消化器内科","1","09:00","17:00","09:00","17:00","09:00","17:00","09:00","17:00","09:00","17:00","","","","","","","08:30","11:00","08:30","11:00","08:30","11:00","08:30","11:00","08:30","11:00","","","","","","",""
"3911395108830","01020","消化器内科","2","","","","","","","","","","","","","","","","","","","","","","","","","","","","","","","","","空欄にした: 月_診療 00:00-00:00（開始と終了が同じ） / 空欄にした: 火_診療 00:00-00:00（開始と終了が同じ） / 空欄にした: 水_診療 00:00-00:00（開始と終了が同じ） / 空欄にした: 木_診療 00:00-00:00（開始と終了が同じ） / 空欄にした: 金_診療 00:00-00:00（開始と終了が同じ） / 空欄にした: 月_外来受付 00:00-00:00（開始と終了が同じ） / 空欄にした: 火_外来受付 00:00-00:00（開始と終了が同じ） / 空欄にした: 水_外来受付 00:00-00:00（開始と終了が同じ） / 空欄にした: 木_外来受付 00:00-00:00（開始と終了が同じ） / 空欄にした: 金_外来受付 00:00-00:00（開始と終了が同じ）"
"3911395108830","01020","消化器内科","3","","","","","","","","","","","","","","","","","","","","","","","","","","","","","","","","","空欄にした: 月_診療 00:00-00:00（開始と終了が同じ） / 空欄にした: 火_診療 00:00-00:00（開始と終了が同じ） / 空欄にした: 水_診療 00:00-00:00（開始と終了が同じ） / 空欄にした: 木_診療 00:00-00:00（開始と終了が同じ） / 空欄にした: 金_診療 00:00-00:00（開始と終了が同じ） / 空欄にした: 月_外来受付 00:00-00:00（開始と終了が同じ） / 空欄にした: 火_外来受付 00:00-00:00（開始と終了が同じ） / 空欄にした: 水_外来受付 00:00-00:00（開始と終了が同じ） / 空欄にした: 木_外来受付 00:00-00:00（開始と終了が同じ） / 空欄にした: 金_外来受付 00:00-00:00（開始と終了が同じ）"
"3911395108830","01026","腫瘍内科","1","","","09:00","17:00","09:00","17:00","09:00","17:00","","","","","","","","","","","08:30","11:00","08:30","11:00","08:30","11:00","","","","","","","","",""
"3911395108830","01026","腫瘍内科","2","","","","","","","","","","","","","","","","","","","","","","","","","","","","","","","","","空欄にした: 月_診療 00:00-00:00（開始と終了が同じ） / 空欄にした: 火_診療 00:00-00:00（開始と終了が同じ） / 空欄にした: 水_診療 00:00-00:00（開始と終了が同じ） / 空欄にした: 木_診療 00:00-00:00（開始と終了が同じ） / 空欄にした: 金_診療 00:00-00:00（開始と終了が同じ） / 空欄にした: 月_外来受付 00:00-00:00（開始と終了が同じ） / 空欄にした: 火_外来受付 00:00-00:00（開始と終了が同じ） / 空欄にした: 水_外来受付 00:00-00:00（開始と終了が同じ） / 空欄にした: 木_外来受付 00:00-00:00（開始と終了が同じ） / 空欄にした: 金_外来受付 00:00-00:00（開始と終了が同じ）"
"3911395108830","01026","腫瘍内科","3","","","","","","","","","","","","","","","","","","","","","","","","","","","","","","","","","空欄にした: 月_診療 00:00-00:00（開始と終了が同じ） / 空欄にした: 火_診療 00:00-00:00（開始と終了が同じ） / 空欄にした: 水_診療 00:00-00:00（開始と終了が同じ） / 空欄にした: 木_診療 00:00-00:00（開始と終了が同じ） / 空欄にした: 金_診療 00:00-00:00（開始と終了が同じ） / 空欄にした: 月_外来受付 00:00-00:00（開始と終了が同じ） / 空欄にした: 火_外来受付 00:00-00:00（開始と終了が同じ） / 空欄にした: 水_外来受付 00:00-00:00（開始と終了が同じ） / 空欄にした: 木_外来受付 00:00-00:00（開始と終了が同じ） / 空欄にした: 金_外来受付 00:00-00:00（開始と終了が同じ）"
"3911395108830","01034","緩和ケア内科","1","09:00","17:00","09:00","17:00","09:00","17:00","","","09:00","17:00","","","","","","","08:30","11:00","08:30","11:00","08:30","11:00","","","08:30","11:00","","","","","","",""
"3911395108830","01034","緩和ケア内科","2","","","","","","","","","","","","","","","","","","","","","","","","","","","","","","","","","空欄にした: 月_診療 00:00-00:00（開始と終了が同じ） / 空欄にした: 火_診療 00:00-00:00（開始と終了が同じ） / 空欄にした: 水_診療 00:00-00:00（開始と終了が同じ） / 空欄にした: 木_診療 00:00-00:00（開始と終了が同じ） / 空欄にした: 金_診療 00:00-00:00（開始と終了が同じ） / 空欄にした: 月_外来受付 00:00-00:00（開始と終了が同じ） / 空欄にした: 火_外来受付 00:00-00:00（開始と終了が同じ） / 空欄にした: 水_外来受付 00:00-00:00（開始と終了が同じ） / 空欄にした: 木_外来受付 00:00-00:00（開始と終了が同じ） / 空欄にした: 金_外来受付 00:00-00:00（開始と終了が同じ）"
"3911395108830","01034","緩和ケア内科","3","","","","","","","","","","","","","","","","","","","","","","","","","","","","","","","","","空欄にした: 月_診療 00:00-00:00（開始と終了が同じ） / 空欄にした: 火_診療 00:00-00:00（開始と終了が同じ） / 空欄にした: 水_診療 00:00-00:00（開始と終了が同じ） / 空欄にした: 木_診療 00:00-00:00（開始と終了が同じ） / 空欄にした: 金_診療 00:00-00:00（開始と終了が同じ） / 空欄にした: 月_外来受付 00:00-00:00（開始と終了が同じ） / 空欄にした: 火_外来受付 00:00-00:00（開始と終了が同じ） / 空欄にした: 水_外来受付 00:00-00:00（開始と終了が同じ） / 空欄にした: 木_外来受付 00:00-00:00（開始と終了が同じ） / 空欄にした: 金_外来受付 00:00-00:00（開始と終了が同じ）"
"3911395108830","02001","外科","1","09:00","17:00","09:00","17:00","09:00","17:00","09:00","17:00","09:00","17:00","","","","","","","08:30","11:00","08:30","11:00","08:30","11:00","08:30","11:00","08:30","11:00","","","","","","",""
"3911395108830","02001","外科","2","","","","","","","","","","","","","","","","","","","","","","","","","","","","","","","","","空欄にした: 月_診療 00:00-00:00（開始と終了が同じ） / 空欄にした: 火_診療 00:00-00:00（開始と終了が同じ） / 空欄にした: 水_診療 00:00-00:00（開始と終了が同じ） / 空欄にした: 木_診療 00:00-00:00（開始と終了が同じ） / 空欄にした: 金_診療 00:00-00:00（開始と終了が同じ） / 空欄にした: 月_外来受付 00:00-00:00（開始と終了が同じ） / 空欄にした: 火_外来受付 00:00-00:00（開始と終了が同じ） / 空欄にした: 水_外来受付 00:00-00:00（開始と終了が同じ） / 空欄にした: 木_外来受付 00:00-00:00（開始と終了が同じ） / 空欄にした: 金_外来受付 00:00-00:00（開始と終了が同じ）"
"3911395108830","02001","外科","3","","","","","","","","","","","","","","","","","","","","","","","","","","","","","","","","","空欄にした: 月_診療 00:00-00:00（開始と終了が同じ） / 空欄にした: 火_診療 00:00-00:00（開始と終了が同じ） / 空欄にした: 水_診療 00:00-00:00（開始と終了が同じ） / 空欄にした: 木_診療 00:00-00:00（開始と終了が同じ） / 空欄にした: 金_診療 00:00-00:00（開始と終了が同じ） / 空欄にした: 月_外来受付 00:00-00:00（開始と終了が同じ） / 空欄にした: 火_外来受付 00:00-00:00（開始と終了が同じ） / 空欄にした: 水_外来受付 00:00-00:00（開始と終了が同じ） / 空欄にした: 木_外来受付 00:00-00:00（開始と終了が同じ） / 空欄にした: 金_外来受付 00:00-00:00（開始と終了が同じ）"
"3911395108830","02002","脳神経外科","1","09:00","17:00","09:00","17:00","09:00","17:00","","","09:00","17:00","","","","","","","08:30","11:00","08:30","11:00","08:30","11:00","","","08:30","11:00","","","","","","",""
"3911395108830","02002","脳神経外科","2","","","","","","","","","","","","","","","","","","","","","","","","","","","","","","","","","空欄にした: 月_診療 00:00-00:00（開始と終了が同じ） / 空欄にした: 火_診療 00:00-00:00（開始と終了が同じ） / 空欄にした: 水_診療 00:00-00:00（開始と終了が同じ） / 空欄にした: 木_診療 00:00-00:00（開始と終了が同じ） / 空欄にした: 金_診療 00:00-00:00（開始と終了が同じ） / 空欄にした: 月_外来受付 00:00-00:00（開始と終了が同じ） / 空欄にした: 火_外来受付 00:00-00:00（開始と終了が同じ） / 空欄にした: 水_外来受付 00:00-00:00（開始と終了が同じ） / 空欄にした: 木_外来受付 00:00-00:00（開始と終了が同じ） / 空欄にした: 金_外来受付 00:00-00:00（開始と終了が同じ）"
"3911395108830","02002","脳神経外科","3","","","","","","","","","","","","","","","","","","","","","","","","","","","","","","","","","空欄にした: 月_診療 00:00-00:00（開始と終了が同じ） / 空欄にした: 火_診療 00:00-00:00（開始と終了が同じ） / 空欄にした: 水_診療 00:00-00:00（開始と終了が同じ） / 空欄にした: 木_診療 00:00-00:00（開始と終了が同じ） / 空欄にした: 金_診療 00:00-00:00（開始と終了が同じ） / 空欄にした: 月_外来受付 00:00-00:00（開始と終了が同じ） / 空欄にした: 火_外来受付 00:00-00:00（開始と終了が同じ） / 空欄にした: 水_外来受付 00:00-00:00（開始と終了が同じ） / 空欄にした: 木_外来受付 00:00-00:00（開始と終了が同じ） / 空欄にした: 金_外来受付 00:00-00:00（開始と終了が同じ）"
"3911395108830","02005","呼吸器外科","1","","","09:00","17:00","","","09:00","17:00","09:00","17:00","","","","","","","","","08:30","11:00","","","08:30","11:00","08:30","11:00","","","","","","",""
"3911395108830","02005","呼吸器外科","2","","","","","","","","","","","","","","","","","","","","","","","","","","","","","","","","",""
"3911395108830","02005","呼吸器外科","3","","","","","","","","","","","","","","","","","","","","","","","","","","","","","","","","",""
"3911395108830","02011","心臓血管外科","1","","","09:00","17:00","","","09:00","17:00","","","","","","","","","","","08:30","11:00","","","08:30","11:00","","","","","","","","",""
"3911395108830","02011","心臓血管外科","2","","","","","","","","","","","","","","","","","","","","","","","","","","","","","","","","","空欄にした: 月_診療 00:00-00:00（開始と終了が同じ） / 空欄にした: 火_診療 00:00-00:00（開始と終了が同じ） / 空欄にした: 水_診療 00:00-00:00（開始と終了が同じ） / 空欄にした: 木_診療 00:00-00:00（開始と終了が同じ） / 空欄にした: 金_診療 00:00-00:00（開始と終了が同じ） / 空欄にした: 月_外来受付 00:00-00:00（開始と終了が同じ） / 空欄にした: 火_外来受付 00:00-00:00（開始と終了が同じ） / 空欄にした: 水_外来受付 00:00-00:00（開始と終了が同じ） / 空欄にした: 木_外来受付 00:00-00:00（開始と終了が同じ） / 空欄にした: 金_外来受付 00:00-00:00（開始と終了が同じ）"
"3911395108830","02011","心臓血管外科","3","","","","","","","","","","","","","","","","","","","","","","","","","","","","","","","","","空欄にした: 月_診療 00:00-00:00（開始と終了が同じ） / 空欄にした: 火_診療 00:00-00:00（開始と終了が同じ） / 空欄にした: 水_診療 00:00-00:00（開始と終了が同じ） / 空欄にした: 木_診療 00:00-00:00（開始と終了が同じ） / 空欄にした: 金_診療 00:00-00:00（開始と終了が同じ） / 空欄にした: 月_外来受付 00:00-00:00（開始と終了が同じ） / 空欄にした: 火_外来受付 00:00-00:00（開始と終了が同じ） / 空欄にした: 水_外来受付 00:00-00:00（開始と終了が同じ） / 空欄にした: 木_外来受付 00:00-00:00（開始と終了が同じ） / 空欄にした: 金_外来受付 00:00-00:00（開始と終了が同じ）"
"3911395108830","02012","消化器外科","1","09:00","17:00","","","09:00","17:00","","","09:00","17:00","","","","","","","08:30","11:00","","","08:30","11:00","","","08:30","11:00","","","","","","",""
"3911395108830","02012","消化器外科","2","","","","","","","","","","","","","","","","","","","","","","","","","","","","","","","","","空欄にした: 月_診療 00:00-00:00（開始と終了が同じ） / 空欄にした: 火_診療 00:00-00:00（開始と終了が同じ） / 空欄にした: 水_診療 00:00-00:00（開始と終了が同じ） / 空欄にした: 木_診療 00:00-00:00（開始と終了が同じ） / 空欄にした: 金_診療 00:00-00:00（開始と終了が同じ） / 空欄にした: 月_外来受付 00:00-00:00（開始と終了が同じ） / 空欄にした: 火_外来受付 00:00-00:00（開始と終了が同じ） / 空欄にした: 水_外来受付 00:00-00:00（開始と終了が同じ） / 空欄にした: 木_外来受付 00:00-00:00（開始と終了が同じ） / 空欄にした: 金_外来受付 00:00-00:00（開始と終了が同じ）"
"3911395108830","02012","消化器外科","3","","","","","","","","","","","","","","","","","","","","","","","","","","","","","","","","","空欄にした: 月_診療 00:00-00:00（開始と終了が同じ） / 空欄にした: 火_診療 00:00-00:00（開始と終了が同じ） / 空欄にした: 水_診療 00:00-00:00（開始と終了が同じ） / 空欄にした: 木_診療 00:00-00:00（開始と終了が同じ） / 空欄にした: 金_診療 00:00-00:00（開始と終了が同じ） / 空欄にした: 月_外来受付 00:00-00:00（開始と終了が同じ） / 空欄にした: 火_外来受付 00:00-00:00（開始と終了が同じ） / 空欄にした: 水_外来受付 00:00-00:00（開始と終了が同じ） / 空欄にした: 木_外来受付 00:00-00:00（開始と終了が同じ） / 空欄にした: 金_外来受付 00:00-00:00（開始と終了が同じ）"
"3911395108830","02023","乳腺・内分泌外科","1","09:00","17:00","","","09:00","17:00","","","09:00","17:00","","","","","","","08:30","11:00","","","08:30","11:00","","","08:30","11:00","","","","","","",""
"3911395108830","02023","乳腺・内分泌外科","2","","","","","","","","","","","","","","","","","","","","","","","","","","","","","","","","","空欄にした: 月_診療 00:00-00:00（開始と終了が同じ） / 空欄にした: 火_診療 00:00-00:00（開始と終了が同じ） / 空欄にした: 水_診療 00:00-00:00（開始と終了が同じ） / 空欄にした: 木_診療 00:00-00:00（開始と終了が同じ） / 空欄にした: 金_診療 00:00-00:00（開始と終了が同じ） / 空欄にした: 月_外来受付 00:00-00:00（開始と終了が同じ） / 空欄にした: 火_外来受付 00:00-00:00（開始と終了が同じ） / 空欄にした: 水_外来受付 00:00-00:00（開始と終了が同じ） / 空欄にした: 木_外来受付 00:00-00:00（開始と終了が同じ） / 空欄にした: 金_外来受付 00:00-00:00（開始と終了が同じ）"
"3911395108830","02023","乳腺・内分泌外科","3","","","","","","","","","","","","","","","","","","","","","","","","","","","","","","","","","空欄にした: 月_診療 00:00-00:00（開始と終了が同じ） / 空欄にした: 火_診療 00:00-00:00（開始と終了が同じ） / 空欄にした: 水_診療 00:00-00:00（開始と終了が同じ） / 空欄にした: 木_診療 00:00-00:00（開始と終了が同じ） / 空欄にした: 金_診療 00:00-00:00（開始と終了が同じ） / 空欄にした: 月_外来受付 00:00-00:00（開始と終了が同じ） / 空欄にした: 火_外来受付 00:00-00:00（開始と終了が同じ） / 空欄にした: 水_外来受付 00:00-00:00（開始と終了が同じ） / 空欄にした: 木_外来受付 00:00-00:00（開始と終了が同じ） / 空欄にした: 金_外来受付 00:00-00:00（開始と終了が同じ）"
"3911395108830","02029","頭頸部外科","1","09:00","17:00","","","09:00","17:00","","","09:00","17:00","","","","","","","08:30","11:00","","","08:30","11:00","","","08:30","11:00","","","","","","",""
"3911395108830","02029","頭頸部外科","2","","","","","","","","","","","","","","","","","","","","","","","","","","","","","","","","","空欄にした: 月_診療 00:00-00:00（開始と終了が同じ） / 空欄にした: 火_診療 00:00-00:00（開始と終了が同じ） / 空欄にした: 水_診療 00:00-00:00（開始と終了が同じ） / 空欄にした: 木_診療 00:00-00:00（開始と終了が同じ） / 空欄にした: 金_診療 00:00-00:00（開始と終了が同じ） / 空欄にした: 月_外来受付 00:00-00:00（開始と終了が同じ） / 空欄にした: 火_外来受付 00:00-00:00（開始と終了が同じ） / 空欄にした: 水_外来受付 00:00-00:00（開始と終了が同じ） / 空欄にした: 木_外来受付 00:00-00:00（開始と終了が同じ） / 空欄にした: 金_外来受付 00:00-00:00（開始と終了が同じ）"
"3911395108830","02029","頭頸部外科","3","","","","","","","","","","","","","","","","","","","","","","","","","","","","","","","","","空欄にした: 月_診療 00:00-00:00（開始と終了が同じ） / 空欄にした: 火_診療 00:00-00:00（開始と終了が同じ） / 空欄にした: 水_診療 00:00-00:00（開始と終了が同じ） / 空欄にした: 木_診療 00:00-00:00（開始と終了が同じ） / 空欄にした: 金_診療 00:00-00:00（開始と終了が同じ） / 空欄にした: 月_外来受付 00:00-00:00（開始と終了が同じ） / 空欄にした: 火_外来受付 00:00-00:00（開始と終了が同じ） / 空欄にした: 水_外来受付 00:00-00:00（開始と終了が同じ） / 空欄にした: 木_外来受付 00:00-00:00（開始と終了が同じ） / 空欄にした: 金_外来受付 00:00-00:00（開始と終了が同じ）"
"3911395108830","02035","整形外科","1","09:00","17:00","09:00","17:00","","","09:00","17:00","","","","","","","","","08:30","11:00","08:30","11:00","","","08:30","11:00","","","","","","","","",""
"3911395108830","02035","整形外科","2","","","","","","","","","","","","","","","","","","","","","","","","","","","","","","","","","空欄にした: 月_診療 00:00-00:00（開始と終了が同じ） / 空欄にした: 火_診療 00:00-00:00（開始と終了が同じ） / 空欄にした: 水_診療 00:00-00:00（開始と終了が同じ） / 空欄にした: 木_診療 00:00-00:00（開始と終了が同じ） / 空欄にした: 金_診療 00:00-00:00（開始と終了が同じ） / 空欄にした: 月_外来受付 00:00-00:00（開始と終了が同じ） / 空欄にした: 火_外来受付 00:00-00:00（開始と終了が同じ） / 空欄にした: 水_外来受付 00:00-00:00（開始と終了が同じ） / 空欄にした: 木_外来受付 00:00-00:00（開始と終了が同じ） / 空欄にした: 金_外来受付 00:00-00:00（開始と終了が同じ）"
"3911395108830","02035","整形外科","3","","","","","","","","","","","","","","","","","","","","","","","","","","","","","","","","","空欄にした: 月_診療 00:00-00:00（開始と終了が同じ） / 空欄にした: 火_診療 00:00-00:00（開始と終了が同じ） / 空欄にした: 水_診療 00:00-00:00（開始と終了が同じ） / 空欄にした: 木_診療 00:00-00:00（開始と終了が同じ） / 空欄にした: 金_診療 00:00-00:00（開始と終了が同じ） / 空欄にした: 月_外来受付 00:00-00:00（開始と終了が同じ） / 空欄にした: 火_外来受付 00:00-00:00（開始と終了が同じ） / 空欄にした: 水_外来受付 00:00-00:00（開始と終了が同じ） / 空欄にした: 木_外来受付 00:00-00:00（開始と終了が同じ） / 空欄にした: 金_外来受付 00:00-00:00（開始と終了が同じ）"
"3911395108830","02036","形成外科","1","","","09:00","17:00","09:00","17:00","09:00","17:00","","","","","","","","","","","08:30","11:00","08:30","11:00","08:30","11:00","","","","","","","","",""
"3911395108830","02036","形成外科","2","","","","","","","","","","","","","","","","","","","","","","","","","","","","","","","","","空欄にした: 月_診療 00:00-00:00（開始と終了が同じ） / 空欄にした: 火_診療 00:00-00:00（開始と終了が同じ） / 空欄にした: 水_診療 00:00-00:00（開始と終了が同じ） / 空欄にした: 木_診療 00:00-00:00（開始と終了が同じ） / 空欄にした: 金_診療 00:00-00:00（開始と終了が同じ） / 空欄にした: 月_外来受付 00:00-00:00（開始と終了が同じ） / 空欄にした: 火_外来受付 00:00-00:00（開始と終了が同じ） / 空欄にした: 水_外来受付 00:00-00:00（開始と終了が同じ） / 空欄にした: 木_外来受付 00:00-00:00（開始と終了が同じ） / 空欄にした: 金_外来受付 00:00-00:00（開始と終了が同じ）"
"3911395108830","02036","形成外科","3","","","","","","","","","","","","","","","","","","","","","","","","","","","","","","","","","空欄にした: 月_診療 00:00-00:00（開始と終了が同じ） / 空欄にした: 火_診療 00:00-00:00（開始と終了が同じ） / 空欄にした: 水_診療 00:00-00:00（開始と終了が同じ） / 空欄にした: 木_診療 00:00-00:00（開始と終了が同じ） / 空欄にした: 金_診療 00:00-00:00（開始と終了が同じ） / 空欄にした: 月_外来受付 00:00-00:00（開始と終了が同じ） / 空欄にした: 火_外来受付 00:00-00:00（開始と終了が同じ） / 空欄にした: 水_外来受付 00:00-00:00（開始と終了が同じ） / 空欄にした: 木_外来受付 00:00-00:00（開始と終了が同じ） / 空欄にした: 金_外来受付 00:00-00:00（開始と終了が同じ）"
"3911395108830","03001","小児科","1","09:00","17:00","09:00","17:00","09:00","17:00","09:00","17:00","09:00","17:00","","","","","","","08:30","11:00","08:30","11:00","08:30","11:00","08:30","11:00","08:30","11:00","","","","","","",""
"3911395108830","03001","小児科","2","","","","","","","","","","","","","","","","","","","","","","","","","","","","","","","","","空欄にした: 月_診療 00:00-00:00（開始と終了が同じ） / 空欄にした: 火_診療 00:00-00:00（開始と終了が同じ） / 空欄にした: 水_診療 00:00-00:00（開始と終了が同じ） / 空欄にした: 木_診療 00:00-00:00（開始と終了が同じ） / 空欄にした: 金_診療 00:00-00:00（開始と終了が同じ） / 空欄にした: 月_外来受付 00:00-00:00（開始と終了が同じ） / 空欄にした: 火_外来受付 00:00-00:00（開始と終了が同じ） / 空欄にした: 水_外来受付 00:00-00:00（開始と終了が同じ） / 空欄にした: 木_外来受付 00:00-00:00（開始と終了が同じ） / 空欄にした: 金_外来受付 00:00-00:00（開始と終了が同じ）"
"3911395108830","03001","小児科","3","","","","","","","","","","","","","","","","","","","","","","","","","","","","","","","","","空欄にした: 月_診療 00:00-00:00（開始と終了が同じ） / 空欄にした: 火_診療 00:00-00:00（開始と終了が同じ） / 空欄にした: 水_診療 00:00-00:00（開始と終了が同じ） / 空欄にした: 木_診療 00:00-00:00（開始と終了が同じ） / 空欄にした: 金_診療 00:00-00:00（開始と終了が同じ） / 空欄にした: 月_外来受付 00:00-00:00（開始と終了が同じ） / 空欄にした: 火_外来受付 00:00-00:00（開始と終了が同じ） / 空欄にした: 水_外来受付 00:00-00:00（開始と終了が同じ） / 空欄にした: 木_外来受付 00:00-00:00（開始と終了が同じ） / 空欄にした: 金_外来受付 00:00-00:00（開始と終了が同じ）"
"3911395108830","04002","産科","1","09:00","17:00","09:00","17:00","","","09:00","17:00","","","","","","","","","08:30","11:00","08:30","11:00","","","08:30","11:00","","","","","","","","",""
"3911395108830","04002","産科","2","","","","","","","","","","","","","","","","","","","","","","","","","","","","","","","","","空欄にした: 月_診療 00:00-00:00（開始と終了が同じ） / 空欄にした: 火_診療 00:00-00:00（開始と終了が同じ） / 空欄にした: 水_診療 00:00-00:00（開始と終了が同じ） / 空欄にした: 木_診療 00:00-00:00（開始と終了が同じ） / 空欄にした: 金_診療 00:00-00:00（開始と終了が同じ） / 空欄にした: 月_外来受付 00:00-00:00（開始と終了が同じ） / 空欄にした: 火_外来受付 00:00-00:00（開始と終了が同じ） / 空欄にした: 水_外来受付 00:00-00:00（開始と終了が同じ） / 空欄にした: 木_外来受付 00:00-00:00（開始と終了が同じ） / 空欄にした: 金_外来受付 00:00-00:00（開始と終了が同じ）"
"3911395108830","04002","産科","3","","","","","","","","","","","","","","","","","","","","","","","","","","","","","","","","","空欄にした: 月_診療 00:00-00:00（開始と終了が同じ） / 空欄にした: 火_診療 00:00-00:00（開始と終了が同じ） / 空欄にした: 水_診療 00:00-00:00（開始と終了が同じ） / 空欄にした: 木_診療 00:00-00:00（開始と終了が同じ） / 空欄にした: 金_診療 00:00-00:00（開始と終了が同じ） / 空欄にした: 月_外来受付 00:00-00:00（開始と終了が同じ） / 空欄にした: 火_外来受付 00:00-00:00（開始と終了が同じ） / 空欄にした: 水_外来受付 00:00-00:00（開始と終了が同じ） / 空欄にした: 木_外来受付 00:00-00:00（開始と終了が同じ） / 空欄にした: 金_外来受付 00:00-00:00（開始と終了が同じ）"
"3911395108830","04003","婦人科","1","09:00","17:00","09:00","17:00","","","09:00","17:00","","","","","","","","","08:30","11:00","08:30","11:00","","","08:30","11:00","","","","","","","","",""
"3911395108830","04003","婦人科","2","","","","","","","","","","","","","","","","","","","","","","","","","","","","","","","","","空欄にした: 月_診療 00:00-00:00（開始と終了が同じ） / 空欄にした: 火_診療 00:00-00:00（開始と終了が同じ） / 空欄にした: 水_診療 00:00-00:00（開始と終了が同じ） / 空欄にした: 木_診療 00:00-00:00（開始と終了が同じ） / 空欄にした: 金_診療 00:00-00:00（開始と終了が同じ） / 空欄にした: 月_外来受付 00:00-00:00（開始と終了が同じ） / 空欄にした: 火_外来受付 00:00-00:00（開始と終了が同じ） / 空欄にした: 水_外来受付 00:00-00:00（開始と終了が同じ） / 空欄にした: 木_外来受付 00:00-00:00（開始と終了が同じ） / 空欄にした: 金_外来受付 00:00-00:00（開始と終了が同じ）"
"3911395108830","04003","婦人科","3","","","","","","","","","","","","","","","","","","","","","","","","","","","","","","","","","空欄にした: 月_診療 00:00-00:00（開始と終了が同じ） / 空欄にした: 火_診療 00:00-00:00（開始と終了が同じ） / 空欄にした: 水_診療 00:00-00:00（開始と終了が同じ） / 空欄にした: 木_診療 00:00-00:00（開始と終了が同じ） / 空欄にした: 金_診療 00:00-00:00（開始と終了が同じ） / 空欄にした: 月_外来受付 00:00-00:00（開始と終了が同じ） / 空欄にした: 火_外来受付 00:00-00:00（開始と終了が同じ） / 空欄にした: 水_外来受付 00:00-00:00（開始と終了が同じ） / 空欄にした: 木_外来受付 00:00-00:00（開始と終了が同じ） / 空欄にした: 金_外来受付 00:00-00:00（開始と終了が同じ）"
"3911395108830","05001","眼科","1","09:00","17:00","09:00","17:00","09:00","17:00","09:00","17:00","09:00","17:00","","","","","","","08:30","11:00","08:30","11:00","08:30","11:00","08:30","11:00","08:30","11:00","","","","","","",""
"3911395108830","05001","眼科","2","","","","","","","","","","","","","","","","","","","","","","","","","","","","","","","","","空欄にした: 月_診療 00:00-00:00（開始と終了が同じ） / 空欄にした: 火_診療 00:00-00:00（開始と終了が同じ） / 空欄にした: 水_診療 00:00-00:00（開始と終了が同じ） / 空欄にした: 木_診療 00:00-00:00（開始と終了が同じ） / 空欄にした: 金_診療 00:00-00:00（開始と終了が同じ） / 空欄にした: 月_外来受付 00:00-00:00（開始と終了が同じ） / 空欄にした: 火_外来受付 00:00-00:00（開始と終了が同じ） / 空欄にした: 水_外来受付 00:00-00:00（開始と終了が同じ） / 空欄にした: 木_外来受付 00:00-00:00（開始と終了が同じ） / 空欄にした: 金_外来受付 00:00-00:00（開始と終了が同じ）"
"3911395108830","05001","眼科","3","","","","","","","","","","","","","","","","","","","","","","","","","","","","","","","","","空欄にした: 月_診療 00:00-00:00（開始と終了が同じ） / 空欄にした: 火_診療 00:00-00:00（開始と終了が同じ） / 空欄にした: 水_診療 00:00-00:00（開始と終了が同じ） / 空欄にした: 木_診療 00:00-00:00（開始と終了が同じ） / 空欄にした: 金_診療 00:00-00:00（開始と終了が同じ） / 空欄にした: 月_外来受付 00:00-00:00（開始と終了が同じ） / 空欄にした: 火_外来受付 00:00-00:00（開始と終了が同じ） / 空欄にした: 水_外来受付 00:00-00:00（開始と終了が同じ） / 空欄にした: 木_外来受付 00:00-00:00（開始と終了が同じ） / 空欄にした: 金_外来受付 00:00-00:00（開始と終了が同じ）"
"3911395108830","05002","耳鼻いんこう科","1","09:00","17:00","","","09:00","17:00","","","09:00","17:00","","","","","","","08:30","11:00","","","08:30","11:00","","","08:30","11:00","","","","","","",""
"3911395108830","05002","耳鼻いんこう科","2","","","","","","","","","","","","","","","","","","","","","","","","","","","","","","","","","空欄にした: 月_診療 00:00-00:00（開始と終了が同じ） / 空欄にした: 火_診療 00:00-00:00（開始と終了が同じ） / 空欄にした: 水_診療 00:00-00:00（開始と終了が同じ） / 空欄にした: 木_診療 00:00-00:00（開始と終了が同じ） / 空欄にした: 金_診療 00:00-00:00（開始と終了が同じ） / 空欄にした: 月_外来受付 00:00-00:00（開始と終了が同じ） / 空欄にした: 火_外来受付 00:00-00:00（開始と終了が同じ） / 空欄にした: 水_外来受付 00:00-00:00（開始と終了が同じ） / 空欄にした: 木_外来受付 00:00-00:00（開始と終了が同じ） / 空欄にした: 金_外来受付 00:00-00:00（開始と終了が同じ）"
"3911395108830","05002","耳鼻いんこう科","3","","","","","","","","","","","","","","","","","","","","","","","","","","","","","","","","","空欄にした: 月_診療 00:00-00:00（開始と終了が同じ） / 空欄にした: 火_診療 00:00-00:00（開始と終了が同じ） / 空欄にした: 水_診療 00:00-00:00（開始と終了が同じ） / 空欄にした: 木_診療 00:00-00:00（開始と終了が同じ） / 空欄にした: 金_診療 00:00-00:00（開始と終了が同じ） / 空欄にした: 月_外来受付 00:00-00:00（開始と終了が同じ） / 空欄にした: 火_外来受付 00:00-00:00（開始と終了が同じ） / 空欄にした: 水_外来受付 00:00-00:00（開始と終了が同じ） / 空欄にした: 木_外来受付 00:00-00:00（開始と終了が同じ） / 空欄にした: 金_外来受付 00:00-00:00（開始と終了が同じ）"
"3911395108830","06001","皮膚科","1","09:00","17:00","","","09:00","17:00","","","09:00","17:00","","","","","","","08:30","11:00","","","08:30","11:00","","","08:30","11:00","","","","","","",""
"3911395108830","06001","皮膚科","2","","","","","","","","","","","","","","","","","","","","","","","","","","","","","","","","","空欄にした: 月_診療 00:00-00:00（開始と終了が同じ） / 空欄にした: 火_診療 00:00-00:00（開始と終了が同じ） / 空欄にした: 水_診療 00:00-00:00（開始と終了が同じ） / 空欄にした: 木_診療 00:00-00:00（開始と終了が同じ） / 空欄にした: 金_診療 00:00-00:00（開始と終了が同じ） / 空欄にした: 月_外来受付 00:00-00:00（開始と終了が同じ） / 空欄にした: 火_外来受付 00:00-00:00（開始と終了が同じ） / 空欄にした: 水_外来受付 00:00-00:00（開始と終了が同じ） / 空欄にした: 木_外来受付 00:00-00:00（開始と終了が同じ） / 空欄にした: 金_外来受付 00:00-00:00（開始と終了が同じ）"
"3911395108830","06001","皮膚科","3","","","","","","","","","","","","","","","","","","","","","","","","","","","","","","","","","空欄にした: 月_診療 00:00-00:00（開始と終了が同じ） / 空欄にした: 火_診療 00:00-00:00（開始と終了が同じ） / 空欄にした: 水_診療 00:00-00:00（開始と終了が同じ） / 空欄にした: 木_診療 00:00-00:00（開始と終了が同じ） / 空欄にした: 金_診療 00:00-00:00（開始と終了が同じ） / 空欄にした: 月_外来受付 00:00-00:00（開始と終了が同じ） / 空欄にした: 火_外来受付 00:00-00:00（開始と終了が同じ） / 空欄にした: 水_外来受付 00:00-00:00（開始と終了が同じ） / 空欄にした: 木_外来受付 00:00-00:00（開始と終了が同じ） / 空欄にした: 金_外来受付 00:00-00:00（開始と終了が同じ）"
"3911395108830","06004","泌尿器科","1","","","09:00","17:00","09:00","17:00","","","09:00","17:00","","","","","","","","","08:30","11:00","08:30","11:00","","","08:30","11:00","","","","","","",""
"3911395108830","06004","泌尿器科","2","","","","","","","","","","","","","","","","","","","","","","","","","","","","","","","","","空欄にした: 月_診療 00:00-00:00（開始と終了が同じ） / 空欄にした: 火_診療 00:00-00:00（開始と終了が同じ） / 空欄にした: 水_診療 00:00-00:00（開始と終了が同じ） / 空欄にした: 木_診療 00:00-00:00（開始と終了が同じ） / 空欄にした: 金_診療 00:00-00:00（開始と終了が同じ） / 空欄にした: 月_外来受付 00:00-00:00（開始と終了が同じ） / 空欄にした: 火_外来受付 00:00-00:00（開始と終了が同じ） / 空欄にした: 水_外来受付 00:00-00:00（開始と終了が同じ） / 空欄にした: 木_外来受付 00:00-00:00（開始と終了が同じ） / 空欄にした: 金_外来受付 00:00-00:00（開始と終了が同じ）"
"3911395108830","06004","泌尿器科","3","","","","","","","","","","","","","","","","","","","","","","","","","","","","","","","","","空欄にした: 月_診療 00:00-00:00（開始と終了が同じ） / 空欄にした: 火_診療 00:00-00:00（開始と終了が同じ） / 空欄にした: 水_診療 00:00-00:00（開始と終了が同じ） / 空欄にした: 木_診療 00:00-00:00（開始と終了が同じ） / 空欄にした: 金_診療 00:00-00:00（開始と終了が同じ） / 空欄にした: 月_外来受付 00:00-00:00（開始と終了が同じ） / 空欄にした: 火_外来受付 00:00-00:00（開始と終了が同じ） / 空欄にした: 水_外来受付 00:00-00:00（開始と終了が同じ） / 空欄にした: 木_外来受付 00:00-00:00（開始と終了が同じ） / 空欄にした: 金_外来受付 00:00-00:00（開始と終了が同じ）"
"3911395108830","07001","精神科","1","09:00","17:00","09:00","17:00","","","09:00","17:00","09:00","17:00","","","","","","","08:30","11:00","08:30","11:00","","","08:30","11:00","08:30","11:00","","","","","","",""
"3911395108830","07001","精神科","2","","","","","","","","","","","","","","","","","","","","","","","","","","","","","","","","","空欄にした: 月_診療 00:00-00:00（開始と終了が同じ） / 空欄にした: 火_診療 00:00-00:00（開始と終了が同じ） / 空欄にした: 水_診療 00:00-00:00（開始と終了が同じ） / 空欄にした: 木_診療 00:00-00:00（開始と終了が同じ） / 空欄にした: 金_診療 00:00-00:00（開始と終了が同じ） / 空欄にした: 月_外来受付 00:00-00:00（開始と終了が同じ） / 空欄にした: 火_外来受付 00:00-00:00（開始と終了が同じ） / 空欄にした: 水_外来受付 00:00-00:00（開始と終了が同じ） / 空欄にした: 木_外来受付 00:00-00:00（開始と終了が同じ） / 空欄にした: 金_外来受付 00:00-00:00（開始と終了が同じ）"
"3911395108830","07001","精神科","3","","","","","","","","","","","","","","","","","","","","","","","","","","","","","","","","","空欄にした: 月_診療 00:00-00:00（開始と終了が同じ） / 空欄にした: 火_診療 00:00-00:00（開始と終了が同じ） / 空欄にした: 水_診療 00:00-00:00（開始と終了が同じ） / 空欄にした: 木_診療 00:00-00:00（開始と終了が同じ） / 空欄にした: 金_診療 00:00-00:00（開始と終了が同じ） / 空欄にした: 月_外来受付 00:00-00:00（開始と終了が同じ） / 空欄にした: 火_外来受付 00:00-00:00（開始と終了が同じ） / 空欄にした: 水_外来受付 00:00-00:00（開始と終了が同じ） / 空欄にした: 木_外来受付 00:00-00:00（開始と終了が同じ） / 空欄にした: 金_外来受付 00:00-00:00（開始と終了が同じ）"
"3911395108830","08003","歯科口腔外科","1","09:00","17:00","","","09:00","17:00","","","09:00","17:00","","","","","","","08:30","11:00","","","08:30","11:00","","","08:30","11:00","","","","","","",""
"3911395108830","08003","歯科口腔外科","2","","","","","","","","","","","","","","","","","","","","","","","","","","","","","","","","","空欄にした: 月_診療 00:00-00:00（開始と終了が同じ） / 空欄にした: 火_診療 00:00-00:00（開始と終了が同じ） / 空欄にした: 水_診療 00:00-00:00（開始と終了が同じ） / 空欄にした: 木_診療 00:00-00:00（開始と終了が同じ） / 空欄にした: 金_診療 00:00-00:00（開始と終了が同じ） / 空欄にした: 月_外来受付 00:00-00:00（開始と終了が同じ） / 空欄にした: 火_外来受付 00:00-00:00（開始と終了が同じ） / 空欄にした: 水_外来受付 00:00-00:00（開始と終了が同じ） / 空欄にした: 木_外来受付 00:00-00:00（開始と終了が同じ） / 空欄にした: 金_外来受付 00:00-00:00（開始と終了が同じ）"
"3911395108830","08003","歯科口腔外科","3","","","","","","","","","","","","","","","","","","","","","","","","","","","","","","","","","空欄にした: 月_診療 00:00-00:00（開始と終了が同じ） / 空欄にした: 火_診療 00:00-00:00（開始と終了が同じ） / 空欄にした: 水_診療 00:00-00:00（開始と終了が同じ） / 空欄にした: 木_診療 00:00-00:00（開始と終了が同じ） / 空欄にした: 金_診療 00:00-00:00（開始と終了が同じ） / 空欄にした: 月_外来受付 00:00-00:00（開始と終了が同じ） / 空欄にした: 火_外来受付 00:00-00:00（開始と終了が同じ） / 空欄にした: 水_外来受付 00:00-00:00（開始と終了が同じ） / 空欄にした: 木_外来受付 00:00-00:00（開始と終了が同じ） / 空欄にした: 金_外来受付 00:00-00:00（開始と終了が同じ）"
"3911395108830","09003","リハビリテーション科","1","09:00","17:00","09:00","17:00","09:00","17:00","09:00","17:00","09:00","17:00","","","","","","","08:30","11:00","08:30","11:00","08:30","11:00","08:30","11:00","08:30","11:00","","","","","","",""
"3911395108830","09003","リハビリテーション科","2","","","","","","","","","","","","","","","","","","","","","","","","","","","","","","","","","空欄にした: 月_診療 00:00-00:00（開始と終了が同じ） / 空欄にした: 火_診療 00:00-00:00（開始と終了が同じ） / 空欄にした: 水_診療 00:00-00:00（開始と終了が同じ） / 空欄にした: 木_診療 00:00-00:00（開始と終了が同じ） / 空欄にした: 金_診療 00:00-00:00（開始と終了が同じ） / 空欄にした: 月_外来受付 00:00-00:00（開始と終了が同じ） / 空欄にした: 火_外来受付 00:00-00:00（開始と終了が同じ） / 空欄にした: 水_外来受付 00:00-00:00（開始と終了が同じ） / 空欄にした: 木_外来受付 00:00-00:00（開始と終了が同じ） / 空欄にした: 金_外来受付 00:00-00:00（開始と終了が同じ）"
"3911395108830","09003","リハビリテーション科","3","","","","","","","","","","","","","","","","","","","","","","","","","","","","","","","","","空欄にした: 月_診療 00:00-00:00（開始と終了が同じ） / 空欄にした: 火_診療 00:00-00:00（開始と終了が同じ） / 空欄にした: 水_診療 00:00-00:00（開始と終了が同じ） / 空欄にした: 木_診療 00:00-00:00（開始と終了が同じ） / 空欄にした: 金_診療 00:00-00:00（開始と終了が同じ） / 空欄にした: 月_外来受付 00:00-00:00（開始と終了が同じ） / 空欄にした: 火_外来受付 00:00-00:00（開始と終了が同じ） / 空欄にした: 水_外来受付 00:00-00:00（開始と終了が同じ） / 空欄にした: 木_外来受付 00:00-00:00（開始と終了が同じ） / 空欄にした: 金_外来受付 00:00-00:00（開始と終了が同じ）"
"3911395108830","09005","放射線診断科","1","09:00","17:00","","","09:00","17:00","09:00","17:00","","","","","","","","","08:30","11:00","","","08:30","11:00","08:30","11:00","","","","","","","","",""
"3911395108830","09005","放射線診断科","2","","","","","","","","","","","","","","","","","","","","","","","","","","","","","","","","",""
"3911395108830","09005","放射線診断科","3","","","","","","","","","","","","","","","","","","","","","","","","","","","","","","","","",""
"3911395108830","09006","放射線治療科","1","","","09:00","17:00","09:00","17:00","09:00","17:00","09:00","17:00","","","","","","","","","08:30","11:00","08:30","11:00","08:30","11:00","08:30","11:00","","","","","","",""
"3911395108830","09006","放射線治療科","2","","","","","","","","","","","","","","","","","","","","","","","","","","","","","","","","",""
"3911395108830","09006","放射線治療科","3","","","","","","","","","","","","","","","","","","","","","","","","","","","","","","","","",""
"3911395108830","09008","病理診断科","1","09:00","17:00","09:00","17:00","09:00","17:00","09:00","17:00","09:00","17:00","","","","","","","08:30","11:00","08:30","11:00","08:30","11:00","08:30","11:00","08:30","11:00","","","","","","",""
"3911395108830","09008","病理診断科","2","","","","","","","","","","","","","","","","","","","","","","","","","","","","","","","","","空欄にした: 月_診療 00:00-00:00（開始と終了が同じ） / 空欄にした: 火_診療 00:00-00:00（開始と終了が同じ） / 空欄にした: 水_診療 00:00-00:00（開始と終了が同じ） / 空欄にした: 木_診療 00:00-00:00（開始と終了が同じ） / 空欄にした: 金_診療 00:00-00:00（開始と終了が同じ） / 空欄にした: 月_外来受付 00:00-00:00（開始と終了が同じ） / 空欄にした: 火_外来受付 00:00-00:00（開始と終了が同じ） / 空欄にした: 水_外来受付 00:00-00:00（開始と終了が同じ） / 空欄にした: 木_外来受付 00:00-00:00（開始と終了が同じ） / 空欄にした: 金_外来受付 00:00-00:00（開始と終了が同じ）"
"3911395108830","09008","病理診断科","3","","","","","","","","","","","","","","","","","","","","","","","","","","","","","","","","","空欄にした: 月_診療 00:00-00:00（開始と終了が同じ） / 空欄にした: 火_診療 00:00-00:00（開始と終了が同じ） / 空欄にした: 水_診療 00:00-00:00（開始と終了が同じ） / 空欄にした: 木_診療 00:00-00:00（開始と終了が同じ） / 空欄にした: 金_診療 00:00-00:00（開始と終了が同じ） / 空欄にした: 月_外来受付 00:00-00:00（開始と終了が同じ） / 空欄にした: 火_外来受付 00:00-00:00（開始と終了が同じ） / 空欄にした: 水_外来受付 00:00-00:00（開始と終了が同じ） / 空欄にした: 木_外来受付 00:00-00:00（開始と終了が同じ） / 空欄にした: 金_外来受付 00:00-00:00（開始と終了が同じ）"
"3911395108830","09010","救急科","1","09:00","17:00","09:00","17:00","09:00","17:00","09:00","17:00","09:00","17:00","","","","","","","08:30","11:00","08:30","11:00","08:30","11:00","08:30","11:00","08:30","11:00","","","","","","",""
"3911395108830","09010","救急科","2","","","","","","","","","","","","","","","","","","","","","","","","","","","","","","","","","空欄にした: 月_診療 00:00-00:00（開始と終了が同じ） / 空欄にした: 火_診療 00:00-00:00（開始と終了が同じ） / 空欄にした: 水_診療 00:00-00:00（開始と終了が同じ） / 空欄にした: 木_診療 00:00-00:00（開始と終了が同じ） / 空欄にした: 金_診療 00:00-00:00（開始と終了が同じ） / 空欄にした: 月_外来受付 00:00-00:00（開始と終了が同じ） / 空欄にした: 火_外来受付 00:00-00:00（開始と終了が同じ） / 空欄にした: 水_外来受付 00:00-00:00（開始と終了が同じ） / 空欄にした: 木_外来受付 00:00-00:00（開始と終了が同じ） / 空欄にした: 金_外来受付 00:00-00:00（開始と終了が同じ）"
"3911395108830","09010","救急科","3","","","","","","","","","","","","","","","","","","","","","","","","","","","","","","","","","空欄にした: 月_診療 00:00-00:00（開始と終了が同じ） / 空欄にした: 火_診療 00:00-00:00（開始と終了が同じ） / 空欄にした: 水_診療 00:00-00:00（開始と終了が同じ） / 空欄にした: 木_診療 00:00-00:00（開始と終了が同じ） / 空欄にした: 金_診療 00:00-00:00（開始と終了が同じ） / 空欄にした: 月_外来受付 00:00-00:00（開始と終了が同じ） / 空欄にした: 火_外来受付 00:00-00:00（開始と終了が同じ） / 空欄にした: 水_外来受付 00:00-00:00（開始と終了が同じ） / 空欄にした: 木_外来受付 00:00-00:00（開始と終了が同じ） / 空欄にした: 金_外来受付 00:00-00:00（開始と終了が同じ）"
"3911395108830","09011","麻酔科","1","","","","","","","","","","","","","","","","","","","","","","","","","","","","","","","","",""
"3911395108830","09011","麻酔科","2","","","","","","","","","","","","","","","","","","","","","","","","","","","","","","","","","空欄にした: 月_診療 00:00-00:00（開始と終了が同じ） / 空欄にした: 火_診療 00:00-00:00（開始と終了が同じ） / 空欄にした: 水_診療 00:00-00:00（開始と終了が同じ） / 空欄にした: 木_診療 00:00-00:00（開始と終了が同じ） / 空欄にした: 金_診療 00:00-00:00（開始と終了が同じ） / 空欄にした: 月_外来受付 00:00-00:00（開始と終了が同じ） / 空欄にした: 火_外来受付 00:00-00:00（開始と終了が同じ） / 空欄にした: 水_外来受付 00:00-00:00（開始と終了が同じ） / 空欄にした: 木_外来受付 00:00-00:00（開始と終了が同じ） / 空欄にした: 金_外来受付 00:00-00:00（開始と終了が同じ）"
"3911395108830","09011","麻酔科","3","","","","","","","","","","","","","","","","","","","","","","","","","","","","","","","","","空欄にした: 月_診療 00:00-00:00（開始と終了が同じ） / 空欄にした: 火_診療 00:00-00:00（開始と終了が同じ） / 空欄にした: 水_診療 00:00-00:00（開始と終了が同じ） / 空欄にした: 木_診療 00:00-00:00（開始と終了が同じ） / 空欄にした: 金_診療 00:00-00:00（開始と終了が同じ） / 空欄にした: 月_外来受付 00:00-00:00（開始と終了が同じ） / 空欄にした: 火_外来受付 00:00-00:00（開始と終了が同じ） / 空欄にした: 水_外来受付 00:00-00:00（開始と終了が同じ） / 空欄にした: 木_外来受付 00:00-00:00（開始と終了が同じ） / 空欄にした: 金_外来受付 00:00-00:00（開始と終了が同じ）"
"3911395108960","01001","内科","1","09:00","17:00","09:00","17:00","09:00","17:00","09:00","17:00","09:00","17:00","09:00","12:15","","","","","09:00","17:00","09:00","17:00","09:00","17:00","09:00","17:00","09:00","17:00","09:00","12:15","","","","",""
"3911395108960","01001","内科","2","","","","","","","","","","","","","","","","","","","","","","","","","","","","","","","","",""
"3911395108960","01001","内科","3","","","","","","","","","","","","","","","","","","","","","","","","","","","","","","","","",""
"3911395108960","07001","精神科","1","09:00","17:00","09:00","17:00","09:00","17:00","09:00","17:00","09:00","17:00","09:00","12:15","","","","","09:00","17:00","09:00","17:00","09:00","17:00","09:00","17:00","09:00","17:00","09:00","12:15","","","","",""
"3911395108960","07001","精神科","2","","","","","","","","","","","","","","","","","","","","","","","","","","","","","","","","",""
"3911395108960","07001","精神科","3","","","","","","","","","","","","","","","","","","","","","","","","","","","","","","","","",""
"3911395108960","07002","神経科","1","09:00","17:00","09:00","17:00","09:00","17:00","09:00","17:00","09:00","17:00","09:00","12:15","","","","","09:00","17:00","09:00","17:00","09:00","17:00","09:00","17:00","09:00","17:00","09:00","12:15","","","","",""
"3911395108960","07002","神経科","2","","","","","","","","","","","","","","","","","","","","","","","","","","","","","","","","",""
"3911395108960","07002","神経科","3","","","","","","","","","","","","","","","","","","","","","","","","","","","","","","","","",""
"3911395109260","01001","内科","1","08:30","12:00","08:30","12:00","08:30","12:00","08:30","12:00","08:30","12:00","","","","","","","08:00","11:30","08:00","11:30","08:00","11:30","08:00","11:30","08:00","11:30","","","","","","",""
"3911395109260","01001","内科","2","13:30","17:00","13:30","17:00","13:30","17:00","13:30","17:00","13:30","17:00","","","","","","","12:30","16:40","12:30","16:40","12:30","16:40","12:30","16:40","12:30","16:40","","","","","","",""
"3911395109260","01001","内科","3","","","","","","","","","","","","","","","","","","","","","","","","","","","","","","","","",""
"3911395109260","01017","循環器内科","1","08:30","12:00","08:30","12:00","08:30","12:00","08:30","12:00","08:30","12:00","","","","","","","08:00","11:30","08:00","11:30","08:00","11:30","08:00","11:30","08:00","11:30","","","","","","",""
"3911395109260","01017","循環器内科","2","13:30","17:00","13:30","17:00","13:30","17:00","13:30","17:00","13:30","17:00","","","","","","","12:30","16:40","12:30","16:40","12:30","16:40","12:30","16:40","12:30","16:40","","","","","","",""
"3911395109260","01017","循環器内科","3","","","","","","","","","","","","","","","","","","","","","","","","","","","","","","","","",""
"3911395109260","01020","消化器内科","1","08:30","12:00","08:30","12:00","08:30","12:00","08:30","12:00","08:30","12:00","","","","","","","08:00","11:30","08:00","11:30","08:00","11:30","08:00","11:30","08:00","11:30","","","","","","",""
"3911395109260","01020","消化器内科","2","13:30","17:00","13:30","17:00","13:30","17:00","13:30","17:00","13:30","17:00","","","","","","","12:30","16:40","12:30","16:40","12:30","16:40","12:30","16:40","12:30","16:40","","","","","","",""
"3911395109260","01020","消化器内科","3","","","","","","","","","","","","","","","","","","","","","","","","","","","","","","","","",""
"3911395109260","02001","外科","1","08:30","12:00","08:30","12:00","09:30","12:00","08:30","12:00","09:30","12:00","","","","","","","08:00","11:30","08:00","11:30","08:00","11:30","08:00","11:30","08:00","11:30","","","","","","",""
"3911395109260","02001","外科","2","","","","","","","","","","","","","","","","","","","","","","","12:30","16:40","","","","","","","","",""
"3911395109260","02001","外科","3","","","","","","","","","","","","","","","","","","","","","","","","","","","","","","","","",""
"3911395109260","02012","消化器外科","1","08:30","12:00","08:30","12:00","09:30","12:00","08:30","12:00","09:30","12:00","","","","","","","08:00","11:30","08:00","11:30","08:00","11:30","08:00","11:30","08:00","11:30","","","","","","",""
"3911395109260","02012","消化器外科","2","","","","","","","","","","","","","","","","","","","","","","","","","","","","","","","","",""
"3911395109260","02012","消化器外科","3","","","","","","","","","","","","","","","","","","","","","","","","","","","","","","","","",""
"3911395109260","02025","肛門外科","1","08:30","12:00","08:30","12:00","09:30","12:00","08:30","12:00","09:30","12:00","","","","","","","08:00","11:30","08:00","11:30","08:00","11:30","08:00","11:30","08:00","11:30","","","","","","",""
"3911395109260","02025","肛門外科","2","","","","","","","","","","","","","","","","","","","","","","","","","","","","","","","","",""
"3911395109260","02025","肛門外科","3","","","","","","","","","","","","","","","","","","","","","","","","","","","","","","","","",""
"3911395109260","02035","整形外科","1","09:30","12:30","08:30","12:00","08:30","12:00","08:30","17:00","08:30","12:00","","","","","","","08:00","11:30","08:30","11:30","08:00","11:30","08:00","16:40","08:00","11:30","","","","","","",""
"3911395109260","02035","整形外科","2","","","","","","","","","","","","","","","","","","","","","","","","","","","","","","","","",""
"3911395109260","02035","整形外科","3","","","","","","","","","","","","","","","","","","","","","","","","","","","","","","","","",""
"3911395109260","03001","小児科","1","10:00","12:00","09:00","12:00","10:00","12:00","09:00","12:00","10:00","12:00","","","","","","","08:00","11:30","08:00","11:30","08:00","11:30","08:00","11:30","08:00","11:30","","","","","","",""
"3911395109260","03001","小児科","2","14:00","17:30","13:30","17:00","14:00","17:30","13:30","17:00","14:00","17:30","","","","","","","12:30","17:00","12:30","16:40","12:30","17:00","12:30","16:40","12:30","17:00","","","","","","",""
"3911395109260","03001","小児科","3","","","","","","","","","","","","","","","","","","","","","","","","","","","","","","","","",""
"3911395109260","04003","婦人科","1","09:00","12:00","","","","","","","","","","","","","","","08:00","11:30","","","","","","","","","","","","","","",""
"3911395109260","04003","婦人科","2","","","","","","","","","","","","","","","","","","","","","","","","","","","","","","","","",""
"3911395109260","04003","婦人科","3","","","","","","","","","","","","","","","","","","","","","","","","","","","","","","","","",""
"3911395109260","05001","眼科","1","","","","","09:00","12:00","09:00","12:00","09:00","12:00","","","","","","","","","","","08:00","11:30","08:00","11:30","08:30","11:30","","","","","","",""
"3911395109260","05001","眼科","2","","","","","","","","","","","","","","","","","","","","","","","","","","","","","","","","",""
"3911395109260","05001","眼科","3","","","","","","","","","","","","","","","","","","","","","","","","","","","","","","","","",""
"3911395109260","05002","耳鼻いんこう科","1","08:30","12:00","08:30","12:00","08:30","12:00","08:30","12:00","08:30","12:00","","","","","","","08:00","11:30","08:00","11:30","08:00","11:30","08:00","11:30","08:00","11:30","","","","","","",""
"3911395109260","05002","耳鼻いんこう科","2","13:30","17:00","","","13:30","17:00","","","13:30","17:00","","","","","","","12:30","16:40","","","12:30","16:40","","","12:30","16:40","","","","","","",""
"3911395109260","05002","耳鼻いんこう科","3","","","","","","","","","","","","","","","","","","","","","","","","","","","","","","","","",""
"3911395109260","06001","皮膚科","1","09:30","12:30","","","","","09:30","12:30","","","","","","","","","08:00","12:00","","","","","08:00","12:00","","","","","","","","",""
"3911395109260","06001","皮膚科","2","","","","","","","","","","","","","","","","","","","","","","","","","","","","","","","","",""
"3911395109260","06001","皮膚科","3","","","","","","","","","","","","","","","","","","","","","","","","","","","","","","","","",""
"3911395109260","06004","泌尿器科","1","","","","","","","08:30","12:00","","","","","","","","","","","","","","","08:00","11:30","","","","","","","","",""
"3911395109260","06004","泌尿器科","2","","","","","","","13:30","17:00","","","","","","","","","","","","","","","12:30","16:30","","","","","","","","",""
"3911395109260","06004","泌尿器科","3","","","","","","","","","","","","","","","","","","","","","","","","","","","","","","","","",""
"3911395109260","09004","放射線科","1","","","","","","","","","","","","","","","","","","","","","","","","","","","","","","","","",""
"3911395109260","09004","放射線科","2","","","","","","","","","","","","","","","","","","","","","","","","","","","","","","","","",""
"3911395109260","09004","放射線科","3","","","","","","","","","","","","","","","","","","","","","","","","","","","","","","","","",""
"3911395109390","01001","内科","1","09:00","12:30","09:00","12:30","","","09:00","12:30","09:00","12:30","","","","","","","08:30","12:00","08:30","12:00","","","08:30","12:00","08:30","12:00","","","","","","",""
"3911395109390","01001","内科","2","14:00","17:30","14:00","17:30","14:00","17:30","","","","","","","","","","","13:30","17:00","13:30","17:00","13:30","17:00","","","","","","","","","","",""
"3911395109390","01001","内科","3","","","","","","","","","","","","","","","","","","","","","","","","","","","","","","","","",""
"3911395109390","01002","感染症内科","1","","","","","","","14:00","17:00","","","","","","","","","","","","","","","13:30","16:30","","","","","","","","",""
"3911395109390","01002","感染症内科","2","","","","","","","","","","","","","","","","","","","","","","","","","","","","","","","","",""
"3911395109390","01002","感染症内科","3","","","","","","","","","","","","","","","","","","","","","","","","","","","","","","","","",""
"3911395109390","01014","呼吸器内科","1","","","","","","","","","14:00","17:30","","","","","","","","","","","","","","","13:30","17:00","","","","","","",""
"3911395109390","01014","呼吸器内科","2","","","","","","","","","","","","","","","","","","","","","","","","","","","","","","","","",""
"3911395109390","01014","呼吸器内科","3","","","","","","","","","","","","","","","","","","","","","","","","","","","","","","","","",""
"3911395109390","01020","消化器内科","1","","","","","09:00","12:00","","","","","","","","","","","","","","","08:30","11:30","","","","","","","","","","",""
"3911395109390","01020","消化器内科","2","","","","","","","","","","","","","","","","","","","","","","","","","","","","","","","","",""
"3911395109390","01020","消化器内科","3","","","","","","","","","","","","","","","","","","","","","","","","","","","","","","","","",""
"3911395109390","02001","外科","1","","","","","","","","","","","","","","","","","","","","","","","","","","","","","","","","",""
"3911395109390","02001","外科","2","","","","","","","","","","","","","","","","","","","","","","","","","","","","","","","","",""
"3911395109390","02001","外科","3","","","","","","","","","","","","","","","","","","","","","","","","","","","","","","","","",""
"3911395109390","02035","整形外科","1","09:00","12:30","09:00","12:30","","","09:00","12:30","09:00","12:30","","","","","","","08:30","12:00","08:30","12:00","","","08:30","12:00","08:30","12:00","","","","","","",""
"3911395109390","02035","整形外科","2","","","","","","","","","","","","","","","","","","","","","","","","","","","","","","","","",""
"3911395109390","02035","整形外科","3","","","","","","","","","","","","","","","","","","","","","","","","","","","","","","","","",""
"3911395109390","09002","リウマチ科","1","09:00","12:30","09:00","12:30","","","09:00","12:30","09:00","12:30","","","","","","","08:30","12:00","08:30","12:00","","","08:30","12:00","08:30","12:00","","","","","","",""
"3911395109390","09002","リウマチ科","2","","","","","","","","","","","","","","","","","","","","","","","","","","","","","","","","",""
"3911395109390","09002","リウマチ科","3","","","","","","","","","","","","","","","","","","","","","","","","","","","","","","","","",""
"3911395109390","09003","リハビリテーション科","1","09:00","12:30","09:00","12:30","","","09:00","12:30","09:00","12:30","","","","","","","08:30","12:00","08:30","12:00","","","08:30","12:00","08:30","12:00","","","","","","",""
"3911395109390","09003","リハビリテーション科","2","","","","","","","","","","","","","","","","","","","","","","","","","","","","","","","","",""
"3911395109390","09003","リハビリテーション科","3","","","","","","","","","","","","","","","","","","","","","","","","","","","","","","","","",""
"3911395109550","01001","内科","1","09:00","12:30","09:00","12:30","09:00","12:30","09:00","12:30","09:00","12:30","09:00","12:30","","","","","08:30","12:00","08:30","12:00","08:30","12:00","08:30","12:00","08:30","12:00","08:30","12:00","","","","",""
"3911395109550","01001","内科","2","14:00","17:00","14:00","17:00","14:00","17:00","15:00","17:00","15:00","17:00","","","","","","","08:30","16:30","08:30","16:30","08:30","16:30","08:30","16:30","08:30","16:30","","","","","","",""
"3911395109550","01001","内科","3","","","","","","","17:00","19:00","17:00","19:00","","","","","","","","","","","","","08:30","18:30","08:30","18:30","","","","","","",""
"3911395109550","01006","糖尿病内科","1","","","","","","","","","","","","","","","","","","","","","","","","","","","","","","","","",""
"3911395109550","01006","糖尿病内科","2","","","","","","","","","","","","","","","","","","","","","","","","","","","","","","","","",""
"3911395109550","01006","糖尿病内科","3","","","","","","","","","","","","","","","","","","","","","","","","","","","","","","","","",""
"3911395109550","01014","呼吸器内科","1","","","","","","","","","","","","","","","","","","","","","","","","","","","","","","","","",""
"3911395109550","01014","呼吸器内科","2","","","","","","","","","","","","","","","","","","","","","","","","","","","","","","","","",""
"3911395109550","01014","呼吸器内科","3","","","","","","","","","","","","","","","","","","","","","","","","","","","","","","","","",""
"3911395109550","01017","循環器内科","1","","","","","","","","","","","","","","","","","","","","","","","","","","","","","","","","",""
"3911395109550","01017","循環器内科","2","","","","","","","","","","","","","","","","","","","","","","","","","","","","","","","","",""
"3911395109550","01017","循環器内科","3","","","","","","","","","","","","","","","","","","","","","","","","","","","","","","","","",""
"3911395109550","01020","消化器内科","1","","","","","","","","","","","","","","","","","","","","","","","","","","","","","","","","",""
"3911395109550","01020","消化器内科","2","","","","","","","","","","","","","","","","","","","","","","","","","","","","","","","","",""
"3911395109550","01020","消化器内科","3","","","","","","","","","","","","","","","","","","","","","","","","","","","","","","","","",""
"3911395109550","01021","胃腸内科","1","","","","","","","","","","","","","","","","","","","","","","","","","","","","","","","","",""
"3911395109550","01021","胃腸内科","2","","","","","","","","","","","","","","","","","","","","","","","","","","","","","","","","",""
"3911395109550","01021","胃腸内科","3","","","","","","","","","","","","","","","","","","","","","","","","","","","","","","","","",""
"3911395109550","01030","内視鏡内科","1","","","","","","","","","","","","","","","","","","","","","","","","","","","","","","","","",""
"3911395109550","01030","内視鏡内科","2","","","","","","","","","","","","","","","","","","","","","","","","","","","","","","","","",""
"3911395109550","01030","内視鏡内科","3","","","","","","","","","","","","","","","","","","","","","","","","","","","","","","","","",""
"3911395109550","02001","外科","1","09:00","12:30","09:00","11:00","09:00","12:30","09:00","12:30","","","09:00","12:30","","","","","08:30","12:00","08:30","10:30","08:30","12:00","08:30","12:00","","","08:30","12:00","","","","",""
"3911395109550","02001","外科","2","14:30","17:00","","","","","","","","","","","","","","","08:30","16:30","","","","","","","","","","","","","","",""
"3911395109550","02001","外科","3","","","","","","","","","","","","","","","","","","","","","","","","","","","","","","","","",""
"3911395109550","02005","呼吸器外科","1","","","","","","","","","","","","","","","","","","","","","","","","","","","","","","","","",""
"3911395109550","02005","呼吸器外科","2","","","","","","","","","14:00","17:00","","","","","","","","","08:30","16:30","","","","","","","","","","","","",""
"3911395109550","02005","呼吸器外科","3","","","","","","","","","","","","","","","","","","","","","","","","","","","","","","","","",""
"3911395109550","02012","消化器外科","1","","","","","","","","","","","","","","","","","","","","","","","","","","","","","","","","",""
"3911395109550","02012","消化器外科","2","","","","","","","","","","","","","","","","","","","","","","","","","","","","","","","","",""
"3911395109550","02012","消化器外科","3","","","","","","","","","","","","","","","","","","","","","","","","","","","","","","","","",""
"3911395109550","02022","乳腺外科","1","","","","","","","","","","","","","","","","","","","","","","","","","","","","","","","","",""
"3911395109550","02022","乳腺外科","2","","","","","","","","","","","","","","","","","","","","","","","","","","","","","","","","",""
"3911395109550","02022","乳腺外科","3","","","","","","","","","","","","","","","","","","","","","","","","","","","","","","","","",""
"3911395109550","02025","肛門外科","1","","","","","","","","","","","","","","","","","","","","","","","","","","","","","","","","",""
"3911395109550","02025","肛門外科","2","","","","","","","","","","","","","","","","","","","","","","","","","","","","","","","","",""
"3911395109550","02025","肛門外科","3","","","","","","","","","","","","","","","","","","","","","","","","","","","","","","","","",""
"3911395109550","02035","整形外科","1","","","","","09:00","12:30","09:00","12:30","","","09:00","12:30","","","","","","","","","08:30","12:00","08:30","12:00","","","08:30","12:00","","","","",""
"3911395109550","02035","整形外科","2","","","14:30","17:00","","","","","","","","","","","","","","","08:30","16:30","","","","","","","","","","","","",""
"3911395109550","02035","整形外科","3","","","","","","","","","","","","","","","","","","","","","","","","","","","","","","","","",""
"3911395109550","09002","リウマチ科","1","","","","","09:00","12:30","09:00","12:30","","","09:00","12:30","","","","","","","","","08:30","12:00","08:30","12:00","","","08:30","12:00","","","","",""
"3911395109550","09002","リウマチ科","2","","","14:30","17:00","","","","","","","","","","","","","","","08:30","16:30","","","","","","","","","","","","",""
"3911395109550","09002","リウマチ科","3","","","","","","","","","","","","","","","","","","","","","","","","","","","","","","","","",""
"3911395109550","09003","リハビリテーション科","1","","","","","","","09:00","12:30","","","","","","","","","","","","","","","09:00","12:00","","","","","","","","",""
"3911395109550","09003","リハビリテーション科","2","","","","","","","","","","","","","","","","","","","","","","","","","","","","","","","","",""
"3911395109550","09003","リハビリテーション科","3","","","","","","","","","17:00","19:00","","","","","","","","","","","","","","","08:30","18:30","","","","","","",""
"3911395109550","09004","放射線科","1","09:00","12:30","09:00","12:30","09:00","12:30","09:00","12:30","09:00","12:30","09:00","12:30","","","","","08:30","16:30","08:30","16:30","08:30","16:30","08:30","18:30","08:30","18:30","08:30","12:00","","","","",""
"3911395109550","09004","放射線科","2","14:00","17:00","14:00","17:00","14:00","17:00","15:00","17:00","14:00","17:00","","","","","","","","","","","","","","","","","","","","","","",""
"3911395109550","09004","放射線科","3","","","17:00","19:00","","","17:00","19:00","17:00","19:00","","","","","","","","","","","","","","","","","","","","","","",""
"3911395109550","09010","救急科","1","","","","","","","","","","","","","","","","","","","","","","","","","","","","","","","","",""
"3911395109550","09010","救急科","2","","","","","","","","","","","","","","","","","","","","","","","","","","","","","","","","",""
"3911395109550","09010","救急科","3","","","","","","","","","","","","","","","","","","","","","","","","","","","","","","","","",""
"3911395110080","01001","内科","1","08:30","12:00","08:30","12:00","08:30","12:00","08:30","12:00","08:30","12:00","08:30","12:00","","","","","08:00","12:00","08:00","12:00","08:00","12:00","08:00","12:00","08:00","12:00","08:00","12:00","","","","",""
"3911395110080","01001","内科","2","13:00","17:00","","","13:00","17:00","13:00","17:00","13:00","17:00","","","","","","","12:00","17:00","","","12:00","17:00","12:00","17:00","12:00","17:00","","","","","","",""
"3911395110080","01001","内科","3","","","","","","","","","","","","","","","","","","","","","","","","","","","","","","","","",""
"3911395110080","01010","糖尿病・内分泌内科","1","","","","","","","","","","","","","","","","","","","","","","","","","","","","","","","","",""
"3911395110080","01010","糖尿病・内分泌内科","2","","","","","","","","","","","","","","","","","","","","","","","","","","","","","","","","",""
"3911395110080","01010","糖尿病・内分泌内科","3","","","","","","","","","","","","","","","","","","","","","","","","","","","","","","","","",""
"3911395110080","01014","呼吸器内科","1","","","","","","","","","","","","","","","","","","","","","","","","","","","","","","","","",""
"3911395110080","01014","呼吸器内科","2","","","","","","","","","","","","","","","","","","","","","","","","","","","","","","","","",""
"3911395110080","01014","呼吸器内科","3","","","","","","","","","","","","","","","","","","","","","","","","","","","","","","","","",""
"3911395110080","01017","循環器内科","1","08:30","12:00","","","08:30","12:00","","","08:30","12:00","","","","","","","08:00","12:00","","","08:00","12:00","","","08:00","12:00","","","","","","",""
"3911395110080","01017","循環器内科","2","","","","","","","","","","","","","","","","","","","","","","","","","","","","","","","","",""
"3911395110080","01017","循環器内科","3","","","","","","","","","","","","","","","","","","","","","","","","","","","","","","","","",""
"3911395110080","01020","消化器内科","1","","","","","","","","","","","","","","","","","","","","","","","","","","","","","","","","",""
"3911395110080","01020","消化器内科","2","","","","","","","","","","","","","","","","","","","","","","","","","","","","","","","","",""
"3911395110080","01020","消化器内科","3","","","","","","","","","","","","","","","","","","","","","","","","","","","","","","","","",""
"3911395110080","01022","腎臓内科","1","","","","","","","","","","","","","","","","","","","","","","","","","","","","","","","","",""
"3911395110080","01022","腎臓内科","2","","","","","","","","","","","","","","","","","","","","","","","","","","","","","","","","",""
"3911395110080","01022","腎臓内科","3","","","","","","","","","","","","","","","","","","","","","","","","","","","","","","","","",""
"3911395110080","02001","外科","1","","","","","","","","","","","","","","","","","","","","","","","","","","","","","","","","",""
"3911395110080","02001","外科","2","","","","","","","","","","","","","","","","","","","","","","","","","","","","","","","","",""
"3911395110080","02001","外科","3","","","","","","","","","","","","","","","","","","","","","","","","","","","","","","","","",""
"3911395110080","02002","脳神経外科","1","","","","","","","","","","","","","","","","","","","","","","","","","","","","","","","","",""
"3911395110080","02002","脳神経外科","2","","","","","","","","","","","","","","","","","","","","","","","","","","","","","","","","",""
"3911395110080","02002","脳神経外科","3","","","","","","","","","","","","","","","","","","","","","","","","","","","","","","","","",""
"3911395110080","02035","整形外科","1","08:30","12:00","08:30","12:00","","","08:30","12:00","","","","","","","","","08:00","12:00","08:00","12:00","","","08:00","12:00","","","","","","","","",""
"3911395110080","02035","整形外科","2","","","","","","","13:00","17:00","13:00","17:00","","","","","","","","","","","","","12:00","17:00","12:00","17:00","","","","","","",""
"3911395110080","02035","整形外科","3","","","","","","","","","","","","","","","","","","","","","","","","","","","","","","","","",""
"3911395110080","09003","リハビリテーション科","1","","","","","08:30","12:00","","","08:30","12:00","","","","","","","","","","","08:00","12:00","","","08:00","12:00","","","","","","",""
"3911395110080","09003","リハビリテーション科","2","","","","","","","","","","","","","","","","","","","","","","","","","","","","","","","","",""
"3911395110080","09003","リハビリテーション科","3","","","","","","","","","","","","","","","","","","","","","","","","","","","","","","","","",""
"3911395110110","01001","内科","1","08:30","12:30","08:30","12:30","08:30","12:30","08:30","12:30","08:30","12:30","08:30","12:30","","","","","08:00","12:15","08:00","12:15","08:00","12:15","08:00","12:15","08:00","12:15","08:00","12:15","","","","",""
"3911395110110","01001","内科","2","14:00","17:00","14:00","17:00","14:00","17:30","14:00","17:00","14:00","17:30","14:00","17:30","","","","","13:30","16:45","13:30","16:45","13:30","17:15","13:30","16:45","13:30","17:15","13:30","16:45","","","","",""
"3911395110110","01001","内科","3","","","","","","","","","","","","","","","","","","","","","","","","","","","","","","","","",""
"3911395110110","01020","消化器内科","1","","","","","08:30","12:30","","","","","","","","","","","","","","","08:00","12:15","","","","","","","","","","",""
"3911395110110","01020","消化器内科","2","","","","","14:00","17:30","","","","","","","","","","","","","","","13:30","17:15","","","","","","","","","","",""
"3911395110110","01020","消化器内科","3","","","","","","","","","","","","","","","","","","","","","","","","","","","","","","","","",""
"3911395110110","01022","腎臓内科","1","","","","","","","","","","","","","","","","","","","","","","","","","","","","","","","","",""
"3911395110110","01022","腎臓内科","2","","","","","","","","","","","","","","","","","","","","","","","","","","","","","","","","",""
"3911395110110","01022","腎臓内科","3","","","","","","","","","","","","","","","","","","","","","","","","","","","","","","","","",""
"3911395110110","01023","人工透析内科","1","08:30","12:30","08:30","12:30","","","08:30","12:30","08:30","12:30","08:30","12:30","","","","","08:00","12:15","08:00","12:15","","","08:00","12:15","08:00","12:15","08:00","12:15","","","","",""
"3911395110110","01023","人工透析内科","2","14:00","17:00","14:00","17:00","","","14:00","17:00","14:00","17:00","14:00","17:00","","","","","13:30","16:45","13:30","16:45","","","13:30","16:45","13:30","16:45","13:30","16:45","","","","",""
"3911395110110","01023","人工透析内科","3","","","","","","","","","","","","","","","","","","","","","","","","","","","","","","","","",""
"3911395110110","06001","皮膚科","1","","","","","","","","","","","","","","","","","","","","","","","","","","","","","","","","",""
"3911395110110","06001","皮膚科","2","14:00","17:30","","","14:00","17:30","","","","","","","","","","","13:30","17:15","","","13:30","17:15","","","","","","","","","","",""
"3911395110110","06001","皮膚科","3","","","","","","","","","","","","","","","","","","","","","","","","","","","","","","","","",""
"3911395110110","06002","美容皮膚科","1","","","","","","","","","","","","","","","","","","","","","","","","","","","","","","","","",""
"3911395110110","06002","美容皮膚科","2","","","","","","","","","","","","","","","","","","","","","","","","","","","","","","","","",""
"3911395110110","06002","美容皮膚科","3","","","","","","","","","","","","","","","","","","","","","","","","","","","","","","","","",""
"3911395110110","06004","泌尿器科","1","","","","","","","","","","","08:30","12:30","","","","","","","","","","","","","","","08:00","12:15","","","","",""
"3911395110110","06004","泌尿器科","2","","","","","","","","","","","14:00","17:00","","","","","","","","","","","","","","","13:30","16:45","","","","",""
"3911395110110","06004","泌尿器科","3","","","","","","","","","","","","","","","","","","","","","","","","","","","","","","","","",""
"3911395110370","01001","内科","1","09:00","12:00","09:00","12:00","","","09:00","12:00","09:00","12:00","09:00","12:00","","","","","07:00","11:30","07:00","11:30","","","07:00","11:30","07:00","11:30","07:00","11:30","","","","",""
"3911395110370","01001","内科","2","14:00","17:00","14:00","17:00","","","14:00","17:00","14:00","17:00","","","","","","","07:00","16:30","07:00","16:30","","","07:00","16:30","07:00","16:30","","","","","","",""
"3911395110370","01001","内科","3","","","","","","","","","","","","","","","","","","","","","","","","","","","","","","","","",""
"3911395110370","01017","循環器内科","1","09:00","12:00","09:00","12:00","","","","","09:00","12:00","09:00","12:00","","","","","07:00","11:30","07:00","11:30","","","","","07:00","11:30","07:00","11:30","","","","",""
"3911395110370","01017","循環器内科","2","14:00","17:00","14:00","17:00","","","14:00","17:00","14:00","17:00","","","","","","","07:00","16:30","07:00","16:30","","","07:00","16:30","07:00","16:30","","","","","","",""
"3911395110370","01017","循環器内科","3","","","","","","","","","","","","","","","","","","","","","","","","","","","","","","","","",""
"3911395110370","02002","脳神経外科","1","09:00","12:00","09:00","12:00","09:00","12:00","09:00","12:00","09:00","12:00","09:00","12:00","","","","","07:00","11:30","07:00","11:30","07:00","11:30","07:00","11:30","07:00","11:30","07:00","11:30","","","","",""
"3911395110370","02002","脳神経外科","2","14:00","17:00","14:00","17:00","14:00","17:00","14:00","17:00","14:00","17:00","","","","","","","07:00","16:30","07:00","16:30","07:00","16:30","07:00","16:30","07:00","16:30","","","","","","",""
"3911395110370","02002","脳神経外科","3","","","","","","","","","","","","","","","","","","","","","","","","","","","","","","","","",""
"3911395110370","02011","心臓血管外科","1","09:00","12:00","","","09:00","12:00","","","09:00","12:00","","","","","","","07:00","11:30","","","07:00","11:30","","","07:00","11:30","","","","","","",""
"3911395110370","02011","心臓血管外科","2","","","","","","","","","","","","","","","","","","","","","","","","","","","","","","","","",""
"3911395110370","02011","心臓血管外科","3","","","","","","","","","","","","","","","","","","","","","","","","","","","","","","","","",""
"3911395110370","02035","整形外科","1","","","14:00","17:00","","","","","","","","","","","","","","","08:30","16:30","","","","","","","","","","","","",""
"3911395110370","02035","整形外科","2","","","","","","","","","","","","","","","","","","","","","","","","","","","","","","","","",""
"3911395110370","02035","整形外科","3","","","","","","","","","","","","","","","","","","","","","","","","","","","","","","","","",""
"3911395110370","09003","リハビリテーション科","1","","","","","","","","","","","","","","","","","","","","","","","","","","","","","","","","",""
"3911395110370","09003","リハビリテーション科","2","","","","","","","","","","","","","","","","","","","","","","","","","","","","","","","","",""
"3911395110370","09003","リハビリテーション科","3","","","","","","","","","","","","","","","","","","","","","","","","","","","","","","","","",""
"3911395110400","01001","内科","1","09:00","12:00","09:00","12:00","09:00","12:00","09:00","12:00","09:00","12:00","09:00","12:00","","","","","08:50","12:00","08:50","12:00","08:50","12:00","08:50","12:00","08:50","12:00","08:50","12:00","","","","",""
"3911395110400","01001","内科","2","13:00","17:30","13:00","17:30","13:00","17:30","13:00","17:30","13:00","17:30","12:00","13:00","","","","","13:00","17:30","13:00","17:30","13:00","17:30","13:00","17:30","13:00","17:30","12:00","13:00","","","","",""
"3911395110400","01001","内科","3","","","","","","","","","","","","","","","","","","","","","","","","","","","","","","","","",""
"3911395110400","01014","呼吸器内科","1","","","","","","","09:00","12:00","","","","","","","","","","","","","","","08:50","12:00","","","","","","","","",""
"3911395110400","01014","呼吸器内科","2","","","","","","","","","","","","","","","","","","","","","","","","","","","","","","","","",""
"3911395110400","01014","呼吸器内科","3","","","","","","","","","","","","","","","","","","","","","","","","","","","","","","","","",""
"3911395110400","01017","循環器内科","1","","","","","","","","","","","","","","","","","","","","","","","","","","","","","","","","",""
"3911395110400","01017","循環器内科","2","","","","","","","","","","","","","","","","","","","","","","","","","","","","","","","","",""
"3911395110400","01017","循環器内科","3","","","","","","","","","","","","","","","","","","","","","","","","","","","","","","","","",""
"3911395110400","01020","消化器内科","1","09:00","12:00","09:00","12:00","09:00","12:00","","","09:00","12:00","","","","","","","08:50","12:00","08:50","12:00","08:50","12:00","","","08:50","12:00","","","","","","",""
"3911395110400","01020","消化器内科","2","13:00","17:30","13:00","17:30","13:00","17:30","13:00","17:30","13:00","17:30","","","","","","","13:00","17:30","13:00","17:30","13:00","17:30","","","13:00","17:30","","","","","","",""
"3911395110400","01020","消化器内科","3","","","","","","","","","","","","","","","","","","","","","","","","","","","","","","","","",""
"3911395110400","01021","胃腸内科","1","09:00","12:00","09:00","12:00","09:00","12:00","09:00","12:00","09:00","12:00","09:00","12:00","","","","","08:50","12:00","08:50","12:00","08:50","12:00","08:50","12:00","08:50","12:00","08:50","12:00","","","","",""
"3911395110400","01021","胃腸内科","2","13:00","17:30","13:00","17:30","13:00","17:30","13:00","17:30","13:00","17:30","12:00","13:00","","","","","13:00","17:30","13:00","17:30","13:00","17:30","13:00","17:30","13:00","17:30","12:00","13:00","","","","",""
"3911395110400","01021","胃腸内科","3","","","","","","","","","","","","","","","","","","","","","","","","","","","","","","","","",""
"3911395110400","02001","外科","1","09:00","12:00","09:00","12:00","09:00","12:00","09:00","12:00","09:00","12:00","09:00","12:00","","","","","08:50","12:00","08:50","12:00","08:50","12:00","08:50","12:00","08:50","12:00","08:50","12:00","","","","",""
"3911395110400","02001","外科","2","13:00","17:30","12:00","17:30","12:00","17:30","12:00","17:30","12:00","17:30","12:00","13:00","","","","","13:00","17:30","13:00","17:30","13:00","17:30","13:00","17:30","13:00","17:30","12:00","13:00","","","","",""
"3911395110400","02001","外科","3","","","","","","","","","","","","","","","","","","","","","","","","","","","","","","","","",""
"3911395110400","02025","肛門外科","1","09:00","12:00","09:00","12:00","09:00","12:00","09:00","12:00","09:00","12:00","09:00","12:00","","","","","08:50","12:00","08:50","12:00","08:50","12:00","08:50","12:00","08:50","12:00","08:50","12:00","","","","",""
"3911395110400","02025","肛門外科","2","13:00","17:30","13:00","17:30","13:00","17:30","13:00","17:30","13:00","17:30","12:00","13:00","","","","","13:00","17:30","13:00","17:30","13:00","17:30","13:00","17:30","13:00","17:30","12:00","13:00","","","","",""
"3911395110400","02025","肛門外科","3","","","","","","","","","","","","","","","","","","","","","","","","","","","","","","","","",""
"3911395110400","02035","整形外科","1","09:00","12:00","09:00","12:00","09:00","12:00","09:00","12:00","09:00","12:00","","","","","","","08:50","12:00","08:50","12:00","08:50","12:00","08:50","12:00","08:50","12:00","08:50","12:00","","","","",""
"3911395110400","02035","整形外科","2","13:00","17:30","13:00","17:30","13:00","17:30","13:00","17:30","13:00","17:30","09:00","13:00","","","","","13:00","17:30","13:00","17:30","13:00","17:30","13:00","17:30","13:00","17:30","12:00","13:00","","","","",""
"3911395110400","02035","整形外科","3","","","","","","","","","","","","","","","","","","","","","","","","","","","","","","","","",""
"3911395110400","09003","リハビリテーション科","1","","","","","","","","","","","","","","","","","","","","","","","","","","","","","","","","",""
"3911395110400","09003","リハビリテーション科","2","","","","","","","","","","","","","","","","","","","","","","","","","","","","","","","","",""
"3911395110400","09003","リハビリテーション科","3","","","","","","","","","","","","","","","","","","","","","","","","","","","","","","","","",""
"3911395110660","01001","内科","1","09:00","12:00","09:00","12:00","09:00","12:00","09:00","12:00","09:00","12:00","","","","","","","08:30","11:30","08:30","11:30","08:30","11:30","08:30","11:30","08:30","11:30","","","","","","",""
"3911395110660","01001","内科","2","","","","","","","13:30","17:00","","","","","","","","","","","","","","","13:00","16:30","","","","","","","","",""
"3911395110660","01001","内科","3","","","","","","","","","","","","","","","","","","","","","","","","","","","","","","","","",""
"3911395110660","01025","神経内科","1","09:00","12:00","09:00","12:00","09:00","12:00","09:00","12:00","09:00","12:00","","","","","","","08:30","11:30","08:30","11:30","08:30","11:30","08:30","11:30","08:30","11:30","","","","","","",""
"3911395110660","01025","神経内科","2","","","","","","","13:30","17:00","","","","","","","","","","","","","","","13:00","16:30","","","","","","","","",""
"3911395110660","01025","神経内科","3","","","","","","","","","","","","","","","","","","","","","","","","","","","","","","","","",""
"3911395110660","09003","リハビリテーション科","1","09:00","12:00","09:00","12:00","09:00","12:00","09:00","12:00","09:00","12:00","","","","","","","08:30","11:30","08:30","11:30","08:30","11:30","08:30","11:30","08:30","11:30","","","","","","",""
"3911395110660","09003","リハビリテーション科","2","","","","","","","13:30","17:00","","","","","","","","","","","","","","","13:00","16:30","","","","","","","","",""
"3911395110660","09003","リハビリテーション科","3","","","","","","","","","","","","","","","","","","","","","","","","","","","","","","","","",""
"3911395110790","01001","内科","1","09:00","12:00","09:00","12:00","09:00","12:00","09:00","12:00","09:00","12:00","","","","","","","09:00","12:00","09:00","12:00","09:00","12:00","09:00","12:00","09:00","12:00","","","","","","",""
"3911395110790","01001","内科","2","13:00","17:00","13:00","17:00","13:00","17:00","13:00","17:00","13:00","17:00","","","","","","","13:00","17:00","13:00","17:00","13:00","17:00","13:00","17:00","13:00","17:00","","","","","","",""
"3911395110790","01001","内科","3","","","","","","","","","","","","","","","","","","","","","","","","","","","","","","","","","空欄にした: 月_診療 00:00-00:00（開始と終了が同じ） / 空欄にした: 火_診療 00:00-00:00（開始と終了が同じ） / 空欄にした: 水_診療 00:00-00:00（開始と終了が同じ） / 空欄にした: 木_診療 00:00-00:00（開始と終了が同じ） / 空欄にした: 金_診療 00:00-00:00（開始と終了が同じ） / 空欄にした: 月_外来受付 00:00-00:00（開始と終了が同じ） / 空欄にした: 火_外来受付 00:00-00:00（開始と終了が同じ） / 空欄にした: 水_外来受付 00:00-00:00（開始と終了が同じ） / 空欄にした: 木_外来受付 00:00-00:00（開始と終了が同じ） / 空欄にした: 金_外来受付 00:00-00:00（開始と終了が同じ）"
"3911395110790","03001","小児科","1","09:00","12:00","09:00","12:00","09:00","12:00","09:00","12:00","09:00","12:00","","","","","","","09:00","12:00","09:00","12:00","09:00","12:00","09:00","12:00","09:00","12:00","","","","","","",""
"3911395110790","03001","小児科","2","13:00","17:00","13:00","17:00","13:00","17:00","13:00","17:00","13:00","17:00","","","","","","","13:00","17:00","13:00","17:00","13:00","17:00","13:00","17:00","13:00","17:00","","","","","","",""
"3911395110790","03001","小児科","3","","","","","","","","","","","","","","","","","","","","","","","","","","","","","","","","","空欄にした: 月_診療 00:00-00:00（開始と終了が同じ） / 空欄にした: 火_診療 00:00-00:00（開始と終了が同じ） / 空欄にした: 水_診療 00:00-00:00（開始と終了が同じ） / 空欄にした: 木_診療 00:00-00:00（開始と終了が同じ） / 空欄にした: 金_診療 00:00-00:00（開始と終了が同じ） / 空欄にした: 月_外来受付 00:00-00:00（開始と終了が同じ） / 空欄にした: 火_外来受付 00:00-00:00（開始と終了が同じ） / 空欄にした: 水_外来受付 00:00-00:00（開始と終了が同じ） / 空欄にした: 木_外来受付 00:00-00:00（開始と終了が同じ） / 空欄にした: 金_外来受付 00:00-00:00（開始と終了が同じ）"
"3911395110790","09003","リハビリテーション科","1","09:00","12:00","09:00","12:00","09:00","12:00","09:00","12:00","09:00","12:00","","","","","","","09:00","12:00","09:00","12:00","09:00","12:00","09:00","12:00","09:00","12:00","","","","","","",""
"3911395110790","09003","リハビリテーション科","2","13:00","17:00","13:00","17:00","13:00","17:00","13:00","17:00","13:00","17:00","","","","","","","13:00","17:00","13:00","17:00","13:00","17:00","13:00","17:00","13:00","17:00","","","","","","",""
"3911395110790","09003","リハビリテーション科","3","","","","","","","","","","","","","","","","","","","","","","","","","","","","","","","","","空欄にした: 月_診療 00:00-00:00（開始と終了が同じ） / 空欄にした: 火_診療 00:00-00:00（開始と終了が同じ） / 空欄にした: 水_診療 00:00-00:00（開始と終了が同じ） / 空欄にした: 木_診療 00:00-00:00（開始と終了が同じ） / 空欄にした: 金_診療 00:00-00:00（開始と終了が同じ） / 空欄にした: 月_外来受付 00:00-00:00（開始と終了が同じ） / 空欄にした: 火_外来受付 00:00-00:00（開始と終了が同じ） / 空欄にした: 水_外来受付 00:00-00:00（開始と終了が同じ） / 空欄にした: 木_外来受付 00:00-00:00（開始と終了が同じ） / 空欄にした: 金_外来受付 00:00-00:00（開始と終了が同じ）"
"3911395110820","01001","内科","1","09:00","12:00","09:00","12:00","09:00","12:00","09:00","12:00","09:00","12:00","09:00","12:00","","","","","08:00","11:30","08:00","11:30","08:00","11:30","08:00","11:30","08:00","11:30","08:00","11:30","","","","",""
"3911395110820","01001","内科","2","14:00","18:00","14:00","18:00","14:00","18:00","14:00","18:00","14:00","18:00","","","","","","","12:00","17:30","12:00","17:30","12:00","17:30","12:00","17:30","12:00","17:30","","","","","","",""
"3911395110820","01001","内科","3","","","","","","","","","","","","","","","","","","","","","","","","","","","","","","","","",""
"3911395110820","01006","糖尿病内科","1","09:00","12:00","09:00","12:00","09:00","12:00","","","09:00","12:00","09:00","12:00","","","","","08:00","11:30","08:00","11:30","08:00","11:30","","","08:00","11:30","08:00","11:30","","","","",""
"3911395110820","01006","糖尿病内科","2","","","","","14:00","18:00","14:00","18:00","","","","","","","","","","","","","12:00","17:30","12:00","17:30","","","","","","","","",""
"3911395110820","01006","糖尿病内科","3","","","","","","","","","","","","","","","","","","","","","","","","","","","","","","","","",""
"3911395110820","01017","循環器内科","1","","","","","09:00","12:00","","","","","","","","","","","","","","","08:00","11:30","","","","","","","","","","",""
"3911395110820","01017","循環器内科","2","","","","","","","","","","","","","","","","","","","","","","","","","","","","","","","","",""
"3911395110820","01017","循環器内科","3","","","","","","","","","","","","","","","","","","","","","","","","","","","","","","","","",""
"3911395110820","01020","消化器内科","1","","","","","09:00","12:00","","","","","","","","","","","","","","","08:00","11:30","","","","","","","","","","",""
"3911395110820","01020","消化器内科","2","","","","","","","","","","","","","","","","","","","","","","","","","","","","","","","","",""
"3911395110820","01020","消化器内科","3","","","","","","","","","","","","","","","","","","","","","","","","","","","","","","","","",""
"3911395110820","01022","腎臓内科","1","09:00","12:00","","","09:00","12:00","09:00","12:00","09:00","12:00","","","","","","","08:00","11:30","","","08:00","11:30","08:00","11:30","08:00","11:30","","","","","","",""
"3911395110820","01022","腎臓内科","2","","","","","","","14:00","18:00","14:00","17:00","","","","","","","","","","","","","12:00","17:30","12:00","16:30","","","","","","",""
"3911395110820","01022","腎臓内科","3","","","","","","","","","","","","","","","","","","","","","","","","","","","","","","","","",""
"3911395110820","01023","人工透析内科","1","","","","","","","","","","","","","","","","","","","","","","","","","","","","","","","","",""
"3911395110820","01023","人工透析内科","2","","","","","","","","","","","","","","","","","","","","","","","","","","","","","","","","",""
"3911395110820","01023","人工透析内科","3","","","","","","","","","","","","","","","","","","","","","","","","","","","","","","","","",""
"3911395110820","02001","外科","1","09:00","12:00","09:00","12:00","09:00","12:00","19:00","11:00","09:00","12:00","09:00","12:00","","","","","08:00","11:30","08:00","11:30","08:00","11:30","08:00","11:30","08:00","11:30","08:00","11:30","","","","",""
"3911395110820","02001","外科","2","14:00","17:00","14:00","16:00","14:00","17:00","14:00","18:00","","","","","","","","","12:00","16:30","12:00","15:30","12:00","16:30","12:00","17:30","","","","","","","","",""
"3911395110820","02001","外科","3","","","","","","","","","","","","","","","","","","","","","","","","","","","","","","","","",""
"3911395110820","02012","消化器外科","1","09:00","12:00","09:00","12:00","","","09:00","11:00","09:00","12:00","","","","","","","08:00","11:30","08:00","11:30","","","08:00","10:30","08:00","11:30","","","","","","",""
"3911395110820","02012","消化器外科","2","","","14:00","16:00","","","","","","","","","","","","","","","12:00","15:30","","","","","","","","","","","","",""
"3911395110820","02012","消化器外科","3","","","","","","","","","","","","","","","","","","","","","","","","","","","","","","","","",""
"3911395110820","02025","肛門外科","1","09:00","12:00","09:00","12:00","09:00","12:00","09:00","11:00","09:00","12:00","09:00","12:00","","","","","08:00","11:30","08:00","11:30","08:00","11:30","08:00","10:30","08:00","11:30","08:00","11:30","","","","",""
"3911395110820","02025","肛門外科","2","","","14:00","16:00","","","14:00","18:00","","","","","","","","","","","12:00","15:30","","","14:00","17:30","","","","","","","","",""
"3911395110820","02025","肛門外科","3","","","","","","","","","","","","","","","","","","","","","","","","","","","","","","","","",""
"3911395110820","02035","整形外科","1","09:00","12:00","09:00","12:00","09:00","12:00","09:00","12:00","09:00","12:00","09:00","12:00","","","","","08:00","11:30","08:00","11:30","08:00","11:30","08:00","11:30","08:00","11:30","08:00","11:30","","","","",""
"3911395110820","02035","整形外科","2","14:00","18:00","14:00","18:00","14:00","16:00","14:00","18:00","14:00","18:00","","","","","","","12:00","17:30","12:00","17:30","12:00","17:30","12:00","17:30","12:00","17:30","","","","","","",""
"3911395110820","02035","整形外科","3","","","","","","","","","","","","","","","","","","","","","","","","","","","","","","","","",""
"3911395110820","02991","人工透析外科","1","","","","","","","","","","","","","","","","","","","","","","","","","","","","","","","","",""
"3911395110820","02991","人工透析外科","2","","","","","","","","","","","","","","","","","","","","","","","","","","","","","","","","",""
"3911395110820","02991","人工透析外科","3","","","","","","","","","","","","","","","","","","","","","","","","","","","","","","","","",""
"3911395110820","06001","皮膚科","1","09:00","12:00","09:00","12:00","09:00","12:00","09:00","12:00","","","09:00","12:00","","","","","08:00","11:30","08:00","11:30","08:00","11:30","08:00","11:30","","","08:00","11:30","","","","",""
"3911395110820","06001","皮膚科","2","","","","","","","","","","","","","","","","","","","","","","","","","","","","","","","","",""
"3911395110820","06001","皮膚科","3","","","","","","","","","","","","","","","","","","","","","","","","","","","","","","","","",""
"3911395110820","06004","泌尿器科","1","","","","","","","","","09:00","12:00","09:00","12:00","","","","","","","","","","","","","08:00","11:30","08:00","11:30","","","","",""
"3911395110820","06004","泌尿器科","2","","","","","","","","","14:00","17:00","","","","","","","","","","","","","","","12:00","16:00","","","","","","",""
"3911395110820","06004","泌尿器科","3","","","","","","","","","","","","","","","","","","","","","","","","","","","","","","","","",""
"3911395110820","09002","リウマチ科","1","09:00","12:00","","","09:00","12:00","09:00","12:00","09:00","12:00","","","","","","","08:00","11:30","08:00","11:30","08:00","11:30","08:00","11:30","08:00","11:30","","","","","","",""
"3911395110820","09002","リウマチ科","2","","","","","","","14:00","18:00","14:00","17:00","","","","","","","","","","","","","12:00","17:30","12:00","16:30","","","","","","",""
"3911395110820","09002","リウマチ科","3","","","","","","","","","","","","","","","","","","","","","","","","","","","","","","","","",""
"3911395110820","09003","リハビリテーション科","1","09:00","12:00","09:00","12:00","09:00","12:00","09:00","12:00","09:00","12:00","09:00","12:00","","","","","08:00","11:30","08:00","11:30","08:00","11:30","08:00","11:30","08:00","11:30","08:00","11:30","","","","",""
"3911395110820","09003","リハビリテーション科","2","14:00","18:00","14:00","18:00","14:00","18:00","14:00","18:00","14:00","18:00","","","","","","","12:00","17:30","12:00","17:30","12:00","17:30","12:00","17:30","12:00","17:30","","","","","","",""
"3911395110820","09003","リハビリテーション科","3","","","","","","","","","","","","","","","","","","","","","","","","","","","","","","","","",""
"3911395110950","01001","内科","1","09:00","12:00","09:00","12:00","09:00","12:00","09:00","12:00","09:00","12:00","","","","","","","08:30","12:00","08:30","12:00","08:30","12:00","08:30","12:00","08:30","12:00","","","","","","",""
"3911395110950","01001","内科","2","13:00","17:00","13:00","17:00","13:00","17:00","13:00","17:00","13:00","17:00","","","","","","","13:00","17:00","13:00","17:00","13:00","17:00","13:00","17:00","13:00","17:00","","","","","","",""
"3911395110950","01001","内科","3","","","","","","","","","","","","","","","","","","","","","","","","","","","","","","","","",""
"3911395110950","01014","呼吸器内科","1","09:00","12:00","09:00","12:00","09:00","12:00","09:00","12:00","09:00","12:00","","","","","","","08:30","12:00","08:30","12:00","08:30","12:00","08:30","12:00","08:30","12:00","","","","","","",""
"3911395110950","01014","呼吸器内科","2","13:00","17:00","13:00","17:00","13:00","17:00","13:00","17:00","13:00","17:00","","","","","","","13:00","17:00","13:00","17:00","13:00","17:00","13:00","17:00","13:00","17:00","","","","","","",""
"3911395110950","01014","呼吸器内科","3","","","","","","","","","","","","","","","","","","","","","","","","","","","","","","","","",""
"3911395110950","01017","循環器内科","1","09:00","12:00","09:00","12:00","09:00","12:00","09:00","12:00","09:00","12:00","","","","","","","08:30","12:00","08:30","12:00","08:30","12:00","08:30","12:00","08:30","12:00","","","","","","",""
"3911395110950","01017","循環器内科","2","13:00","17:00","13:00","17:00","13:00","17:00","13:00","17:00","13:00","17:00","","","","","","","13:00","17:00","13:00","17:00","13:00","17:00","13:00","17:00","13:00","17:00","","","","","","",""
"3911395110950","01017","循環器内科","3","","","","","","","","","","","","","","","","","","","","","","","","","","","","","","","","",""
"3911395110950","01021","胃腸内科","1","09:00","12:00","09:00","12:00","09:00","12:00","09:00","12:00","09:00","12:00","","","","","","","08:30","12:00","08:30","12:00","08:30","12:00","08:30","12:00","08:30","12:00","","","","","","",""
"3911395110950","01021","胃腸内科","2","13:00","17:00","13:00","17:00","13:00","17:00","13:00","17:00","13:00","17:00","","","","","","","13:00","17:00","13:00","17:00","13:00","17:00","13:00","17:00","13:00","17:00","","","","","","",""
"3911395110950","01021","胃腸内科","3","","","","","","","","","","","","","","","","","","","","","","","","","","","","","","","","",""
"3911395110950","02001","外科","1","09:00","12:00","09:00","12:00","09:00","12:00","09:00","12:00","09:00","12:00","","","","","","","08:30","12:00","08:30","12:00","08:30","12:00","08:30","12:00","08:30","12:00","","","","","","",""
"3911395110950","02001","外科","2","13:00","17:00","13:00","17:00","13:00","17:00","13:00","17:00","13:00","17:00","","","","","","","13:00","17:00","13:00","17:00","13:00","17:00","13:00","17:00","13:00","17:00","","","","","","",""
"3911395110950","02001","外科","3","","","","","","","","","","","","","","","","","","","","","","","","","","","","","","","","",""
"3911395110950","02035","整形外科","1","09:00","12:00","09:00","12:00","09:00","12:00","09:00","12:00","09:00","12:00","","","","","","","08:30","12:00","08:30","12:00","08:30","12:00","08:30","12:00","08:30","12:00","","","","","","",""
"3911395110950","02035","整形外科","2","13:00","17:00","13:00","17:00","13:00","17:00","13:00","17:00","13:00","17:00","","","","","","","13:00","17:00","13:00","17:00","13:00","17:00","13:00","17:00","13:00","17:00","","","","","","",""
"3911395110950","02035","整形外科","3","","","","","","","","","","","","","","","","","","","","","","","","","","","","","","","","",""
"3911395110950","07001","精神科","1","09:00","12:00","09:00","12:00","09:00","12:00","09:00","12:00","09:00","12:00","","","","","","","08:30","12:00","08:30","12:00","08:30","12:00","08:30","12:00","08:30","12:00","","","","","","",""
"3911395110950","07001","精神科","2","13:00","17:00","13:00","17:00","13:00","17:00","13:00","17:00","13:00","17:00","","","","","","","13:00","16:00","13:00","16:00","13:00","16:00","13:00","16:00","13:00","16:00","","","","","","",""
"3911395110950","07001","精神科","3","","","","","","","","","","","","","","","","","","","","","","","","","","","","","","","","",""
"3911395110950","07003","心療内科","1","09:00","12:00","09:00","12:00","09:00","12:00","09:00","12:00","09:00","12:00","","","","","","","08:30","12:00","08:30","12:00","08:30","12:00","08:30","12:00","08:30","12:00","","","","","","",""
"3911395110950","07003","心療内科","2","13:00","17:00","13:00","17:00","13:00","17:00","13:00","17:00","13:00","17:00","","","","","","","13:00","16:00","13:00","16:00","13:00","16:00","13:00","16:00","13:00","16:00","","","","","","",""
"3911395110950","07003","心療内科","3","","","","","","","","","","","","","","","","","","","","","","","","","","","","","","","","",""
"3911395110950","09003","リハビリテーション科","1","09:00","12:00","09:00","12:00","09:00","12:00","09:00","12:00","09:00","12:00","","","","","","","08:30","12:00","08:30","12:00","08:30","12:00","08:30","12:00","08:30","12:00","","","","","","",""
"3911395110950","09003","リハビリテーション科","2","13:00","17:00","13:00","17:00","13:00","17:00","13:00","17:00","13:00","17:00","","","","","","","13:00","17:00","13:00","17:00","13:00","17:00","13:00","17:00","13:00","17:00","","","","","","",""
"3911395110950","09003","リハビリテーション科","3","","","","","","","","","","","","","","","","","","","","","","","","","","","","","","","","",""
"3911395110950","09004","放射線科","1","09:00","12:00","09:00","12:00","09:00","12:00","09:00","12:00","09:00","12:00","","","","","","","08:30","12:00","08:30","12:00","08:30","12:00","08:30","12:00","08:30","12:00","","","","","","",""
"3911395110950","09004","放射線科","2","13:00","17:00","13:00","17:00","13:00","17:00","13:00","17:00","13:00","17:00","","","","","","","13:00","17:00","13:00","17:00","13:00","17:00","13:00","17:00","13:00","17:00","","","","","","",""
"3911395110950","09004","放射線科","3","","","","","","","","","","","","","","","","","","","","","","","","","","","","","","","","",""
"3911395200200","01001","内科","1","08:30","12:00","08:30","12:00","08:30","12:00","08:30","12:00","08:30","12:00","","","","","","","08:30","11:30","08:30","11:30","08:30","11:30","08:30","11:30","08:30","11:30","","","","","","",""
"3911395200200","01001","内科","2","","","","","","","","","","","","","","","","","","","","","","","","","","","","","","","","",""
"3911395200200","01001","内科","3","","","","","","","","","","","","","","","","","","","","","","","","","","","","","","","","",""
"3911395200200","01005","血液内科","1","","","","","08:30","12:00","","","08:30","12:00","","","","","","","","","","","","","","","","","","","","","","",""
"3911395200200","01005","血液内科","2","","","","","","","","","","","","","","","","","","","","","","","","","","","","","","","","",""
"3911395200200","01005","血液内科","3","","","","","","","","","","","","","","","","","","","","","","","","","","","","","","","","",""
"3911395200200","01014","呼吸器内科","1","","","","","08:30","12:00","","","08:30","12:00","","","","","","","","","","","","","","","","","","","","","","",""
"3911395200200","01014","呼吸器内科","2","","","14:00","16:00","14:00","16:00","","","","","","","","","","","","","","","","","","","","","","","","","","",""
"3911395200200","01014","呼吸器内科","3","","","","","","","","","","","","","","","","","","","","","","","","","","","","","","","","",""
"3911395200200","01017","循環器内科","1","08:30","12:00","08:30","12:00","08:30","12:00","08:30","12:00","08:30","12:00","","","","","","","08:30","11:30","08:30","11:30","08:30","11:30","08:30","11:30","08:30","11:30","","","","","","",""
"3911395200200","01017","循環器内科","2","14:00","16:00","","","","","14:00","16:00","","","","","","","","","","","","","","","","","","","","","","","","",""
"3911395200200","01017","循環器内科","3","","","","","","","","","","","","","","","","","","","","","","","","","","","","","","","","",""
"3911395200200","01020","消化器内科","1","08:30","12:00","","","08:30","12:00","","","08:30","12:00","","","","","","","08:30","10:00","","","","","","","08:30","10:00","","","","","","",""
"3911395200200","01020","消化器内科","2","","","","","","","","","","","","","","","","","","","","","","","","","","","","","","","","",""
"3911395200200","01020","消化器内科","3","","","","","","","","","","","","","","","","","","","","","","","","","","","","","","","","",""
"3911395200200","01025","神経内科","1","13:30","16:30","","","","","13:30","16:30","13:30","16:30","","","","","","","","","","","","","","","","","","","","","","",""
"3911395200200","01025","神経内科","2","","","","","","","","","","","","","","","","","","","","","","","","","","","","","","","","",""
"3911395200200","01025","神経内科","3","","","","","","","","","","","","","","","","","","","","","","","","","","","","","","","","",""
"3911395200200","02001","外科","1","08:30","12:00","08:30","12:00","08:30","12:00","08:30","12:00","08:30","12:00","","","","","","","08:30","11:30","08:30","11:30","","","08:30","11:30","08:30","11:30","","","","","","",""
"3911395200200","02001","外科","2","","","","","","","","","","","","","","","","","","","","","","","","","","","","","","","","",""
"3911395200200","02001","外科","3","","","","","","","","","","","","","","","","","","","","","","","","","","","","","","","","",""
"3911395200200","02002","脳神経外科","1","08:30","12:00","","","08:30","12:00","","","","","","","","","","","10:30","11:30","","","10:30","11:30","","","","","","","","","","",""
"3911395200200","02002","脳神経外科","2","","","","","","","","","","","","","","","","","","","","","","","","","","","","","","","","",""
"3911395200200","02002","脳神経外科","3","","","","","","","","","","","","","","","","","","","","","","","","","","","","","","","","",""
"3911395200200","02011","心臓血管外科","1","","","14:00","16:00","","","14:00","16:00","","","","","","","","","","","","","","","14:00","15:30","","","","","","","","",""
"3911395200200","02011","心臓血管外科","2","","","","","","","","","","","","","","","","","","","","","","","","","","","","","","","","",""
"3911395200200","02011","心臓血管外科","3","","","","","","","","","","","","","","","","","","","","","","","","","","","","","","","","",""
"3911395200200","02035","整形外科","1","08:30","12:00","08:30","12:00","08:30","12:00","","","08:30","12:00","","","","","","","08:30","11:30","","","08:30","11:30","","","08:30","11:30","","","","","","",""
"3911395200200","02035","整形外科","2","","","","","","","","","","","","","","","","","","","","","","","","","","","","","","","","",""
"3911395200200","02035","整形外科","3","","","","","","","","","","","","","","","","","","","","","","","","","","","","","","","","",""
"3911395200200","02036","形成外科","1","","","","","09:00","12:00","","","","","","","","","","","","","","","08:30","11:30","","","","","","","","","","",""
"3911395200200","02036","形成外科","2","","","","","","","","","","","","","","","","","","","","","","","","","","","","","","","","",""
"3911395200200","02036","形成外科","3","","","","","","","","","","","","","","","","","","","","","","","","","","","","","","","","",""
"3911395200200","03001","小児科","1","08:30","12:00","08:30","12:00","08:30","12:00","08:30","12:00","08:30","12:00","","","","","","","08:30","11:30","08:30","11:30","08:30","11:30","08:30","11:30","08:30","11:30","","","","","","",""
"3911395200200","03001","小児科","2","14:30","16:00","","","14:30","16:00","","","14:30","16:00","","","","","","","14:30","16:00","","","14:30","16:00","","","14:30","16:00","","","","","","",""
"3911395200200","03001","小児科","3","","","","","","","","","","","","","","","","","","","","","","","","","","","","","","","","",""
"3911395200200","04001","産婦人科","1","08:30","12:00","08:30","12:00","08:30","12:00","08:30","12:00","08:30","12:00","","","","","","","08:30","11:30","08:30","11:00","08:30","11:30","","","08:30","11:30","","","","","","",""
"3911395200200","04001","産婦人科","2","14:00","16:00","","","","","","","14:00","16:00","","","","","","","14:00","15:30","","","","","","","14:00","15:30","","","","","","",""
"3911395200200","04001","産婦人科","3","","","","","","","","","","","","","","","","","","","","","","","","","","","","","","","","",""
"3911395200200","05001","眼科","1","08:30","12:00","08:30","12:00","08:30","12:00","08:30","12:00","08:30","12:00","","","","","","","","","","","","","","","","","","","","","","",""
"3911395200200","05001","眼科","2","14:00","16:00","","","14:00","16:00","14:00","16:00","14:00","16:00","","","","","","","","","","","","","","","","","","","","","","",""
"3911395200200","05001","眼科","3","","","","","","","","","","","","","","","","","","","","","","","","","","","","","","","","",""
"3911395200200","05002","耳鼻いんこう科","1","08:30","12:00","","","08:30","12:00","08:30","12:00","08:30","12:00","","","","","","","08:30","11:30","","","08:30","11:30","08:30","11:30","08:30","11:30","","","","","","",""
"3911395200200","05002","耳鼻いんこう科","2","14:00","16:00","14:00","16:00","14:00","16:00","","","14:00","16:00","","","","","","","","","","","","","","","","","","","","","","",""
"3911395200200","05002","耳鼻いんこう科","3","","","","","","","","","","","","","","","","","","","","","","","","","","","","","","","","",""
"3911395200200","06001","皮膚科","1","08:30","12:00","08:30","12:00","","","08:30","12:00","08:30","12:00","","","","","","","08:30","11:30","08:30","11:30","","","08:30","11:30","08:30","11:30","","","","","","",""
"3911395200200","06001","皮膚科","2","","","","","14:00","15:30","","","","","","","","","","","","","","","13:00","15:20","","","","","","","","","","",""
"3911395200200","06001","皮膚科","3","","","","","","","","","","","","","","","","","","","","","","","","","","","","","","","","",""
"3911395200200","06004","泌尿器科","1","08:30","12:00","08:30","12:00","08:30","12:00","08:30","12:00","08:30","12:00","","","","","","","14:00","15:30","08:30","11:30","08:30","11:30","08:30","11:30","08:30","11:30","","","","","","",""
"3911395200200","06004","泌尿器科","2","14:00","16:00","14:00","16:00","14:00","16:00","","","14:00","16:00","","","","","","","","","","","","","","","14:00","15:30","","","","","","",""
"3911395200200","06004","泌尿器科","3","","","","","","","","","","","","","","","","","","","","","","","","","","","","","","","","",""
"3911395200200","07001","精神科","1","08:30","12:00","08:30","12:00","08:30","12:00","08:30","12:00","08:30","12:00","","","","","","","","","","","","","","","","","","","","","","",""
"3911395200200","07001","精神科","2","","","","","","","","","","","","","","","","","","","","","","","","","","","","","","","","",""
"3911395200200","07001","精神科","3","","","","","","","","","","","","","","","","","","","","","","","","","","","","","","","","",""
"3911395200200","09002","リウマチ科","1","","","","","08:30","12:00","","","","","","","","","","","","","","","08:30","11:30","","","","","","","","","","",""
"3911395200200","09002","リウマチ科","2","","","","","","","","","","","","","","","","","","","","","","","","","","","","","","","","",""
"3911395200200","09002","リウマチ科","3","","","","","","","","","","","","","","","","","","","","","","","","","","","","","","","","",""
"3911395200200","09003","リハビリテーション科","1","","","","","08:30","12:00","","","","","","","","","","","","","","","08:30","11:30","","","","","","","","","","",""
"3911395200200","09003","リハビリテーション科","2","","","","","","","","","","","","","","","","","","","","","","","","","","","","","","","","",""
"3911395200200","09003","リハビリテーション科","3","","","","","","","","","","","","","","","","","","","","","","","","","","","","","","","","",""
"3911395200200","09004","放射線科","1","","","","","","","","","","","","","","","","","","","","","","","","","","","","","","","","",""
"3911395200200","09004","放射線科","2","","","","","","","","","","","","","","","","","","","","","","","","","","","","","","","","",""
"3911395200200","09004","放射線科","3","","","","","","","","","","","","","","","","","","","","","","","","","","","","","","","","",""
"3911395200200","09010","救急科","1","","","","","","","","","","","","","","","","","","","","","","","","","","","","","","","","",""
"3911395200200","09010","救急科","2","","","","","","","","","","","","","","","","","","","","","","","","","","","","","","","","",""
"3911395200200","09010","救急科","3","","","","","","","","","","","","","","","","","","","","","","","","","","","","","","","","",""
"3911395200200","09011","麻酔科","1","","","","","","","","","","","","","","","","","","","","","","","","","","","","","","","","",""
"3911395200200","09011","麻酔科","2","","","","","","","","","","","","","","","","","","","","","","","","","","","","","","","","",""
"3911395200200","09011","麻酔科","3","","","","","","","","","","","","","","","","","","","","","","","","","","","","","","","","",""
"3911395200460","01001","内科","1","09:00","12:00","09:00","12:00","09:00","12:00","09:00","12:00","09:00","12:00","09:00","12:00","","","","","08:30","12:00","08:30","12:00","08:30","12:00","08:30","12:00","08:30","12:00","08:30","11:30","","","","",""
"3911395200460","01001","内科","2","14:00","17:00","14:00","17:00","14:00","17:00","14:00","17:00","14:00","17:00","","","","","","","13:30","16:30","13:30","16:30","13:30","16:30","13:30","16:30","13:30","16:30","","","","","","","空欄にした: 土_診療 00:00-00:00（開始と終了が同じ） / 空欄にした: 土_外来受付 00:00-00:00（開始と終了が同じ）"
"3911395200460","01001","内科","3","","","","","","","","","","","","","","","","","","","","","","","","","","","","","","","","","空欄にした: 月_診療 00:00-00:00（開始と終了が同じ） / 空欄にした: 火_診療 00:00-00:00（開始と終了が同じ） / 空欄にした: 水_診療 00:00-00:00（開始と終了が同じ） / 空欄にした: 木_診療 00:00-00:00（開始と終了が同じ） / 空欄にした: 金_診療 00:00-00:00（開始と終了が同じ） / 空欄にした: 土_診療 00:00-00:00（開始と終了が同じ） / 空欄にした: 月_外来受付 00:00-00:00（開始と終了が同じ） / 空欄にした: 火_外来受付 00:00-00:00（開始と終了が同じ） / 空欄にした: 水_外来受付 00:00-00:00（開始と終了が同じ） / 空欄にした: 木_外来受付 00:00-00:00（開始と終了が同じ） / 空欄にした: 金_外来受付 00:00-00:00（開始と終了が同じ） / 空欄にした: 土_外来受付 00:00-00:00（開始と終了が同じ）"
"3911395200460","01017","循環器内科","1","09:00","12:00","","","09:00","12:00","09:00","12:00","09:00","12:00","09:00","12:00","","","","","08:30","12:00","","","08:30","12:00","08:30","12:00","08:30","12:00","08:30","11:30","","","","","空欄にした: 火_診療 00:00-00:00（開始と終了が同じ） / 空欄にした: 火_外来受付 00:00-00:00（開始と終了が同じ）"
"3911395200460","01017","循環器内科","2","14:00","17:00","","","14:00","17:00","14:00","17:00","14:00","17:00","","","","","","","13:30","16:30","","","13:30","16:30","13:30","16:30","13:30","16:30","","","","","","","空欄にした: 火_診療 00:00-00:00（開始と終了が同じ） / 空欄にした: 土_診療 00:00-00:00（開始と終了が同じ） / 空欄にした: 火_外来受付 00:00-00:00（開始と終了が同じ） / 空欄にした: 土_外来受付 00:00-00:00（開始と終了が同じ）"
"3911395200460","01017","循環器内科","3","","","","","","","","","","","","","","","","","","","","","","","","","","","","","","","","","空欄にした: 月_診療 00:00-00:00（開始と終了が同じ） / 空欄にした: 火_診療 00:00-00:00（開始と終了が同じ） / 空欄にした: 水_診療 00:00-00:00（開始と終了が同じ） / 空欄にした: 木_診療 00:00-00:00（開始と終了が同じ） / 空欄にした: 金_診療 00:00-00:00（開始と終了が同じ） / 空欄にした: 土_診療 00:00-00:00（開始と終了が同じ） / 空欄にした: 月_外来受付 00:00-00:00（開始と終了が同じ） / 空欄にした: 火_外来受付 00:00-00:00（開始と終了が同じ） / 空欄にした: 水_外来受付 00:00-00:00（開始と終了が同じ） / 空欄にした: 木_外来受付 00:00-00:00（開始と終了が同じ） / 空欄にした: 金_外来受付 00:00-00:00（開始と終了が同じ） / 空欄にした: 土_外来受付 00:00-00:00（開始と終了が同じ）"
"3911395200460","01021","胃腸内科","1","09:00","12:00","","","09:00","12:00","09:00","12:00","09:00","12:00","09:00","12:00","","","","","08:30","12:00","","","08:30","12:00","08:30","12:00","08:30","12:00","08:30","12:00","","","","","空欄にした: 火_診療 00:00-00:00（開始と終了が同じ） / 空欄にした: 火_外来受付 00:00-00:00（開始と終了が同じ）"
"3911395200460","01021","胃腸内科","2","14:00","17:00","","","14:00","17:00","14:00","17:00","14:00","17:00","","","","","","","13:30","16:30","","","13:30","16:30","13:30","16:30","13:30","16:30","","","","","","","空欄にした: 火_診療 00:00-00:00（開始と終了が同じ） / 空欄にした: 土_診療 00:00-00:00（開始と終了が同じ） / 空欄にした: 火_外来受付 00:00-00:00（開始と終了が同じ） / 空欄にした: 土_外来受付 00:00-00:00（開始と終了が同じ）"
"3911395200460","01021","胃腸内科","3","","","","","","","","","","","","","","","","","","","","","","","","","","","","","","","","","空欄にした: 月_診療 00:00-00:00（開始と終了が同じ） / 空欄にした: 火_診療 00:00-00:00（開始と終了が同じ） / 空欄にした: 水_診療 00:00-00:00（開始と終了が同じ） / 空欄にした: 木_診療 00:00-00:00（開始と終了が同じ） / 空欄にした: 金_診療 00:00-00:00（開始と終了が同じ） / 空欄にした: 土_診療 00:00-00:00（開始と終了が同じ） / 空欄にした: 月_外来受付 00:00-00:00（開始と終了が同じ） / 空欄にした: 火_外来受付 00:00-00:00（開始と終了が同じ） / 空欄にした: 水_外来受付 00:00-00:00（開始と終了が同じ） / 空欄にした: 木_外来受付 00:00-00:00（開始と終了が同じ） / 空欄にした: 金_外来受付 00:00-00:00（開始と終了が同じ） / 空欄にした: 土_外来受付 00:00-00:00（開始と終了が同じ）"
"3911395200460","02001","外科","1","08:30","12:00","08:30","12:00","08:30","12:00","08:30","12:00","08:30","12:00","08:30","12:00","","","","","08:30","12:00","08:30","12:00","08:30","12:00","08:30","12:00","08:30","12:00","08:30","11:30","","","","",""
"3911395200460","02001","外科","2","14:00","17:00","14:00","17:00","14:00","17:00","14:00","17:00","14:00","17:00","","","","","","","13:30","16:30","13:30","16:30","13:30","16:30","13:30","16:30","13:30","16:30","","","","","","","空欄にした: 土_診療 00:00-00:00（開始と終了が同じ） / 空欄にした: 土_外来受付 00:00-00:00（開始と終了が同じ）"
"3911395200460","02001","外科","3","","","","","","","","","","","","","","","","","","","","","","","","","","","","","","","","","空欄にした: 月_診療 00:00-00:00（開始と終了が同じ） / 空欄にした: 火_診療 00:00-00:00（開始と終了が同じ） / 空欄にした: 水_診療 00:00-00:00（開始と終了が同じ） / 空欄にした: 木_診療 00:00-00:00（開始と終了が同じ） / 空欄にした: 金_診療 00:00-00:00（開始と終了が同じ） / 空欄にした: 土_診療 00:00-00:00（開始と終了が同じ） / 空欄にした: 月_外来受付 00:00-00:00（開始と終了が同じ） / 空欄にした: 火_外来受付 00:00-00:00（開始と終了が同じ） / 空欄にした: 水_外来受付 00:00-00:00（開始と終了が同じ） / 空欄にした: 木_外来受付 00:00-00:00（開始と終了が同じ） / 空欄にした: 金_外来受付 00:00-00:00（開始と終了が同じ） / 空欄にした: 土_外来受付 00:00-00:00（開始と終了が同じ）"
"3911395200460","02002","脳神経外科","1","08:30","12:00","08:30","12:00","08:30","12:00","08:30","12:00","08:30","12:00","08:30","12:00","","","","","08:30","12:00","08:30","12:00","08:30","12:00","08:30","12:00","08:30","12:00","08:30","11:30","","","","",""
"3911395200460","02002","脳神経外科","2","14:00","17:00","14:00","17:00","","","14:00","17:00","14:00","17:00","","","","","","","13:30","16:30","13:30","16:30","","","13:30","16:30","13:30","16:30","","","","","","","空欄にした: 水_診療 00:00-00:00（開始と終了が同じ） / 空欄にした: 土_診療 00:00-00:00（開始と終了が同じ） / 空欄にした: 水_外来受付 00:00-00:00（開始と終了が同じ） / 空欄にした: 土_外来受付 00:00-00:00（開始と終了が同じ）"
"3911395200460","02002","脳神経外科","3","","","","","","","","","","","","","","","","","","","","","","","","","","","","","","","","","空欄にした: 月_診療 00:00-00:00（開始と終了が同じ） / 空欄にした: 火_診療 00:00-00:00（開始と終了が同じ） / 空欄にした: 水_診療 00:00-00:00（開始と終了が同じ） / 空欄にした: 木_診療 00:00-00:00（開始と終了が同じ） / 空欄にした: 金_診療 00:00-00:00（開始と終了が同じ） / 空欄にした: 土_診療 00:00-00:00（開始と終了が同じ） / 空欄にした: 月_外来受付 00:00-00:00（開始と終了が同じ） / 空欄にした: 火_外来受付 00:00-00:00（開始と終了が同じ） / 空欄にした: 水_外来受付 00:00-00:00（開始と終了が同じ） / 空欄にした: 木_外来受付 00:00-00:00（開始と終了が同じ） / 空欄にした: 金_外来受付 00:00-00:00（開始と終了が同じ） / 空欄にした: 土_外来受付 00:00-00:00（開始と終了が同じ）"
"3911395200460","02035","整形外科","1","09:00","12:00","09:00","12:00","","","09:00","12:00","","","09:00","12:00","","","","","08:30","12:00","08:30","12:00","","","08:30","12:00","","","08:30","11:30","","","","","空欄にした: 水_診療 00:00-00:00（開始と終了が同じ） / 空欄にした: 金_診療 00:00-00:00（開始と終了が同じ） / 空欄にした: 水_外来受付 00:00-00:00（開始と終了が同じ） / 空欄にした: 金_外来受付 00:00-00:00（開始と終了が同じ）"
"3911395200460","02035","整形外科","2","14:00","17:00","14:00","17:00","","","14:00","17:00","","","","","","","","","13:30","16:30","13:30","16:30","","","13:30","16:30","","","","","","","","","空欄にした: 水_診療 00:00-00:00（開始と終了が同じ） / 空欄にした: 金_診療 00:00-00:00（開始と終了が同じ） / 空欄にした: 土_診療 00:00-00:00（開始と終了が同じ） / 空欄にした: 水_外来受付 00:00-00:00（開始と終了が同じ） / 空欄にした: 金_外来受付 00:00-00:00（開始と終了が同じ） / 空欄にした: 土_外来受付 00:00-00:00（開始と終了が同じ）"
"3911395200460","02035","整形外科","3","","","","","","","","","","","","","","","","","","","","","","","","","","","","","","","","","空欄にした: 月_診療 00:00-00:00（開始と終了が同じ） / 空欄にした: 火_診療 00:00-00:00（開始と終了が同じ） / 空欄にした: 水_診療 00:00-00:00（開始と終了が同じ） / 空欄にした: 木_診療 00:00-00:00（開始と終了が同じ） / 空欄にした: 金_診療 00:00-00:00（開始と終了が同じ） / 空欄にした: 土_診療 00:00-00:00（開始と終了が同じ） / 空欄にした: 月_外来受付 00:00-00:00（開始と終了が同じ） / 空欄にした: 火_外来受付 00:00-00:00（開始と終了が同じ） / 空欄にした: 水_外来受付 00:00-00:00（開始と終了が同じ） / 空欄にした: 木_外来受付 00:00-00:00（開始と終了が同じ） / 空欄にした: 金_外来受付 00:00-00:00（開始と終了が同じ） / 空欄にした: 土_外来受付 00:00-00:00（開始と終了が同じ）"
"3911395200460","06001","皮膚科","1","09:00","12:00","","","09:00","12:00","","","","","09:00","12:00","","","","","08:30","11:00","","","08:30","11:00","","","","","08:30","11:00","","","","","空欄にした: 火_診療 00:00-00:00（開始と終了が同じ） / 空欄にした: 木_診療 00:00-00:00（開始と終了が同じ） / 空欄にした: 金_診療 00:00-00:00（開始と終了が同じ） / 空欄にした: 火_外来受付 00:00-00:00（開始と終了が同じ） / 空欄にした: 木_外来受付 00:00-00:00（開始と終了が同じ） / 空欄にした: 金_外来受付 00:00-00:00（開始と終了が同じ）"
"3911395200460","06001","皮膚科","2","14:00","17:00","","","14:00","17:00","","","","","","","","","","","13:00","15:30","","","13:00","15:30","","","","","","","","","","","空欄にした: 火_診療 00:00-00:00（開始と終了が同じ） / 空欄にした: 木_診療 00:00-00:00（開始と終了が同じ） / 空欄にした: 金_診療 00:00-00:00（開始と終了が同じ） / 空欄にした: 土_診療 00:00-00:00（開始と終了が同じ） / 空欄にした: 火_外来受付 00:00-00:00（開始と終了が同じ） / 空欄にした: 木_外来受付 00:00-00:00（開始と終了が同じ） / 空欄にした: 金_外来受付 00:00-00:00（開始と終了が同じ） / 空欄にした: 土_外来受付 00:00-00:00（開始と終了が同じ）"
"3911395200460","06001","皮膚科","3","","","","","","","","","","","","","","","","","","","","","","","","","","","","","","","","","空欄にした: 月_診療 00:00-00:00（開始と終了が同じ） / 空欄にした: 火_診療 00:00-00:00（開始と終了が同じ） / 空欄にした: 水_診療 00:00-00:00（開始と終了が同じ） / 空欄にした: 木_診療 00:00-00:00（開始と終了が同じ） / 空欄にした: 金_診療 00:00-00:00（開始と終了が同じ） / 空欄にした: 土_診療 00:00-00:00（開始と終了が同じ） / 空欄にした: 月_外来受付 00:00-00:00（開始と終了が同じ） / 空欄にした: 火_外来受付 00:00-00:00（開始と終了が同じ） / 空欄にした: 水_外来受付 00:00-00:00（開始と終了が同じ） / 空欄にした: 木_外来受付 00:00-00:00（開始と終了が同じ） / 空欄にした: 金_外来受付 00:00-00:00（開始と終了が同じ） / 空欄にした: 土_外来受付 00:00-00:00（開始と終了が同じ）"
"3911395200460","06002","美容皮膚科","1","","","","","","","09:00","12:00","","","","","","","","","","","","","","","","","","","","","","","","","空欄にした: 月_診療 00:00-00:00（開始と終了が同じ） / 空欄にした: 火_診療 00:00-00:00（開始と終了が同じ） / 空欄にした: 水_診療 00:00-00:00（開始と終了が同じ） / 空欄にした: 金_診療 00:00-00:00（開始と終了が同じ） / 空欄にした: 土_診療 00:00-00:00（開始と終了が同じ） / 空欄にした: 月_外来受付 00:00-00:00（開始と終了が同じ） / 空欄にした: 火_外来受付 00:00-00:00（開始と終了が同じ） / 空欄にした: 水_外来受付 00:00-00:00（開始と終了が同じ） / 空欄にした: 木_外来受付 00:00-00:00（開始と終了が同じ） / 空欄にした: 金_外来受付 00:00-00:00（開始と終了が同じ） / 空欄にした: 土_外来受付 00:00-00:00（開始と終了が同じ）"
"3911395200460","06002","美容皮膚科","2","","","","","","","","","","","","","","","","","","","","","","","","","","","","","","","","","空欄にした: 月_診療 00:00-00:00（開始と終了が同じ） / 空欄にした: 火_診療 00:00-00:00（開始と終了が同じ） / 空欄にした: 水_診療 00:00-00:00（開始と終了が同じ） / 空欄にした: 木_診療 00:00-00:00（開始と終了が同じ） / 空欄にした: 金_診療 00:00-00:00（開始と終了が同じ） / 空欄にした: 土_診療 00:00-00:00（開始と終了が同じ） / 空欄にした: 月_外来受付 00:00-00:00（開始と終了が同じ） / 空欄にした: 火_外来受付 00:00-00:00（開始と終了が同じ） / 空欄にした: 水_外来受付 00:00-00:00（開始と終了が同じ） / 空欄にした: 木_外来受付 00:00-00:00（開始と終了が同じ） / 空欄にした: 金_外来受付 00:00-00:00（開始と終了が同じ） / 空欄にした: 土_外来受付 00:00-00:00（開始と終了が同じ）"
"3911395200460","06002","美容皮膚科","3","","","","","","","","","","","","","","","","","","","","","","","","","","","","","","","","","空欄にした: 月_診療 00:00-00:00（開始と終了が同じ） / 空欄にした: 火_診療 00:00-00:00（開始と終了が同じ） / 空欄にした: 水_診療 00:00-00:00（開始と終了が同じ） / 空欄にした: 木_診療 00:00-00:00（開始と終了が同じ） / 空欄にした: 金_診療 00:00-00:00（開始と終了が同じ） / 空欄にした: 土_診療 00:00-00:00（開始と終了が同じ） / 空欄にした: 月_外来受付 00:00-00:00（開始と終了が同じ） / 空欄にした: 火_外来受付 00:00-00:00（開始と終了が同じ） / 空欄にした: 水_外来受付 00:00-00:00（開始と終了が同じ） / 空欄にした: 木_外来受付 00:00-00:00（開始と終了が同じ） / 空欄にした: 金_外来受付 00:00-00:00（開始と終了が同じ） / 空欄にした: 土_外来受付 00:00-00:00（開始と終了が同じ）"
"3911395200460","08001","歯科","1","09:00","12:00","09:00","12:00","09:00","12:00","09:00","12:00","09:00","12:00","09:00","12:00","","","","","08:30","12:00","08:30","12:00","08:30","12:00","08:30","12:00","08:30","12:00","08:30","12:00","","","","",""
"3911395200460","08001","歯科","2","14:00","18:00","14:00","18:00","14:00","18:00","","","14:00","18:00","","","","","","","13:00","17:30","13:00","17:30","13:00","17:30","","","13:00","17:30","","","","","","","空欄にした: 木_診療 00:00-00:00（開始と終了が同じ） / 空欄にした: 土_診療 00:00-00:00（開始と終了が同じ） / 空欄にした: 木_外来受付 00:00-00:00（開始と終了が同じ） / 空欄にした: 土_外来受付 00:00-00:00（開始と終了が同じ）"
"3911395200460","08001","歯科","3","","","","","","","","","","","","","","","","","","","","","","","","","","","","","","","","","空欄にした: 月_診療 00:00-00:00（開始と終了が同じ） / 空欄にした: 火_診療 00:00-00:00（開始と終了が同じ） / 空欄にした: 水_診療 00:00-00:00（開始と終了が同じ） / 空欄にした: 木_診療 00:00-00:00（開始と終了が同じ） / 空欄にした: 金_診療 00:00-00:00（開始と終了が同じ） / 空欄にした: 土_診療 00:00-00:00（開始と終了が同じ） / 空欄にした: 月_外来受付 00:00-00:00（開始と終了が同じ） / 空欄にした: 火_外来受付 00:00-00:00（開始と終了が同じ） / 空欄にした: 水_外来受付 00:00-00:00（開始と終了が同じ） / 空欄にした: 木_外来受付 00:00-00:00（開始と終了が同じ） / 空欄にした: 金_外来受付 00:00-00:00（開始と終了が同じ） / 空欄にした: 土_外来受付 00:00-00:00（開始と終了が同じ）"
"3911395200460","09003","リハビリテーション科","1","09:00","12:00","09:00","12:00","09:00","12:00","09:00","12:00","09:00","12:00","09:00","12:00","","","","","08:30","11:30","08:30","11:30","08:30","11:30","08:30","11:30","08:30","11:30","08:30","11:30","","","","",""
"3911395200460","09003","リハビリテーション科","2","14:00","17:00","14:00","17:00","14:00","17:00","14:00","17:00","14:00","17:00","","","","","","","13:30","16:30","13:30","16:30","13:30","16:30","13:30","16:30","13:30","16:30","","","","","","","空欄にした: 土_診療 00:00-00:00（開始と終了が同じ） / 空欄にした: 土_外来受付 00:00-00:00（開始と終了が同じ）"
"3911395200460","09003","リハビリテーション科","3","","","","","","","","","","","","","","","","","","","","","","","","","","","","","","","","","空欄にした: 月_診療 00:00-00:00（開始と終了が同じ） / 空欄にした: 火_診療 00:00-00:00（開始と終了が同じ） / 空欄にした: 水_診療 00:00-00:00（開始と終了が同じ） / 空欄にした: 木_診療 00:00-00:00（開始と終了が同じ） / 空欄にした: 金_診療 00:00-00:00（開始と終了が同じ） / 空欄にした: 土_診療 00:00-00:00（開始と終了が同じ） / 空欄にした: 月_外来受付 00:00-00:00（開始と終了が同じ） / 空欄にした: 火_外来受付 00:00-00:00（開始と終了が同じ） / 空欄にした: 水_外来受付 00:00-00:00（開始と終了が同じ） / 空欄にした: 木_外来受付 00:00-00:00（開始と終了が同じ） / 空欄にした: 金_外来受付 00:00-00:00（開始と終了が同じ） / 空欄にした: 土_外来受付 00:00-00:00（開始と終了が同じ）"
"3911395200460","09005","放射線診断科","1","09:00","12:00","09:00","12:00","09:00","12:00","09:00","12:00","09:00","12:00","","","","","","","08:30","11:30","08:30","11:30","08:30","11:30","08:30","11:30","08:30","11:30","","","","","","","空欄にした: 土_診療 00:00-00:00（開始と終了が同じ） / 空欄にした: 土_外来受付 00:00-00:00（開始と終了が同じ）"
"3911395200460","09005","放射線診断科","2","14:00","17:00","14:00","17:00","14:00","17:00","14:00","17:00","","","","","","","","","13:30","16:30","13:30","16:30","13:30","16:30","13:30","16:30","","","","","","","","","空欄にした: 金_診療 00:00-00:00（開始と終了が同じ） / 空欄にした: 土_診療 00:00-00:00（開始と終了が同じ） / 空欄にした: 金_外来受付 00:00-00:00（開始と終了が同じ） / 空欄にした: 土_外来受付 00:00-00:00（開始と終了が同じ）"
"3911395200460","09005","放射線診断科","3","","","","","","","","","","","","","","","","","","","","","","","","","","","","","","","","","空欄にした: 月_診療 00:00-00:00（開始と終了が同じ） / 空欄にした: 火_診療 00:00-00:00（開始と終了が同じ） / 空欄にした: 水_診療 00:00-00:00（開始と終了が同じ） / 空欄にした: 木_診療 00:00-00:00（開始と終了が同じ） / 空欄にした: 金_診療 00:00-00:00（開始と終了が同じ） / 空欄にした: 土_診療 00:00-00:00（開始と終了が同じ） / 空欄にした: 月_外来受付 00:00-00:00（開始と終了が同じ） / 空欄にした: 火_外来受付 00:00-00:00（開始と終了が同じ） / 空欄にした: 水_外来受付 00:00-00:00（開始と終了が同じ） / 空欄にした: 木_外来受付 00:00-00:00（開始と終了が同じ） / 空欄にした: 金_外来受付 00:00-00:00（開始と終了が同じ） / 空欄にした: 土_外来受付 00:00-00:00（開始と終了が同じ）"
"3911395200620","01001","内科","1","09:00","12:00","09:00","12:00","09:00","12:00","09:00","12:00","09:00","12:00","09:00","12:00","","","","","08:30","11:30","08:30","11:30","08:30","11:30","08:30","11:30","08:30","11:30","08:30","11:30","","","","",""
"3911395200620","01001","内科","2","13:30","17:00","13:30","17:00","13:30","17:00","13:30","17:00","13:30","17:00","","","","","","","13:00","16:30","13:00","16:30","13:00","16:30","13:00","16:30","13:00","16:30","","","","","","","空欄にした: 土_診療 00:00-00:00（開始と終了が同じ） / 空欄にした: 土_外来受付 00:00-00:00（開始と終了が同じ）"
"3911395200620","01001","内科","3","","","","","","","","","","","","","","","","","","","","","","","","","","","","","","","","","空欄にした: 月_診療 00:00-00:00（開始と終了が同じ） / 空欄にした: 火_診療 00:00-00:00（開始と終了が同じ） / 空欄にした: 水_診療 00:00-00:00（開始と終了が同じ） / 空欄にした: 木_診療 00:00-00:00（開始と終了が同じ） / 空欄にした: 金_診療 00:00-00:00（開始と終了が同じ） / 空欄にした: 土_診療 00:00-00:00（開始と終了が同じ） / 空欄にした: 月_外来受付 00:00-00:00（開始と終了が同じ） / 空欄にした: 火_外来受付 00:00-00:00（開始と終了が同じ） / 空欄にした: 水_外来受付 00:00-00:00（開始と終了が同じ） / 空欄にした: 木_外来受付 00:00-00:00（開始と終了が同じ） / 空欄にした: 金_外来受付 00:00-00:00（開始と終了が同じ） / 空欄にした: 土_外来受付 00:00-00:00（開始と終了が同じ）"
"3911395200620","07001","精神科","1","09:00","12:00","09:00","12:00","09:00","12:00","09:00","12:00","09:00","12:00","09:00","12:00","","","","","08:30","11:30","08:30","11:30","08:30","11:30","08:30","11:30","08:30","11:30","08:30","11:30","","","","",""
"3911395200620","07001","精神科","2","13:30","17:00","13:30","17:00","13:30","17:00","13:30","17:00","13:30","17:00","","","","","","","13:00","16:30","13:00","16:30","13:00","16:30","13:00","16:30","13:00","16:30","","","","","","","空欄にした: 土_診療 00:00-00:00（開始と終了が同じ） / 空欄にした: 土_外来受付 00:00-00:00（開始と終了が同じ）"
"3911395200620","07001","精神科","3","","","","","","","","","","","","","","","","","","","","","","","","","","","","","","","","","空欄にした: 月_診療 00:00-00:00（開始と終了が同じ） / 空欄にした: 火_診療 00:00-00:00（開始と終了が同じ） / 空欄にした: 水_診療 00:00-00:00（開始と終了が同じ） / 空欄にした: 木_診療 00:00-00:00（開始と終了が同じ） / 空欄にした: 金_診療 00:00-00:00（開始と終了が同じ） / 空欄にした: 土_診療 00:00-00:00（開始と終了が同じ） / 空欄にした: 月_外来受付 00:00-00:00（開始と終了が同じ） / 空欄にした: 火_外来受付 00:00-00:00（開始と終了が同じ） / 空欄にした: 水_外来受付 00:00-00:00（開始と終了が同じ） / 空欄にした: 木_外来受付 00:00-00:00（開始と終了が同じ） / 空欄にした: 金_外来受付 00:00-00:00（開始と終了が同じ） / 空欄にした: 土_外来受付 00:00-00:00（開始と終了が同じ）"
"3911395200620","07003","心療内科","1","09:00","12:00","09:00","12:00","09:00","12:00","09:00","12:00","09:00","12:00","09:00","12:00","","","","","08:30","11:30","08:30","11:30","08:30","11:30","08:30","11:30","08:30","11:30","08:30","11:30","","","","",""
"3911395200620","07003","心療内科","2","13:30","17:00","13:30","17:00","13:30","17:00","13:30","17:00","13:30","17:00","","","","","","","13:00","16:30","13:00","16:30","13:00","16:30","13:00","16:30","13:00","16:30","","","","","","","空欄にした: 土_診療 00:00-00:00（開始と終了が同じ） / 空欄にした: 土_外来受付 00:00-00:00（開始と終了が同じ）"
"3911395200620","07003","心療内科","3","","","","","","","","","","","","","","","","","","","","","","","","","","","","","","","","","空欄にした: 月_診療 00:00-00:00（開始と終了が同じ） / 空欄にした: 火_診療 00:00-00:00（開始と終了が同じ） / 空欄にした: 水_診療 00:00-00:00（開始と終了が同じ） / 空欄にした: 木_診療 00:00-00:00（開始と終了が同じ） / 空欄にした: 金_診療 00:00-00:00（開始と終了が同じ） / 空欄にした: 土_診療 00:00-00:00（開始と終了が同じ） / 空欄にした: 月_外来受付 00:00-00:00（開始と終了が同じ） / 空欄にした: 火_外来受付 00:00-00:00（開始と終了が同じ） / 空欄にした: 水_外来受付 00:00-00:00（開始と終了が同じ） / 空欄にした: 木_外来受付 00:00-00:00（開始と終了が同じ） / 空欄にした: 金_外来受付 00:00-00:00（開始と終了が同じ） / 空欄にした: 土_外来受付 00:00-00:00（開始と終了が同じ）"
"3911395200620","09003","リハビリテーション科","1","09:00","12:00","09:00","12:00","09:00","12:00","09:00","12:00","09:00","12:00","09:00","12:00","","","","","08:30","11:30","08:30","11:30","08:30","11:30","08:30","11:30","08:30","11:30","08:30","11:30","","","","",""
"3911395200620","09003","リハビリテーション科","2","13:30","17:00","13:30","17:00","13:30","17:00","13:30","17:00","13:30","17:00","","","","","","","13:00","16:30","13:00","16:30","13:00","16:30","13:00","16:30","13:00","16:30","","","","","","","空欄にした: 土_診療 00:00-00:00（開始と終了が同じ） / 空欄にした: 土_外来受付 00:00-00:00（開始と終了が同じ）"
"3911395200620","09003","リハビリテーション科","3","","","","","","","","","","","","","","","","","","","","","","","","","","","","","","","","","空欄にした: 月_診療 00:00-00:00（開始と終了が同じ） / 空欄にした: 火_診療 00:00-00:00（開始と終了が同じ） / 空欄にした: 水_診療 00:00-00:00（開始と終了が同じ） / 空欄にした: 木_診療 00:00-00:00（開始と終了が同じ） / 空欄にした: 金_診療 00:00-00:00（開始と終了が同じ） / 空欄にした: 土_診療 00:00-00:00（開始と終了が同じ） / 空欄にした: 月_外来受付 00:00-00:00（開始と終了が同じ） / 空欄にした: 火_外来受付 00:00-00:00（開始と終了が同じ） / 空欄にした: 水_外来受付 00:00-00:00（開始と終了が同じ） / 空欄にした: 木_外来受付 00:00-00:00（開始と終了が同じ） / 空欄にした: 金_外来受付 00:00-00:00（開始と終了が同じ） / 空欄にした: 土_外来受付 00:00-00:00（開始と終了が同じ）"
"3911395200750","01001","内科","1","09:00","12:30","09:00","12:30","09:00","12:30","09:00","12:30","","","","","","","","","08:00","12:00","08:00","12:00","08:00","12:00","08:00","12:00","","","","","","","","",""
"3911395200750","01001","内科","2","14:00","17:30","14:00","17:30","14:00","16:00","14:00","17:30","14:00","17:30","","","","","","","12:00","17:00","12:00","17:00","12:00","15:45","12:00","17:00","12:00","17:00","","","","","","",""
"3911395200750","01001","内科","3","","","","","","","","","","","","","","","","","","","","","","","","","","","","","","","","",""
"3911395200750","01017","循環器内科","1","","","09:00","12:30","","","09:00","12:30","","","","","","","","","","","08:00","12:00","","","08:00","12:00","","","","","","","","",""
"3911395200750","01017","循環器内科","2","","","","","","","14:00","17:30","","","","","","","","","","","","","","","12:00","15:30","","","","","","","","",""
"3911395200750","01017","循環器内科","3","","","","","","","","","","","","","","","","","","","","","","","","","","","","","","","","",""
"3911395200750","01020","消化器内科","1","","","09:00","12:30","09:00","12:30","","","","","","","","","","","","","08:00","12:00","08:00","12:00","","","","","","","","","","",""
"3911395200750","01020","消化器内科","2","","","14:00","16:00","14:00","16:00","","","","","","","","","","","","","12:00","15:45","12:00","15:45","","","","","","","","","","",""
"3911395200750","01020","消化器内科","3","","","","","","","","","","","","","","","","","","","","","","","","","","","","","","","","",""
"3911395200750","02001","外科","1","09:00","12:30","09:00","12:30","09:00","12:30","09:00","12:30","09:00","12:30","","","","","","","08:00","12:00","08:00","12:00","08:00","12:00","08:00","12:00","08:00","12:00","","","","","","",""
"3911395200750","02001","外科","2","14:00","17:30","14:00","17:30","","","14:00","17:30","14:00","17:30","","","","","","","12:00","17:00","12:00","17:00","","","12:00","17:00","12:00","17:00","","","","","","",""
"3911395200750","02001","外科","3","","","","","","","","","","","","","","","","","","","","","","","","","","","","","","","","",""
"3911395200750","02002","脳神経外科","1","09:00","12:30","09:00","12:30","09:00","12:30","","","09:00","12:30","","","","","","","08:00","12:00","08:00","12:00","08:00","12:00","","","08:00","12:00","","","","","","",""
"3911395200750","02002","脳神経外科","2","","","","","","","13:45","17:15","","","","","","","","","","","","","","","12:00","16:45","","","","","","","","",""
"3911395200750","02002","脳神経外科","3","","","","","","","","","","","","","","","","","","","","","","","","","","","","","","","","",""
"3911395200750","02012","消化器外科","1","09:00","12:30","09:00","12:30","09:00","12:30","09:00","12:30","09:00","12:30","","","","","","","08:00","12:00","08:00","12:00","08:00","12:00","08:00","12:00","08:00","12:00","","","","","","",""
"3911395200750","02012","消化器外科","2","14:00","17:30","14:00","17:30","","","14:00","17:30","14:00","17:30","","","","","","","12:00","17:00","12:00","17:00","","","12:00","17:00","12:00","17:00","","","","","","",""
"3911395200750","02012","消化器外科","3","","","","","","","","","","","","","","","","","","","","","","","","","","","","","","","","",""
"3911395200750","02025","肛門外科","1","09:00","12:30","","","09:00","12:30","","","09:00","12:30","","","","","","","08:00","12:00","","","08:00","12:00","","","08:00","12:00","","","","","","",""
"3911395200750","02025","肛門外科","2","14:00","17:30","14:00","17:30","","","","","","","","","","","","","12:00","17:00","12:00","17:00","","","12:00","17:00","","","","","","","","",""
"3911395200750","02025","肛門外科","3","","","","","","","","","","","","","","","","","","","","","","","","","","","","","","","","",""
"3911395200750","02035","整形外科","1","09:00","12:30","09:00","12:30","09:00","12:30","09:00","12:30","09:00","12:30","","","","","","","08:00","12:00","08:00","12:00","08:00","12:00","08:00","12:00","08:00","12:00","","","","","","",""
"3911395200750","02035","整形外科","2","","","14:00","17:30","14:00","17:30","13:30","17:30","14:00","17:30","","","","","","","","","12:00","17:00","12:00","17:00","12:00","17:00","12:00","17:00","","","","","","",""
"3911395200750","02035","整形外科","3","","","","","","","","","","","","","","","","","","","","","","","","","","","","","","","","",""
"3911395200750","03001","小児科","1","09:00","12:30","09:00","12:30","09:00","12:30","09:00","12:30","09:00","12:30","09:00","12:30","","","","","08:00","12:00","08:00","12:00","08:00","12:00","08:00","12:00","08:00","12:00","08:00","12:00","","","","",""
"3911395200750","03001","小児科","2","14:00","17:30","14:00","17:30","14:00","17:30","14:00","17:30","14:00","17:30","","","","","","","12:00","17:00","12:00","17:00","12:00","17:00","12:00","17:00","12:00","17:00","","","","","","",""
"3911395200750","03001","小児科","3","","","","","","","","","","","","","","","","","","","","","","","","","","","","","","","","",""
"3911395200750","03991","小児神経科","1","","","","","","","","","","","","","","","","","","","","","","","","","","","","","","","","",""
"3911395200750","03991","小児神経科","2","14:00","16:00","","","","","14:00","17:00","16:00","17:00","","","","","","","12:00","15:30","","","","","12:00","16:30","12:00","16:30","","","","","","",""
"3911395200750","03991","小児神経科","3","","","","","","","","","","","","","","","","","","","","","","","","","","","","","","","","",""
"3911395200750","05001","眼科","1","","","09:30","12:30","","","","","09:00","12:30","","","","","","","","","08:00","12:00","","","","","08:00","12:00","","","","","","",""
"3911395200750","05001","眼科","2","","","13:30","15:30","","","","","14:00","16:00","","","","","","","","","12:00","15:15","","","","","12:00","15:45","","","","","","",""
"3911395200750","05001","眼科","3","","","","","","","","","","","","","","","","","","","","","","","","","","","","","","","","",""
"3911395200750","05002","耳鼻いんこう科","1","","","09:00","12:00","","","","","","","09:00","12:00","","","","","","","08:00","11:30","","","","","","","08:00","11:45","","","","",""
"3911395200750","05002","耳鼻いんこう科","2","","","","","","","","","","","","","","","","","","","","","","","","","","","","","","","","",""
"3911395200750","05002","耳鼻いんこう科","3","","","","","","","","","","","","","","","","","","","","","","","","","","","","","","","","",""
"3911395200750","06001","皮膚科","1","","","","","09:30","12:30","","","","","","","","","","","","","","","08:00","12:00","","","","","","","","","","",""
"3911395200750","06001","皮膚科","2","","","","","13:30","15:00","","","","","","","","","","","","","","","12:00","14:30","","","","","","","","","","",""
"3911395200750","06001","皮膚科","3","","","","","","","","","","","","","","","","","","","","","","","","","","","","","","","","",""
"3911395200750","09003","リハビリテーション科","1","09:00","12:30","09:00","12:30","09:00","12:30","09:00","12:30","09:00","12:30","09:00","12:30","","","","","08:00","12:00","08:00","12:00","08:00","12:00","08:00","12:00","08:00","12:00","08:00","12:00","","","","",""
"3911395200750","09003","リハビリテーション科","2","14:00","17:30","14:00","17:30","14:00","17:30","14:00","17:30","14:00","17:30","","","","","","","12:00","17:00","12:00","17:00","12:00","17:00","12:00","17:00","12:00","17:00","","","","","","",""
"3911395200750","09003","リハビリテーション科","3","","","","","","","","","","","","","","","","","","","","","","","","","","","","","","","","",""
"3911395200750","09004","放射線科","1","","","","","","","","","","","","","","","","","","","","","","","","","","","","","","","","",""
"3911395200750","09004","放射線科","2","","","","","","","","","","","","","","","","","","","","","","","","","","","","","","","","",""
"3911395200750","09004","放射線科","3","","","","","","","","","","","","","","","","","","","","","","","","","","","","","","","","",""
"3911395300100","01001","内科","1","09:00","12:00","09:00","12:00","09:00","12:00","09:00","12:00","09:00","12:00","09:00","12:30","09:00","12:30","","","08:30","11:30","08:30","11:30","08:30","11:30","08:30","11:30","08:30","11:30","08:30","12:00","09:00","12:00","","",""
"3911395300100","01001","内科","2","13:30","18:00","13:30","18:00","13:30","18:00","13:30","18:00","13:30","18:00","13:30","17:00","","","","","13:30","17:00","13:30","17:00","13:30","17:00","13:30","17:00","13:30","17:00","13:30","17:00","","","","",""
"3911395300100","01001","内科","3","","","","","","","","","","","","","","","","","","","","","","","","","","","","","","","","",""
"3911395300100","01014","呼吸器内科","1","09:00","12:00","09:00","12:00","","","09:00","12:00","09:00","12:00","","","","","","","08:30","11:30","08:30","11:30","","","08:30","11:30","08:30","11:30","","","","","","",""
"3911395300100","01014","呼吸器内科","2","13:30","17:00","13:30","17:00","","","","","","","","","","","","","13:30","16:30","13:30","16:30","","","","","","","","","","","","",""
"3911395300100","01014","呼吸器内科","3","","","","","","","","","","","","","","","","","","","","","","","","","","","","","","","","",""
"3911395300100","01017","循環器内科","1","09:00","12:00","","","09:00","12:00","09:00","12:00","09:00","12:00","09:00","12:30","","","","","08:30","11:30","","","08:30","11:30","08:30","11:30","08:30","11:30","09:00","12:00","","","","",""
"3911395300100","01017","循環器内科","2","13:30","17:00","","","13:30","17:00","13:30","17:00","13:30","17:00","","","","","","","13:30","16:30","","","13:30","16:30","13:30","16:30","13:30","16:30","","","","","","",""
"3911395300100","01017","循環器内科","3","","","","","","","","","","","","","","","","","","","","","","","","","","","","","","","","",""
"3911395300100","01021","胃腸内科","1","","","","","","","","","","","","","","","","","","","","","","","","","","","","","","","","",""
"3911395300100","01021","胃腸内科","2","","","","","","","","","","","","","","","","","","","","","","","","","","","","","","","","",""
"3911395300100","01021","胃腸内科","3","","","","","","","","","","","","","","","","","","","","","","","","","","","","","","","","",""
"3911395300100","02001","外科","1","09:00","12:00","09:00","12:00","09:00","12:00","09:00","12:00","09:00","12:00","09:00","12:00","","","","","08:30","11:30","08:30","11:30","08:30","11:30","08:30","11:30","08:30","11:30","08:30","11:30","","","","",""
"3911395300100","02001","外科","2","13:30","17:00","","","13:30","17:00","","","","","","","","","","","13:30","16:30","","","13:30","16:30","","","","","","","","","","",""
"3911395300100","02001","外科","3","","","","","","","","","","","","","","","","","","","","","","","","","","","","","","","","",""
"3911395300100","02025","肛門外科","1","09:00","12:00","09:00","12:00","09:00","12:00","09:00","12:00","09:00","12:00","","","","","","","08:30","11:30","08:30","11:30","08:30","11:30","08:30","11:30","08:30","11:30","","","","","","",""
"3911395300100","02025","肛門外科","2","13:30","17:00","","","13:30","17:00","","","","","","","","","","","13:30","16:30","","","13:30","16:30","","","","","","","","","","",""
"3911395300100","02025","肛門外科","3","","","","","","","","","","","","","","","","","","","","","","","","","","","","","","","","",""
"3911395300100","05001","眼科","1","09:00","12:00","09:00","12:00","09:00","12:00","09:00","12:00","09:00","12:00","09:00","12:00","","","","","08:30","11:30","08:30","11:30","08:30","11:30","08:30","11:30","08:30","11:30","08:30","11:30","","","","",""
"3911395300100","05001","眼科","2","14:00","17:00","","","14:00","17:00","14:00","17:00","","","","","","","","","13:30","16:30","","","13:30","16:30","13:30","16:30","","","","","","","","",""
"3911395300100","05001","眼科","3","","","","","","","","","","","","","","","","","","","","","","","","","","","","","","","","",""
"3911395300100","06001","皮膚科","1","","","14:00","17:00","","","","","","","09:00","12:30","","","","","","","13:30","16:00","","","","","","","08:30","11:30","","","","",""
"3911395300100","06001","皮膚科","2","","","","","","","","","","","","","","","","","","","","","","","","","","","","","","","","",""
"3911395300100","06001","皮膚科","3","","","","","","","","","","","","","","","","","","","","","","","","","","","","","","","","",""
"3911395300100","09001","アレルギー科","1","","","13:30","17:00","","","","","","","09:00","12:30","","","","","","","13:30","16:30","","","","","","","08:30","12:00","","","","",""
"3911395300100","09001","アレルギー科","2","","","","","","","","","","","","","","","","","","","","","","","","","","","","","","","","",""
"3911395300100","09001","アレルギー科","3","","","","","","","","","","","","","","","","","","","","","","","","","","","","","","","","",""
"3911395300100","09003","リハビリテーション科","1","09:00","12:00","09:00","12:00","09:00","12:00","09:00","12:00","09:00","12:00","09:00","12:30","","","","","09:00","11:30","09:00","11:30","09:00","11:30","09:00","11:30","09:00","11:30","08:30","12:00","","","","",""
"3911395300100","09003","リハビリテーション科","2","14:00","17:00","14:00","17:00","14:00","17:00","14:00","17:00","14:00","17:00","","","","","","","13:30","16:30","13:30","16:30","13:30","16:30","13:30","16:30","13:30","16:30","","","","","","",""
"3911395300100","09003","リハビリテーション科","3","","","","","","","","","","","","","","","","","","","","","","","","","","","","","","","","",""
"3911395300230","01001","内科","1","09:00","17:00","09:00","17:00","09:00","17:00","09:00","17:00","09:00","12:00","09:00","12:00","","","","","09:00","17:00","09:00","17:00","09:00","17:00","09:00","17:00","09:00","12:00","09:00","12:00","","","","",""
"3911395300230","01001","内科","2","","","","","","","","","","","","","","","","","","","","","","","","","","","","","","","","",""
"3911395300230","01001","内科","3","","","","","","","","","","","","","","","","","","","","","","","","","","","","","","","","",""
"3911395300230","01017","循環器内科","1","13:00","17:00","","","09:00","12:00","","","","","","","","","","","13:00","17:00","","","09:00","12:00","","","","","","","","","","",""
"3911395300230","01017","循環器内科","2","","","","","","","","","","","","","","","","","","","","","","","","","","","","","","","","",""
"3911395300230","01017","循環器内科","3","","","","","","","","","","","","","","","","","","","","","","","","","","","","","","","","",""
"3911395300230","01020","消化器内科","1","09:00","12:00","","","","","","","09:00","12:00","","","","","","","09:00","12:00","","","","","","","09:00","12:00","","","","","","",""
"3911395300230","01020","消化器内科","2","","","","","","","","","","","","","","","","","","","","","","","","","","","","","","","","",""
"3911395300230","01020","消化器内科","3","","","","","","","","","","","","","","","","","","","","","","","","","","","","","","","","",""
"3911395300230","01025","神経内科","1","","","13:00","17:00","","","09:00","12:00","","","","","","","","","","","13:00","17:00","","","09:00","12:00","","","","","","","","",""
"3911395300230","01025","神経内科","2","","","","","","","","","","","","","","","","","","","","","","","","","","","","","","","","",""
"3911395300230","01025","神経内科","3","","","","","","","","","","","","","","","","","","","","","","","","","","","","","","","","",""
"3911395300230","02001","外科","1","","","","","","","","","","","","","","","","","","","","","","","","","","","","","","","","",""
"3911395300230","02001","外科","2","","","","","","","","","","","","","","","","","","","","","","","","","","","","","","","","",""
"3911395300230","02001","外科","3","","","","","","","","","","","","","","","","","","","","","","","","","","","","","","","","",""
"3911395300230","02002","脳神経外科","1","","","","","09:00","12:00","13:00","17:00","","","","","","","","","","","","","09:00","12:00","13:00","17:00","","","","","","","","",""
"3911395300230","02002","脳神経外科","2","","","","","","","","","","","","","","","","","","","","","","","","","","","","","","","","",""
"3911395300230","02002","脳神経外科","3","","","","","","","","","","","","","","","","","","","","","","","","","","","","","","","","",""
"3911395300230","02012","消化器外科","1","","","","","","","","","","","","","","","","","","","","","","","","","","","","","","","","",""
"3911395300230","02012","消化器外科","2","","","","","","","","","","","","","","","","","","","","","","","","","","","","","","","","",""
"3911395300230","02012","消化器外科","3","","","","","","","","","","","","","","","","","","","","","","","","","","","","","","","","",""
"3911395300230","02035","整形外科","1","","","13:00","17:00","09:00","12:00","09:00","12:00","09:00","12:00","09:00","12:00","","","","","","","13:00","17:00","09:00","12:00","09:00","12:00","09:00","12:00","09:00","12:00","","","","",""
"3911395300230","02035","整形外科","2","","","","","","","","","","","","","","","","","","","","","","","","","","","","","","","","",""
"3911395300230","02035","整形外科","3","","","","","","","","","","","","","","","","","","","","","","","","","","","","","","","","",""
"3911395300230","09003","リハビリテーション科","1","09:00","17:00","09:00","17:00","09:00","17:00","09:00","17:00","09:00","17:00","09:00","12:00","","","","","","","","","","","","","","","","","","","","",""
"3911395300230","09003","リハビリテーション科","2","","","","","","","","","","","","","","","","","","","","","","","","","","","","","","","","",""
"3911395300230","09003","リハビリテーション科","3","","","","","","","","","","","","","","","","","","","","","","","","","","","","","","","","",""
"3911395300360","01001","内科","1","08:30","12:00","13:00","17:15","14:30","17:15","","","08:30","12:00","","","","","","","08:30","11:30","08:30","16:00","08:30","16:00","","","08:30","11:30","","","","","","",""
"3911395300360","01001","内科","2","","","","","","","","","","","","","","","","","","","","","","","","","","","","","","","","",""
"3911395300360","01001","内科","3","","","","","","","","","","","","","","","","","","","","","","","","","","","","","","","","",""
"3911395300360","01002","感染症内科","1","","","","","","","08:30","12:00","","","","","","","","","","","","","","","08:30","11:30","","","","","","","","",""
"3911395300360","01002","感染症内科","2","","","","","","","","","","","","","","","","","","","","","","","","","","","","","","","","",""
"3911395300360","01002","感染症内科","3","","","","","","","","","","","","","","","","","","","","","","","","","","","","","","","","",""
"3911395300360","01005","血液内科","1","","","","","","","13:00","17:15","","","","","","","","","","","","","","","08:30","16:00","","","","","","","","",""
"3911395300360","01005","血液内科","2","","","","","","","","","","","","","","","","","","","","","","","","","","","","","","","","",""
"3911395300360","01005","血液内科","3","","","","","","","","","","","","","","","","","","","","","","","","","","","","","","","","",""
"3911395300360","01006","糖尿病内科","1","08:30","12:00","08:30","12:00","08:30","12:00","","","08:30","12:00","","","","","","","08:30","11:30","08:30","11:30","08:30","11:30","","","08:30","11:30","","","","","","",""
"3911395300360","01006","糖尿病内科","2","","","13:00","17:15","13:00","17:15","","","13:00","17:15","","","","","","","","","08:30","16:00","08:30","16:00","","","08:30","16:00","","","","","","",""
"3911395300360","01006","糖尿病内科","3","","","","","","","","","","","","","","","","","","","","","","","","","","","","","","","","",""
"3911395300360","01014","呼吸器内科","1","08:30","12:00","08:30","12:00","08:30","12:00","08:30","12:00","08:30","12:00","","","","","","","08:30","11:30","08:30","11:30","08:30","11:30","08:30","11:30","08:30","11:30","","","","","","",""
"3911395300360","01014","呼吸器内科","2","","","","","","","13:00","17:15","13:00","17:15","","","","","","","","","","","","","08:30","16:00","08:30","16:00","","","","","","",""
"3911395300360","01014","呼吸器内科","3","","","","","","","","","","","","","","","","","","","","","","","","","","","","","","","","",""
"3911395300360","01017","循環器内科","1","08:30","12:00","08:30","12:00","08:30","12:00","08:30","12:00","08:30","12:00","","","","","","","08:30","11:30","08:30","11:30","08:30","11:30","08:30","11:30","08:30","11:30","","","","","","",""
"3911395300360","01017","循環器内科","2","","","","","","","13:00","17:15","13:00","17:15","","","","","","","","","","","","","08:30","16:00","08:30","16:00","","","","","","",""
"3911395300360","01017","循環器内科","3","","","","","","","","","","","","","","","","","","","","","","","","","","","","","","","","",""
"3911395300360","01020","消化器内科","1","08:30","12:00","08:30","12:00","08:30","12:00","08:30","12:00","08:30","12:00","","","","","","","08:30","11:30","08:30","11:30","08:30","11:30","08:30","11:30","08:30","11:30","","","","","","",""
"3911395300360","01020","消化器内科","2","13:00","17:15","","","13:00","17:15","13:00","17:15","","","","","","","","","08:30","16:00","","","08:30","16:00","08:30","16:00","","","","","","","","",""
"3911395300360","01020","消化器内科","3","","","","","","","","","","","","","","","","","","","","","","","","","","","","","","","","",""
"3911395300360","01022","腎臓内科","1","08:30","12:00","08:30","12:00","08:30","12:00","","","08:30","12:00","","","","","","","08:30","11:30","08:30","11:30","08:30","11:30","","","08:30","11:30","","","","","","",""
"3911395300360","01022","腎臓内科","2","","","13:00","17:15","13:00","17:15","","","13:00","17:15","","","","","","","","","08:30","16:00","08:30","16:00","","","08:30","16:00","","","","","","",""
"3911395300360","01022","腎臓内科","3","","","","","","","","","","","","","","","","","","","","","","","","","","","","","","","","",""
"3911395300360","01023","人工透析内科","1","","","","","","","","","","","","","","","","","","","","","","","","","","","","","","","","",""
"3911395300360","01023","人工透析内科","2","","","","","","","","","","","","","","","","","","","","","","","","","","","","","","","","",""
"3911395300360","01023","人工透析内科","3","","","","","","","","","","","","","","","","","","","","","","","","","","","","","","","","",""
"3911395300360","01025","神経内科","1","","","13:00","17:15","","","","","","","","","","","","","","","08:30","16:00","","","","","","","","","","","","",""
"3911395300360","01025","神経内科","2","","","","","","","","","","","","","","","","","","","","","","","","","","","","","","","","",""
"3911395300360","01025","神経内科","3","","","","","","","","","","","","","","","","","","","","","","","","","","","","","","","","",""
"3911395300360","02001","外科","1","08:30","12:00","08:30","12:00","08:30","12:00","08:30","12:00","08:30","12:00","","","","","","","08:30","11:30","08:30","11:30","08:30","11:30","08:30","11:30","08:30","11:30","","","","","","",""
"3911395300360","02001","外科","2","13:00","17:15","13:00","17:15","13:00","17:15","13:00","17:15","","","","","","","","","12:00","16:45","12:00","16:45","12:00","16:45","12:00","16:45","","","","","","","","",""
"3911395300360","02001","外科","3","","","","","","","","","","","","","","","","","","","","","","","","","","","","","","","","",""
"3911395300360","02002","脳神経外科","1","08:30","12:00","08:30","12:00","08:30","12:00","08:30","12:00","08:30","12:00","","","","","","","08:30","11:30","08:30","11:30","08:30","11:30","08:30","11:30","08:30","11:30","","","","","","",""
"3911395300360","02002","脳神経外科","2","","","13:00","17:15","","","13:00","17:15","13:00","17:15","","","","","","","","","12:00","16:45","","","12:00","16:45","12:00","16:45","","","","","","",""
"3911395300360","02002","脳神経外科","3","","","","","","","","","","","","","","","","","","","","","","","","","","","","","","","","",""
"3911395300360","02005","呼吸器外科","1","","","","","","","","","","","","","","","","","","","","","","","","","","","","","","","","",""
"3911395300360","02005","呼吸器外科","2","","","","","","","","","","","","","","","","","","","","","","","","","","","","","","","","",""
"3911395300360","02005","呼吸器外科","3","","","","","","","","","","","","","","","","","","","","","","","","","","","","","","","","",""
"3911395300360","02011","心臓血管外科","1","","","14:00","16:00","","","","","","","","","","","","","","","12:00","16:00","","","","","","","","","","","","",""
"3911395300360","02011","心臓血管外科","2","","","","","","","","","","","","","","","","","","","","","","","","","","","","","","","","",""
"3911395300360","02011","心臓血管外科","3","","","","","","","","","","","","","","","","","","","","","","","","","","","","","","","","",""
"3911395300360","02012","消化器外科","1","","","","","","","","","","","","","","","","","","","","","","","","","","","","","","","","",""
"3911395300360","02012","消化器外科","2","","","","","","","","","","","","","","","","","","","","","","","","","","","","","","","","",""
"3911395300360","02012","消化器外科","3","","","","","","","","","","","","","","","","","","","","","","","","","","","","","","","","",""
"3911395300360","02023","乳腺・内分泌外科","1","","","","","","","","","","","","","","","","","","","","","","","","","","","","","","","","",""
"3911395300360","02023","乳腺・内分泌外科","2","","","","","","","","","","","","","","","","","","","","","","","","","","","","","","","","",""
"3911395300360","02023","乳腺・内分泌外科","3","","","","","","","","","","","","","","","","","","","","","","","","","","","","","","","","",""
"3911395300360","02032","内視鏡外科","1","","","","","","","","","","","","","","","","","","","","","","","","","","","","","","","","",""
"3911395300360","02032","内視鏡外科","2","","","","","","","","","","","","","","","","","","","","","","","","","","","","","","","","",""
"3911395300360","02032","内視鏡外科","3","","","","","","","","","","","","","","","","","","","","","","","","","","","","","","","","",""
"3911395300360","02035","整形外科","1","08:30","12:00","08:30","12:00","08:30","12:00","08:30","12:00","08:30","12:00","","","","","","","08:30","11:30","08:30","11:30","08:30","11:30","08:30","11:30","08:30","11:30","","","","","","",""
"3911395300360","02035","整形外科","2","13:30","17:15","","","13:30","17:15","","","13:30","17:15","","","","","","","","","","","","","","","","","","","","","","",""
"3911395300360","02035","整形外科","3","","","","","","","","","","","","","","","","","","","","","","","","","","","","","","","","",""
"3911395300360","03001","小児科","1","09:00","11:30","09:00","11:30","09:00","11:30","09:00","11:30","09:00","11:30","","","","","","","09:00","11:30","09:00","11:30","09:00","11:30","09:00","11:30","09:00","11:30","","","","","","",""
"3911395300360","03001","小児科","2","13:30","16:30","13:30","15:30","","","","","13:30","15:30","","","","","","","13:30","16:30","13:30","15:30","","","","","13:30","15:30","","","","","","",""
"3911395300360","03001","小児科","3","","","","","","","","","","","","","","","","","","","","","","","","","","","","","","","","",""
"3911395300360","04003","婦人科","1","08:30","11:30","08:30","11:30","08:30","11:30","08:30","11:30","08:30","11:30","","","","","","","08:30","11:30","08:30","11:30","08:30","11:30","08:30","11:30","08:30","11:30","","","","","","",""
"3911395300360","04003","婦人科","2","13:30","16:30","13:30","16:30","13:30","16:30","13:30","16:30","13:30","16:30","","","","","","","12:00","16:00","12:00","16:00","12:00","16:00","12:00","16:00","12:00","16:00","","","","","","",""
"3911395300360","04003","婦人科","3","","","","","","","","","","","","","","","","","","","","","","","","","","","","","","","","",""
"3911395300360","05001","眼科","1","","","09:00","12:00","09:00","12:00","09:00","12:00","09:00","12:00","","","","","","","","","08:30","11:00","08:30","11:00","08:30","11:00","08:30","11:00","","","","","","",""
"3911395300360","05001","眼科","2","","","","","13:30","15:30","13:30","15:30","","","","","","","","","","","","","13:30","15:30","13:00","15:30","","","","","","","","",""
"3911395300360","05001","眼科","3","","","","","","","","","","","","","","","","","","","","","","","","","","","","","","","","",""
"3911395300360","05002","耳鼻いんこう科","1","08:30","12:00","08:30","12:00","08:30","12:00","08:30","12:00","08:30","12:00","","","","","","","08:30","11:30","08:30","11:30","08:30","11:30","08:30","11:30","08:30","11:30","","","","","","",""
"3911395300360","05002","耳鼻いんこう科","2","14:00","17:00","14:00","17:00","","","","","14:00","17:00","","","","","","","13:00","15:00","13:00","15:00","","","","","13:00","15:00","","","","","","",""
"3911395300360","05002","耳鼻いんこう科","3","","","","","","","","","","","","","","","","","","","","","","","","","","","","","","","","",""
"3911395300360","06001","皮膚科","1","08:30","12:00","08:30","12:00","08:30","12:00","08:30","12:00","08:30","12:00","","","","","","","08:30","11:30","08:30","11:30","08:30","11:30","08:30","11:30","08:30","11:30","","","","","","",""
"3911395300360","06001","皮膚科","2","13:30","14:00","13:30","14:00","","","13:30","14:00","13:30","14:00","","","","","","","13:30","14:00","13:30","14:00","","","13:30","14:00","13:30","14:00","","","","","","",""
"3911395300360","06001","皮膚科","3","","","","","","","","","","","","","","","","","","","","","","","","","","","","","","","","",""
"3911395300360","06004","泌尿器科","1","08:30","12:00","08:30","12:00","08:30","12:00","08:30","12:00","08:30","12:00","","","","","","","08:30","11:30","08:30","11:30","08:30","11:30","08:30","11:30","08:30","11:30","","","","","","",""
"3911395300360","06004","泌尿器科","2","","","13:30","16:30","13:30","16:30","13:30","16:30","13:30","16:30","","","","","","","","","12:00","16:30","12:00","16:30","12:00","16:30","12:00","16:30","","","","","","",""
"3911395300360","06004","泌尿器科","3","","","","","","","","","","","","","","","","","","","","","","","","","","","","","","","","",""
"3911395300360","07002","神経科","1","","","08:30","12:00","","","13:00","17:15","","","","","","","","","","","08:30","11:30","","","12:00","16:00","","","","","","","","",""
"3911395300360","07002","神経科","2","","","","","","","","","","","","","","","","","","","","","","","","","","","","","","","","",""
"3911395300360","07002","神経科","3","","","","","","","","","","","","","","","","","","","","","","","","","","","","","","","","",""
"3911395300360","09002","リウマチ科","1","","","","","","","","","","","","","","","","","","","","","","","","","","","","","","","","",""
"3911395300360","09002","リウマチ科","2","","","","","","","","","","","","","","","","","","","","","","","","","","","","","","","","",""
"3911395300360","09002","リウマチ科","3","","","","","","","","","","","","","","","","","","","","","","","","","","","","","","","","",""
"3911395300360","09003","リハビリテーション科","1","","","","","","","","","","","","","","","","","","","","","","","","","","","","","","","","",""
"3911395300360","09003","リハビリテーション科","2","","","","","","","","","","","","","","","","","","","","","","","","","","","","","","","","",""
"3911395300360","09003","リハビリテーション科","3","","","","","","","","","","","","","","","","","","","","","","","","","","","","","","","","",""
"3911395300360","09004","放射線科","1","","","","","","","","","","","","","","","","","","","","","","","","","","","","","","","","",""
"3911395300360","09004","放射線科","2","","","","","","","","","","","","","","","","","","","","","","","","","","","","","","","","",""
"3911395300360","09004","放射線科","3","","","","","","","","","","","","","","","","","","","","","","","","","","","","","","","","",""
"3911395300360","09010","救急科","1","","","","","","","","","","","","","","","","","","","","","","","","","","","","","","","","",""
"3911395300360","09010","救急科","2","","","","","","","","","","","","","","","","","","","","","","","","","","","","","","","","",""
"3911395300360","09010","救急科","3","","","","","","","","","","","","","","","","","","","","","","","","","","","","","","","","",""
"3911395300360","09011","麻酔科","1","","","","","","","","","","","","","","","","","","","","","","","","","","","","","","","","",""
"3911395300360","09011","麻酔科","2","","","","","","","","","","","","","","","","","","","","","","","","","","","","","","","","",""
"3911395300360","09011","麻酔科","3","","","","","","","","","","","","","","","","","","","","","","","","","","","","","","","","",""
"3911395300490","01001","内科","1","09:00","12:00","09:00","12:00","09:00","12:00","09:00","12:00","09:00","12:00","09:00","12:00","","","","","08:00","11:30","08:00","11:30","08:00","11:30","08:00","11:30","08:00","11:30","08:00","11:30","","","","",""
"3911395300490","01001","内科","2","13:30","17:00","13:30","17:00","13:30","17:00","13:30","17:00","13:30","17:00","13:30","17:00","","","","","13:00","16:30","13:00","16:30","13:00","16:30","13:00","16:30","13:00","16:30","","","","","","",""
"3911395300490","01001","内科","3","","","","","","","","","","","","","","","","","","","","","","","","","","","","","","","","","空欄にした: 月_診療 00:00-00:00（開始と終了が同じ） / 空欄にした: 火_診療 00:00-00:00（開始と終了が同じ） / 空欄にした: 水_診療 00:00-00:00（開始と終了が同じ） / 空欄にした: 木_診療 00:00-00:00（開始と終了が同じ） / 空欄にした: 金_診療 00:00-00:00（開始と終了が同じ） / 空欄にした: 土_診療 00:00-00:00（開始と終了が同じ） / 空欄にした: 月_外来受付 00:00-00:00（開始と終了が同じ） / 空欄にした: 火_外来受付 00:00-00:00（開始と終了が同じ） / 空欄にした: 水_外来受付 00:00-00:00（開始と終了が同じ） / 空欄にした: 木_外来受付 00:00-00:00（開始と終了が同じ） / 空欄にした: 金_外来受付 00:00-00:00（開始と終了が同じ） / 空欄にした: 土_外来受付 00:00-00:00（開始と終了が同じ）"
"3911395300490","01005","血液内科","1","","","","","","","","","13:30","17:00","","","","","","","","","","","","","","","13:00","16:30","","","","","","",""
"3911395300490","01005","血液内科","2","","","","","","","","","","","","","","","","","","","","","","","","","","","","","","","","",""
"3911395300490","01005","血液内科","3","","","","","","","","","","","","","","","","","","","","","","","","","","","","","","","","",""
"3911395300490","01014","呼吸器内科","1","09:00","12:00","09:00","12:00","09:00","12:00","09:00","12:00","09:00","12:00","09:00","12:00","","","","","08:00","11:30","08:00","11:30","08:00","11:30","08:00","11:30","08:00","11:30","08:00","11:30","","","","",""
"3911395300490","01014","呼吸器内科","2","13:30","17:00","13:30","17:00","13:30","17:00","13:30","17:00","13:30","17:00","","","","","","","13:00","16:30","13:00","16:30","13:00","16:30","13:00","16:30","13:00","16:30","","","","","","",""
"3911395300490","01014","呼吸器内科","3","","","","","","","","","","","","","","","","","","","","","","","","","","","","","","","","",""
"3911395300490","01017","循環器内科","1","09:00","12:00","13:30","17:00","09:00","12:00","09:00","12:00","09:00","12:00","09:00","12:00","","","","","08:00","11:30","08:00","11:30","08:00","11:30","08:00","11:30","","","08:00","11:30","","","","",""
"3911395300490","01017","循環器内科","2","13:30","17:00","","","","","14:00","17:00","","","","","","","","","13:00","16:30","13:00","16:30","13:00","16:30","13:00","16:30","","","","","","","","",""
"3911395300490","01017","循環器内科","3","","","","","","","","","","","","","","","","","","","","","","","","","","","","","","","","",""
"3911395300490","01020","消化器内科","1","09:00","12:00","09:00","12:00","09:00","12:00","09:00","12:00","09:00","12:00","09:00","12:00","","","","","08:00","11:30","08:00","11:30","08:00","11:30","08:00","11:30","08:00","11:30","08:00","11:30","","","","",""
"3911395300490","01020","消化器内科","2","13:30","17:00","13:30","17:00","13:30","17:00","13:30","17:00","14:30","17:00","","","","","","","13:00","16:30","13:00","16:30","13:00","16:30","13:00","16:30","13:00","16:30","","","","","","",""
"3911395300490","01020","消化器内科","3","","","","","","","","","","","","","","","","","","","","","","","","","","","","","","","","",""
"3911395300490","01022","腎臓内科","1","","","","","","","","","","","","","","","","","","","","","","","","","","","","","","","","",""
"3911395300490","01022","腎臓内科","2","","","","","","","","","","","","","","","","","","","","","","","","","","","","","","","","",""
"3911395300490","01022","腎臓内科","3","","","","","","","","","","","","","","","","","","","","","","","","","","","","","","","","",""
"3911395300490","02001","外科","1","09:00","12:00","09:15","12:00","09:00","12:00","09:15","12:00","09:00","12:00","09:00","12:00","","","","","08:00","11:30","08:00","11:30","08:00","11:30","08:00","11:30","08:00","11:30","08:00","11:30","","","","",""
"3911395300490","02001","外科","2","14:30","17:00","13:30","14:00","","","","","14:30","17:00","","","","","","","13:00","16:30","13:00","16:30","","","","","13:00","16:30","","","","","","",""
"3911395300490","02001","外科","3","","","15:00","17:00","","","","","","","","","","","","","","","","","","","","","","","","","","","","",""
"3911395300490","02005","呼吸器外科","1","","","","","","","13:30","17:00","","","","","","","","","","","","","","","13:00","16:30","","","","","","","","",""
"3911395300490","02005","呼吸器外科","2","","","","","","","","","","","","","","","","","","","","","","","","","","","","","","","","",""
"3911395300490","02005","呼吸器外科","3","","","","","","","","","","","","","","","","","","","","","","","","","","","","","","","","",""
"3911395300490","02011","心臓血管外科","1","","","13:30","17:00","","","","","","","","","","","","","","","13:00","16:30","","","","","","","","","","","","",""
"3911395300490","02011","心臓血管外科","2","","","","","","","","","","","","","","","","","","","","","","","","","","","","","","","","",""
"3911395300490","02011","心臓血管外科","3","","","","","","","","","","","","","","","","","","","","","","","","","","","","","","","","",""
"3911395300490","02012","消化器外科","1","09:00","12:00","09:15","12:00","09:00","12:00","09:15","12:00","09:00","12:00","09:00","12:00","","","","","08:00","11:30","08:00","11:30","08:00","11:30","08:00","11:30","08:00","11:30","08:00","11:30","","","","",""
"3911395300490","02012","消化器外科","2","14:30","17:00","13:30","14:00","","","","","14:30","17:00","","","","","","","13:00","16:30","13:00","16:30","","","","","13:00","16:30","","","","","","",""
"3911395300490","02012","消化器外科","3","","","15:00","17:00","","","","","","","","","","","","","","","13:00","16:30","","","","","","","","","","","","",""
"3911395300490","02035","整形外科","1","09:00","12:00","09:00","12:00","09:00","12:00","09:00","12:00","09:00","12:00","09:00","12:00","","","","","08:00","11:30","08:00","11:30","08:00","11:30","08:00","11:30","08:00","11:30","08:00","11:30","","","","",""
"3911395300490","02035","整形外科","2","","","13:30","17:00","13:30","16:00","","","14:00","17:00","","","","","","","","","13:00","16:30","13:00","15:30","","","13:00","16:00","","","","","","",""
"3911395300490","02035","整形外科","3","","","","","","","","","","","","","","","","","","","","","","","","","","","","","","","","",""
"3911395300490","02036","形成外科","1","","","","","","","13:30","16:00","","","","","","","","","","","","","","","09:00","11:30","","","","","","","","",""
"3911395300490","02036","形成外科","2","","","","","","","","","","","","","","","","","","","","","","","13:00","16:00","","","","","","","","",""
"3911395300490","02036","形成外科","3","","","","","","","","","","","","","","","","","","","","","","","","","","","","","","","","",""
"3911395300490","06001","皮膚科","1","09:00","12:00","","","","","","","","","","","","","","","08:00","11:30","","","","","","","","","","","","","","",""
"3911395300490","06001","皮膚科","2","","","","","","","","","","","","","","","","","","","","","","","","","","","","","","","","",""
"3911395300490","06001","皮膚科","3","","","","","","","","","","","","","","","","","","","","","","","","","","","","","","","","",""
"3911395300490","06004","泌尿器科","1","","","","","","","","","","","","","","","","","","","","","","","","","","","","","","","","",""
"3911395300490","06004","泌尿器科","2","","","","","","","","","","","","","","","","","","","","","","","","","","","","","","","","",""
"3911395300490","06004","泌尿器科","3","","","","","","","","","","","","","","","","","","","","","","","","","","","","","","","","",""
"3911395300490","09003","リハビリテーション科","1","09:00","12:00","09:00","12:00","09:00","12:00","09:00","12:00","09:00","12:00","09:00","12:00","","","","","08:00","11:30","08:00","11:30","08:00","11:30","08:00","11:30","08:00","11:30","08:00","11:30","","","","",""
"3911395300490","09003","リハビリテーション科","2","13:30","17:00","13:30","17:00","13:30","17:00","13:30","17:00","13:30","17:00","","","","","","","13:00","16:30","13:00","16:30","13:00","16:30","13:00","16:30","13:00","16:30","","","","","","",""
"3911395300490","09003","リハビリテーション科","3","","","","","","","","","","","","","","","","","","","","","","","","","","","","","","","","",""
"3911395300490","09004","放射線科","1","09:00","12:00","09:00","12:00","09:00","12:00","09:00","12:00","09:00","12:00","09:00","12:00","","","","","08:00","11:30","08:00","11:30","08:00","11:30","08:00","11:30","08:00","11:30","08:00","11:30","","","","",""
"3911395300490","09004","放射線科","2","13:30","17:00","13:30","17:00","13:30","17:00","13:30","17:00","13:30","17:00","","","","","","","13:00","16:30","13:00","16:30","13:00","16:30","13:00","16:30","13:00","16:30","","","","","","",""
"3911395300490","09004","放射線科","3","","","","","","","","","","","","","","","","","","","","","","","","","","","","","","","","",""
"3911395300650","07001","精神科","1","09:00","12:00","09:00","12:00","09:00","12:00","09:00","12:00","09:00","12:00","09:00","12:00","","","","","08:30","11:30","08:30","11:30","08:30","11:30","08:30","11:30","08:30","11:30","08:30","11:30","","","","",""
"3911395300650","07001","精神科","2","13:30","17:00","13:30","17:00","","","13:30","17:00","13:30","17:00","","","","","","","13:00","16:30","13:00","16:30","","","13:00","16:30","13:00","16:30","","","","","","",""
"3911395300650","07001","精神科","3","","","","","","","","","","","","","","","","","","","","","","","","","","","","","","","","",""
"3911395300650","07004","老年精神科","1","09:00","12:00","09:00","12:00","09:00","12:00","09:00","12:00","09:00","12:00","09:00","12:00","","","","","08:30","11:30","08:30","11:30","08:30","11:30","08:30","11:30","08:30","11:30","08:30","11:30","","","","",""
"3911395300650","07004","老年精神科","2","13:30","17:00","13:30","17:00","","","13:30","17:00","13:30","17:00","","","","","","","13:00","16:30","13:00","16:30","","","13:00","16:30","13:00","16:30","","","","","","",""
"3911395300650","07004","老年精神科","3","","","","","","","","","","","","","","","","","","","","","","","","","","","","","","","","",""
"3911395300780","01001","内科","1","09:00","12:00","09:00","12:00","09:00","12:00","09:00","12:00","09:00","12:00","","","","","","","07:30","11:30","07:30","11:30","07:30","11:30","07:30","11:30","07:30","11:30","","","","","","",""
"3911395300780","01001","内科","2","","","","","","","","","","","09:00","12:30","","","","","","","","","","","","","","","07:30","12:00","","","","",""
"3911395300780","01001","内科","3","","","","","","","","","","","","","","","","","","","","","","","","","","","","","","","","",""
"3911395300780","01014","呼吸器内科","1","","","","","","","","","","","","","","","","","","","","","","","","","","","","","","","","",""
"3911395300780","01014","呼吸器内科","2","","","","","","","","","","","","","","","","","","","","","","","","","","","","","","","","",""
"3911395300780","01014","呼吸器内科","3","","","","","","","","","","","","","","","","","","","","","","","","","","","","","","","","",""
"3911395300780","01017","循環器内科","1","","","","","","","","","","","","","","","","","","","","","","","","","","","","","","","","",""
"3911395300780","01017","循環器内科","2","","","","","","","","","","","","","","","","","","","","","","","","","","","","","","","","",""
"3911395300780","01017","循環器内科","3","","","","","","","","","","","","","","","","","","","","","","","","","","","","","","","","",""
"3911395300780","01020","消化器内科","1","09:00","12:00","","","09:00","12:00","09:00","12:00","","","","","","","","","07:30","11:30","","","07:30","11:30","07:30","11:30","","","","","","","","",""
"3911395300780","01020","消化器内科","2","","","","","","","","","","","","","","","","","","","","","","","","","","","","","","","","",""
"3911395300780","01020","消化器内科","3","","","","","","","","","","","","","","","","","","","","","","","","","","","","","","","","",""
"3911395300780","02035","整形外科","1","09:00","12:00","09:00","12:00","09:00","12:00","09:00","12:00","","","","","","","","","08:30","11:30","08:30","11:30","08:30","11:30","08:30","11:30","","","","","","","","",""
"3911395300780","02035","整形外科","2","","","","","","","","","","","","","","","","","","","","","","","","","","","","","","","","",""
"3911395300780","02035","整形外科","3","","","","","","","","","","","","","","","","","","","","","","","","","","","","","","","","",""
"3911395300780","09003","リハビリテーション科","1","09:00","12:00","09:00","12:00","09:00","12:00","09:00","12:00","09:00","12:00","","","","","","","07:30","11:30","07:30","11:30","07:30","11:30","07:30","11:30","07:30","11:30","","","","","","",""
"3911395300780","09003","リハビリテーション科","2","","","","","","","","","","","09:00","12:30","","","","","","","","","","","","","","","07:30","12:00","","","","",""
"3911395300780","09003","リハビリテーション科","3","","","","","","","","","","","","","","","","","","","","","","","","","","","","","","","","",""
"3911395301080","01001","内科","1","09:00","12:00","08:30","12:00","08:30","12:00","08:30","12:00","08:30","12:00","08:30","12:00","","","","","07:30","11:30","07:30","11:30","07:30","11:30","07:30","11:30","07:30","11:30","07:30","11:30","","","","",""
"3911395301080","01001","内科","2","13:30","17:00","13:30","17:00","13:30","17:00","13:30","17:00","13:30","17:00","","","","","","","07:30","16:30","07:30","16:30","07:30","16:30","07:30","16:30","07:30","16:30","","","","","","",""
"3911395301080","01001","内科","3","","","","","","","","","","","","","","","","","","","","","","","","","","","","","","","","",""
"3911395301080","01011","糖尿病・代謝内科","1","","","","","","","","","","","","","","","","","","","","","","","","","","","","","","","","",""
"3911395301080","01011","糖尿病・代謝内科","2","","","","","","","","","","","","","","","","","","","","","","","","","","","","","","","","",""
"3911395301080","01011","糖尿病・代謝内科","3","","","","","","","","","","","","","","","","","","","","","","","","","","","","","","","","",""
"3911395301080","01017","循環器内科","1","09:00","12:00","","","08:30","12:00","08:30","12:00","08:30","12:00","","","","","","","07:30","11:30","","","07:30","11:30","07:30","11:30","07:30","11:30","","","","","","",""
"3911395301080","01017","循環器内科","2","13:30","17:00","13:30","17:00","13:30","17:00","","","13:00","17:00","","","","","","","07:30","16:30","07:30","16:30","07:30","16:30","","","07:30","16:30","","","","","","",""
"3911395301080","01017","循環器内科","3","","","","","","","","","","","","","","","","","","","","","","","","","","","","","","","","",""
"3911395301080","01020","消化器内科","1","","","08:30","12:00","13:30","17:00","","","08:30","12:00","","","","","","","","","07:30","11:30","07:30","16:30","","","07:30","11:30","","","","","","",""
"3911395301080","01020","消化器内科","2","","","","","","","","","13:00","17:00","","","","","","","","","","","","","","","07:30","16:30","","","","","","",""
"3911395301080","01020","消化器内科","3","","","","","","","","","","","","","","","","","","","","","","","","","","","","","","","","",""
"3911395301080","01025","神経内科","1","","","","","","","","","","","","","","","","","","","","","","","","","","","","","","","","",""
"3911395301080","01025","神経内科","2","","","13:30","17:00","","","","","","","","","","","","","","","07:30","16:30","","","","","","","","","","","","",""
"3911395301080","01025","神経内科","3","","","","","","","","","","","","","","","","","","","","","","","","","","","","","","","","",""
"3911395301080","01028","老年内科","1","","","","","","","09:00","12:30","","","","","","","","","","","","","","","07:30","11:30","","","","","","","","",""
"3911395301080","01028","老年内科","2","","","","","","","","","","","","","","","","","","","","","","","","","","","","","","","","",""
"3911395301080","01028","老年内科","3","","","","","","","","","","","","","","","","","","","","","","","","","","","","","","","","",""
"3911395301080","02001","外科","1","09:00","12:00","08:30","12:00","08:30","12:00","08:30","12:00","08:30","12:00","08:30","12:00","","","","","07:30","11:30","07:30","11:30","07:30","11:30","07:30","11:30","07:30","11:30","07:30","11:30","","","","",""
"3911395301080","02001","外科","2","13:30","17:00","","","","","","","13:30","17:00","","","","","","","07:30","16:30","","","","","","","07:30","16:30","","","","","","",""
"3911395301080","02001","外科","3","","","","","","","","","","","","","","","","","","","","","","","","","","","","","","","","",""
"3911395301080","02002","脳神経外科","1","09:00","12:00","09:00","12:00","","","09:00","12:00","09:00","12:00","","","","","","","07:30","11:30","07:30","11:30","","","07:30","11:30","07:30","11:30","","","","","","",""
"3911395301080","02002","脳神経外科","2","","","","","","","","","13:30","17:00","","","","","","","","","","","","","","","07:30","16:30","","","","","","",""
"3911395301080","02002","脳神経外科","3","","","","","","","","","","","","","","","","","","","","","","","","","","","","","","","","",""
"3911395301080","02012","消化器外科","1","09:00","12:00","08:30","12:00","08:30","12:00","08:30","12:00","08:30","12:00","","","","","","","07:30","11:30","07:30","11:30","07:30","11:30","07:30","11:30","07:30","11:30","","","","","","",""
"3911395301080","02012","消化器外科","2","13:30","17:00","","","","","","","13:30","17:00","","","","","","","07:30","16:30","","","","","","","07:30","16:30","","","","","","",""
"3911395301080","02012","消化器外科","3","","","","","","","","","","","","","","","","","","","","","","","","","","","","","","","","",""
"3911395301080","02025","肛門外科","1","09:00","12:00","08:30","12:00","08:30","12:00","08:30","12:00","08:30","12:00","","","","","","","07:30","11:30","07:30","11:30","07:30","11:30","07:30","11:30","07:30","11:30","","","","","","",""
"3911395301080","02025","肛門外科","2","13:30","17:00","","","","","","","13:30","17:00","","","","","","","07:30","16:30","","","","","","","07:30","16:30","","","","","","",""
"3911395301080","02025","肛門外科","3","","","","","","","","","","","","","","","","","","","","","","","","","","","","","","","","",""
"3911395301080","02035","整形外科","1","09:00","12:00","08:30","12:00","08:30","12:00","08:30","12:00","08:30","12:00","","","","","","","07:30","11:30","07:30","11:30","07:30","11:30","07:30","11:30","07:30","11:30","","","","","","",""
"3911395301080","02035","整形外科","2","","","","","13:00","17:00","","","","","","","","","","","","","","","13:00","17:00","","","","","","","","","","",""
"3911395301080","02035","整形外科","3","","","","","","","","","","","","","","","","","","","","","","","","","","","","","","","","",""
"3911395301080","03001","小児科","1","09:00","12:00","08:30","12:00","08:30","12:00","08:30","12:00","08:30","12:00","","","","","","","07:30","11:30","07:30","11:30","07:30","11:30","07:30","11:30","07:30","11:30","","","","","","",""
"3911395301080","03001","小児科","2","13:30","17:00","13:30","17:00","13:30","17:00","13:30","17:00","13:30","17:00","","","","","","","07:30","16:30","07:30","16:30","07:30","16:30","07:30","16:30","07:30","16:30","","","","","","",""
"3911395301080","03001","小児科","3","","","","","","","","","","","","","","","","","","","","","","","","","","","","","","","","",""
"3911395301080","05001","眼科","1","09:00","12:00","08:30","12:00","08:30","12:00","08:30","12:00","08:30","12:00","","","","","","","07:30","10:00","07:30","11:30","07:30","10:00","07:30","11:30","07:30","11:30","","","","","","",""
"3911395301080","05001","眼科","2","","","13:30","17:00","","","13:30","17:00","13:30","17:00","","","","","","","07:30","16:30","07:30","16:30","","","07:30","16:30","07:30","16:30","","","","","","",""
"3911395301080","05001","眼科","3","","","","","","","","","","","","","","","","","","","","","","","","","","","","","","","","",""
"3911395301080","05002","耳鼻いんこう科","1","09:00","12:00","","","","","","","09:00","12:00","","","","","","","07:30","11:00","","","","","","","07:30","11:30","","","","","","",""
"3911395301080","05002","耳鼻いんこう科","2","","","","","","","","","13:30","17:00","","","","","","","","","","","","","","","07:30","16:00","","","","","","",""
"3911395301080","05002","耳鼻いんこう科","3","","","","","","","","","","","","","","","","","","","","","","","","","","","","","","","","",""
"3911395301080","06001","皮膚科","1","","","","","","","","","09:00","12:00","","","","","","","","","","","","","","","07:30","11:30","","","","","","",""
"3911395301080","06001","皮膚科","2","","","13:30","17:00","","","","","13:30","17:00","","","","","","","","","07:30","16:00","","","","","07:30","16:00","","","","","","",""
"3911395301080","06001","皮膚科","3","","","","","","","","","","","","","","","","","","","","","","","","","","","","","","","","",""
"3911395301080","06004","泌尿器科","1","09:00","12:00","","","09:00","12:00","08:30","12:00","","","","","","","","","07:30","10:30","","","07:30","11:30","07:30","10:30","","","","","","","","",""
"3911395301080","06004","泌尿器科","2","","","","","13:30","17:00","13:30","17:00","","","","","","","","","","","","","07:30","16:30","07:30","16:30","","","","","","","","",""
"3911395301080","06004","泌尿器科","3","","","","","","","","","","","","","","","","","","","","","","","","","","","","","","","","",""
"3911395301080","09003","リハビリテーション科","1","09:00","12:00","08:30","12:00","08:30","12:00","08:30","12:00","08:30","12:00","08:30","12:00","","","","","07:30","11:30","07:30","11:30","07:30","11:30","07:30","11:30","07:30","11:30","07:30","11:30","","","","",""
"3911395301080","09003","リハビリテーション科","2","13:30","17:00","13:30","17:00","13:30","17:00","13:30","17:00","13:30","17:00","","","","","","","07:30","16:30","07:30","16:30","07:30","16:30","07:30","16:30","07:30","16:30","","","","","","",""
"3911395301080","09003","リハビリテーション科","3","","","","","","","","","","","","","","","","","","","","","","","","","","","","","","","","",""
"3911395301080","09004","放射線科","1","","","","","","","","","","","","","","","","","","","","","","","","","","","","","","","","",""
"3911395301080","09004","放射線科","2","","","","","","","","","","","","","","","","","","","","","","","","","","","","","","","","",""
"3911395301080","09004","放射線科","3","","","","","","","","","","","","","","","","","","","","","","","","","","","","","","","","",""
"3911395301080","09011","麻酔科","1","","","","","","","","","","","","","","","","","","","","","","","","","","","","","","","","",""
"3911395301080","09011","麻酔科","2","","","","","","","","","","","","","","","","","","","","","","","","","","","","","","","","",""
"3911395301080","09011","麻酔科","3","","","","","","","","","","","","","","","","","","","","","","","","","","","","","","","","",""
"3911395301110","01001","内科","1","09:00","12:30","09:00","12:30","09:00","12:30","09:00","12:30","09:00","12:30","09:00","12:30","","","","","08:30","12:00","08:30","12:00","08:30","12:00","08:30","12:00","08:30","12:00","08:30","11:30","","","","",""
"3911395301110","01001","内科","2","13:30","17:30","13:30","17:30","13:30","17:30","13:30","17:30","13:30","17:30","","","","","","","12:00","17:00","12:00","17:00","12:00","17:00","12:00","17:00","12:00","17:00","","","","","","",""
"3911395301110","01001","内科","3","","","","","","","","","","","","","","","","","","","","","","","","","","","","","","","","","空欄にした: 月_診療 00:00-00:00（開始と終了が同じ） / 空欄にした: 火_診療 00:00-00:00（開始と終了が同じ） / 空欄にした: 水_診療 00:00-00:00（開始と終了が同じ） / 空欄にした: 木_診療 00:00-00:00（開始と終了が同じ） / 空欄にした: 金_診療 00:00-00:00（開始と終了が同じ） / 空欄にした: 月_外来受付 00:00-00:00（開始と終了が同じ） / 空欄にした: 火_外来受付 00:00-00:00（開始と終了が同じ） / 空欄にした: 水_外来受付 00:00-00:00（開始と終了が同じ） / 空欄にした: 木_外来受付 00:00-00:00（開始と終了が同じ） / 空欄にした: 金_外来受付 00:00-00:00（開始と終了が同じ）"
"3911395301110","01020","消化器内科","1","09:00","12:30","09:00","12:30","","","09:00","12:30","09:00","12:30","","","","","","","08:30","12:00","08:30","12:00","","","08:30","12:00","08:30","12:00","","","","","","",""
"3911395301110","01020","消化器内科","2","13:30","17:30","13:30","17:30","","","13:30","17:30","13:30","17:30","","","","","","","12:00","17:00","12:00","17:00","","","12:00","17:00","12:00","17:00","","","","","","",""
"3911395301110","01020","消化器内科","3","","","","","","","","","","","","","","","","","","","","","","","","","","","","","","","","","空欄にした: 月_診療 00:00-00:00（開始と終了が同じ） / 空欄にした: 火_診療 00:00-00:00（開始と終了が同じ） / 空欄にした: 木_診療 00:00-00:00（開始と終了が同じ） / 空欄にした: 金_診療 00:00-00:00（開始と終了が同じ） / 空欄にした: 月_外来受付 00:00-00:00（開始と終了が同じ） / 空欄にした: 火_外来受付 00:00-00:00（開始と終了が同じ） / 空欄にした: 木_外来受付 00:00-00:00（開始と終了が同じ） / 空欄にした: 金_外来受付 00:00-00:00（開始と終了が同じ）"
"3911395301110","01023","人工透析内科","1","09:00","12:30","09:00","12:30","09:00","12:30","09:00","12:30","09:00","12:30","09:00","12:30","","","","","08:30","12:00","08:30","12:00","08:30","12:00","08:30","12:00","08:30","12:00","08:30","11:30","","","","",""
"3911395301110","01023","人工透析内科","2","13:30","17:30","13:30","17:30","13:30","17:30","13:30","17:30","13:30","17:30","","","","","","","12:00","17:00","12:00","17:00","12:00","17:00","12:00","17:00","12:00","17:00","","","","","","",""
"3911395301110","01023","人工透析内科","3","","","","","","","","","","","","","","","","","","","","","","","","","","","","","","","","","空欄にした: 月_診療 00:00-00:00（開始と終了が同じ） / 空欄にした: 火_診療 00:00-00:00（開始と終了が同じ） / 空欄にした: 水_診療 00:00-00:00（開始と終了が同じ） / 空欄にした: 木_診療 00:00-00:00（開始と終了が同じ） / 空欄にした: 金_診療 00:00-00:00（開始と終了が同じ） / 空欄にした: 月_外来受付 00:00-00:00（開始と終了が同じ） / 空欄にした: 火_外来受付 00:00-00:00（開始と終了が同じ） / 空欄にした: 水_外来受付 00:00-00:00（開始と終了が同じ） / 空欄にした: 木_外来受付 00:00-00:00（開始と終了が同じ） / 空欄にした: 金_外来受付 00:00-00:00（開始と終了が同じ）"
"3911395301110","02002","脳神経外科","1","","","","","","","","","","","","","","","","","","","","","","","","","","","","","","","","",""
"3911395301110","02002","脳神経外科","2","","","","","","","","","","","","","","","","","","","","","","","","","","","","","","","","",""
"3911395301110","02002","脳神経外科","3","","","","","","","","","","","","","","","","","","","","","","","","","","","","","","","","",""
"3911395301240","01001","内科","1","08:30","12:00","08:30","12:00","08:30","12:00","08:30","12:00","08:30","12:00","","","","","","","08:30","11:00","08:30","11:00","08:30","11:00","08:30","11:00","08:30","11:00","","","","","","",""
"3911395301240","01001","内科","2","13:00","17:00","13:00","17:00","13:00","17:00","13:00","17:00","13:00","17:00","","","","","","","13:00","16:00","13:00","16:00","13:00","16:00","13:00","16:00","13:00","16:00","","","","","","",""
"3911395301240","01001","内科","3","","","","","","","","","","","","","","","","","","","","","","","","","","","","","","","","",""
"3911395301240","02035","整形外科","1","","","09:00","12:00","","","","","","","","","","","","","","","08:30","11:00","","","","","","","","","","","","",""
"3911395301240","02035","整形外科","2","","","13:00","16:00","","","","","","","","","","","","","","","13:00","15:00","","","","","","","","","","","","",""
"3911395301240","02035","整形外科","3","","","","","","","","","","","","","","","","","","","","","","","","","","","","","","","","",""
"3911395301240","03001","小児科","1","13:00","17:00","","","13:00","17:00","","","13:00","17:00","","","","","","","13:00","16:00","","","13:00","16:00","","","13:00","16:00","","","","","","",""
"3911395301240","03001","小児科","2","","","","","","","","","","","","","","","","","","","","","","","","","","","","","","","","",""
"3911395301240","03001","小児科","3","","","","","","","","","","","","","","","","","","","","","","","","","","","","","","","","",""
"3911395301240","05001","眼科","1","","","","","10:00","12:00","","","","","","","","","","","","","","","08:30","11:00","","","","","","","","","","",""
"3911395301240","05001","眼科","2","","","","","13:00","15:00","","","","","","","","","","","","","","","13:00","14:30","","","","","","","","","","",""
"3911395301240","05001","眼科","3","","","","","","","","","","","","","","","","","","","","","","","","","","","","","","","","",""
"3911395301240","06001","皮膚科","1","","","","","10:00","12:00","","","","","","","","","","","","","","","","","","","","","","","","","","",""
"3911395301240","06001","皮膚科","2","","","","","13:00","15:00","","","","","","","","","","","","","","","","","","","","","","","","","","",""
"3911395301240","06001","皮膚科","3","","","","","","","","","","","","","","","","","","","","","","","","","","","","","","","","",""
"3911395400130","07001","精神科","1","09:00","12:00","09:00","12:00","09:00","12:00","09:00","12:00","09:00","12:00","","","","","","","08:45","12:00","08:45","12:00","08:45","12:00","08:45","12:00","08:45","12:00","","","","","","",""
"3911395400130","07001","精神科","2","13:30","17:00","13:30","17:00","13:30","17:00","13:30","17:00","13:30","17:00","","","","","","","13:00","17:00","13:00","17:00","13:00","17:00","13:00","17:00","13:00","17:00","","","","","","",""
"3911395400130","07001","精神科","3","","","","","","","","","","","","","","","","","","","","","","","","","","","","","","","","",""
"3911395400130","07003","心療内科","1","09:00","12:00","09:00","12:00","09:00","12:00","09:00","12:00","09:00","12:00","","","","","","","08:45","12:00","08:45","12:00","08:45","12:00","08:45","12:00","08:45","12:00","","","","","","",""
"3911395400130","07003","心療内科","2","13:30","17:00","13:30","17:00","13:30","17:00","13:30","17:00","13:30","17:00","","","","","","","13:00","17:00","13:00","17:00","13:00","17:00","13:00","17:00","13:00","17:00","","","","","","",""
"3911395400130","07003","心療内科","3","","","","","","","","","","","","","","","","","","","","","","","","","","","","","","","","",""
"3911395400260","01001","内科","1","09:00","12:00","09:00","12:00","09:00","12:00","09:00","12:00","09:00","12:00","09:00","12:00","","","","","09:00","11:30","09:00","11:30","09:00","11:30","09:00","11:30","09:00","11:30","09:00","11:30","","","","",""
"3911395400260","01001","内科","2","14:00","17:00","14:00","17:00","14:00","17:00","14:00","17:00","14:00","17:00","14:00","17:00","","","","","13:00","16:30","13:00","16:30","13:00","16:30","13:00","16:30","13:00","16:30","13:00","16:30","","","","",""
"3911395400260","01001","内科","3","","","","","","","","","","","","","","","","","","","","","","","","","","","","","","","","","空欄にした: 月_診療 00:00-00:00（開始と終了が同じ） / 空欄にした: 火_診療 00:00-00:00（開始と終了が同じ） / 空欄にした: 水_診療 00:00-00:00（開始と終了が同じ） / 空欄にした: 木_診療 00:00-00:00（開始と終了が同じ） / 空欄にした: 金_診療 00:00-00:00（開始と終了が同じ） / 空欄にした: 土_診療 00:00-00:00（開始と終了が同じ） / 空欄にした: 月_外来受付 00:00-00:00（開始と終了が同じ） / 空欄にした: 火_外来受付 00:00-00:00（開始と終了が同じ） / 空欄にした: 水_外来受付 00:00-00:00（開始と終了が同じ） / 空欄にした: 木_外来受付 00:00-00:00（開始と終了が同じ） / 空欄にした: 金_外来受付 00:00-00:00（開始と終了が同じ） / 空欄にした: 土_外来受付 00:00-00:00（開始と終了が同じ）"
"3911395400260","01020","消化器内科","1","09:00","12:00","09:00","12:00","09:00","12:00","09:00","12:00","09:00","12:00","09:00","12:00","","","","","09:00","11:30","09:00","11:30","09:00","11:30","09:00","11:30","09:00","11:30","09:00","11:30","","","","",""
"3911395400260","01020","消化器内科","2","14:00","17:00","14:00","17:00","14:00","17:00","14:00","17:00","14:00","17:00","14:00","17:00","","","","","13:00","16:30","13:00","16:30","13:00","16:30","13:00","16:30","13:00","16:30","13:00","16:30","","","","",""
"3911395400260","01020","消化器内科","3","","","","","","","","","","","","","","","","","","","","","","","","","","","","","","","","","空欄にした: 月_診療 00:00-00:00（開始と終了が同じ） / 空欄にした: 火_診療 00:00-00:00（開始と終了が同じ） / 空欄にした: 水_診療 00:00-00:00（開始と終了が同じ） / 空欄にした: 木_診療 00:00-00:00（開始と終了が同じ） / 空欄にした: 金_診療 00:00-00:00（開始と終了が同じ） / 空欄にした: 土_診療 00:00-00:00（開始と終了が同じ） / 空欄にした: 月_外来受付 00:00-00:00（開始と終了が同じ） / 空欄にした: 火_外来受付 00:00-00:00（開始と終了が同じ） / 空欄にした: 水_外来受付 00:00-00:00（開始と終了が同じ） / 空欄にした: 木_外来受付 00:00-00:00（開始と終了が同じ） / 空欄にした: 金_外来受付 00:00-00:00（開始と終了が同じ） / 空欄にした: 土_外来受付 00:00-00:00（開始と終了が同じ）"
"3911395400260","02001","外科","1","09:00","12:00","09:00","12:00","09:00","12:00","09:00","12:00","09:00","12:00","09:00","12:00","","","","","09:00","11:30","09:00","11:30","09:00","11:30","09:00","11:30","09:00","11:30","09:00","11:30","","","","",""
"3911395400260","02001","外科","2","14:00","17:00","14:00","17:00","14:00","17:00","14:00","17:00","14:00","17:00","14:00","17:00","","","","","13:00","16:30","13:00","16:30","13:00","16:30","13:00","16:30","13:00","16:30","13:00","16:30","","","","",""
"3911395400260","02001","外科","3","","","","","","","","","","","","","","","","","","","","","","","","","","","","","","","","","空欄にした: 月_診療 00:00-00:00（開始と終了が同じ） / 空欄にした: 火_診療 00:00-00:00（開始と終了が同じ） / 空欄にした: 水_診療 00:00-00:00（開始と終了が同じ） / 空欄にした: 木_診療 00:00-00:00（開始と終了が同じ） / 空欄にした: 金_診療 00:00-00:00（開始と終了が同じ） / 空欄にした: 土_診療 00:00-00:00（開始と終了が同じ） / 空欄にした: 月_外来受付 00:00-00:00（開始と終了が同じ） / 空欄にした: 火_外来受付 00:00-00:00（開始と終了が同じ） / 空欄にした: 水_外来受付 00:00-00:00（開始と終了が同じ） / 空欄にした: 木_外来受付 00:00-00:00（開始と終了が同じ） / 空欄にした: 金_外来受付 00:00-00:00（開始と終了が同じ） / 空欄にした: 土_外来受付 00:00-00:00（開始と終了が同じ）"
"3911395400260","02025","肛門外科","1","09:00","12:00","09:00","12:00","09:00","12:00","09:00","12:00","09:00","12:00","09:00","12:00","","","","","09:00","11:30","09:00","11:30","09:00","11:30","09:00","11:30","09:00","11:30","09:00","11:30","","","","",""
"3911395400260","02025","肛門外科","2","14:00","17:00","14:00","17:00","14:00","17:00","14:00","17:00","14:00","17:00","14:00","17:00","","","","","13:00","16:30","13:00","16:30","13:00","16:30","13:00","16:30","13:00","16:30","13:00","16:30","","","","",""
"3911395400260","02025","肛門外科","3","","","","","","","","","","","","","","","","","","","","","","","","","","","","","","","","",""
"3911395400260","05002","耳鼻いんこう科","1","","","","","","","09:00","12:00","09:00","12:00","09:00","12:00","","","","","","","","","","","09:00","11:30","09:00","11:30","09:00","11:30","","","","",""
"3911395400260","05002","耳鼻いんこう科","2","","","","","","","14:00","17:00","14:00","17:00","","","","","","","","","","","","","13:00","16:30","13:00","16:30","","","","","","",""
"3911395400260","05002","耳鼻いんこう科","3","","","","","","","","","","","","","","","","","","","","","","","","","","","","","","","","","空欄にした: 木_診療 00:00-00:00（開始と終了が同じ） / 空欄にした: 金_診療 00:00-00:00（開始と終了が同じ） / 空欄にした: 土_診療 00:00-00:00（開始と終了が同じ） / 空欄にした: 木_外来受付 00:00-00:00（開始と終了が同じ） / 空欄にした: 金_外来受付 00:00-00:00（開始と終了が同じ） / 空欄にした: 土_外来受付 00:00-00:00（開始と終了が同じ）"
"3911395400260","09003","リハビリテーション科","1","09:00","12:00","09:00","12:00","09:00","12:00","09:00","12:00","09:00","12:00","09:00","12:00","","","","","09:00","11:30","09:00","11:30","09:00","11:30","09:00","11:30","09:00","11:30","09:00","11:30","","","","",""
"3911395400260","09003","リハビリテーション科","2","14:00","17:00","14:00","17:00","14:00","17:00","14:00","17:00","14:00","17:00","14:00","17:00","","","","","13:00","16:30","13:00","16:30","13:00","16:30","13:00","16:30","13:00","16:30","13:00","16:30","","","","",""
"3911395400260","09003","リハビリテーション科","3","","","","","","","","","","","","","","","","","","","","","","","","","","","","","","","","","空欄にした: 月_診療 00:00-00:00（開始と終了が同じ） / 空欄にした: 火_診療 00:00-00:00（開始と終了が同じ） / 空欄にした: 水_診療 00:00-00:00（開始と終了が同じ） / 空欄にした: 木_診療 00:00-00:00（開始と終了が同じ） / 空欄にした: 金_診療 00:00-00:00（開始と終了が同じ） / 空欄にした: 土_診療 00:00-00:00（開始と終了が同じ） / 空欄にした: 月_外来受付 00:00-00:00（開始と終了が同じ） / 空欄にした: 火_外来受付 00:00-00:00（開始と終了が同じ） / 空欄にした: 水_外来受付 00:00-00:00（開始と終了が同じ） / 空欄にした: 木_外来受付 00:00-00:00（開始と終了が同じ） / 空欄にした: 金_外来受付 00:00-00:00（開始と終了が同じ） / 空欄にした: 土_外来受付 00:00-00:00（開始と終了が同じ）"
"3911395400390","01001","内科","1","09:00","12:00","09:00","12:00","09:00","12:00","09:00","12:00","09:00","12:00","","","","","","","08:30","11:00","08:30","11:00","08:30","11:00","08:30","11:00","08:30","11:00","","","","","","",""
"3911395400390","01001","内科","2","14:00","17:00","14:00","17:00","14:00","17:00","14:00","17:00","14:00","17:00","","","","","","","","","","","","","","","","","","","","","","",""
"3911395400390","01001","内科","3","","","","","","","","","","","","","","","","","","","","","","","","","","","","","","","","",""
"3911395400390","02001","外科","1","09:00","12:00","","","09:00","12:00","","","09:00","12:00","","","","","","","08:30","11:00","","","08:30","11:00","","","08:30","11:00","","","","","","",""
"3911395400390","02001","外科","2","","","","","","","","","","","","","","","","","","","","","","","","","","","","","","","","",""
"3911395400390","02001","外科","3","","","","","","","","","","","","","","","","","","","","","","","","","","","","","","","","",""
"3911395400390","02002","脳神経外科","1","09:00","12:00","09:00","12:00","","","09:00","12:00","","","","","","","","","08:30","11:00","08:30","11:00","","","08:30","11:00","","","","","","","","",""
"3911395400390","02002","脳神経外科","2","","","","","","","","","","","","","","","","","","","","","","","","","","","","","","","","",""
"3911395400390","02002","脳神経外科","3","","","","","","","","","","","","","","","","","","","","","","","","","","","","","","","","",""
"3911395400390","02035","整形外科","1","09:00","12:00","09:00","12:00","09:00","12:00","09:00","12:00","09:00","12:00","","","","","","","08:30","11:00","08:30","11:00","08:30","11:00","08:30","11:00","08:30","11:00","","","","","","",""
"3911395400390","02035","整形外科","2","","","14:00","17:00","","","14:00","17:00","","","","","","","","","","","","","","","","","","","","","","","","",""
"3911395400390","02035","整形外科","3","","","","","","","","","","","","","","","","","","","","","","","","","","","","","","","","",""
"3911395400390","06004","泌尿器科","1","","","09:00","12:00","09:00","12:00","","","","","","","","","","","","","08:30","11:00","08:30","11:00","","","","","","","","","","",""
"3911395400390","06004","泌尿器科","2","","","14:00","17:00","14:00","17:00","","","","","","","","","","","","","","","","","","","","","","","","","","",""
"3911395400390","06004","泌尿器科","3","","","","","","","","","","","","","","","","","","","","","","","","","","","","","","","","",""
"3911395400390","09003","リハビリテーション科","1","09:00","12:00","09:00","12:00","09:00","12:00","09:00","12:00","09:00","12:00","","","","","","","08:30","11:00","08:30","11:00","08:30","11:00","08:30","11:00","08:30","11:00","","","","","","",""
"3911395400390","09003","リハビリテーション科","2","","","","","","","","","","","","","","","","","","","","","","","","","","","","","","","","",""
"3911395400390","09003","リハビリテーション科","3","","","","","","","","","","","","","","","","","","","","","","","","","","","","","","","","",""
"3911395400390","09011","麻酔科","1","09:00","12:00","","","09:00","12:00","","","09:00","12:00","","","","","","","08:30","11:00","","","08:30","11:00","","","08:30","11:00","","","","","","",""
"3911395400390","09011","麻酔科","2","","","","","","","","","","","","","","","","","","","","","","","","","","","","","","","","",""
"3911395400390","09011","麻酔科","3","","","","","","","","","","","","","","","","","","","","","","","","","","","","","","","","",""
"3911395400420","01001","内科","1","09:00","12:30","09:00","12:30","09:00","12:30","09:00","12:30","09:00","12:30","09:00","12:30","","","","","08:30","12:00","08:30","12:00","08:30","12:00","08:30","12:00","08:30","12:00","08:30","12:00","","","","",""
"3911395400420","01001","内科","2","14:00","17:30","14:00","17:30","14:00","17:30","14:00","17:30","14:00","17:30","","","","","","","13:30","17:00","13:30","17:00","13:30","17:00","13:30","17:00","13:30","17:00","","","","","","",""
"3911395400420","01001","内科","3","","","","","","","","","","","","","","","","","","","","","","","","","","","","","","","","",""
"3911395400420","01008","内分泌内科","1","","","","","","","","","09:00","12:30","","","","","","","","","","","","","","","08:30","12:00","","","","","","",""
"3911395400420","01008","内分泌内科","2","","","","","","","","","14:00","16:00","","","","","","","","","","","","","","","13:30","15:00","","","","","","",""
"3911395400420","01008","内分泌内科","3","","","","","","","","","","","","","","","","","","","","","","","","","","","","","","","","",""
"3911395400420","01014","呼吸器内科","1","","","","","","","","","","","","","","","","","","","","","","","","","","","","","","","","",""
"3911395400420","01014","呼吸器内科","2","","","","","","","","","","","","","","","","","","","","","","","","","","","","","","","","",""
"3911395400420","01014","呼吸器内科","3","","","","","","","","","","","","","","","","","","","","","","","","","","","","","","","","",""
"3911395400420","01017","循環器内科","1","09:00","12:30","09:00","12:30","09:00","12:30","09:00","12:30","09:00","12:30","","","","","","","08:30","12:00","08:30","12:00","08:30","12:00","08:30","12:00","08:30","12:00","","","","","","",""
"3911395400420","01017","循環器内科","2","14:00","17:30","14:00","17:30","14:00","17:30","14:00","17:30","","","","","","","","","13:30","17:00","13:30","17:00","13:30","17:00","13:30","17:00","","","","","","","","",""
"3911395400420","01017","循環器内科","3","","","","","","","","","","","","","","","","","","","","","","","","","","","","","","","","",""
"3911395400420","01020","消化器内科","1","09:00","12:30","09:00","12:30","09:00","12:30","09:00","12:30","09:00","12:30","","","","","","","08:30","12:00","08:30","12:00","08:30","12:00","08:30","12:00","08:30","12:00","","","","","","",""
"3911395400420","01020","消化器内科","2","14:00","17:30","14:00","17:30","14:00","17:30","14:00","17:30","","","","","","","","","13:30","17:00","13:30","17:00","13:30","17:00","13:30","17:00","","","","","","","","",""
"3911395400420","01020","消化器内科","3","","","","","","","","","","","","","","","","","","","","","","","","","","","","","","","","",""
"3911395400420","01022","腎臓内科","1","","","","","","","","","09:00","12:30","","","","","","","","","","","","","","","08:30","12:00","","","","","","",""
"3911395400420","01022","腎臓内科","2","","","","","","","","","14:00","16:00","","","","","","","","","","","","","","","13:30","15:00","","","","","","",""
"3911395400420","01022","腎臓内科","3","","","","","","","","","","","","","","","","","","","","","","","","","","","","","","","","",""
"3911395400420","02002","脳神経外科","1","","","09:00","12:30","09:00","12:30","09:00","12:30","","","","","","","","","","","08:30","12:00","08:30","12:00","08:30","12:00","","","","","","","","",""
"3911395400420","02002","脳神経外科","2","","","","","","","","","","","","","","","","","","","","","","","","","","","","","","","","",""
"3911395400420","02002","脳神経外科","3","","","","","","","","","","","","","","","","","","","","","","","","","","","","","","","","",""
"3911395400420","02035","整形外科","1","","","","","","","","","","","09:00","12:30","","","","","","","","","","","","","","","08:30","12:00","","","","",""
"3911395400420","02035","整形外科","2","","","","","","","","","","","","","","","","","","","","","","","","","","","","","","","","",""
"3911395400420","02035","整形外科","3","","","","","","","","","","","","","","","","","","","","","","","","","","","","","","","","",""
"3911395400420","05001","眼科","1","","","","","09:00","12:30","","","09:00","12:30","","","","","","","","","","","08:30","12:00","","","08:30","12:00","","","","","","",""
"3911395400420","05001","眼科","2","","","","","","","","","","","","","","","","","","","","","","","","","","","","","","","","",""
"3911395400420","05001","眼科","3","","","","","","","","","","","","","","","","","","","","","","","","","","","","","","","","",""
"3911395400420","06004","泌尿器科","1","09:00","12:30","09:00","12:30","09:00","12:30","09:00","12:30","09:00","12:30","","","","","","","08:30","12:00","08:30","12:00","08:30","12:00","08:30","12:00","08:30","12:00","","","","","","",""
"3911395400420","06004","泌尿器科","2","","","","","","","","","","","","","","","","","","","","","","","","","","","","","","","","",""
"3911395400420","06004","泌尿器科","3","","","","","","","","","","","","","","","","","","","","","","","","","","","","","","","","",""
"3911395400420","08001","歯科","1","09:30","12:30","09:30","12:30","09:30","12:30","09:30","12:30","09:30","12:30","","","","","","","","","","","","","","","","","","","","","","",""
"3911395400420","08001","歯科","2","13:30","17:30","13:30","17:30","","","13:30","17:30","13:30","17:30","","","","","","","","","","","","","","","","","","","","","","",""
"3911395400420","08001","歯科","3","","","","","","","","","","","","","","","","","","","","","","","","","","","","","","","","",""
"3911395400420","09003","リハビリテーション科","1","","","","","","","","","","","","","","","","","","","","","","","","","","","","","","","","",""
"3911395400420","09003","リハビリテーション科","2","","","","","","","","","","","","","","","","","","","","","","","","","","","","","","","","",""
"3911395400420","09003","リハビリテーション科","3","","","","","","","","","","","","","","","","","","","","","","","","","","","","","","","","",""
"3911395400420","09004","放射線科","1","","","","","","","","","","","","","","","","","","","","","","","","","","","","","","","","",""
"3911395400420","09004","放射線科","2","","","","","","","","","","","","","","","","","","","","","","","","","","","","","","","","",""
"3911395400420","09004","放射線科","3","","","","","","","","","","","","","","","","","","","","","","","","","","","","","","","","",""
"3911395400550","01001","内科","1","09:00","12:00","09:00","12:00","09:00","12:00","09:00","12:00","09:00","12:00","","","","","","","08:30","11:30","08:30","11:30","08:30","11:30","08:30","11:30","08:30","11:30","","","","","","",""
"3911395400550","01001","内科","2","14:00","17:00","14:00","17:00","14:00","17:00","14:00","17:00","14:00","17:00","","","","","","","13:15","16:30","13:15","16:30","13:15","16:30","13:15","16:30","13:15","16:30","","","","","","",""
"3911395400550","01001","内科","3","","","","","","","","","","","","","","","","","","","","","","","","","","","","","","","","",""
"3911395400550","01014","呼吸器内科","1","09:00","12:00","09:00","12:00","09:00","12:00","09:00","12:00","09:00","12:00","","","","","","","08:30","11:30","08:30","11:30","08:30","11:30","08:30","11:30","08:30","11:30","","","","","","",""
"3911395400550","01014","呼吸器内科","2","14:00","17:00","14:00","17:00","","","14:00","17:00","","","","","","","","","13:15","16:30","13:15","16:30","","","13:15","16:30","","","","","","","","",""
"3911395400550","01014","呼吸器内科","3","","","","","","","","","","","","","","","","","","","","","","","","","","","","","","","","",""
"3911395400550","01017","循環器内科","1","09:00","12:00","09:00","12:00","09:00","12:00","09:00","12:00","09:00","12:00","","","","","","","08:30","11:30","08:30","11:30","08:30","11:30","08:30","11:30","08:30","11:30","","","","","","",""
"3911395400550","01017","循環器内科","2","14:00","17:00","14:00","17:00","","","14:00","17:00","","","","","","","","","13:15","16:30","13:15","16:30","","","13:15","16:30","","","","","","","","",""
"3911395400550","01017","循環器内科","3","","","","","","","","","","","","","","","","","","","","","","","","","","","","","","","","",""
"3911395400550","01020","消化器内科","1","","","09:00","12:00","","","09:00","12:00","","","","","","","","","","","08:30","11:30","","","08:30","11:30","","","","","","","","",""
"3911395400550","01020","消化器内科","2","","","","","","","14:00","17:00","","","","","","","","","","","","","","","13:15","16:30","","","","","","","","",""
"3911395400550","01020","消化器内科","3","","","","","","","","","","","","","","","","","","","","","","","","","","","","","","","","",""
"3911395400550","09003","リハビリテーション科","1","09:00","12:00","09:00","12:00","09:00","12:00","09:00","12:00","09:00","12:00","","","","","","","08:30","11:30","08:30","11:30","08:30","11:30","08:30","11:30","08:30","11:30","","","","","","",""
"3911395400550","09003","リハビリテーション科","2","14:00","17:00","14:00","17:00","","","14:00","17:00","","","","","","","","","13:15","16:30","13:15","16:30","","","13:15","16:30","","","","","","","","",""
"3911395400550","09003","リハビリテーション科","3","","","","","","","","","","","","","","","","","","","","","","","","","","","","","","","","",""
"3911395400550","09004","放射線科","1","09:00","12:00","09:00","12:00","09:00","12:00","09:00","12:00","09:00","12:00","","","","","","","08:30","11:30","08:30","11:30","08:30","11:30","08:30","11:30","08:30","11:30","","","","","","",""
"3911395400550","09004","放射線科","2","14:00","17:00","14:00","17:00","","","14:00","17:00","","","","","","","","","13:15","16:30","13:15","16:30","","","13:15","16:30","","","","","","","","",""
"3911395400550","09004","放射線科","3","","","","","","","","","","","","","","","","","","","","","","","","","","","","","","","","",""
"3911395400840","01001","内科","1","08:30","12:30","08:30","12:30","08:30","12:30","08:30","12:30","08:30","12:30","08:30","12:30","","","","","08:30","17:00","08:30","17:00","08:30","17:00","08:30","17:00","08:30","17:00","08:30","12:00","","","","",""
"3911395400840","01001","内科","2","13:30","17:00","13:30","17:00","13:30","17:00","13:30","17:00","13:30","17:00","","","","","","","","","","","","","","","","","","","","","","",""
"3911395400840","01001","内科","3","","","","","","","","","","","","","","","","","","","","","","","","","","","","","","","","",""
"3911395400840","01011","糖尿病・代謝内科","1","08:30","12:30","08:30","12:30","08:30","12:30","08:30","12:30","08:30","12:30","08:30","12:30","","","","","08:30","17:00","08:30","17:00","08:30","17:00","08:30","17:00","08:30","17:00","08:30","12:00","","","","",""
"3911395400840","01011","糖尿病・代謝内科","2","13:30","17:00","13:30","17:00","13:30","17:00","13:30","17:00","13:30","17:00","","","","","","","","","","","","","","","","","","","","","","",""
"3911395400840","01011","糖尿病・代謝内科","3","","","","","","","","","","","","","","","","","","","","","","","","","","","","","","","","",""
"3911395400840","01014","呼吸器内科","1","08:30","12:30","08:30","12:30","08:30","12:30","08:30","12:30","08:30","12:30","08:30","12:30","","","","","08:30","17:00","08:30","17:00","08:30","17:00","08:30","17:00","08:30","17:00","08:30","12:00","","","","",""
"3911395400840","01014","呼吸器内科","2","13:30","17:00","13:30","17:00","13:30","17:00","13:30","17:00","13:30","17:00","","","","","","","","","","","","","","","","","","","","","","",""
"3911395400840","01014","呼吸器内科","3","","","","","","","","","","","","","","","","","","","","","","","","","","","","","","","","",""
"3911395400840","01017","循環器内科","1","08:30","12:30","08:30","12:30","08:30","12:30","08:30","12:30","08:30","12:30","08:30","12:30","","","","","08:30","17:00","08:30","17:00","08:30","17:00","08:30","17:00","08:30","17:00","08:30","12:00","","","","",""
"3911395400840","01017","循環器内科","2","13:30","17:00","13:30","17:00","13:30","17:00","13:30","17:00","13:30","17:00","","","","","","","","","","","","","","","","","","","","","","",""
"3911395400840","01017","循環器内科","3","","","","","","","","","","","","","","","","","","","","","","","","","","","","","","","","",""
"3911395400840","01020","消化器内科","1","08:30","12:30","08:30","12:30","08:30","12:30","08:30","12:30","08:30","12:30","08:30","12:30","","","","","08:30","17:00","08:30","17:00","08:30","17:00","08:30","17:00","08:30","17:00","08:30","12:00","","","","",""
"3911395400840","01020","消化器内科","2","13:30","17:00","13:30","17:00","13:30","17:00","13:30","17:00","13:30","17:00","","","","","","","","","","","","","","","","","","","","","","",""
"3911395400840","01020","消化器内科","3","","","","","","","","","","","","","","","","","","","","","","","","","","","","","","","","",""
"3911395400840","02035","整形外科","1","","","13:30","17:00","08:30","12:30","08:30","12:30","08:30","12:30","08:30","12:30","","","","","","","13:30","16:30","08:30","16:30","08:30","16:30","08:30","12:00","08:30","15:30","","","","",""
"3911395400840","02035","整形外科","2","","","","","13:30","17:00","13:30","17:00","","","13:30","16:00","","","","","","","","","","","","","","","","","","","","",""
"3911395400840","02035","整形外科","3","","","","","","","","","","","","","","","","","","","","","","","","","","","","","","","","",""
"3911395400840","06001","皮膚科","1","","","","","08:30","12:30","","","","","08:30","12:30","","","","","","","","","08:30","15:30","","","","","08:30","15:30","","","","",""
"3911395400840","06001","皮膚科","2","","","","","13:30","16:00","","","","","13:30","16:00","","","","","","","","","","","","","","","","","","","","",""
"3911395400840","06001","皮膚科","3","","","","","","","","","","","","","","","","","","","","","","","","","","","","","","","","",""
"3911395400840","09003","リハビリテーション科","1","08:30","12:30","08:30","12:30","08:30","12:30","08:30","12:30","08:30","12:30","08:30","12:30","","","","","08:30","16:30","08:30","16:30","08:30","16:30","08:30","16:30","08:30","16:30","08:30","12:00","","","","",""
"3911395400840","09003","リハビリテーション科","2","13:30","17:00","13:30","17:00","13:30","17:00","13:30","17:00","13:30","17:00","","","","","","","","","","","","","","","","","","","","","","",""
"3911395400840","09003","リハビリテーション科","3","","","","","","","","","","","","","","","","","","","","","","","","","","","","","","","","",""
"3911395400840","09005","放射線診断科","1","08:30","12:30","08:30","12:30","08:30","12:30","08:30","12:30","08:30","12:30","08:30","12:30","","","","","08:30","17:00","08:30","17:00","08:30","17:00","08:30","17:00","08:30","17:00","08:30","12:00","","","","",""
"3911395400840","09005","放射線診断科","2","13:30","17:00","13:30","17:00","13:30","17:00","13:30","17:00","13:30","17:00","","","","","","","","","","","","","","","","","","","","","","",""
"3911395400840","09005","放射線診断科","3","","","","","","","","","","","","","","","","","","","","","","","","","","","","","","","","",""
"3911395401140","01001","内科","1","09:00","12:00","09:00","12:00","09:00","12:00","09:00","12:00","09:00","12:00","09:00","12:30","","","","","08:30","11:30","08:30","11:30","08:30","16:30","08:30","16:30","08:30","16:30","08:30","12:00","","","","",""
"3911395401140","01001","内科","2","","","","","14:00","17:00","14:00","17:00","14:00","17:00","","","","","","","","","","","","","","","","","","","","","","",""
"3911395401140","01001","内科","3","","","","","","","","","","","","","","","","","","","","","","","","","","","","","","","","",""
"3911395401140","01017","循環器内科","1","09:00","12:30","","","","","","","","","09:00","12:30","","","","","08:30","11:30","","","","","","","","","08:30","12:00","","","","",""
"3911395401140","01017","循環器内科","2","14:00","16:00","","","","","","","","","","","","","","","","","","","","","","","","","","","","","","",""
"3911395401140","01017","循環器内科","3","","","","","","","","","","","","","","","","","","","","","","","","","","","","","","","","",""
"3911395401140","01021","胃腸内科","1","","","","","","","","","","","","","","","","","","","","","","","","","","","","","","","","",""
"3911395401140","01021","胃腸内科","2","","","","","","","","","","","","","","","","","","","","","","","","","","","","","","","","",""
"3911395401140","01021","胃腸内科","3","","","","","","","","","","","","","","","","","","","","","","","","","","","","","","","","",""
"3911395401140","02001","外科","1","09:00","12:00","09:00","12:00","09:00","12:00","09:00","12:00","09:00","12:00","09:00","12:30","","","","","08:30","16:30","08:30","11:30","08:30","11:30","08:30","11:30","08:30","11:30","08:30","12:00","","","","",""
"3911395401140","02001","外科","2","14:00","17:00","","","","","","","","","","","","","","","","","","","","","","","","","","","","","","",""
"3911395401140","02001","外科","3","","","","","","","","","","","","","","","","","","","","","","","","","","","","","","","","",""
"3911395401140","02035","整形外科","1","","","","","","","","","","","","","","","","","","","","","","","","","","","","","","","","",""
"3911395401140","02035","整形外科","2","","","","","","","","","","","","","","","","","","","","","","","","","","","","","","","","",""
"3911395401140","02035","整形外科","3","","","","","","","","","","","","","","","","","","","","","","","","","","","","","","","","",""
"3911395401140","03001","小児科","1","","","","","","","","","","","","","","","","","","","","","","","","","","","","","","","","",""
"3911395401140","03001","小児科","2","","","","","","","","","","","","","","","","","","","","","","","","","","","","","","","","",""
"3911395401140","03001","小児科","3","","","","","","","","","","","","","","","","","","","","","","","","","","","","","","","","",""
"3911395401140","06001","皮膚科","1","09:00","12:00","","","","","","","","","","","","","","","08:30","14:30","","","","","","","","","","","","","","",""
"3911395401140","06001","皮膚科","2","14:00","15:30","","","","","","","","","","","","","","","","","","","","","","","","","","","","","","",""
"3911395401140","06001","皮膚科","3","","","","","","","","","","","","","","","","","","","","","","","","","","","","","","","","",""
"3911395401140","09003","リハビリテーション科","1","09:00","12:00","09:00","12:00","09:00","12:00","09:00","12:00","09:00","12:00","","","","","","","08:30","11:00","08:30","11:00","08:30","11:00","08:30","11:00","08:30","11:00","","","","","","",""
"3911395401140","09003","リハビリテーション科","2","14:00","17:00","14:00","17:00","14:00","17:00","14:00","17:00","14:00","17:00","","","","","","","","","","","","","","","","","","","","","","",""
"3911395401140","09003","リハビリテーション科","3","","","","","","","","","","","","","","","","","","","","","","","","","","","","","","","","",""
"3911395401300","01001","内科","1","09:00","12:00","09:00","12:00","09:00","12:00","09:00","12:00","09:00","12:00","09:00","12:00","","","","","08:30","11:30","08:30","11:30","08:30","11:30","08:30","11:30","08:30","11:30","08:30","11:30","","","","",""
"3911395401300","01001","内科","2","13:30","17:00","13:30","17:00","13:30","17:00","13:30","17:00","13:30","17:00","13:30","17:00","","","","","13:00","16:30","13:00","16:30","13:00","16:30","13:00","16:30","13:00","16:30","13:00","16:30","","","","",""
"3911395401300","01001","内科","3","","","","","","","","","","","","","","","","","","","","","","","","","","","","","","","","",""
"3911395401300","01014","呼吸器内科","1","09:00","12:00","09:00","12:00","09:00","12:00","09:00","12:00","09:00","12:00","09:00","12:00","","","","","08:30","11:30","08:30","11:30","08:30","11:30","08:30","11:30","08:30","11:30","08:30","11:30","","","","",""
"3911395401300","01014","呼吸器内科","2","13:30","17:00","13:30","17:00","13:30","17:00","13:30","17:00","13:30","17:00","13:30","17:00","","","","","13:00","16:30","13:00","16:30","13:00","16:30","13:00","16:30","13:00","16:30","13:00","16:30","","","","",""
"3911395401300","01014","呼吸器内科","3","","","","","","","","","","","","","","","","","","","","","","","","","","","","","","","","",""
"3911395401300","01017","循環器内科","1","09:00","12:00","09:00","12:00","09:00","12:00","09:00","12:00","09:00","12:00","09:00","12:00","","","","","08:30","11:30","08:30","11:30","08:30","11:30","08:30","11:30","08:30","11:30","08:30","11:30","","","","",""
"3911395401300","01017","循環器内科","2","13:30","17:00","13:30","17:00","13:30","17:00","13:30","17:00","13:30","17:00","13:30","17:00","","","","","13:00","16:30","13:00","16:30","13:00","16:30","13:00","16:30","13:00","16:30","13:00","16:30","","","","",""
"3911395401300","01017","循環器内科","3","","","","","","","","","","","","","","","","","","","","","","","","","","","","","","","","",""
"3911395401300","01020","消化器内科","1","09:00","12:00","09:00","12:00","09:00","12:00","09:00","12:00","09:00","12:00","09:00","12:00","","","","","08:30","11:30","08:30","11:30","08:30","11:30","08:30","11:30","08:30","11:30","08:30","11:30","","","","",""
"3911395401300","01020","消化器内科","2","13:30","17:00","13:30","17:00","13:30","17:00","13:30","17:00","13:30","17:00","13:30","17:00","","","","","13:00","16:30","13:00","16:30","13:00","16:30","13:00","16:30","13:00","16:30","13:00","16:30","","","","",""
"3911395401300","01020","消化器内科","3","","","","","","","","","","","","","","","","","","","","","","","","","","","","","","","","",""
"3911395401300","02035","整形外科","1","09:00","12:00","","","","","","","","","","","","","","","08:30","11:30","","","","","","","","","","","","","","",""
"3911395401300","02035","整形外科","2","13:30","15:00","","","","","","","","","","","","","","","13:00","14:30","","","","","","","","","","","","","","",""
"3911395401300","02035","整形外科","3","","","","","","","","","","","","","","","","","","","","","","","","","","","","","","","","",""
"3911395401300","09003","リハビリテーション科","1","09:00","12:00","09:00","12:00","09:00","12:00","09:00","12:00","09:00","12:00","09:00","12:00","","","","","08:30","11:30","08:30","11:30","08:30","11:30","08:30","11:30","08:30","11:30","08:30","11:30","","","","",""
"3911395401300","09003","リハビリテーション科","2","13:30","17:00","13:30","17:00","13:30","17:00","13:30","17:00","13:30","17:00","13:30","17:00","","","","","13:00","16:30","13:00","16:30","13:00","16:30","13:00","16:30","13:00","16:30","13:00","16:30","","","","",""
"3911395401300","09003","リハビリテーション科","3","","","","","","","","","","","","","","","","","","","","","","","","","","","","","","","","",""
"3911395401300","09004","放射線科","1","09:00","12:00","09:00","12:00","09:00","12:00","09:00","12:00","09:00","12:00","09:00","12:00","","","","","08:30","11:30","08:30","11:30","08:30","11:30","08:30","11:30","08:30","11:30","08:30","11:30","","","","",""
"3911395401300","09004","放射線科","2","13:30","17:00","13:30","17:00","13:30","17:00","13:30","17:00","13:30","17:00","13:30","17:00","","","","","13:00","16:30","13:00","16:30","13:00","16:30","13:00","16:30","13:00","16:30","13:00","16:30","","","","",""
"3911395401300","09004","放射線科","3","","","","","","","","","","","","","","","","","","","","","","","","","","","","","","","","",""
"3911395401430","01001","内科","1","","","","","","","09:00","17:15","","","","","","","","","","","","","","","08:30","16:30","","","","","","","","",""
"3911395401430","01001","内科","2","","","","","","","","","","","","","","","","","","","","","","","","","","","","","","","","",""
"3911395401430","01001","内科","3","","","","","","","","","","","","","","","","","","","","","","","","","","","","","","","","",""
"3911395401430","07001","精神科","1","09:00","17:15","09:00","17:15","09:00","17:15","09:00","17:15","09:00","17:15","","","","","","","08:30","16:30","08:30","16:30","08:30","16:30","08:30","16:30","08:30","16:30","","","","","","",""
"3911395401430","07001","精神科","2","","","","","","","","","","","","","","","","","","","","","","","","","","","","","","","","",""
"3911395401430","07001","精神科","3","","","","","","","","","","","","","","","","","","","","","","","","","","","","","","","","",""
"3911395401430","07003","心療内科","1","09:00","17:15","09:00","17:15","09:00","17:15","09:00","17:15","09:00","17:15","","","","","","","08:30","16:30","08:30","16:30","08:30","16:30","08:30","16:30","08:30","16:30","","","","","","",""
"3911395401430","07003","心療内科","2","","","","","","","","","","","","","","","","","","","","","","","","","","","","","","","","",""
"3911395401430","07003","心療内科","3","","","","","","","","","","","","","","","","","","","","","","","","","","","","","","","","",""
"3911395401690","01001","内科","1","08:30","12:00","08:30","12:00","08:30","12:00","08:30","12:00","08:30","12:00","","","","","","","08:30","11:30","08:30","11:30","08:30","11:30","08:30","11:30","08:30","11:30","","","","","","",""
"3911395401690","01001","内科","2","13:00","18:00","13:00","17:15","13:00","17:15","13:30","17:15","13:00","17:15","","","","","","","13:00","18:00","13:00","16:30","13:00","16:30","13:00","16:30","13:00","16:30","","","","","","",""
"3911395401690","01001","内科","3","","","","","","","","","","","","","","","","","","","","","","","","","","","","","","","","",""
"3911395401690","08003","歯科口腔外科","1","08:30","12:00","08:30","12:00","08:30","12:00","08:30","12:00","08:30","12:00","","","","","","","08:30","11:00","08:30","11:00","08:30","11:00","08:30","11:00","08:30","11:00","","","","","","",""
"3911395401690","08003","歯科口腔外科","2","13:00","17:15","13:00","17:15","13:00","17:15","13:00","17:15","13:00","17:15","","","","","","","13:00","16:00","13:00","16:00","13:00","16:00","13:00","16:00","13:00","16:00","","","","","","",""
"3911395401690","08003","歯科口腔外科","3","","","","","","","","","","","","","","","","","","","","","","","","","","","","","","","","",""
"3911395401850","01001","内科","1","09:00","12:00","09:00","12:00","09:00","12:00","09:00","12:00","09:00","12:00","09:00","12:00","","","","","09:00","11:30","09:00","11:30","09:00","11:30","09:00","11:30","09:00","11:30","09:00","11:30","","","","",""
"3911395401850","01001","内科","2","13:30","17:30","13:30","17:30","13:30","17:30","13:30","17:30","13:30","17:30","13:30","17:30","","","","","13:30","17:00","13:30","17:00","13:30","17:00","13:30","17:00","13:30","17:00","13:30","17:00","","","","",""
"3911395401850","01001","内科","3","","","","","","","","","","","","","","","","","","","","","","","","","","","","","","","","","空欄にした: 月_診療 00:00-00:00（開始と終了が同じ） / 空欄にした: 火_診療 00:00-00:00（開始と終了が同じ） / 空欄にした: 水_診療 00:00-00:00（開始と終了が同じ） / 空欄にした: 木_診療 00:00-00:00（開始と終了が同じ） / 空欄にした: 金_診療 00:00-00:00（開始と終了が同じ） / 空欄にした: 土_診療 00:00-00:00（開始と終了が同じ） / 空欄にした: 月_外来受付 00:00-00:00（開始と終了が同じ） / 空欄にした: 火_外来受付 00:00-00:00（開始と終了が同じ） / 空欄にした: 水_外来受付 00:00-00:00（開始と終了が同じ） / 空欄にした: 木_外来受付 00:00-00:00（開始と終了が同じ） / 空欄にした: 金_外来受付 00:00-00:00（開始と終了が同じ） / 空欄にした: 土_外来受付 00:00-00:00（開始と終了が同じ）"
"3911395401850","03001","小児科","1","09:00","12:00","09:00","12:00","09:00","12:00","09:00","12:00","09:00","12:00","09:00","12:00","","","","","09:00","11:30","09:00","11:30","09:00","11:30","09:00","11:30","09:00","11:30","09:00","11:30","","","","",""
"3911395401850","03001","小児科","2","13:30","17:30","13:30","17:30","13:30","17:30","13:30","17:30","13:30","17:30","13:30","17:30","","","","","13:30","17:00","13:30","17:00","13:30","17:00","13:30","17:00","13:30","17:00","13:30","17:00","","","","",""
"3911395401850","03001","小児科","3","","","","","","","","","","","","","","","","","","","","","","","","","","","","","","","","","空欄にした: 月_診療 00:00-00:00（開始と終了が同じ） / 空欄にした: 火_診療 00:00-00:00（開始と終了が同じ） / 空欄にした: 水_診療 00:00-00:00（開始と終了が同じ） / 空欄にした: 木_診療 00:00-00:00（開始と終了が同じ） / 空欄にした: 金_診療 00:00-00:00（開始と終了が同じ） / 空欄にした: 土_診療 00:00-00:00（開始と終了が同じ） / 空欄にした: 月_外来受付 00:00-00:00（開始と終了が同じ） / 空欄にした: 火_外来受付 00:00-00:00（開始と終了が同じ） / 空欄にした: 水_外来受付 00:00-00:00（開始と終了が同じ） / 空欄にした: 木_外来受付 00:00-00:00（開始と終了が同じ） / 空欄にした: 金_外来受付 00:00-00:00（開始と終了が同じ） / 空欄にした: 土_外来受付 00:00-00:00（開始と終了が同じ）"
"3911395401850","07001","精神科","1","09:00","12:00","09:00","12:00","09:00","12:00","09:00","12:00","09:00","12:00","09:00","12:00","","","","","09:00","11:30","09:00","11:30","09:00","11:30","09:00","11:30","09:00","11:30","09:00","11:30","","","","",""
"3911395401850","07001","精神科","2","13:30","17:30","13:30","17:30","13:30","17:30","13:30","17:30","13:30","17:30","13:30","17:30","","","","","13:30","17:00","13:30","17:00","13:30","17:00","13:30","17:00","13:30","17:00","13:30","17:00","","","","",""
"3911395401850","07001","精神科","3","","","","","","","","","","","","","","","","","","","","","","","","","","","","","","","","","空欄にした: 月_診療 00:00-00:00（開始と終了が同じ） / 空欄にした: 火_診療 00:00-00:00（開始と終了が同じ） / 空欄にした: 水_診療 00:00-00:00（開始と終了が同じ） / 空欄にした: 木_診療 00:00-00:00（開始と終了が同じ） / 空欄にした: 金_診療 00:00-00:00（開始と終了が同じ） / 空欄にした: 土_診療 00:00-00:00（開始と終了が同じ） / 空欄にした: 月_外来受付 00:00-00:00（開始と終了が同じ） / 空欄にした: 火_外来受付 00:00-00:00（開始と終了が同じ） / 空欄にした: 水_外来受付 00:00-00:00（開始と終了が同じ） / 空欄にした: 木_外来受付 00:00-00:00（開始と終了が同じ） / 空欄にした: 金_外来受付 00:00-00:00（開始と終了が同じ） / 空欄にした: 土_外来受付 00:00-00:00（開始と終了が同じ）"
"3911395401850","07002","神経科","1","09:00","12:00","09:00","12:00","09:00","12:00","09:00","12:00","09:00","12:00","09:00","12:00","","","","","09:00","11:30","09:00","11:30","09:00","11:30","09:00","11:30","09:00","11:30","09:00","11:30","","","","",""
"3911395401850","07002","神経科","2","13:30","17:30","13:30","17:30","13:30","17:30","13:30","17:30","13:30","17:30","13:30","17:30","","","","","13:30","17:00","13:30","17:00","13:30","17:00","13:30","17:00","13:30","17:00","13:30","17:00","","","","",""
"3911395401850","07002","神経科","3","","","","","","","","","","","","","","","","","","","","","","","","","","","","","","","","","空欄にした: 月_診療 00:00-00:00（開始と終了が同じ） / 空欄にした: 火_診療 00:00-00:00（開始と終了が同じ） / 空欄にした: 水_診療 00:00-00:00（開始と終了が同じ） / 空欄にした: 木_診療 00:00-00:00（開始と終了が同じ） / 空欄にした: 金_診療 00:00-00:00（開始と終了が同じ） / 空欄にした: 土_診療 00:00-00:00（開始と終了が同じ） / 空欄にした: 月_外来受付 00:00-00:00（開始と終了が同じ） / 空欄にした: 火_外来受付 00:00-00:00（開始と終了が同じ） / 空欄にした: 水_外来受付 00:00-00:00（開始と終了が同じ） / 空欄にした: 木_外来受付 00:00-00:00（開始と終了が同じ） / 空欄にした: 金_外来受付 00:00-00:00（開始と終了が同じ） / 空欄にした: 土_外来受付 00:00-00:00（開始と終了が同じ）"
"3911395401850","09003","リハビリテーション科","1","09:00","12:00","09:00","12:00","09:00","12:00","09:00","12:00","09:00","12:00","09:00","12:00","","","","","09:00","11:30","09:00","11:30","09:00","11:30","09:00","11:30","09:00","11:30","09:00","11:30","","","","",""
"3911395401850","09003","リハビリテーション科","2","13:30","17:30","13:30","17:30","13:30","17:30","13:30","17:30","13:30","17:30","13:30","17:30","","","","","13:30","17:00","13:30","17:00","13:30","17:00","13:30","17:00","13:30","17:00","13:30","17:00","","","","",""
"3911395401850","09003","リハビリテーション科","3","","","","","","","","","","","","","","","","","","","","","","","","","","","","","","","","","空欄にした: 月_診療 00:00-00:00（開始と終了が同じ） / 空欄にした: 火_診療 00:00-00:00（開始と終了が同じ） / 空欄にした: 水_診療 00:00-00:00（開始と終了が同じ） / 空欄にした: 木_診療 00:00-00:00（開始と終了が同じ） / 空欄にした: 金_診療 00:00-00:00（開始と終了が同じ） / 空欄にした: 土_診療 00:00-00:00（開始と終了が同じ） / 空欄にした: 月_外来受付 00:00-00:00（開始と終了が同じ） / 空欄にした: 火_外来受付 00:00-00:00（開始と終了が同じ） / 空欄にした: 水_外来受付 00:00-00:00（開始と終了が同じ） / 空欄にした: 木_外来受付 00:00-00:00（開始と終了が同じ） / 空欄にした: 金_外来受付 00:00-00:00（開始と終了が同じ） / 空欄にした: 土_外来受付 00:00-00:00（開始と終了が同じ）"
"3911395401850","09004","放射線科","1","09:00","12:00","09:00","12:00","09:00","12:00","09:00","12:00","09:00","12:00","09:00","12:00","","","","","09:00","11:30","09:00","11:30","09:00","11:30","09:00","11:30","09:00","11:30","09:00","11:30","","","","",""
"3911395401850","09004","放射線科","2","13:30","17:30","13:30","17:30","13:30","17:30","13:30","17:30","13:30","17:30","13:30","17:30","","","","","13:30","17:00","13:30","17:00","13:30","17:00","13:30","17:00","13:30","17:00","13:30","17:00","","","","",""
"3911395401850","09004","放射線科","3","","","","","","","","","","","","","","","","","","","","","","","","","","","","","","","","","空欄にした: 月_診療 00:00-00:00（開始と終了が同じ） / 空欄にした: 火_診療 00:00-00:00（開始と終了が同じ） / 空欄にした: 水_診療 00:00-00:00（開始と終了が同じ） / 空欄にした: 木_診療 00:00-00:00（開始と終了が同じ） / 空欄にした: 金_診療 00:00-00:00（開始と終了が同じ） / 空欄にした: 土_診療 00:00-00:00（開始と終了が同じ） / 空欄にした: 月_外来受付 00:00-00:00（開始と終了が同じ） / 空欄にした: 火_外来受付 00:00-00:00（開始と終了が同じ） / 空欄にした: 水_外来受付 00:00-00:00（開始と終了が同じ） / 空欄にした: 木_外来受付 00:00-00:00（開始と終了が同じ） / 空欄にした: 金_外来受付 00:00-00:00（開始と終了が同じ） / 空欄にした: 土_外来受付 00:00-00:00（開始と終了が同じ）"
"3911395401980","01001","内科","1","08:30","11:00","","","08:30","11:00","","","08:30","11:00","","","","","","","08:30","11:00","","","08:30","11:00","","","08:30","11:00","","","","","","",""
"3911395401980","01001","内科","2","","","","","","","","","","","","","","","","","","","","","","","","","","","","","","","","",""
"3911395401980","01001","内科","3","","","","","","","","","","","","","","","","","","","","","","","","","","","","","","","","",""
"3911395401980","01014","呼吸器内科","1","","","","","","","","","","","","","","","","","","","","","","","","","","","","","","","","",""
"3911395401980","01014","呼吸器内科","2","","","","","","","","","","","","","","","","","","","","","","","","","","","","","","","","",""
"3911395401980","01014","呼吸器内科","3","","","","","","","","","","","","","","","","","","","","","","","","","","","","","","","","",""
"3911395401980","01017","循環器内科","1","08:30","11:30","08:30","11:30","08:30","11:30","08:30","11:30","08:30","11:30","","","","","","","08:30","11:30","08:30","11:30","08:30","11:30","08:30","11:30","08:30","11:30","","","","","","",""
"3911395401980","01017","循環器内科","2","","","","","","","","","","","","","","","","","","","","","","","","","","","","","","","","",""
"3911395401980","01017","循環器内科","3","","","","","","","","","","","","","","","","","","","","","","","","","","","","","","","","",""
"3911395401980","01020","消化器内科","1","08:30","11:00","","","08:30","11:00","","","08:30","11:00","","","","","","","08:30","11:00","","","08:30","11:00","","","08:30","11:00","","","","","","",""
"3911395401980","01020","消化器内科","2","","","","","","","","","","","","","","","","","","","","","","","","","","","","","","","","",""
"3911395401980","01020","消化器内科","3","","","","","","","","","","","","","","","","","","","","","","","","","","","","","","","","",""
"3911395401980","01025","神経内科","1","","","","","","","","","","","","","","","","","","","","","","","","","","","","","","","","",""
"3911395401980","01025","神経内科","2","","","","","","","","","","","","","","","","","","","","","","","","","","","","","","","","",""
"3911395401980","01025","神経内科","3","","","","","","","","","","","","","","","","","","","","","","","","","","","","","","","","",""
"3911395401980","02001","外科","1","08:30","11:30","08:30","11:30","08:30","11:30","08:30","11:30","08:30","11:30","","","","","","","08:30","11:30","08:30","11:30","08:30","11:30","08:30","11:30","08:30","11:30","","","","","","",""
"3911395401980","02001","外科","2","","","","","","","","","","","","","","","","","","","","","","","","","","","","","","","","",""
"3911395401980","02001","外科","3","","","","","","","","","","","","","","","","","","","","","","","","","","","","","","","","",""
"3911395401980","02002","脳神経外科","1","08:30","11:30","08:30","11:30","08:30","11:30","08:30","11:30","08:30","11:30","","","","","","","08:30","11:30","08:30","11:30","08:30","11:30","08:30","11:30","08:30","11:30","","","","","","",""
"3911395401980","02002","脳神経外科","2","","","","","","","","","","","","","","","","","","","","","","","","","","","","","","","","",""
"3911395401980","02002","脳神経外科","3","","","","","","","","","","","","","","","","","","","","","","","","","","","","","","","","",""
"3911395401980","02012","消化器外科","1","08:30","11:30","08:30","11:30","08:30","11:30","08:30","11:30","08:30","11:30","","","","","","","08:30","11:30","08:30","11:30","08:30","11:30","08:30","11:30","08:30","11:30","","","","","","",""
"3911395401980","02012","消化器外科","2","","","","","","","","","","","","","","","","","","","","","","","","","","","","","","","","",""
"3911395401980","02012","消化器外科","3","","","","","","","","","","","","","","","","","","","","","","","","","","","","","","","","",""
"3911395401980","02035","整形外科","1","","","08:30","11:00","","","08:30","11:00","","","","","","","","","","","08:30","11:00","","","08:30","11:00","","","","","","","","",""
"3911395401980","02035","整形外科","2","","","","","","","","","","","","","","","","","","","","","","","","","","","","","","","","",""
"3911395401980","02035","整形外科","3","","","","","","","","","","","","","","","","","","","","","","","","","","","","","","","","",""
"3911395401980","03001","小児科","1","08:30","11:30","08:30","11:30","08:30","11:30","08:30","11:30","08:30","11:30","","","","","","","08:30","11:30","08:30","11:30","08:30","11:30","08:30","11:30","08:30","11:30","","","","","","",""
"3911395401980","03001","小児科","2","","","","","","","","","","","","","","","","","","","","","","","","","","","","","","","","",""
"3911395401980","03001","小児科","3","","","","","","","","","","","","","","","","","","","","","","","","","","","","","","","","",""
"3911395401980","04001","産婦人科","1","08:30","10:30","08:30","10:30","08:30","10:30","08:30","10:30","08:30","10:30","","","","","","","08:30","10:30","08:30","10:30","08:30","10:30","08:30","10:30","08:30","10:30","","","","","","",""
"3911395401980","04001","産婦人科","2","","","","","","","","","","","","","","","","","","","","","","","","","","","","","","","","",""
"3911395401980","04001","産婦人科","3","","","","","","","","","","","","","","","","","","","","","","","","","","","","","","","","",""
"3911395401980","05001","眼科","1","","","","","","","","","","","","","","","","","","","","","","","","","","","","","","","","",""
"3911395401980","05001","眼科","2","","","","","","","","","","","","","","","","","","","","","","","","","","","","","","","","",""
"3911395401980","05001","眼科","3","","","","","","","","","","","","","","","","","","","","","","","","","","","","","","","","",""
"3911395401980","05002","耳鼻いんこう科","1","08:30","10:00","","","08:30","10:00","","","08:30","10:00","","","","","","","08:30","10:00","","","08:30","10:00","","","08:30","10:00","","","","","","",""
"3911395401980","05002","耳鼻いんこう科","2","","","","","","","","","","","","","","","","","","","","","","","","","","","","","","","","",""
"3911395401980","05002","耳鼻いんこう科","3","","","","","","","","","","","","","","","","","","","","","","","","","","","","","","","","",""
"3911395401980","06001","皮膚科","1","","","08:30","11:00","08:30","11:00","","","08:30","11:00","","","","","","","","","08:30","11:00","08:30","11:00","","","08:30","11:00","","","","","","",""
"3911395401980","06001","皮膚科","2","","","","","","","","","","","","","","","","","","","","","","","","","","","","","","","","",""
"3911395401980","06001","皮膚科","3","","","","","","","","","","","","","","","","","","","","","","","","","","","","","","","","",""
"3911395401980","06004","泌尿器科","1","08:30","10:30","08:30","10:30","08:30","10:30","","","08:30","10:30","","","","","","","08:30","10:30","08:30","10:30","08:30","10:30","","","08:30","10:30","","","","","","",""
"3911395401980","06004","泌尿器科","2","","","","","","","","","","","","","","","","","","","","","","","","","","","","","","","","",""
"3911395401980","06004","泌尿器科","3","","","","","","","","","","","","","","","","","","","","","","","","","","","","","","","","",""
"3911395401980","07001","精神科","1","","","","","","","","","","","","","","","","","","","","","","","","","","","","","","","","",""
"3911395401980","07001","精神科","2","","","","","","","","","","","","","","","","","","","","","","","","","","","","","","","","",""
"3911395401980","07001","精神科","3","","","","","","","","","","","","","","","","","","","","","","","","","","","","","","","","",""
"3911395401980","09003","リハビリテーション科","1","","","","","","","","","","","","","","","","","","","","","","","","","","","","","","","","",""
"3911395401980","09003","リハビリテーション科","2","","","","","","","","","","","","","","","","","","","","","","","","","","","","","","","","",""
"3911395401980","09003","リハビリテーション科","3","","","","","","","","","","","","","","","","","","","","","","","","","","","","","","","","",""
"3911395401980","09004","放射線科","1","08:30","11:30","08:30","11:30","08:30","11:30","08:30","11:30","08:30","11:30","","","","","","","08:30","11:30","08:30","11:30","08:30","11:30","08:30","11:30","08:30","11:30","","","","","","",""
"3911395401980","09004","放射線科","2","","","","","","","","","","","","","","","","","","","","","","","","","","","","","","","","",""
"3911395401980","09004","放射線科","3","","","","","","","","","","","","","","","","","","","","","","","","","","","","","","","","",""
"3911395401980","09008","病理診断科","1","","","","","","","","","","","","","","","","","","","","","","","","","","","","","","","","",""
"3911395401980","09008","病理診断科","2","","","","","","","","","","","","","","","","","","","","","","","","","","","","","","","","",""
"3911395401980","09008","病理診断科","3","","","","","","","","","","","","","","","","","","","","","","","","","","","","","","","","",""
"3911395401980","09011","麻酔科","1","","","","","","","","","","","","","","","","","","","","","","","","","","","","","","","","",""
"3911395401980","09011","麻酔科","2","","","","","","","","","","","","","","","","","","","","","","","","","","","","","","","","",""
"3911395401980","09011","麻酔科","3","","","","","","","","","","","","","","","","","","","","","","","","","","","","","","","","",""
"3911395500290","01001","内科","1","09:00","12:00","09:00","12:00","09:00","12:00","09:00","12:00","09:00","12:00","09:00","12:00","","","","","08:00","11:30","08:00","11:30","08:00","11:30","08:00","11:30","08:00","11:30","08:00","11:30","","","","",""
"3911395500290","01001","内科","2","13:30","17:00","13:30","17:00","13:30","17:00","13:30","17:00","13:30","17:00","","","","","","","13:00","16:30","13:00","16:30","13:00","16:30","13:00","16:30","13:00","16:30","","","","","","",""
"3911395500290","01001","内科","3","","","","","","","","","","","","","","","","","","","","","","","","","","","","","","","","",""
"3911395500290","01020","消化器内科","1","09:00","12:00","09:00","12:00","09:00","12:00","09:00","12:00","09:00","12:00","09:00","12:00","","","","","08:00","11:30","08:00","11:30","08:00","11:30","08:00","11:30","08:00","11:30","08:00","11:30","","","","",""
"3911395500290","01020","消化器内科","2","13:30","17:00","13:30","17:00","13:30","17:00","13:30","17:00","13:30","17:00","","","","","","","13:00","16:30","13:00","16:30","13:00","16:30","13:00","16:30","13:00","16:30","","","","","","",""
"3911395500290","01020","消化器内科","3","","","","","","","","","","","","","","","","","","","","","","","","","","","","","","","","",""
"3911395500290","01030","内視鏡内科","1","09:00","12:00","09:00","12:00","09:00","12:00","09:00","12:00","09:00","12:00","09:00","12:00","","","","","08:00","11:30","08:00","11:30","08:00","11:30","08:00","11:30","08:00","11:30","08:00","11:30","","","","",""
"3911395500290","01030","内視鏡内科","2","13:30","17:00","13:30","17:00","13:30","17:00","13:30","17:00","13:30","17:00","","","","","","","13:00","16:30","13:00","16:30","13:00","16:30","13:00","16:30","13:00","16:30","","","","","","",""
"3911395500290","01030","内視鏡内科","3","","","","","","","","","","","","","","","","","","","","","","","","","","","","","","","","",""
"3911395500290","06004","泌尿器科","1","","","09:00","12:00","","","09:00","12:00","","","","","","","","","","","08:30","11:00","","","08:30","11:00","","","","","","","","",""
"3911395500290","06004","泌尿器科","2","","","","","","","","","","","","","","","","","","","","","","","","","","","","","","","","",""
"3911395500290","06004","泌尿器科","3","","","","","","","","","","","","","","","","","","","","","","","","","","","","","","","","",""
"3911395500290","07001","精神科","1","09:00","12:00","09:00","12:00","09:00","12:00","09:00","12:00","09:00","12:00","09:00","12:00","","","","","08:00","11:30","08:00","11:30","08:00","11:30","08:00","11:30","08:00","11:30","08:00","11:30","","","","",""
"3911395500290","07001","精神科","2","13:30","17:00","13:30","17:00","13:30","17:00","13:30","17:00","13:30","17:00","","","","","","","13:00","16:30","13:00","16:30","13:00","16:30","13:00","16:30","13:00","16:30","","","","","","",""
"3911395500290","07001","精神科","3","","","","","","","","","","","","","","","","","","","","","","","","","","","","","","","","",""
"3911395500290","07003","心療内科","1","09:00","12:00","09:00","12:00","09:00","12:00","09:00","12:00","09:00","12:00","09:00","12:00","","","","","08:00","11:30","08:00","11:30","08:00","11:30","08:00","11:30","08:00","11:30","08:00","11:30","","","","",""
"3911395500290","07003","心療内科","2","13:30","17:00","13:30","17:00","13:30","17:00","13:30","17:00","13:30","17:00","","","","","","","13:00","16:30","13:00","16:30","13:00","16:30","13:00","16:30","13:00","16:30","","","","","","",""
"3911395500290","07003","心療内科","3","","","","","","","","","","","","","","","","","","","","","","","","","","","","","","","","",""
"3911395500290","07004","老年精神科","1","09:00","12:00","09:00","12:00","09:00","12:00","09:00","12:00","09:00","12:00","09:00","12:00","","","","","08:00","11:30","08:00","11:30","08:00","11:30","08:00","11:30","08:00","11:30","08:00","11:30","","","","",""
"3911395500290","07004","老年精神科","2","13:30","17:00","13:30","17:00","13:30","17:00","13:30","17:00","13:30","17:00","","","","","","","13:00","16:30","13:00","16:30","13:00","16:30","13:00","16:30","13:00","16:30","","","","","","",""
"3911395500290","07004","老年精神科","3","","","","","","","","","","","","","","","","","","","","","","","","","","","","","","","","",""
"3911395500290","09003","リハビリテーション科","1","","","","","","","","","","","","","","","","","","","","","","","","","","","","","","","","",""
"3911395500290","09003","リハビリテーション科","2","","","","","","","","","","","","","","","","","","","","","","","","","","","","","","","","",""
"3911395500290","09003","リハビリテーション科","3","","","","","","","","","","","","","","","","","","","","","","","","","","","","","","","","",""
"3911395500290","09004","放射線科","1","","","","","","","","","","","","","","","","","","","","","","","","","","","","","","","","",""
"3911395500290","09004","放射線科","2","","","","","","","","","","","","","","","","","","","","","","","","","","","","","","","","",""
"3911395500290","09004","放射線科","3","","","","","","","","","","","","","","","","","","","","","","","","","","","","","","","","",""
"3911395500320","01001","内科","1","08:30","12:00","08:30","12:00","08:30","12:00","08:30","12:00","08:30","12:00","","","","","","","08:30","11:30","08:30","11:30","08:30","11:30","08:30","11:30","08:30","11:30","","","","","","",""
"3911395500320","01001","内科","2","13:30","17:00","13:30","17:00","13:30","17:00","13:30","17:00","13:30","17:00","","","","","","","13:30","16:30","13:30","16:30","13:30","16:30","13:30","16:30","13:30","16:30","","","","","","",""
"3911395500320","01001","内科","3","","","","","","","","","","","","","","","","","","","","","","","","","","","","","","","","",""
"3911395500320","01020","消化器内科","1","08:30","12:00","","","08:30","12:00","08:30","12:00","08:30","12:00","","","","","","","08:30","11:30","","","08:30","11:30","08:30","11:30","08:30","11:30","","","","","","",""
"3911395500320","01020","消化器内科","2","13:30","17:00","","","13:30","17:00","13:30","17:00","13:30","17:00","","","","","","","13:30","16:30","","","13:30","16:30","13:30","16:30","13:30","16:30","","","","","","",""
"3911395500320","01020","消化器内科","3","","","","","","","","","","","","","","","","","","","","","","","","","","","","","","","","",""
"3911395500320","09003","リハビリテーション科","1","08:30","12:00","08:30","12:00","08:30","12:00","08:30","12:00","08:30","12:00","","","","","","","08:30","11:30","08:30","11:30","08:30","11:30","08:30","11:30","08:30","11:30","","","","","","",""
"3911395500320","09003","リハビリテーション科","2","13:30","17:00","13:30","17:00","13:30","17:00","13:30","17:00","13:30","17:00","","","","","","","13:30","16:30","13:30","16:30","13:30","16:30","13:30","16:30","13:30","16:30","","","","","","",""
"3911395500320","09003","リハビリテーション科","3","","","","","","","","","","","","","","","","","","","","","","","","","","","","","","","","",""
"3911395500320","09004","放射線科","1","08:30","12:00","08:30","12:00","08:30","12:00","08:30","12:00","08:30","12:00","","","","","","","08:30","11:30","08:30","11:30","08:30","11:30","08:30","11:30","08:30","11:30","","","","","","",""
"3911395500320","09004","放射線科","2","13:30","17:00","13:30","17:00","13:30","17:00","13:30","17:00","13:30","17:00","","","","","","","13:30","16:30","13:30","16:30","13:30","16:30","13:30","16:30","13:30","16:30","","","","","","",""
"3911395500320","09004","放射線科","3","","","","","","","","","","","","","","","","","","","","","","","","","","","","","","","","",""
"3911395500610","01001","内科","1","08:45","12:00","08:45","12:00","08:45","12:00","08:45","12:00","08:45","12:00","08:45","12:30","","","","","08:45","12:00","08:45","12:00","08:45","12:00","08:45","12:00","08:45","12:00","08:45","12:00","","","","",""
"3911395500610","01001","内科","2","13:00","17:00","13:00","17:00","13:00","17:00","13:00","17:00","13:00","17:00","","","","","","","13:00","17:00","13:00","17:00","13:00","17:00","13:00","17:00","13:00","17:00","","","","","","",""
"3911395500610","01001","内科","3","","","","","","","","","","","","","","","","","","","","","","","","","","","","","","","","",""
"3911395500610","01017","循環器内科","1","08:45","12:00","08:45","12:00","08:45","12:00","08:45","12:00","08:45","12:00","","","","","","","08:45","12:00","08:45","12:00","08:45","12:00","08:45","12:00","08:45","12:00","","","","","","",""
"3911395500610","01017","循環器内科","2","13:00","17:00","13:00","17:00","13:00","17:00","13:00","17:00","13:00","17:00","","","","","","","13:00","17:00","13:00","17:00","13:00","17:00","13:00","17:00","13:00","17:00","","","","","","",""
"3911395500610","01017","循環器内科","3","","","","","","","","","","","","","","","","","","","","","","","","","","","","","","","","",""
"3911395500610","01020","消化器内科","1","08:45","12:00","08:45","12:00","08:45","12:00","08:45","12:00","08:45","12:00","","","","","","","08:45","12:00","08:45","12:00","08:45","12:00","08:45","12:00","08:45","12:00","","","","","","",""
"3911395500610","01020","消化器内科","2","13:00","17:00","13:00","17:00","13:00","17:00","13:00","17:00","13:00","17:00","","","","","","","13:00","17:00","13:00","17:00","13:00","17:00","13:00","17:00","13:00","17:00","","","","","","",""
"3911395500610","01020","消化器内科","3","","","","","","","","","","","","","","","","","","","","","","","","","","","","","","","","",""
"3911395500610","02001","外科","1","08:45","12:00","08:45","12:00","08:45","12:00","08:45","12:00","08:45","12:00","08:45","12:30","","","","","08:45","12:00","08:45","12:00","08:45","12:00","08:45","12:00","08:45","12:00","08:45","12:30","","","","",""
"3911395500610","02001","外科","2","13:00","17:00","13:00","17:00","13:00","17:00","13:00","17:00","13:00","17:00","","","","","","","13:00","17:00","13:00","17:00","13:00","17:00","13:00","17:00","13:00","17:00","","","","","","",""
"3911395500610","02001","外科","3","","","","","","","","","","","","","","","","","","","","","","","","","","","","","","","","",""
"3911395500610","02035","整形外科","1","10:00","12:00","","","","","","","","","09:00","12:30","","","","","10:00","12:00","","","","","","","","","09:00","12:30","","","","",""
"3911395500610","02035","整形外科","2","","","","","","","","","","","","","","","","","","","","","","","","","","","","","","","","",""
"3911395500610","02035","整形外科","3","","","","","","","","","","","","","","","","","","","","","","","","","","","","","","","","",""
"3911395500610","09003","リハビリテーション科","1","08:45","12:00","08:45","12:00","08:45","12:00","08:45","12:00","08:45","12:00","08:45","12:30","","","","","08:45","12:00","08:45","12:00","08:45","12:00","08:45","12:00","08:45","12:00","08:45","12:00","","","","",""
"3911395500610","09003","リハビリテーション科","2","13:00","17:00","13:00","17:00","13:00","17:00","13:00","17:00","13:00","17:00","","","","","","","13:00","17:00","13:00","17:00","13:00","17:00","13:00","17:00","13:00","17:00","","","","","","",""
"3911395500610","09003","リハビリテーション科","3","","","","","","","","","","","","","","","","","","","","","","","","","","","","","","","","",""
"3911395501040","01001","内科","1","09:00","13:00","09:00","13:00","09:00","13:00","09:00","13:00","09:00","13:00","09:00","12:30","","","","","07:30","13:00","07:30","13:00","07:30","13:00","07:30","13:00","07:30","13:00","07:30","12:30","","","","",""
"3911395501040","01001","内科","2","14:00","18:00","14:00","18:00","14:00","18:00","14:00","18:00","14:00","18:00","","","","","","","13:00","17:30","13:00","17:30","13:00","17:30","13:00","17:30","13:00","17:30","","","","","","",""
"3911395501040","01001","内科","3","","","","","","","","","","","","","","","","","","","","","","","","","","","","","","","","",""
"3911395501040","01017","循環器内科","1","13:30","17:30","","","14:00","17:30","","","09:30","12:00","","","","","","","07:30","17:30","","","07:30","17:30","","","07:30","12:00","","","","","","",""
"3911395501040","01017","循環器内科","2","","","","","","","","","","","","","","","","","","","","","","","","","","","","","","","","",""
"3911395501040","01017","循環器内科","3","","","","","","","","","","","","","","","","","","","","","","","","","","","","","","","","",""
"3911395501040","01021","胃腸内科","1","09:00","13:00","09:00","13:00","09:00","13:00","09:00","13:00","09:00","13:00","09:00","12:30","","","","","07:30","13:00","07:30","13:00","07:30","13:00","07:30","13:00","07:30","13:00","07:30","12:30","","","","",""
"3911395501040","01021","胃腸内科","2","14:00","18:00","14:00","18:00","14:00","18:00","14:00","18:00","14:00","18:00","","","","","","","13:00","17:30","13:00","17:30","13:00","17:30","13:00","17:30","13:00","17:30","","","","","","",""
"3911395501040","01021","胃腸内科","3","","","","","","","","","","","","","","","","","","","","","","","","","","","","","","","","",""
"3911395501040","01023","人工透析内科","1","","","","","","","","","","","","","","","","","","","","","","","","","","","","","","","","",""
"3911395501040","01023","人工透析内科","2","","","","","","","","","","","","","","","","","","","","","","","","","","","","","","","","",""
"3911395501040","01023","人工透析内科","3","","","","","","","","","","","","","","","","","","","","","","","","","","","","","","","","",""
"3911395501040","02001","外科","1","09:00","13:00","09:00","13:00","09:00","13:00","09:00","13:00","09:00","13:00","09:00","12:30","","","","","07:30","13:00","07:30","13:00","07:30","13:00","07:30","13:00","07:30","13:00","07:30","12:30","","","","",""
"3911395501040","02001","外科","2","14:00","18:00","14:00","18:00","14:00","18:00","","","14:00","18:00","","","","","","","13:00","17:30","13:00","17:30","13:00","17:30","","","13:00","17:30","","","","","","",""
"3911395501040","02001","外科","3","","","","","","","","","","","","","","","","","","","","","","","","","","","","","","","","",""
"3911395501040","02002","脳神経外科","1","09:00","12:30","09:00","12:30","09:00","12:30","09:00","12:00","09:00","12:30","09:00","12:30","","","","","07:30","12:30","07:30","12:30","07:30","12:30","07:30","11:30","07:30","12:30","07:30","12:30","","","","",""
"3911395501040","02002","脳神経外科","2","","","","","","","","","","","","","","","","","","","","","","","","","","","","","","","","",""
"3911395501040","02002","脳神経外科","3","","","","","","","","","","","","","","","","","","","","","","","","","","","","","","","","",""
"3911395501040","02012","消化器外科","1","09:00","13:00","09:00","13:00","09:00","13:00","09:00","13:00","09:00","13:00","09:00","12:30","","","","","07:30","13:00","07:30","13:00","07:30","13:00","07:30","13:00","07:30","13:00","07:30","12:30","","","","",""
"3911395501040","02012","消化器外科","2","14:00","18:00","14:00","18:00","14:00","18:00","","","14:00","18:00","","","","","","","13:00","17:30","13:00","17:30","13:00","17:30","","","13:00","17:30","","","","","","",""
"3911395501040","02012","消化器外科","3","","","","","","","","","","","","","","","","","","","","","","","","","","","","","","","","",""
"3911395501040","02035","整形外科","1","09:00","12:30","09:00","12:30","09:00","12:30","09:00","12:30","09:00","12:30","09:00","12:00","","","","","07:30","12:30","07:30","12:30","07:30","12:30","07:30","12:30","07:30","12:30","07:30","12:00","","","","",""
"3911395501040","02035","整形外科","2","","","13:30","16:30","14:00","17:30","","","","","","","","","","","","","13:00","16:30","13:00","17:30","","","","","","","","","","",""
"3911395501040","02035","整形外科","3","","","","","","","","","","","","","","","","","","","","","","","","","","","","","","","","",""
"3911395501040","05001","眼科","1","","","","","","","","","","","09:00","11:15","","","","","","","","","","","","","","","07:30","11:15","","","","",""
"3911395501040","05001","眼科","2","","","","","","","","","","","","","","","","","","","","","","","","","","","","","","","","",""
"3911395501040","05001","眼科","3","","","","","","","","","","","","","","","","","","","","","","","","","","","","","","","","",""
"3911395501040","06001","皮膚科","1","","","","","","","09:00","11:30","","","","","","","","","","","","","","","07:30","11:30","","","","","","","","",""
"3911395501040","06001","皮膚科","2","","","13:30","16:30","13:30","16:30","","","","","","","","","","","","","13:00","16:00","13:00","16:00","","","","","","","","","","",""
"3911395501040","06001","皮膚科","3","","","","","","","","","","","","","","","","","","","","","","","","","","","","","","","","",""
"3911395501040","06004","泌尿器科","1","09:00","12:30","","","09:00","12:30","","","","","","","","","","","07:30","12:30","","","07:30","12:30","","","","","","","","","","",""
"3911395501040","06004","泌尿器科","2","14:00","15:30","","","14:00","15:30","","","","","","","","","","","13:00","15:30","","","13:00","15:30","","","","","","","","","","",""
"3911395501040","06004","泌尿器科","3","","","","","","","","","","","","","","","","","","","","","","","","","","","","","","","","",""
"3911395501040","09003","リハビリテーション科","1","09:00","18:00","09:00","18:00","09:00","18:00","09:00","18:00","09:00","18:00","09:00","12:30","","","","","07:30","17:30","07:30","17:30","07:30","17:30","07:30","17:30","07:30","17:30","07:30","12:00","","","","",""
"3911395501040","09003","リハビリテーション科","2","","","","","","","","","","","","","","","","","","","","","","","","","","","","","","","","",""
"3911395501040","09003","リハビリテーション科","3","","","","","","","","","","","","","","","","","","","","","","","","","","","","","","","","",""
"3911395501040","09004","放射線科","1","","","","","","","","","","","","","","","","","","","","","","","","","","","","","","","","",""
"3911395501040","09004","放射線科","2","","","","","","","","","","","","","","","","","","","","","","","","","","","","","","","","",""
"3911395501040","09004","放射線科","3","","","","","","","","","","","","","","","","","","","","","","","","","","","","","","","","",""
"3911395600220","01001","内科","1","09:00","12:00","09:00","12:00","09:00","12:00","09:00","12:00","09:00","12:00","09:00","12:00","","","","","08:45","11:30","08:45","11:30","08:45","11:30","08:45","11:30","08:45","11:30","08:45","11:30","","","","",""
"3911395600220","01001","内科","2","","","","","","","","","13:30","16:30","","","","","","","","","","","","","","","13:00","15:00","","","","","","","空欄にした: 月_診療 00:00-00:00（開始と終了が同じ） / 空欄にした: 火_診療 00:00-00:00（開始と終了が同じ） / 空欄にした: 水_診療 00:00-00:00（開始と終了が同じ） / 空欄にした: 木_診療 00:00-00:00（開始と終了が同じ） / 空欄にした: 土_診療 00:00-00:00（開始と終了が同じ） / 空欄にした: 月_外来受付 00:00-00:00（開始と終了が同じ） / 空欄にした: 火_外来受付 00:00-00:00（開始と終了が同じ） / 空欄にした: 水_外来受付 00:00-00:00（開始と終了が同じ） / 空欄にした: 木_外来受付 00:00-00:00（開始と終了が同じ） / 空欄にした: 土_外来受付 00:00-00:00（開始と終了が同じ）"
"3911395600220","01001","内科","3","","","","","","","","","","","","","","","","","","","","","","","","","","","","","","","","","空欄にした: 月_診療 00:00-00:00（開始と終了が同じ） / 空欄にした: 火_診療 00:00-00:00（開始と終了が同じ） / 空欄にした: 水_診療 00:00-00:00（開始と終了が同じ） / 空欄にした: 木_診療 00:00-00:00（開始と終了が同じ） / 空欄にした: 金_診療 00:00-00:00（開始と終了が同じ） / 空欄にした: 土_診療 00:00-00:00（開始と終了が同じ） / 空欄にした: 月_外来受付 00:00-00:00（開始と終了が同じ） / 空欄にした: 火_外来受付 00:00-00:00（開始と終了が同じ） / 空欄にした: 水_外来受付 00:00-00:00（開始と終了が同じ） / 空欄にした: 木_外来受付 00:00-00:00（開始と終了が同じ） / 空欄にした: 金_外来受付 00:00-00:00（開始と終了が同じ） / 空欄にした: 土_外来受付 00:00-00:00（開始と終了が同じ）"
"3911395600220","02001","外科","1","","","","","","","","","","","","","","","","","","","","","","","","","","","","","","","","","空欄にした: 月_診療 00:00-00:00（開始と終了が同じ） / 空欄にした: 火_診療 00:00-00:00（開始と終了が同じ） / 空欄にした: 水_診療 00:00-00:00（開始と終了が同じ） / 空欄にした: 木_診療 00:00-00:00（開始と終了が同じ） / 空欄にした: 金_診療 00:00-00:00（開始と終了が同じ） / 空欄にした: 土_診療 00:00-00:00（開始と終了が同じ） / 空欄にした: 月_外来受付 00:00-00:00（開始と終了が同じ） / 空欄にした: 火_外来受付 00:00-00:00（開始と終了が同じ） / 空欄にした: 水_外来受付 00:00-00:00（開始と終了が同じ） / 空欄にした: 木_外来受付 00:00-00:00（開始と終了が同じ） / 空欄にした: 金_外来受付 00:00-00:00（開始と終了が同じ） / 空欄にした: 土_外来受付 00:00-00:00（開始と終了が同じ）"
"3911395600220","02001","外科","2","14:00","17:00","","","","","","","","","","","","","","","13:15","16:00","","","","","","","","","","","","","","","空欄にした: 火_診療 00:00-00:00（開始と終了が同じ） / 空欄にした: 水_診療 00:00-00:00（開始と終了が同じ） / 空欄にした: 木_診療 00:00-00:00（開始と終了が同じ） / 空欄にした: 金_診療 00:00-00:00（開始と終了が同じ） / 空欄にした: 火_外来受付 00:00-00:00（開始と終了が同じ） / 空欄にした: 水_外来受付 00:00-00:00（開始と終了が同じ） / 空欄にした: 木_外来受付 00:00-00:00（開始と終了が同じ） / 空欄にした: 金_外来受付 00:00-00:00（開始と終了が同じ）"
"3911395600220","02001","外科","3","","","","","","","","","","","","","","","","","","","","","","","","","","","","","","","","","空欄にした: 月_診療 00:00-00:00（開始と終了が同じ） / 空欄にした: 火_診療 00:00-00:00（開始と終了が同じ） / 空欄にした: 水_診療 00:00-00:00（開始と終了が同じ） / 空欄にした: 木_診療 00:00-00:00（開始と終了が同じ） / 空欄にした: 金_診療 00:00-00:00（開始と終了が同じ） / 空欄にした: 月_外来受付 00:00-00:00（開始と終了が同じ） / 空欄にした: 火_外来受付 00:00-00:00（開始と終了が同じ） / 空欄にした: 水_外来受付 00:00-00:00（開始と終了が同じ） / 空欄にした: 木_外来受付 00:00-00:00（開始と終了が同じ） / 空欄にした: 金_外来受付 00:00-00:00（開始と終了が同じ）"
"3911395600220","02035","整形外科","1","09:00","12:00","09:00","12:00","09:00","12:00","09:00","12:00","09:00","12:00","09:00","12:00","","","","","08:45","11:30","08:45","11:30","08:45","11:30","08:45","11:30","08:45","11:30","08:45","11:30","","","","",""
"3911395600220","02035","整形外科","2","","","","","","","","","","","","","","","","","","","","","","","","","","","","","","","","","空欄にした: 月_診療 00:00-00:00（開始と終了が同じ） / 空欄にした: 火_診療 00:00-00:00（開始と終了が同じ） / 空欄にした: 水_診療 00:00-00:00（開始と終了が同じ） / 空欄にした: 木_診療 00:00-00:00（開始と終了が同じ） / 空欄にした: 金_診療 00:00-00:00（開始と終了が同じ） / 空欄にした: 月_外来受付 00:00-00:00（開始と終了が同じ） / 空欄にした: 火_外来受付 00:00-00:00（開始と終了が同じ） / 空欄にした: 水_外来受付 00:00-00:00（開始と終了が同じ） / 空欄にした: 木_外来受付 00:00-00:00（開始と終了が同じ） / 空欄にした: 金_外来受付 00:00-00:00（開始と終了が同じ）"
"3911395600220","02035","整形外科","3","","","","","","","","","","","","","","","","","","","","","","","","","","","","","","","","","空欄にした: 月_診療 00:00-00:00（開始と終了が同じ） / 空欄にした: 火_診療 00:00-00:00（開始と終了が同じ） / 空欄にした: 水_診療 00:00-00:00（開始と終了が同じ） / 空欄にした: 木_診療 00:00-00:00（開始と終了が同じ） / 空欄にした: 金_診療 00:00-00:00（開始と終了が同じ） / 空欄にした: 月_外来受付 00:00-00:00（開始と終了が同じ） / 空欄にした: 火_外来受付 00:00-00:00（開始と終了が同じ） / 空欄にした: 水_外来受付 00:00-00:00（開始と終了が同じ） / 空欄にした: 木_外来受付 00:00-00:00（開始と終了が同じ） / 空欄にした: 金_外来受付 00:00-00:00（開始と終了が同じ）"
"3911395600220","03001","小児科","1","09:00","12:00","09:00","12:00","09:00","12:00","","","09:00","12:00","09:00","12:00","","","","","08:45","11:30","08:45","11:30","08:45","11:30","","","08:45","11:30","08:45","11:30","","","","",""
"3911395600220","03001","小児科","2","","","13:30","16:30","13:30","16:30","","","13:30","16:30","","","","","","","","","13:15","16:00","13:15","16:00","","","13:15","16:00","","","","","","",""
"3911395600220","03001","小児科","3","","","","","","","","","","","","","","","","","","","","","","","","","","","","","","","","","空欄にした: 火_診療 00:00-00:00（開始と終了が同じ） / 空欄にした: 水_診療 00:00-00:00（開始と終了が同じ） / 空欄にした: 金_診療 00:00-00:00（開始と終了が同じ） / 空欄にした: 火_外来受付 00:00-00:00（開始と終了が同じ） / 空欄にした: 水_外来受付 00:00-00:00（開始と終了が同じ） / 空欄にした: 金_外来受付 00:00-00:00（開始と終了が同じ）"
"3911395600220","06004","泌尿器科","1","09:00","12:00","09:00","12:00","09:00","12:00","09:00","12:00","09:00","12:00","","","","","","","08:45","12:00","08:45","12:00","08:45","12:00","08:45","12:00","08:45","12:00","","","","","","",""
"3911395600220","06004","泌尿器科","2","13:30","16:30","13:30","16:30","13:30","16:30","13:30","16:30","13:30","16:30","","","","","","","13:15","16:00","13:15","16:00","13:15","16:00","13:15","16:00","13:15","16:00","","","","","","",""
"3911395600220","06004","泌尿器科","3","","","","","","","","","","","","","","","","","","","","","","","","","","","","","","","","","空欄にした: 月_診療 00:00-00:00（開始と終了が同じ） / 空欄にした: 火_診療 00:00-00:00（開始と終了が同じ） / 空欄にした: 水_診療 00:00-00:00（開始と終了が同じ） / 空欄にした: 木_診療 00:00-00:00（開始と終了が同じ） / 空欄にした: 金_診療 00:00-00:00（開始と終了が同じ） / 空欄にした: 月_外来受付 00:00-00:00（開始と終了が同じ） / 空欄にした: 火_外来受付 00:00-00:00（開始と終了が同じ） / 空欄にした: 水_外来受付 00:00-00:00（開始と終了が同じ） / 空欄にした: 木_外来受付 00:00-00:00（開始と終了が同じ） / 空欄にした: 金_外来受付 00:00-00:00（開始と終了が同じ）"
"3911395600220","07001","精神科","1","","","","","","","","","","","09:30","12:00","","","","","","","","","","","","","","","08:45","11:30","","","","",""
"3911395600220","07001","精神科","2","","","","","","","","","","","","","","","","","","","","","","","","","","","","","","","","",""
"3911395600220","07001","精神科","3","","","","","","","","","","","","","","","","","","","","","","","","","","","","","","","","",""
"3911395600220","09003","リハビリテーション科","1","09:00","12:00","09:00","12:00","09:00","12:00","09:00","12:00","09:00","12:00","09:00","12:00","","","","","08:45","11:30","08:45","11:30","08:45","11:30","08:45","11:30","08:45","11:30","08:30","12:00","","","","",""
"3911395600220","09003","リハビリテーション科","2","13:30","16:30","13:30","16:30","13:30","16:30","13:30","16:30","13:30","16:30","","","","","","","13:15","16:00","13:15","16:00","13:15","16:00","13:15","16:00","13:15","16:00","","","","","","",""
"3911395600220","09003","リハビリテーション科","3","","","","","","","","","","","","","","","","","","","","","","","","","","","","","","","","","空欄にした: 月_診療 00:00-00:00（開始と終了が同じ） / 空欄にした: 火_診療 00:00-00:00（開始と終了が同じ） / 空欄にした: 水_診療 00:00-00:00（開始と終了が同じ） / 空欄にした: 木_診療 00:00-00:00（開始と終了が同じ） / 空欄にした: 金_診療 00:00-00:00（開始と終了が同じ） / 空欄にした: 月_外来受付 00:00-00:00（開始と終了が同じ） / 空欄にした: 火_外来受付 00:00-00:00（開始と終了が同じ） / 空欄にした: 水_外来受付 00:00-00:00（開始と終了が同じ） / 空欄にした: 木_外来受付 00:00-00:00（開始と終了が同じ） / 空欄にした: 金_外来受付 00:00-00:00（開始と終了が同じ）"
"3911395600220","09004","放射線科","1","09:00","12:00","09:00","12:00","09:00","12:00","09:00","12:00","09:00","12:00","09:00","12:00","","","","","08:45","11:30","08:45","11:30","08:45","11:30","08:45","11:30","08:45","11:30","08:45","11:30","","","","",""
"3911395600220","09004","放射線科","2","13:30","16:30","13:30","16:30","13:30","16:30","13:30","16:30","13:30","16:30","","","","","","","13:15","16:00","13:15","16:00","13:15","16:00","13:15","16:00","13:15","16:00","","","","","","",""
"3911395600220","09004","放射線科","3","","","","","","","","","","","","","","","","","","","","","","","","","","","","","","","","","空欄にした: 月_診療 00:00-00:00（開始と終了が同じ） / 空欄にした: 火_診療 00:00-00:00（開始と終了が同じ） / 空欄にした: 水_診療 00:00-00:00（開始と終了が同じ） / 空欄にした: 木_診療 00:00-00:00（開始と終了が同じ） / 空欄にした: 金_診療 00:00-00:00（開始と終了が同じ） / 空欄にした: 月_外来受付 00:00-00:00（開始と終了が同じ） / 空欄にした: 火_外来受付 00:00-00:00（開始と終了が同じ） / 空欄にした: 水_外来受付 00:00-00:00（開始と終了が同じ） / 空欄にした: 木_外来受付 00:00-00:00（開始と終了が同じ） / 空欄にした: 金_外来受付 00:00-00:00（開始と終了が同じ）"
"3911395600480","01001","内科","1","09:00","12:00","09:00","12:00","09:00","12:00","09:00","12:00","09:00","12:00","","","","","","","07:30","11:30","07:30","16:00","07:30","16:00","07:30","16:00","07:30","11:30","","","","","","",""
"3911395600480","01001","内科","2","","","14:00","17:00","14:00","17:00","14:00","17:00","","","","","","","","","","","","","","","","","","","","","","","","",""
"3911395600480","01001","内科","3","","","","","","","","","","","","","","","","","","","","","","","","","","","","","","","","",""
"3911395600480","01017","循環器内科","1","","","09:30","12:00","","","","","14:00","17:00","09:30","12:00","","","","","","","07:30","11:30","","","","","07:30","16:00","07:30","11:30","","","","",""
"3911395600480","01017","循環器内科","2","","","","","","","","","","","","","","","","","","","","","","","","","","","","","","","","",""
"3911395600480","01017","循環器内科","3","","","","","","","","","","","","","","","","","","","","","","","","","","","","","","","","",""
"3911395600480","01025","神経内科","1","","","","","14:00","17:00","","","","","09:00","12:00","","","","","","","","","07:30","16:00","","","","","07:30","11:30","","","","",""
"3911395600480","01025","神経内科","2","","","","","","","","","","","","","","","","","","","","","","","","","","","","","","","","",""
"3911395600480","01025","神経内科","3","","","","","","","","","","","","","","","","","","","","","","","","","","","","","","","","",""
"3911395600480","02001","外科","1","09:00","12:00","09:00","12:00","09:00","12:00","09:00","12:00","09:00","12:00","","","","","","","07:30","11:30","07:30","11:30","07:30","11:30","07:30","11:30","07:30","11:30","","","","","","",""
"3911395600480","02001","外科","2","","","","","","","","","","","","","","","","","","","","","","","","","","","","","","","","",""
"3911395600480","02001","外科","3","","","","","","","","","","","","","","","","","","","","","","","","","","","","","","","","",""
"3911395600480","02002","脳神経外科","1","09:00","12:00","09:00","12:00","","","14:00","17:00","09:00","12:00","","","","","","","07:30","11:30","07:30","11:30","","","07:30","16:00","07:30","11:30","","","","","","",""
"3911395600480","02002","脳神経外科","2","","","","","","","","","","","","","","","","","","","","","","","","","","","","","","","","",""
"3911395600480","02002","脳神経外科","3","","","","","","","","","","","","","","","","","","","","","","","","","","","","","","","","",""
"3911395600480","02012","消化器外科","1","09:00","12:00","09:00","12:00","09:00","12:00","09:00","12:00","09:00","12:00","","","","","","","07:30","11:30","07:30","11:30","07:30","11:30","07:30","11:30","07:30","11:30","","","","","","",""
"3911395600480","02012","消化器外科","2","","","","","","","","","","","","","","","","","","","","","","","","","","","","","","","","",""
"3911395600480","02012","消化器外科","3","","","","","","","","","","","","","","","","","","","","","","","","","","","","","","","","",""
"3911395600480","02025","肛門外科","1","09:00","12:00","09:00","12:00","09:00","12:00","09:00","12:00","09:00","12:00","","","","","","","07:30","11:30","07:30","11:30","07:30","11:30","07:30","11:30","07:30","11:30","","","","","","",""
"3911395600480","02025","肛門外科","2","","","","","","","","","","","","","","","","","","","","","","","","","","","","","","","","",""
"3911395600480","02025","肛門外科","3","","","","","","","","","","","","","","","","","","","","","","","","","","","","","","","","",""
"3911395600480","02035","整形外科","1","09:00","12:00","09:00","12:00","09:00","12:00","09:00","12:00","09:00","12:00","09:00","12:00","","","","","07:30","11:30","07:30","11:30","07:30","11:30","07:30","11:30","07:30","11:30","07:30","11:30","","","","",""
"3911395600480","02035","整形外科","2","","","","","","","","","","","","","","","","","","","","","","","","","","","","","","","","",""
"3911395600480","02035","整形外科","3","","","","","","","","","","","","","","","","","","","","","","","","","","","","","","","","",""
"3911395600480","04001","産婦人科","1","","","09:00","12:00","","","","","","","09:00","12:00","","","","","","","07:30","11:30","","","","","","","07:30","11:30","","","","",""
"3911395600480","04001","産婦人科","2","","","","","","","","","","","","","","","","","","","","","","","","","","","","","","","","",""
"3911395600480","04001","産婦人科","3","","","","","","","","","","","","","","","","","","","","","","","","","","","","","","","","",""
"3911395600480","05001","眼科","1","","","09:00","12:00","09:00","12:00","09:00","12:00","","","","","","","","","","","07:30","15:00","07:30","15:00","07:30","15:00","","","","","","","","",""
"3911395600480","05001","眼科","2","","","14:00","16:00","14:00","16:00","14:00","16:00","","","","","","","","","","","","","","","","","","","","","","","","",""
"3911395600480","05001","眼科","3","","","","","","","","","","","","","","","","","","","","","","","","","","","","","","","","",""
"3911395600480","05002","耳鼻いんこう科","1","","","","","09:00","12:00","","","09:00","12:00","","","","","","","","","","","07:30","11:30","","","07:30","11:30","","","","","","",""
"3911395600480","05002","耳鼻いんこう科","2","","","","","14:00","16:00","","","14:00","16:00","","","","","","","","","","","14:00","15:00","","","14:00","15:00","","","","","","",""
"3911395600480","05002","耳鼻いんこう科","3","","","","","","","","","","","","","","","","","","","","","","","","","","","","","","","","",""
"3911395600480","06001","皮膚科","1","09:00","12:00","09:00","12:30","09:00","12:00","09:00","12:30","09:00","12:00","09:00","12:30","","","","","07:30","15:30","07:30","11:30","07:30","15:30","07:30","11:30","07:30","15:30","07:30","11:30","","","","",""
"3911395600480","06001","皮膚科","2","14:00","16:00","","","14:00","16:00","","","14:00","16:00","","","","","","","","","","","","","","","","","","","","","","",""
"3911395600480","06001","皮膚科","3","","","","","","","","","","","","","","","","","","","","","","","","","","","","","","","","",""
"3911395600480","06004","泌尿器科","1","09:00","12:00","09:00","12:00","09:00","12:00","09:00","12:00","09:00","12:00","","","","","","","07:30","16:00","07:30","16:00","07:30","16:00","07:30","11:30","07:30","11:30","","","","","","",""
"3911395600480","06004","泌尿器科","2","14:00","17:00","14:00","17:00","14:00","17:00","","","","","","","","","","","","","","","","","","","","","","","","","","",""
"3911395600480","06004","泌尿器科","3","","","","","","","","","","","","","","","","","","","","","","","","","","","","","","","","",""
"3911395600480","07001","精神科","1","","","","","","","","","","","","","","","","","","","","","","","","","","","","","","","","",""
"3911395600480","07001","精神科","2","","","","","","","","","","","","","","","","","","","","","","","","","","","","","","","","",""
"3911395600480","07001","精神科","3","","","","","","","","","","","","","","","","","","","","","","","","","","","","","","","","",""
"3911395600480","09002","リウマチ科","1","","","","","","","","","","","","","","","","","","","","","","","","","","","","","","","","",""
"3911395600480","09002","リウマチ科","2","","","","","","","","","","","","","","","","","","","","","","","","","","","","","","","","",""
"3911395600480","09002","リウマチ科","3","","","","","","","","","","","","","","","","","","","","","","","","","","","","","","","","",""
"3911395600480","09003","リハビリテーション科","1","09:00","10:00","09:00","10:00","09:00","10:00","09:00","10:00","09:00","10:00","","","","","","","07:30","10:00","07:30","10:00","07:30","10:00","07:30","10:00","07:30","10:00","","","","","","",""
"3911395600480","09003","リハビリテーション科","2","","","","","","","","","","","","","","","","","","","","","","","","","","","","","","","","",""
"3911395600480","09003","リハビリテーション科","3","","","","","","","","","","","","","","","","","","","","","","","","","","","","","","","","",""
"3911395600480","09004","放射線科","1","","","","","","","","","","","","","","","","","","","","","","","","","","","","","","","","",""
"3911395600480","09004","放射線科","2","","","","","","","","","","","","","","","","","","","","","","","","","","","","","","","","",""
"3911395600480","09004","放射線科","3","","","","","","","","","","","","","","","","","","","","","","","","","","","","","","","","",""
"3911395600480","09011","麻酔科","1","09:00","12:00","","","09:00","12:00","09:00","12:00","09:00","12:00","","","","","","","07:30","11:30","","","07:30","11:30","07:30","11:30","07:30","11:30","","","","","","",""
"3911395600480","09011","麻酔科","2","","","","","","","","","","","","","","","","","","","","","","","","","","","","","","","","",""
"3911395600480","09011","麻酔科","3","","","","","","","","","","","","","","","","","","","","","","","","","","","","","","","","",""
"3911395700120","01001","内科","1","09:00","12:00","09:00","12:00","09:00","12:00","09:00","12:00","09:00","12:00","09:00","12:00","","","","","08:30","12:00","08:30","12:00","08:30","12:00","08:30","12:00","08:30","12:00","08:30","12:00","","","","",""
"3911395700120","01001","内科","2","13:30","17:00","15:30","17:00","13:30","17:00","15:30","17:00","13:30","17:00","","","","","","","13:30","17:00","15:30","17:00","13:30","17:00","15:30","17:00","13:30","17:00","","","","","","",""
"3911395700120","01001","内科","3","","","","","","","","","","","","","","","","","","","","","","","","","","","","","","","","",""
"3911395700250","01001","内科","1","08:30","12:00","08:30","12:00","08:30","12:00","08:30","12:00","08:30","12:00","08:30","12:00","","","","","08:00","11:30","08:00","11:30","08:00","11:30","08:00","11:30","08:00","11:30","08:00","11:30","","","","",""
"3911395700250","01001","内科","2","13:30","17:15","13:30","17:15","13:30","17:15","13:30","17:15","13:30","17:15","","","","","","","08:00","17:00","08:00","17:00","08:00","17:00","08:00","17:00","08:00","17:00","","","","","","",""
"3911395700250","01001","内科","3","","","","","","","","","","","","","","","","","","","","","","","","","","","","","","","","",""
"3911395700250","01006","糖尿病内科","1","","","","","","","","","","","","","","","","","","","","","","","","","","","","","","","","",""
"3911395700250","01006","糖尿病内科","2","","","","","","","14:00","17:15","","","","","","","","","","","","","","","08:00","17:00","","","","","","","","",""
"3911395700250","01006","糖尿病内科","3","","","","","","","","","","","","","","","","","","","","","","","","","","","","","","","","",""
"3911395700250","01014","呼吸器内科","1","08:30","12:00","08:30","12:00","08:30","12:00","08:30","12:00","08:30","12:00","08:30","12:00","","","","","08:00","11:30","08:00","11:30","08:00","11:30","08:00","11:30","08:00","11:30","08:00","11:30","","","","",""
"3911395700250","01014","呼吸器内科","2","13:30","17:15","13:30","17:15","13:30","17:15","13:30","17:15","13:30","17:15","","","","","","","08:00","17:00","08:00","17:00","08:00","17:00","08:00","17:00","08:00","17:00","","","","","","",""
"3911395700250","01014","呼吸器内科","3","","","","","","","","","","","","","","","","","","","","","","","","","","","","","","","","",""
"3911395700250","01017","循環器内科","1","08:30","12:00","08:30","12:00","08:30","12:00","08:30","12:00","08:30","12:00","08:30","12:00","","","","","08:00","11:30","08:00","11:30","08:00","11:30","08:00","11:30","08:00","11:30","08:00","11:30","","","","",""
"3911395700250","01017","循環器内科","2","13:30","17:15","13:30","17:15","13:30","17:15","13:30","17:15","13:30","17:15","","","","","","","08:00","17:00","08:00","17:00","08:00","17:00","08:00","17:00","08:00","17:00","","","","","","",""
"3911395700250","01017","循環器内科","3","","","","","","","","","","","","","","","","","","","","","","","","","","","","","","","","",""
"3911395700250","01020","消化器内科","1","08:30","12:00","08:30","12:00","08:30","12:00","08:30","12:00","08:30","12:00","08:30","12:00","","","","","08:00","11:30","08:00","11:30","08:00","11:30","08:00","11:30","08:00","11:30","08:00","11:30","","","","",""
"3911395700250","01020","消化器内科","2","13:30","17:15","13:30","17:15","13:30","17:15","13:30","17:15","13:30","17:15","","","","","","","08:00","17:00","08:00","17:00","08:00","17:00","08:00","17:00","08:00","17:00","","","","","","",""
"3911395700250","01020","消化器内科","3","","","","","","","","","","","","","","","","","","","","","","","","","","","","","","","","",""
"3911395700250","02001","外科","1","","","","","","","","","","","","","","","","","","","","","","","","","","","","","","","","",""
"3911395700250","02001","外科","2","14:00","16:30","","","14:00","17:00","","","14:00","17:00","","","","","","","08:00","16:00","","","08:00","16:30","","","08:00","16:30","","","","","","",""
"3911395700250","02001","外科","3","","","","","","","","","","","","","","","","","","","","","","","","","","","","","","","","",""
"3911395700250","02002","脳神経外科","1","","","","","","","","","","","","","","","","","","","","","","","","","","","","","","","","",""
"3911395700250","02002","脳神経外科","2","","","","","14:00","17:00","","","","","","","","","","","","","","","08:00","16:30","","","","","","","","","","",""
"3911395700250","02002","脳神経外科","3","","","","","","","","","","","","","","","","","","","","","","","","","","","","","","","","",""
"3911395700250","02035","整形外科","1","08:30","12:00","08:30","12:00","08:30","12:00","08:30","12:00","08:30","12:00","","","","","","","08:00","11:30","08:00","11:30","08:00","11:30","08:00","11:30","08:00","11:30","","","","","","",""
"3911395700250","02035","整形外科","2","","","15:30","17:00","15:30","17:00","","","15:30","17:00","","","","","","","","","08:00","17:00","08:00","17:00","","","08:00","17:00","","","","","","",""
"3911395700250","02035","整形外科","3","","","","","","","","","","","","","","","","","","","","","","","","","","","","","","","","",""
"3911395700250","03001","小児科","1","","","","","","","","","08:30","12:00","","","","","","","","","","","","","","","08:00","11:15","","","","","","",""
"3911395700250","03001","小児科","2","","","","","","","","","","","","","","","","","","","","","","","","","","","","","","","","",""
"3911395700250","03001","小児科","3","","","","","","","","","","","","","","","","","","","","","","","","","","","","","","","","",""
"3911395700250","04001","産婦人科","1","08:30","12:00","","","","","08:30","12:00","08:30","12:00","","","","","","","","","","","","","08:00","11:30","08:00","11:30","","","","","","",""
"3911395700250","04001","産婦人科","2","13:30","17:15","","","","","13:30","17:15","13:30","17:15","","","","","","","","","","","","","08:00","17:00","08:00","17:00","","","","","","",""
"3911395700250","04001","産婦人科","3","","","","","","","","","","","","","","","","","","","","","","","","","","","","","","","","",""
"3911395700250","09003","リハビリテーション科","1","08:30","12:00","08:30","12:00","08:30","12:00","08:30","12:00","08:30","12:00","","","","","","","08:00","11:30","08:00","11:30","08:00","11:30","08:00","11:30","08:00","11:30","","","","","","",""
"3911395700250","09003","リハビリテーション科","2","13:30","17:15","13:30","17:15","13:30","17:15","13:30","17:15","13:30","17:15","","","","","","","08:00","17:00","08:00","17:00","08:00","17:00","08:00","17:00","08:00","17:00","","","","","","",""
"3911395700250","09003","リハビリテーション科","3","","","","","","","","","","","","","","","","","","","","","","","","","","","","","","","","",""
"3911395700250","09004","放射線科","1","","","","","","","","","","","","","","","","","","","","","","","","","","","","","","","","",""
"3911395700250","09004","放射線科","2","","","","","","","","","","","","","","","","","","","","","","","","","","","","","","","","",""
"3911395700250","09004","放射線科","3","","","","","","","","","","","","","","","","","","","","","","","","","","","","","","","","",""
"3911395700380","01001","内科","1","","","09:00","12:00","","","","","09:00","12:00","","","","","","","","","08:30","11:30","","","","","08:30","11:30","","","","","","",""
"3911395700380","01001","内科","2","","","","","","","","","","","","","","","","","","","","","","","","","","","","","","","","",""
"3911395700380","01001","内科","3","","","","","","","","","","","","","","","","","","","","","","","","","","","","","","","","",""
"3911395700380","01014","呼吸器内科","1","","","09:00","12:00","","","","","09:00","12:00","","","","","","","","","08:30","11:30","","","","","08:30","11:30","","","","","","",""
"3911395700380","01014","呼吸器内科","2","","","","","","","","","","","","","","","","","","","","","","","","","","","","","","","","",""
"3911395700380","01014","呼吸器内科","3","","","","","","","","","","","","","","","","","","","","","","","","","","","","","","","","",""
"3911395700380","01017","循環器内科","1","","","","","09:00","12:00","","","","","","","","","","","","","","","08:30","11:30","","","","","","","","","","",""
"3911395700380","01017","循環器内科","2","","","","","","","","","","","","","","","","","","","","","","","","","","","","","","","","",""
"3911395700380","01017","循環器内科","3","","","","","","","","","","","","","","","","","","","","","","","","","","","","","","","","",""
"3911395700380","01020","消化器内科","1","","","09:00","12:00","","","","","09:00","12:00","","","","","","","","","08:30","11:30","","","","","08:30","11:30","","","","","","",""
"3911395700380","01020","消化器内科","2","","","","","","","","","","","","","","","","","","","","","","","","","","","","","","","","",""
"3911395700380","01020","消化器内科","3","","","","","","","","","","","","","","","","","","","","","","","","","","","","","","","","",""
"3911395700380","02001","外科","1","09:00","12:00","09:00","12:00","09:00","12:00","09:00","12:00","09:00","12:00","09:00","12:00","","","","","08:30","11:30","08:30","11:30","08:30","11:30","08:30","11:30","08:30","11:30","09:00","11:30","","","","",""
"3911395700380","02001","外科","2","","","","","","","","","","","","","","","","","","","","","","","","","","","","","","","","",""
"3911395700380","02001","外科","3","","","","","","","","","","","","","","","","","","","","","","","","","","","","","","","","",""
"3911395700380","02002","脳神経外科","1","","","","","","","","","","","","","","","","","","","","","","","","","","","","","","","","",""
"3911395700380","02002","脳神経外科","2","","","","","","","","","","","","","","","","","","","","","","","","","","","","","","","","",""
"3911395700380","02002","脳神経外科","3","","","","","","","","","","","","","","","","","","","","","","","","","","","","","","","","",""
"3911395700380","02012","消化器外科","1","09:00","12:00","09:00","12:00","09:00","12:00","09:00","12:00","09:00","12:00","09:00","12:00","","","","","08:30","11:30","08:30","11:30","08:30","11:30","08:30","11:30","08:30","11:30","08:30","11:30","","","","",""
"3911395700380","02012","消化器外科","2","","","","","","","","","","","","","","","","","","","","","","","","","","","","","","","","",""
"3911395700380","02012","消化器外科","3","","","","","","","","","","","","","","","","","","","","","","","","","","","","","","","","",""
"3911395700380","02025","肛門外科","1","09:00","12:00","","","","","","","","","","","","","","","08:30","11:30","","","","","","","","","","","","","","",""
"3911395700380","02025","肛門外科","2","","","","","","","","","","","","","","","","","","","","","","","","","","","","","","","","",""
"3911395700380","02025","肛門外科","3","","","","","","","","","","","","","","","","","","","","","","","","","","","","","","","","",""
"3911395700380","02035","整形外科","1","","","","","","","","","09:00","12:00","","","","","","","","","","","","","","","08:30","11:30","","","","","","",""
"3911395700380","02035","整形外科","2","","","","","","","","","","","","","","","","","","","","","","","","","","","","","","","","",""
"3911395700380","02035","整形外科","3","","","","","","","","","","","","","","","","","","","","","","","","","","","","","","","","",""
"3911395700380","07001","精神科","1","09:00","12:00","09:00","12:00","09:00","12:00","09:00","12:00","09:00","12:00","09:00","12:00","","","","","08:30","11:30","08:30","11:30","08:30","11:30","08:30","11:30","08:30","11:30","08:30","11:30","","","","",""
"3911395700380","07001","精神科","2","14:00","17:00","14:00","17:00","","","14:00","17:00","14:00","17:00","","","","","","","13:00","16:30","13:00","16:30","","","13:00","16:30","13:00","16:30","","","","","","",""
"3911395700380","07001","精神科","3","","","","","","","","","","","","","","","","","","","","","","","","","","","","","","","","",""
"3911395700380","07003","心療内科","1","09:00","12:00","09:00","12:00","09:00","12:00","09:00","12:00","09:00","12:00","09:00","12:00","","","","","08:30","11:30","08:30","11:30","08:30","11:30","08:30","11:30","08:30","11:30","08:30","11:30","","","","",""
"3911395700380","07003","心療内科","2","14:00","17:00","14:00","17:00","","","14:00","17:00","14:00","17:00","","","","","","","13:00","16:30","13:00","16:30","","","13:00","16:30","13:00","16:30","","","","","","",""
"3911395700380","07003","心療内科","3","","","","","","","","","","","","","","","","","","","","","","","","","","","","","","","","",""
"3911395700380","07004","老年精神科","1","09:00","12:00","09:00","12:00","09:00","12:00","09:00","12:00","09:00","12:00","09:00","12:00","","","","","08:30","11:30","08:30","11:30","08:30","11:30","08:30","11:30","08:30","11:30","08:30","11:30","","","","",""
"3911395700380","07004","老年精神科","2","14:00","17:00","14:00","17:00","","","14:00","17:00","14:00","17:00","","","","","","","13:00","16:30","13:00","16:30","","","13:00","16:30","13:00","16:30","","","","","","",""
"3911395700380","07004","老年精神科","3","","","","","","","","","","","","","","","","","","","","","","","","","","","","","","","","",""
"3911395700380","09003","リハビリテーション科","1","09:00","12:00","09:00","12:00","09:00","12:00","09:00","12:00","09:00","12:00","09:00","12:00","","","","","08:30","11:30","08:30","11:30","08:30","11:30","08:30","11:30","08:30","11:30","08:30","11:30","","","","",""
"3911395700380","09003","リハビリテーション科","2","14:00","17:00","14:00","17:00","14:00","17:00","14:00","17:00","14:00","17:00","","","","","","","13:00","16:30","13:00","16:30","13:00","16:30","13:00","16:30","13:00","16:30","","","","","","",""
"3911395700380","09003","リハビリテーション科","3","","","","","","","","","","","","","","","","","","","","","","","","","","","","","","","","",""
"3911395700380","09004","放射線科","1","","","","","","","","","","","","","","","","","","","","","","","","","","","","","","","","",""
"3911395700380","09004","放射線科","2","","","","","","","","","","","","","","","","","","","","","","","","","","","","","","","","",""
"3911395700380","09004","放射線科","3","","","","","","","","","","","","","","","","","","","","","","","","","","","","","","","","",""
"3911395700410","01001","内科","1","08:30","12:30","08:30","12:30","08:30","12:30","08:30","12:30","08:30","12:30","08:30","12:30","","","","","08:00","12:00","08:00","12:00","08:00","12:00","08:00","12:00","08:00","12:00","08:00","12:00","","","","",""
"3911395700410","01001","内科","2","14:00","17:00","14:00","17:00","14:00","17:00","14:00","17:00","14:00","17:00","","","","","","","13:00","16:00","13:00","16:00","13:00","16:00","13:00","16:00","13:00","16:00","","","","","","",""
"3911395700410","01001","内科","3","","","","","","","","","","","","","","","","","","","","","","","","","","","","","","","","",""
"3911395700410","01006","糖尿病内科","1","08:30","12:30","08:30","12:30","08:30","12:30","08:30","12:30","08:30","12:30","","","","","","","08:00","12:00","08:00","12:00","08:00","12:00","08:00","12:00","08:00","12:00","","","","","","",""
"3911395700410","01006","糖尿病内科","2","","","14:00","17:00","14:00","17:00","14:00","17:00","","","13:00","16:00","","","","","","","13:30","16:00","13:30","16:00","13:30","16:00","","","13:30","16:30","","","","",""
"3911395700410","01006","糖尿病内科","3","","","","","","","","","","","","","","","","","","","","","","","","","","","","","","","","",""
"3911395700410","01022","腎臓内科","1","08:30","12:30","08:30","12:30","08:30","12:30","08:30","12:30","08:30","12:30","08:30","12:30","","","","","08:00","12:00","08:00","12:00","08:00","12:00","08:00","12:00","08:00","12:00","08:00","12:00","","","","",""
"3911395700410","01022","腎臓内科","2","14:00","17:00","14:00","17:00","14:00","17:00","14:00","17:00","14:00","17:00","","","","","","","13:30","16:00","13:30","16:00","13:30","16:00","13:30","16:00","13:30","16:00","","","","","","",""
"3911395700410","01022","腎臓内科","3","","","","","","","","","","","","","","","","","","","","","","","","","","","","","","","","",""
"3911395700410","01023","人工透析内科","1","08:30","12:30","08:30","12:30","08:30","12:30","08:30","12:30","08:30","12:30","","","","","","","08:00","12:00","08:00","12:00","08:00","12:00","08:00","12:00","08:00","12:00","","","","","","",""
"3911395700410","01023","人工透析内科","2","14:00","17:00","14:00","17:00","14:00","17:00","14:00","17:00","14:00","17:00","","","","","","","13:30","16:00","13:30","16:00","13:30","16:00","13:30","16:00","13:30","16:00","","","","","","",""
"3911395700410","01023","人工透析内科","3","","","","","","","","","","","","","","","","","","","","","","","","","","","","","","","","",""
"3911395700410","01032","ペインクリニック内科","1","","","08:30","12:30","08:30","12:30","","","08:30","12:30","08:30","12:30","","","","","","","","","","","","","","","","","","","","",""
"3911395700410","01032","ペインクリニック内科","2","","","14:00","17:00","14:00","17:00","","","","","","","","","","","","","","","13:30","16:00","","","","","","","","","","",""
"3911395700410","01032","ペインクリニック内科","3","","","","","","","","","","","","","","","","","","","","","","","","","","","","","","","","",""
"3911395700410","02001","外科","1","08:30","12:30","08:30","12:30","08:30","12:30","08:30","12:30","08:30","12:30","08:30","12:30","","","","","08:00","12:00","08:00","12:00","08:00","12:00","08:00","12:00","08:00","12:00","08:00","12:00","","","","",""
"3911395700410","02001","外科","2","14:00","17:00","14:00","17:00","14:00","17:00","14:00","17:00","14:00","17:00","","","","","","","13:00","16:00","13:00","16:00","13:00","16:00","13:00","16:00","13:00","16:00","13:00","16:00","","","","",""
"3911395700410","02001","外科","3","","","","","","","","","","","","","","","","","","","","","","","","","","","","","","","","",""
"3911395700410","02002","脳神経外科","1","","","","","","","","","","","09:00","12:00","","","","","","","","","","","","","","","08:30","11:30","","","","",""
"3911395700410","02002","脳神経外科","2","","","","","","","","","","","","","","","","","","","","","","","","","","","","","","","","",""
"3911395700410","02002","脳神経外科","3","","","","","","","","","","","","","","","","","","","","","","","","","","","","","","","","",""
"3911395700410","02011","心臓血管外科","1","","","08:30","12:30","08:30","12:30","","","08:30","12:30","08:30","12:30","","","","","","","08:00","12:00","08:00","12:00","","","08:00","12:00","08:00","12:00","","","","",""
"3911395700410","02011","心臓血管外科","2","","","14:00","17:00","","","","","","","","","","","","","","","13:00","16:00","","","","","","","","","","","","",""
"3911395700410","02011","心臓血管外科","3","","","","","","","","","","","","","","","","","","","","","","","","","","","","","","","","",""
"3911395700410","02012","消化器外科","1","","","08:30","12:30","","","08:30","12:30","08:30","12:30","08:30","12:30","","","","","","","08:00","11:00","","","08:00","11:00","08:00","11:00","08:00","11:00","","","","",""
"3911395700410","02012","消化器外科","2","","","","","","","","","14:00","17:00","","","","","","","","","","","","","","","13:00","16:00","","","","","","",""
"3911395700410","02012","消化器外科","3","","","","","","","","","","","","","","","","","","","","","","","","","","","","","","","","",""
"3911395700410","02024","女性乳腺外科","1","","","","","","","","","14:00","17:00","","","","","","","","","","","","","","","13:00","16:00","","","","","","",""
"3911395700410","02024","女性乳腺外科","2","","","","","","","","","","","","","","","","","","","","","","","","","","","","","","","","",""
"3911395700410","02024","女性乳腺外科","3","","","","","","","","","","","","","","","","","","","","","","","","","","","","","","","","",""
"3911395700410","02035","整形外科","1","","","","","","","","","","","08:30","12:30","","","","","","","","","","","","","","","08:00","12:00","","","","",""
"3911395700410","02035","整形外科","2","","","","","","","","","","","","","","","","","","","","","","","","","","","","","","","","",""
"3911395700410","02035","整形外科","3","","","","","","","","","","","","","","","","","","","","","","","","","","","","","","","","",""
"3911395700410","04003","婦人科","1","","","","","","","08:30","12:30","","","","","","","","","","","","","","","08:00","12:00","","","","","","","","",""
"3911395700410","04003","婦人科","2","","","","","","","","","","","","","","","","","","","","","","","","","","","","","","","","",""
"3911395700410","04003","婦人科","3","","","","","","","","","","","","","","","","","","","","","","","","","","","","","","","","",""
"3911395700410","05001","眼科","1","13:30","17:00","","","","","13:30","17:00","","","","","","","","","13:00","16:30","","","","","13:00","16:30","","","","","","","","",""
"3911395700410","05001","眼科","2","","","","","","","","","","","","","","","","","","","","","","","","","","","","","","","","",""
"3911395700410","05001","眼科","3","","","","","","","","","","","","","","","","","","","","","","","","","","","","","","","","",""
"3911395700410","06004","泌尿器科","1","08:30","12:30","08:30","12:30","08:30","12:30","08:30","12:30","08:30","12:30","08:30","12:30","","","","","08:00","12:00","08:00","12:00","08:00","12:00","08:00","12:00","08:00","12:00","08:00","12:00","","","","",""
"3911395700410","06004","泌尿器科","2","14:00","17:00","14:00","17:00","13:30","17:00","14:00","17:00","14:00","17:00","","","","","","","13:00","16:00","13:00","16:00","13:00","16:00","13:00","16:00","13:00","16:00","","","","","","",""
"3911395700410","06004","泌尿器科","3","","","","","","","","","","","","","","","","","","","","","","","","","","","","","","","","",""
"3911395700410","09003","リハビリテーション科","1","08:30","12:30","08:30","12:30","08:30","12:30","08:30","12:30","08:30","12:30","08:30","12:30","","","","","08:00","17:00","08:00","17:00","08:00","17:00","08:00","17:00","08:00","17:00","08:00","12:00","","","","",""
"3911395700410","09003","リハビリテーション科","2","14:00","17:00","14:00","17:00","14:00","17:00","14:00","17:00","14:00","17:00","","","","","","","13:30","16:00","13:30","16:00","13:30","16:00","13:30","16:00","13:30","16:00","","","","","","",""
"3911395700410","09003","リハビリテーション科","3","","","","","","","","","","","","","","","","","","","","","","","","","","","","","","","","",""
"3911395700410","09004","放射線科","1","","","","","","","","","","","08:30","12:30","","","","","","","","","","","","","","","08:00","12:00","","","","",""
"3911395700410","09004","放射線科","2","","","","","","","","","","","","","","","","","","","","","","","","","","","","","","","","",""
"3911395700410","09004","放射線科","3","","","","","","","","","","","","","","","","","","","","","","","","","","","","","","","","",""
"3911395700540","01001","内科","1","09:00","12:00","09:00","12:00","09:00","12:00","09:00","12:00","09:00","12:00","09:00","12:00","","","","","08:30","17:00","08:30","17:00","08:30","15:30","08:30","17:00","08:30","17:00","08:30","11:30","","","","",""
"3911395700540","01001","内科","2","13:30","17:30","13:30","17:30","13:30","16:00","13:30","17:30","13:30","17:30","","","","","","","","","","","","","","","","","","","","","","",""
"3911395700540","01001","内科","3","","","","","","","","","","","","","","","","","","","","","","","","","","","","","","","","",""
"3911395700540","01017","循環器内科","1","09:00","12:00","09:00","12:00","09:00","12:00","09:00","12:00","","","","","","","","","08:30","17:00","08:30","17:00","08:30","17:00","08:30","11:30","","","","","","","","",""
"3911395700540","01017","循環器内科","2","13:30","17:30","13:30","17:30","13:30","17:30","","","","","","","","","","","","","","","","","","","","","","","","","","",""
"3911395700540","01017","循環器内科","3","","","","","","","","","","","","","","","","","","","","","","","","","","","","","","","","",""
"3911395700540","01020","消化器内科","1","09:00","12:00","09:00","12:00","09:00","12:00","09:00","12:00","09:00","12:00","09:00","12:00","","","","","08:30","17:00","08:30","17:00","08:30","11:30","08:30","17:00","08:30","17:00","08:30","11:30","","","","",""
"3911395700540","01020","消化器内科","2","13:30","17:30","13:30","17:30","","","13:30","17:30","13:30","17:30","","","","","","","","","","","","","","","","","","","","","","",""
"3911395700540","01020","消化器内科","3","","","","","","","","","","","","","","","","","","","","","","","","","","","","","","","","",""
"3911395700540","02001","外科","1","09:00","12:00","09:00","12:00","09:00","12:00","09:00","12:00","09:00","12:00","09:00","12:00","","","","","08:30","17:00","08:30","17:00","08:30","11:30","08:30","17:00","08:30","17:00","08:30","11:30","","","","",""
"3911395700540","02001","外科","2","13:30","17:30","13:30","17:30","","","13:30","17:30","13:30","17:30","","","","","","","","","","","","","","","","","","","","","","",""
"3911395700540","02001","外科","3","","","","","","","","","","","","","","","","","","","","","","","","","","","","","","","","",""
"3911395700540","02002","脳神経外科","1","","","","","","","","","","","","","","","","","","","","","","","","","","","","","","","","",""
"3911395700540","02002","脳神経外科","2","","","","","","","","","","","","","","","","","","","","","","","","","","","","","","","","",""
"3911395700540","02002","脳神経外科","3","","","","","","","","","","","","","","","","","","","","","","","","","","","","","","","","",""
"3911395700540","02012","消化器外科","1","09:00","12:00","09:00","12:00","09:00","12:00","09:00","12:00","09:00","12:00","09:00","12:00","","","","","08:30","17:00","08:30","17:00","08:30","11:30","08:30","17:00","08:30","17:00","08:30","11:30","","","","",""
"3911395700540","02012","消化器外科","2","13:30","17:30","13:30","17:30","","","13:30","17:30","13:30","17:30","","","","","","","","","","","","","","","","","","","","","","",""
"3911395700540","02012","消化器外科","3","","","","","","","","","","","","","","","","","","","","","","","","","","","","","","","","",""
"3911395700540","02025","肛門外科","1","09:00","12:00","09:00","12:00","09:00","12:00","09:00","12:00","09:00","12:00","09:00","12:00","","","","","08:30","17:00","08:30","17:00","08:30","11:30","08:30","17:00","08:30","17:00","08:30","11:30","","","","",""
"3911395700540","02025","肛門外科","2","13:30","17:30","13:30","17:30","","","13:30","17:30","13:30","17:30","","","","","","","","","","","","","","","","","","","","","","",""
"3911395700540","02025","肛門外科","3","","","","","","","","","","","","","","","","","","","","","","","","","","","","","","","","",""
"3911395700540","02035","整形外科","1","09:00","12:00","09:00","12:00","09:00","12:00","09:00","12:00","09:00","12:00","09:00","12:00","","","","","08:30","15:30","08:30","15:30","08:30","17:00","08:30","17:00","08:30","17:00","08:30","11:30","","","","",""
"3911395700540","02035","整形外科","2","13:30","16:00","13:30","16:00","13:30","17:30","13:30","17:30","13:30","17:30","","","","","","","","","","","","","","","","","","","","","","",""
"3911395700540","02035","整形外科","3","","","","","","","","","","","","","","","","","","","","","","","","","","","","","","","","",""
"3911395700540","09003","リハビリテーション科","1","09:00","12:00","09:00","12:00","09:00","12:00","09:00","12:00","09:00","12:00","09:00","12:00","","","","","08:30","17:00","08:30","17:00","08:30","17:00","08:30","17:00","08:30","17:00","08:30","16:30","","","","",""
"3911395700540","09003","リハビリテーション科","2","13:30","17:30","13:30","17:30","13:30","17:30","13:30","17:30","13:30","17:30","13:30","17:00","","","","","","","","","","","","","","","","","","","","",""
"3911395700540","09003","リハビリテーション科","3","","","","","","","","","","","","","","","","","","","","","","","","","","","","","","","","",""
"3911395700540","09004","放射線科","1","09:00","12:00","09:00","12:00","","","09:00","12:00","09:00","12:00","","","","","","","08:30","17:00","08:30","17:00","","","08:30","17:00","08:30","17:00","","","","","","",""
"3911395700540","09004","放射線科","2","13:30","17:30","13:30","17:30","","","13:30","17:30","13:30","17:30","","","","","","","","","","","","","","","","","","","","","","",""
"3911395700540","09004","放射線科","3","","","","","","","","","","","","","","","","","","","","","","","","","","","","","","","","",""
"3911395700700","01001","内科","1","09:00","18:00","09:00","18:00","09:00","18:00","09:00","18:00","09:00","18:00","09:00","18:00","","","","","09:00","17:30","09:00","17:30","09:00","17:30","09:00","17:30","09:00","17:30","09:00","17:30","","","","",""
"3911395700700","01001","内科","2","","","","","","","","","","","","","","","","","","","","","","","","","","","","","","","","",""
"3911395700700","01001","内科","3","","","","","","","","","","","","","","","","","","","","","","","","","","","","","","","","",""
"3911395700700","01014","呼吸器内科","1","09:00","18:00","09:00","18:00","09:00","18:00","09:00","18:00","09:00","18:00","09:00","18:00","","","","","09:00","17:30","09:00","17:30","09:00","17:30","09:00","17:30","09:00","17:30","09:00","17:30","","","","",""
"3911395700700","01014","呼吸器内科","2","","","","","","","","","","","","","","","","","","","","","","","","","","","","","","","","",""
"3911395700700","01014","呼吸器内科","3","","","","","","","","","","","","","","","","","","","","","","","","","","","","","","","","",""
"3911395700700","01017","循環器内科","1","09:00","18:00","09:00","18:00","09:00","18:00","09:00","18:00","09:00","18:00","09:00","18:00","","","","","09:00","17:30","09:00","17:30","09:00","17:30","09:00","17:30","09:00","17:30","09:00","17:30","","","","",""
"3911395700700","01017","循環器内科","2","","","","","","","","","","","","","","","","","","","","","","","","","","","","","","","","",""
"3911395700700","01017","循環器内科","3","","","","","","","","","","","","","","","","","","","","","","","","","","","","","","","","",""
"3911395700700","01020","消化器内科","1","09:00","18:00","09:00","18:00","09:00","18:00","09:00","18:00","09:00","18:00","09:00","12:00","","","","","09:00","17:30","09:00","17:30","09:00","17:30","09:00","17:30","09:00","17:30","09:00","12:00","","","","",""
"3911395700700","01020","消化器内科","2","","","","","","","","","","","","","","","","","","","","","","","","","","","","","","","","",""
"3911395700700","01020","消化器内科","3","","","","","","","","","","","","","","","","","","","","","","","","","","","","","","","","",""
"3911395700700","01025","神経内科","1","09:00","18:00","09:00","18:00","09:00","18:00","09:00","18:00","09:00","18:00","09:00","18:00","","","","","09:00","17:30","09:00","17:30","09:00","17:30","09:00","17:30","09:00","17:30","09:00","12:30","","","","",""
"3911395700700","01025","神経内科","2","","","","","","","","","","","","","","","","","","","","","","","","","","","","","","","","",""
"3911395700700","01025","神経内科","3","","","","","","","","","","","","","","","","","","","","","","","","","","","","","","","","",""
"3911395700700","02001","外科","1","09:00","18:00","09:00","18:00","09:00","18:00","09:00","18:00","09:00","18:00","09:00","18:00","","","","","09:00","17:30","09:00","17:30","09:00","17:30","09:00","17:30","09:00","17:30","09:00","12:30","","","","",""
"3911395700700","02001","外科","2","","","","","","","","","","","","","","","","","","","","","","","","","","","","","","","","",""
"3911395700700","02001","外科","3","","","","","","","","","","","","","","","","","","","","","","","","","","","","","","","","",""
"3911395700700","02035","整形外科","1","09:00","18:00","09:00","18:00","09:00","18:00","09:00","18:00","09:00","18:00","09:00","18:00","","","","","09:00","17:30","09:00","17:30","09:00","17:30","09:00","17:30","09:00","17:30","09:00","12:30","","","","",""
"3911395700700","02035","整形外科","2","","","","","","","","","","","","","","","","","","","","","","","","","","","","","","","","",""
"3911395700700","02035","整形外科","3","","","","","","","","","","","","","","","","","","","","","","","","","","","","","","","","",""
"3911395700700","09002","リウマチ科","1","09:00","18:00","09:00","18:00","09:00","18:00","09:00","18:00","09:00","18:00","09:00","18:00","","","","","09:00","17:30","09:00","17:30","09:00","17:30","09:00","17:30","09:00","17:30","09:00","17:30","","","","",""
"3911395700700","09002","リウマチ科","2","","","","","","","","","","","","","","","","","","","","","","","","","","","","","","","","",""
"3911395700700","09002","リウマチ科","3","","","","","","","","","","","","","","","","","","","","","","","","","","","","","","","","",""
"3911395700700","09003","リハビリテーション科","1","09:00","18:00","09:00","18:00","09:00","18:00","09:00","18:00","09:00","18:00","09:00","18:00","","","","","09:00","17:30","09:00","17:30","09:00","17:30","09:00","17:30","09:00","17:30","09:00","12:30","","","","",""
"3911395700700","09003","リハビリテーション科","2","","","","","","","","","","","","","","","","","","","","","","","","","","","","","","","","",""
"3911395700700","09003","リハビリテーション科","3","","","","","","","","","","","","","","","","","","","","","","","","","","","","","","","","",""
"3911395700700","09004","放射線科","1","","","","","","","","","","","","","","","","","","","","","","","","","","","","","","","","",""
"3911395700700","09004","放射線科","2","","","","","","","","","","","","","","","","","","","","","","","","","","","","","","","","",""
"3911395700700","09004","放射線科","3","","","","","","","","","","","","","","","","","","","","","","","","","","","","","","","","",""
"3911395700700","09011","麻酔科","1","","","","","","","","","","","","","","","","","","","","","","","","","","","","","","","","",""
"3911395700700","09011","麻酔科","2","","","","","","","","","","","","","","","","","","","","","","","","","","","","","","","","",""
"3911395700700","09011","麻酔科","3","","","","","","","","","","","","","","","","","","","","","","","","","","","","","","","","",""
"3911395700960","01001","内科","1","08:30","12:30","08:30","12:30","08:30","12:30","08:30","12:30","08:30","12:30","08:30","12:30","","","","","08:30","12:30","08:30","12:30","08:30","12:30","08:30","12:30","08:30","12:30","08:30","12:30","","","","",""
"3911395700960","01001","内科","2","13:30","17:30","13:30","17:30","13:30","17:30","13:30","17:30","13:30","17:30","","","","","","","13:30","17:30","13:30","17:30","13:30","17:30","13:30","17:30","13:30","17:30","","","","","","",""
"3911395700960","01001","内科","3","","","","","","","","","","","","","","","","","","","","","","","","","","","","","","","","",""
"3911395700960","01014","呼吸器内科","1","08:30","12:30","08:30","12:30","08:30","12:30","08:30","12:30","08:30","12:30","08:30","12:30","","","","","08:30","12:30","08:30","12:30","08:30","12:30","08:30","12:30","08:30","12:30","08:30","12:30","","","","",""
"3911395700960","01014","呼吸器内科","2","13:30","17:30","13:30","17:30","13:30","17:30","13:30","17:30","13:30","17:30","","","","","","","13:30","17:30","13:30","17:30","13:30","17:30","13:30","17:30","13:30","17:30","","","","","","",""
"3911395700960","01014","呼吸器内科","3","","","","","","","","","","","","","","","","","","","","","","","","","","","","","","","","",""
"3911395700960","01017","循環器内科","1","08:30","12:30","08:30","12:30","08:30","12:30","08:30","12:30","08:30","12:30","08:30","12:30","","","","","08:30","12:30","08:30","12:30","08:30","12:30","08:30","12:30","08:30","12:30","08:30","12:30","","","","",""
"3911395700960","01017","循環器内科","2","13:30","17:30","13:30","17:30","13:30","17:30","13:30","17:30","13:30","17:30","","","","","","","13:30","17:30","13:30","17:30","13:30","17:30","13:30","17:30","13:30","17:30","","","","","","",""
"3911395700960","01017","循環器内科","3","","","","","","","","","","","","","","","","","","","","","","","","","","","","","","","","",""
"3911395700960","01020","消化器内科","1","08:30","12:30","08:30","12:30","08:30","12:30","08:30","12:30","08:30","12:30","08:30","12:30","","","","","08:30","12:30","08:30","12:30","08:30","12:30","08:30","12:30","08:30","12:30","08:30","12:30","","","","",""
"3911395700960","01020","消化器内科","2","13:30","17:30","13:30","17:30","13:30","17:30","13:30","17:30","13:30","17:30","","","","","","","13:30","17:30","13:30","17:30","13:30","17:30","13:30","17:30","13:30","17:30","","","","","","",""
"3911395700960","01020","消化器内科","3","","","","","","","","","","","","","","","","","","","","","","","","","","","","","","","","",""
"3911395700960","09003","リハビリテーション科","1","08:30","12:30","08:30","12:30","08:30","12:30","08:30","12:30","08:30","12:30","08:30","12:30","","","","","08:30","12:30","08:30","12:30","08:30","12:30","08:30","12:30","08:30","12:30","08:30","12:30","","","","",""
"3911395700960","09003","リハビリテーション科","2","13:30","17:30","13:30","17:30","13:30","17:30","13:30","17:30","13:30","17:30","","","","","","","13:30","17:30","13:30","17:30","13:30","17:30","13:30","17:30","13:30","17:30","","","","","","",""
"3911395700960","09003","リハビリテーション科","3","","","","","","","","","","","","","","","","","","","","","","","","","","","","","","","","",""
"3911395700960","09004","放射線科","1","08:30","12:30","08:30","12:30","08:30","12:30","08:30","12:30","08:30","12:30","08:30","12:30","","","","","08:30","12:30","08:30","12:30","08:30","12:30","08:30","12:30","08:30","12:30","08:30","12:30","","","","",""
"3911395700960","09004","放射線科","2","13:30","17:30","13:30","17:30","13:30","17:30","13:30","17:30","13:30","17:30","","","","","","","13:30","17:30","13:30","17:30","13:30","17:30","13:30","17:30","13:30","17:30","","","","","","",""
"3911395700960","09004","放射線科","3","","","","","","","","","","","","","","","","","","","","","","","","","","","","","","","","",""
"3911395800150","01001","内科","1","08:45","12:15","08:45","12:15","08:45","12:15","08:45","12:15","08:45","12:15","08:45","12:15","","","","","07:00","11:30","07:00","11:30","07:00","11:30","07:00","11:30","07:00","11:30","08:00","11:30","","","","",""
"3911395800150","01001","内科","2","13:15","17:15","13:15","17:15","13:15","17:15","13:15","17:15","13:15","17:15","","","","","","","12:30","16:30","12:30","16:30","12:30","16:30","12:30","16:30","12:30","16:30","","","","","","",""
"3911395800150","01001","内科","3","","","","","","","","","","","","","","","","","","","","","","","","","","","","","","","","",""
"3911395800150","02001","外科","1","08:45","12:15","08:45","12:15","08:45","12:15","08:45","12:15","08:45","12:15","","","","","","","07:00","11:30","07:00","11:30","07:00","11:30","07:00","11:30","07:00","11:30","","","","","","",""
"3911395800150","02001","外科","2","13:15","17:15","13:15","17:15","13:15","17:15","13:15","17:15","13:15","17:15","","","","","","","12:30","16:30","12:30","16:30","12:30","16:30","12:30","16:30","12:30","16:30","","","","","","",""
"3911395800150","02001","外科","3","","","","","","","","","","","","","","","","","","","","","","","","","","","","","","","","",""
"3911395800150","02002","脳神経外科","1","10:30","12:15","","","","","","","","","","","","","","","07:00","11:30","","","","","","","","","","","","","","",""
"3911395800150","02002","脳神経外科","2","","","","","","","","","","","","","","","","","","","","","","","","","","","","","","","","",""
"3911395800150","02002","脳神経外科","3","","","","","","","","","","","","","","","","","","","","","","","","","","","","","","","","",""
"3911395800150","02025","肛門外科","1","08:45","12:15","08:45","12:15","08:45","12:15","08:45","12:15","08:45","12:15","","","","","","","07:00","11:30","07:00","11:30","07:00","11:30","07:00","11:30","07:00","11:30","","","","","","",""
"3911395800150","02025","肛門外科","2","13:15","17:15","13:15","17:15","13:15","17:15","13:15","17:15","13:15","17:15","","","","","","","12:30","16:30","12:30","16:30","12:30","16:30","12:30","16:30","12:30","16:30","","","","","","",""
"3911395800150","02025","肛門外科","3","","","","","","","","","","","","","","","","","","","","","","","","","","","","","","","","",""
"3911395800150","02035","整形外科","1","09:45","12:45","09:30","12:15","","","09:30","12:30","09:00","12:00","08:45","12:15","","","","","07:00","11:30","07:00","11:30","","","07:00","11:30","","","08:00","11:30","","","","",""
"3911395800150","02035","整形外科","2","","","13:15","16:30","","","","","","","","","","","","","","","12:30","15:30","","","","","","","","","","","","",""
"3911395800150","02035","整形外科","3","","","","","","","","","","","","","","","","","","","","","","","","","","","","","","","","",""
"3911395800150","04003","婦人科","1","","","09:00","12:15","","","","","","","","","","","","","","","07:00","11:30","","","","","","","","","","","","",""
"3911395800150","04003","婦人科","2","","","","","","","","","","","","","","","","","","","","","","","","","","","","","","","","",""
"3911395800150","04003","婦人科","3","","","","","","","","","","","","","","","","","","","","","","","","","","","","","","","","",""
"3911395800150","06001","皮膚科","1","","","08:45","12:15","","","","","","","","","","","","","","","07:00","11:30","","","","","","","","","","","","",""
"3911395800150","06001","皮膚科","2","","","","","","","","","","","","","","","","","","","","","","","","","","","","","","","","",""
"3911395800150","06001","皮膚科","3","","","","","","","","","","","","","","","","","","","","","","","","","","","","","","","","",""
"3911395800150","06004","泌尿器科","1","","","","","","","","","09:00","12:15","","","","","","","","","","","","","","","07:00","11:30","","","","","","",""
"3911395800150","06004","泌尿器科","2","","","","","","","","","13:15","15:00","","","","","","","","","","","","","","","12:30","14:30","","","","","","",""
"3911395800150","06004","泌尿器科","3","","","","","","","","","","","","","","","","","","","","","","","","","","","","","","","","",""
"3911395800150","09002","リウマチ科","1","08:45","12:15","09:30","12:15","08:45","12:15","08:45","12:15","08:45","12:15","08:45","12:15","","","","","07:00","11:30","07:00","11:30","07:00","11:30","07:00","11:30","07:00","11:30","08:00","11:30","","","","",""
"3911395800150","09002","リウマチ科","2","13:15","17:15","13:15","16:30","13:15","17:15","13:15","17:15","13:15","17:15","","","","","","","12:30","16:30","12:30","15:30","12:30","16:30","12:30","16:30","12:30","16:30","","","","","","",""
"3911395800150","09002","リウマチ科","3","","","","","","","","","","","","","","","","","","","","","","","","","","","","","","","","",""
"3911395800150","09003","リハビリテーション科","1","08:45","12:15","08:45","12:15","08:45","12:15","08:45","12:15","08:45","12:15","08:45","12:15","","","","","07:00","11:30","07:00","11:30","07:00","11:30","07:00","11:30","07:00","11:30","08:00","11:30","","","","",""
"3911395800150","09003","リハビリテーション科","2","13:15","17:15","13:15","17:15","13:15","17:15","13:15","17:15","13:15","17:15","","","","","","","12:30","16:30","12:30","16:30","12:30","16:30","12:30","16:30","12:30","16:30","","","","","","",""
"3911395800150","09003","リハビリテーション科","3","","","","","","","","","","","","","","","","","","","","","","","","","","","","","","","","",""
"3911395800280","01001","内科","1","09:00","12:00","09:00","12:00","09:00","12:00","09:00","12:00","09:00","12:00","09:00","12:00","","","","","08:40","12:00","08:40","12:00","08:40","12:00","08:40","12:00","08:40","12:00","08:40","12:00","","","","",""
"3911395800280","01001","内科","2","14:00","17:00","14:00","17:00","14:00","17:00","14:00","17:00","14:00","17:00","","","","","","","12:00","16:30","12:00","16:30","12:00","16:30","12:00","16:30","12:00","16:30","","","","","","","空欄にした: 土_診療 00:00-00:00（開始と終了が同じ） / 空欄にした: 土_外来受付 00:00-00:00（開始と終了が同じ）"
"3911395800280","01001","内科","3","","","","","","","","","","","","","","","","","","","","","","","","","","","","","","","","","空欄にした: 月_診療 00:00-00:00（開始と終了が同じ） / 空欄にした: 火_診療 00:00-00:00（開始と終了が同じ） / 空欄にした: 水_診療 00:00-00:00（開始と終了が同じ） / 空欄にした: 木_診療 00:00-00:00（開始と終了が同じ） / 空欄にした: 金_診療 00:00-00:00（開始と終了が同じ） / 空欄にした: 土_診療 00:00-00:00（開始と終了が同じ） / 空欄にした: 月_外来受付 00:00-00:00（開始と終了が同じ） / 空欄にした: 火_外来受付 00:00-00:00（開始と終了が同じ） / 空欄にした: 水_外来受付 00:00-00:00（開始と終了が同じ） / 空欄にした: 木_外来受付 00:00-00:00（開始と終了が同じ） / 空欄にした: 金_外来受付 00:00-00:00（開始と終了が同じ） / 空欄にした: 土_外来受付 00:00-00:00（開始と終了が同じ）"
"3911395800280","01014","呼吸器内科","1","09:00","12:00","09:00","12:00","09:00","12:00","09:00","12:00","09:00","12:00","09:00","12:00","","","","","08:40","12:00","08:40","12:00","08:40","12:00","08:40","12:00","08:40","12:00","08:40","12:00","","","","",""
"3911395800280","01014","呼吸器内科","2","14:00","17:00","14:00","17:00","14:00","17:00","14:00","17:00","14:00","17:00","","","","","","","12:00","16:30","12:00","16:30","12:00","16:30","12:00","16:30","12:00","16:30","","","","","","","空欄にした: 土_診療 00:00-00:00（開始と終了が同じ） / 空欄にした: 土_外来受付 00:00-00:00（開始と終了が同じ）"
"3911395800280","01014","呼吸器内科","3","","","","","","","","","","","","","","","","","","","","","","","","","","","","","","","","","空欄にした: 月_診療 00:00-00:00（開始と終了が同じ） / 空欄にした: 火_診療 00:00-00:00（開始と終了が同じ） / 空欄にした: 水_診療 00:00-00:00（開始と終了が同じ） / 空欄にした: 木_診療 00:00-00:00（開始と終了が同じ） / 空欄にした: 金_診療 00:00-00:00（開始と終了が同じ） / 空欄にした: 土_診療 00:00-00:00（開始と終了が同じ） / 空欄にした: 月_外来受付 00:00-00:00（開始と終了が同じ） / 空欄にした: 火_外来受付 00:00-00:00（開始と終了が同じ） / 空欄にした: 水_外来受付 00:00-00:00（開始と終了が同じ） / 空欄にした: 木_外来受付 00:00-00:00（開始と終了が同じ） / 空欄にした: 金_外来受付 00:00-00:00（開始と終了が同じ） / 空欄にした: 土_外来受付 00:00-00:00（開始と終了が同じ）"
"3911395800280","01017","循環器内科","1","09:00","12:00","09:00","12:00","09:00","12:00","09:00","12:00","09:00","12:00","09:00","12:00","","","","","08:40","12:00","08:40","12:00","08:40","12:00","08:40","12:00","08:40","12:00","08:40","12:00","","","","",""
"3911395800280","01017","循環器内科","2","14:00","17:00","14:00","17:00","14:00","17:00","14:00","17:00","14:00","17:00","","","","","","","12:00","16:30","12:00","16:30","12:00","16:30","12:00","16:30","12:00","16:30","","","","","","","空欄にした: 土_診療 00:00-00:00（開始と終了が同じ） / 空欄にした: 土_外来受付 00:00-00:00（開始と終了が同じ）"
"3911395800280","01017","循環器内科","3","","","","","","","","","","","","","","","","","","","","","","","","","","","","","","","","","空欄にした: 月_診療 00:00-00:00（開始と終了が同じ） / 空欄にした: 火_診療 00:00-00:00（開始と終了が同じ） / 空欄にした: 水_診療 00:00-00:00（開始と終了が同じ） / 空欄にした: 木_診療 00:00-00:00（開始と終了が同じ） / 空欄にした: 金_診療 00:00-00:00（開始と終了が同じ） / 空欄にした: 土_診療 00:00-00:00（開始と終了が同じ） / 空欄にした: 月_外来受付 00:00-00:00（開始と終了が同じ） / 空欄にした: 火_外来受付 00:00-00:00（開始と終了が同じ） / 空欄にした: 水_外来受付 00:00-00:00（開始と終了が同じ） / 空欄にした: 木_外来受付 00:00-00:00（開始と終了が同じ） / 空欄にした: 金_外来受付 00:00-00:00（開始と終了が同じ） / 空欄にした: 土_外来受付 00:00-00:00（開始と終了が同じ）"
"3911395800280","01021","胃腸内科","1","09:00","12:00","09:00","12:00","09:00","12:00","09:00","12:00","09:00","12:00","09:00","12:00","","","","","08:40","12:00","08:40","12:00","08:40","12:00","08:40","12:00","08:40","12:00","08:40","12:00","","","","",""
"3911395800280","01021","胃腸内科","2","14:00","17:00","14:00","17:00","14:00","17:00","14:00","17:00","14:00","17:00","","","","","","","12:00","16:30","12:00","16:30","12:00","16:30","12:00","16:30","12:00","16:30","","","","","","","空欄にした: 土_診療 00:00-00:00（開始と終了が同じ） / 空欄にした: 土_外来受付 00:00-00:00（開始と終了が同じ）"
"3911395800280","01021","胃腸内科","3","","","","","","","","","","","","","","","","","","","","","","","","","","","","","","","","","空欄にした: 月_診療 00:00-00:00（開始と終了が同じ） / 空欄にした: 火_診療 00:00-00:00（開始と終了が同じ） / 空欄にした: 水_診療 00:00-00:00（開始と終了が同じ） / 空欄にした: 木_診療 00:00-00:00（開始と終了が同じ） / 空欄にした: 金_診療 00:00-00:00（開始と終了が同じ） / 空欄にした: 土_診療 00:00-00:00（開始と終了が同じ） / 空欄にした: 月_外来受付 00:00-00:00（開始と終了が同じ） / 空欄にした: 火_外来受付 00:00-00:00（開始と終了が同じ） / 空欄にした: 水_外来受付 00:00-00:00（開始と終了が同じ） / 空欄にした: 木_外来受付 00:00-00:00（開始と終了が同じ） / 空欄にした: 金_外来受付 00:00-00:00（開始と終了が同じ） / 空欄にした: 土_外来受付 00:00-00:00（開始と終了が同じ）"
"3911395800280","01025","神経内科","1","09:00","12:00","09:00","12:00","09:00","12:00","09:00","12:00","09:00","12:00","09:00","12:00","","","","","08:40","12:00","08:40","12:00","08:40","12:00","08:40","12:00","08:40","12:00","08:40","12:00","","","","",""
"3911395800280","01025","神経内科","2","14:00","17:00","14:00","17:00","14:00","17:00","14:00","17:00","14:00","17:00","","","","","","","12:00","16:30","12:00","16:30","12:00","16:30","12:00","16:30","12:00","16:30","","","","","","","空欄にした: 土_診療 00:00-00:00（開始と終了が同じ） / 空欄にした: 土_外来受付 00:00-00:00（開始と終了が同じ）"
"3911395800280","01025","神経内科","3","","","","","","","","","","","","","","","","","","","","","","","","","","","","","","","","","空欄にした: 月_診療 00:00-00:00（開始と終了が同じ） / 空欄にした: 火_診療 00:00-00:00（開始と終了が同じ） / 空欄にした: 水_診療 00:00-00:00（開始と終了が同じ） / 空欄にした: 木_診療 00:00-00:00（開始と終了が同じ） / 空欄にした: 金_診療 00:00-00:00（開始と終了が同じ） / 空欄にした: 土_診療 00:00-00:00（開始と終了が同じ） / 空欄にした: 月_外来受付 00:00-00:00（開始と終了が同じ） / 空欄にした: 火_外来受付 00:00-00:00（開始と終了が同じ） / 空欄にした: 水_外来受付 00:00-00:00（開始と終了が同じ） / 空欄にした: 木_外来受付 00:00-00:00（開始と終了が同じ） / 空欄にした: 金_外来受付 00:00-00:00（開始と終了が同じ） / 空欄にした: 土_外来受付 00:00-00:00（開始と終了が同じ）"
"3911395800280","03001","小児科","1","09:00","12:00","09:00","12:00","09:00","12:00","09:00","12:00","09:00","12:00","09:00","12:00","","","","","08:40","12:00","08:40","12:00","08:40","12:00","08:40","12:00","08:40","12:00","08:40","12:00","","","","",""
"3911395800280","03001","小児科","2","14:00","17:00","14:00","17:00","14:00","17:00","14:00","17:00","14:00","17:00","","","","","","","12:00","16:30","12:00","16:30","12:00","16:30","12:00","16:30","12:00","16:30","","","","","","","空欄にした: 土_診療 00:00-00:00（開始と終了が同じ） / 空欄にした: 土_外来受付 00:00-00:00（開始と終了が同じ）"
"3911395800280","03001","小児科","3","","","","","","","","","","","","","","","","","","","","","","","","","","","","","","","","","空欄にした: 月_診療 00:00-00:00（開始と終了が同じ） / 空欄にした: 火_診療 00:00-00:00（開始と終了が同じ） / 空欄にした: 水_診療 00:00-00:00（開始と終了が同じ） / 空欄にした: 木_診療 00:00-00:00（開始と終了が同じ） / 空欄にした: 金_診療 00:00-00:00（開始と終了が同じ） / 空欄にした: 土_診療 00:00-00:00（開始と終了が同じ） / 空欄にした: 月_外来受付 00:00-00:00（開始と終了が同じ） / 空欄にした: 火_外来受付 00:00-00:00（開始と終了が同じ） / 空欄にした: 水_外来受付 00:00-00:00（開始と終了が同じ） / 空欄にした: 木_外来受付 00:00-00:00（開始と終了が同じ） / 空欄にした: 金_外来受付 00:00-00:00（開始と終了が同じ） / 空欄にした: 土_外来受付 00:00-00:00（開始と終了が同じ）"
"3911395800280","08001","歯科","1","09:00","12:00","09:00","12:00","09:00","12:00","","","09:00","12:00","09:00","12:00","","","","","08:40","12:00","08:40","12:00","08:40","12:00","","","08:40","12:00","08:40","12:00","","","","","空欄にした: 木_診療 00:00-00:00（開始と終了が同じ） / 空欄にした: 木_外来受付 00:00-00:00（開始と終了が同じ）"
"3911395800280","08001","歯科","2","13:30","16:00","13:30","16:00","13:30","16:00","","","13:30","16:00","","","","","","","13:30","15:00","13:30","15:00","13:30","15:00","","","13:30","15:00","","","","","","","空欄にした: 木_診療 00:00-00:00（開始と終了が同じ） / 空欄にした: 土_診療 00:00-00:00（開始と終了が同じ） / 空欄にした: 木_外来受付 00:00-00:00（開始と終了が同じ） / 空欄にした: 土_外来受付 00:00-00:00（開始と終了が同じ）"
"3911395800280","08001","歯科","3","","","","","","","","","","","","","","","","","","","","","","","","","","","","","","","","","空欄にした: 月_診療 00:00-00:00（開始と終了が同じ） / 空欄にした: 火_診療 00:00-00:00（開始と終了が同じ） / 空欄にした: 水_診療 00:00-00:00（開始と終了が同じ） / 空欄にした: 木_診療 00:00-00:00（開始と終了が同じ） / 空欄にした: 金_診療 00:00-00:00（開始と終了が同じ） / 空欄にした: 土_診療 00:00-00:00（開始と終了が同じ） / 空欄にした: 月_外来受付 00:00-00:00（開始と終了が同じ） / 空欄にした: 火_外来受付 00:00-00:00（開始と終了が同じ） / 空欄にした: 水_外来受付 00:00-00:00（開始と終了が同じ） / 空欄にした: 木_外来受付 00:00-00:00（開始と終了が同じ） / 空欄にした: 金_外来受付 00:00-00:00（開始と終了が同じ） / 空欄にした: 土_外来受付 00:00-00:00（開始と終了が同じ）"
"3911395800280","08003","歯科口腔外科","1","09:00","12:00","09:00","12:00","09:00","12:00","","","09:00","12:00","09:00","12:00","","","","","08:40","12:00","08:40","12:00","08:40","12:00","","","08:40","12:00","08:40","12:00","","","","","空欄にした: 木_診療 00:00-00:00（開始と終了が同じ） / 空欄にした: 木_外来受付 00:00-00:00（開始と終了が同じ）"
"3911395800280","08003","歯科口腔外科","2","13:30","16:00","13:30","16:00","13:30","16:00","","","13:30","16:00","","","","","","","13:30","15:00","13:30","15:00","13:30","15:00","","","13:30","15:00","","","","","","","空欄にした: 木_診療 00:00-00:00（開始と終了が同じ） / 空欄にした: 土_診療 00:00-00:00（開始と終了が同じ） / 空欄にした: 木_外来受付 00:00-00:00（開始と終了が同じ） / 空欄にした: 土_外来受付 00:00-00:00（開始と終了が同じ）"
"3911395800280","08003","歯科口腔外科","3","","","","","","","","","","","","","","","","","","","","","","","","","","","","","","","","","空欄にした: 月_診療 00:00-00:00（開始と終了が同じ） / 空欄にした: 火_診療 00:00-00:00（開始と終了が同じ） / 空欄にした: 水_診療 00:00-00:00（開始と終了が同じ） / 空欄にした: 木_診療 00:00-00:00（開始と終了が同じ） / 空欄にした: 金_診療 00:00-00:00（開始と終了が同じ） / 空欄にした: 土_診療 00:00-00:00（開始と終了が同じ） / 空欄にした: 月_外来受付 00:00-00:00（開始と終了が同じ） / 空欄にした: 火_外来受付 00:00-00:00（開始と終了が同じ） / 空欄にした: 水_外来受付 00:00-00:00（開始と終了が同じ） / 空欄にした: 木_外来受付 00:00-00:00（開始と終了が同じ） / 空欄にした: 金_外来受付 00:00-00:00（開始と終了が同じ） / 空欄にした: 土_外来受付 00:00-00:00（開始と終了が同じ）"
"3911395800280","09003","リハビリテーション科","1","09:00","12:00","09:00","12:00","09:00","12:00","09:00","12:00","09:00","12:00","09:00","12:00","","","","","","","","","","","","","","","","","","","","","空欄にした: 月_外来受付 00:00-00:00（開始と終了が同じ） / 空欄にした: 火_外来受付 00:00-00:00（開始と終了が同じ） / 空欄にした: 水_外来受付 00:00-00:00（開始と終了が同じ） / 空欄にした: 木_外来受付 00:00-00:00（開始と終了が同じ） / 空欄にした: 金_外来受付 00:00-00:00（開始と終了が同じ） / 空欄にした: 土_外来受付 00:00-00:00（開始と終了が同じ）"
"3911395800280","09003","リハビリテーション科","2","13:00","17:00","13:00","17:00","13:00","17:00","13:00","17:00","13:00","17:00","","","","","","","","","","","","","","","","","","","","","","","空欄にした: 土_診療 00:00-00:00（開始と終了が同じ） / 空欄にした: 月_外来受付 00:00-00:00（開始と終了が同じ） / 空欄にした: 火_外来受付 00:00-00:00（開始と終了が同じ） / 空欄にした: 水_外来受付 00:00-00:00（開始と終了が同じ） / 空欄にした: 木_外来受付 00:00-00:00（開始と終了が同じ） / 空欄にした: 金_外来受付 00:00-00:00（開始と終了が同じ） / 空欄にした: 土_外来受付 00:00-00:00（開始と終了が同じ）"
"3911395800280","09003","リハビリテーション科","3","","","","","","","","","","","","","","","","","","","","","","","","","","","","","","","","","空欄にした: 月_診療 00:00-00:00（開始と終了が同じ） / 空欄にした: 火_診療 00:00-00:00（開始と終了が同じ） / 空欄にした: 水_診療 00:00-00:00（開始と終了が同じ） / 空欄にした: 木_診療 00:00-00:00（開始と終了が同じ） / 空欄にした: 金_診療 00:00-00:00（開始と終了が同じ） / 空欄にした: 土_診療 00:00-00:00（開始と終了が同じ） / 空欄にした: 月_外来受付 00:00-00:00（開始と終了が同じ） / 空欄にした: 火_外来受付 00:00-00:00（開始と終了が同じ） / 空欄にした: 水_外来受付 00:00-00:00（開始と終了が同じ） / 空欄にした: 木_外来受付 00:00-00:00（開始と終了が同じ） / 空欄にした: 金_外来受付 00:00-00:00（開始と終了が同じ） / 空欄にした: 土_外来受付 00:00-00:00（開始と終了が同じ）"
"3911395800280","09004","放射線科","1","09:00","12:00","09:00","12:00","09:00","12:00","09:00","12:00","09:00","12:00","09:00","12:00","","","","","08:40","12:00","08:40","12:00","08:40","12:00","08:40","12:00","08:40","12:00","08:40","12:00","","","","",""
"3911395800280","09004","放射線科","2","14:00","17:00","14:00","17:00","14:00","17:00","14:00","17:00","14:00","17:00","","","","","","","12:00","16:30","12:00","16:30","12:00","16:30","12:00","16:30","12:00","16:30","","","","","","","空欄にした: 土_診療 00:00-00:00（開始と終了が同じ） / 空欄にした: 土_外来受付 00:00-00:00（開始と終了が同じ）"
"3911395800280","09004","放射線科","3","","","","","","","","","","","","","","","","","","","","","","","","","","","","","","","","","空欄にした: 月_診療 00:00-00:00（開始と終了が同じ） / 空欄にした: 火_診療 00:00-00:00（開始と終了が同じ） / 空欄にした: 水_診療 00:00-00:00（開始と終了が同じ） / 空欄にした: 木_診療 00:00-00:00（開始と終了が同じ） / 空欄にした: 金_診療 00:00-00:00（開始と終了が同じ） / 空欄にした: 土_診療 00:00-00:00（開始と終了が同じ） / 空欄にした: 月_外来受付 00:00-00:00（開始と終了が同じ） / 空欄にした: 火_外来受付 00:00-00:00（開始と終了が同じ） / 空欄にした: 水_外来受付 00:00-00:00（開始と終了が同じ） / 空欄にした: 木_外来受付 00:00-00:00（開始と終了が同じ） / 空欄にした: 金_外来受付 00:00-00:00（開始と終了が同じ） / 空欄にした: 土_外来受付 00:00-00:00（開始と終了が同じ）"
"3911395800440","01001","内科","1","08:30","12:30","08:30","12:30","08:30","12:30","08:30","12:30","08:30","12:30","08:30","12:30","","","","","08:00","12:00","08:00","12:00","08:00","12:00","08:00","12:00","08:00","12:00","08:00","12:00","","","","",""
"3911395800440","01001","内科","2","13:30","17:30","13:30","17:30","13:30","17:30","13:30","17:30","13:30","17:30","","","","","","","13:00","17:00","13:00","17:00","13:00","17:00","13:00","17:00","13:00","17:00","","","","","","",""
"3911395800440","01001","内科","3","","","","","","","","","","","","","","","","","","","","","","","","","","","","","","","","",""
"3911395800440","02001","外科","1","08:30","12:30","08:30","12:30","08:30","12:30","08:30","12:30","08:30","12:30","08:30","12:30","","","","","08:00","12:00","08:00","12:00","08:00","12:00","08:00","12:00","08:00","12:00","08:00","12:00","","","","",""
"3911395800440","02001","外科","2","13:30","17:30","13:30","17:30","13:30","17:30","13:30","17:30","13:30","17:30","","","","","","","13:00","17:00","13:00","17:00","13:00","17:00","13:00","17:00","13:00","17:00","","","","","","",""
"3911395800440","02001","外科","3","","","","","","","","","","","","","","","","","","","","","","","","","","","","","","","","",""
"3911395800440","02035","整形外科","1","09:45","12:15","","","","","","","09:00","12:00","09:00","12:00","","","","","09:15","11:45","","","","","","","08:30","11:30","08:30","11:30","","","","",""
"3911395800440","02035","整形外科","2","","","","","","","","","","","","","","","","","","","","","","","","","","","","","","","","",""
"3911395800440","02035","整形外科","3","","","","","","","","","","","","","","","","","","","","","","","","","","","","","","","","",""
"3911395800440","03001","小児科","1","09:00","12:30","09:00","12:30","09:00","12:30","09:00","12:30","09:00","12:30","09:00","12:30","","","","","08:30","12:00","08:30","12:00","08:30","12:00","08:30","12:00","08:30","12:00","08:30","12:00","","","","",""
"3911395800440","03001","小児科","2","13:30","17:30","13:30","17:30","13:30","17:30","13:30","17:30","13:30","17:30","","","","","","","13:00","17:00","13:00","17:00","13:00","17:00","13:00","17:00","13:00","17:00","","","","","","",""
"3911395800440","03001","小児科","3","","","","","","","","","","","","","","","","","","","","","","","","","","","","","","","","",""
"3911395800440","05001","眼科","1","","","","","14:00","17:00","14:00","17:00","","","","","","","","","","","","","13:30","16:30","13:30","16:30","","","","","","","","",""
"3911395800440","05001","眼科","2","","","","","","","","","","","","","","","","","","","","","","","","","","","","","","","","",""
"3911395800440","05001","眼科","3","","","","","","","","","","","","","","","","","","","","","","","","","","","","","","","","",""
"3911395800440","05002","耳鼻いんこう科","1","","","","","09:00","12:30","","","","","09:00","12:30","","","","","","","","","08:30","12:00","","","","","08:30","12:00","","","","",""
"3911395800440","05002","耳鼻いんこう科","2","","","","","13:30","17:00","","","","","","","","","","","","","","","13:00","16:30","","","","","","","","","","",""
"3911395800440","05002","耳鼻いんこう科","3","","","","","","","","","","","","","","","","","","","","","","","","","","","","","","","","",""
"3911395800440","06001","皮膚科","1","","","","","","","09:00","12:00","","","","","","","","","","","","","","","08:30","11:00","","","","","","","","",""
"3911395800440","06001","皮膚科","2","","","","","","","","","","","","","","","","","","","","","","","","","","","","","","","","",""
"3911395800440","06001","皮膚科","3","","","","","","","","","","","","","","","","","","","","","","","","","","","","","","","","",""
"3911395800440","06004","泌尿器科","1","","","","","","","","","","","09:00","12:00","","","","","","","","","","","","","","","08:30","11:30","","","","",""
"3911395800440","06004","泌尿器科","2","","","","","","","","","","","","","","","","","","","","","","","","","","","","","","","","",""
"3911395800440","06004","泌尿器科","3","","","","","","","","","","","","","","","","","","","","","","","","","","","","","","","","",""
"3911395800440","07001","精神科","1","08:30","12:30","08:30","12:30","","","","","","","","","","","","","08:00","12:00","08:00","12:00","","","","","","","","","","","","",""
"3911395800440","07001","精神科","2","","","","","","","13:30","17:30","","","","","","","","","","","","","","","13:00","17:00","","","","","","","","",""
"3911395800440","07001","精神科","3","","","","","","","","","","","","","","","","","","","","","","","","","","","","","","","","",""
"3911395800440","08003","歯科口腔外科","1","08:30","12:30","08:30","12:30","08:30","12:30","08:30","12:30","08:30","12:30","08:30","12:30","","","","","08:00","12:00","08:00","12:00","08:00","12:00","08:00","12:00","08:00","12:00","08:00","12:00","","","","",""
"3911395800440","08003","歯科口腔外科","2","13:30","17:30","13:30","17:30","13:30","17:30","13:30","17:30","13:30","17:30","","","","","","","13:00","17:00","13:00","17:00","13:00","17:00","13:00","17:00","13:00","17:00","","","","","","",""
"3911395800440","08003","歯科口腔外科","3","","","","","","","","","","","","","","","","","","","","","","","","","","","","","","","","",""
"3911395800440","09003","リハビリテーション科","1","08:30","12:30","08:30","12:30","08:30","12:30","08:30","12:30","08:30","12:30","08:30","12:30","","","","","08:00","12:00","08:00","12:00","08:00","12:00","08:00","12:00","08:00","12:00","08:00","12:00","","","","",""
"3911395800440","09003","リハビリテーション科","2","13:30","17:30","13:30","17:30","13:30","17:30","13:30","17:30","13:30","17:30","","","","","","","13:00","17:00","13:00","17:00","13:00","17:00","13:00","17:00","13:00","17:00","","","","","","",""
"3911395800440","09003","リハビリテーション科","3","","","","","","","","","","","","","","","","","","","","","","","","","","","","","","","","",""
"3911395900210","01001","内科","1","09:00","17:00","09:00","17:00","09:00","17:00","09:00","17:00","09:00","17:00","","","","","","","09:00","16:00","09:00","16:00","09:00","16:00","09:00","16:00","09:00","16:00","","","","","","",""
"3911395900210","01001","内科","2","","","","","","","","","","","","","","","","","","","","","","","","","","","","","","","","",""
"3911395900210","01001","内科","3","","","","","","","","","","","","","","","","","","","","","","","","","","","","","","","","",""
"3911395900210","07001","精神科","1","09:00","17:00","09:00","17:00","09:00","17:00","09:00","17:00","09:00","17:00","","","","","","","09:00","16:00","09:00","16:00","09:00","16:00","09:00","16:00","09:00","16:00","","","","","","",""
"3911395900210","07001","精神科","2","","","","","","","","","","","","","","","","","","","","","","","","","","","","","","","","",""
"3911395900210","07001","精神科","3","","","","","","","","","","","","","","","","","","","","","","","","","","","","","","","","",""
"3911395900210","07002","神経科","1","09:00","17:00","09:00","17:00","09:00","17:00","09:00","17:00","09:00","17:00","","","","","","","09:00","16:00","09:00","16:00","09:00","16:00","09:00","16:00","09:00","16:00","","","","","","",""
"3911395900210","07002","神経科","2","","","","","","","","","","","","","","","","","","","","","","","","","","","","","","","","",""
"3911395900210","07002","神経科","3","","","","","","","","","","","","","","","","","","","","","","","","","","","","","","","","",""
"3911395900210","07003","心療内科","1","09:00","17:00","09:00","17:00","09:00","17:00","09:00","17:00","09:00","17:00","","","","","","","09:00","16:00","09:00","16:00","09:00","16:00","09:00","16:00","09:00","16:00","","","","","","",""
"3911395900210","07003","心療内科","2","","","","","","","","","","","","","","","","","","","","","","","","","","","","","","","","",""
"3911395900210","07003","心療内科","3","","","","","","","","","","","","","","","","","","","","","","","","","","","","","","","","",""
"3911395900340","01001","内科","1","09:00","12:00","09:00","12:00","09:00","12:00","09:00","12:00","09:00","12:00","","","","","","","08:30","11:30","08:30","11:30","08:30","11:30","08:30","11:30","08:30","11:30","","","","","","",""
"3911395900340","01001","内科","2","","","","","","","","","","","","","","","","","","","","","","","","","","","","","","","","",""
"3911395900340","01001","内科","3","","","","","","","","","","","","","","","","","","","","","","","","","","","","","","","","",""
"3911395900340","02001","外科","1","","","","","","","","","","","","","","","","","","","","","","","","","","","","","","","","",""
"3911395900340","02001","外科","2","","","","","","","","","","","","","","","","","","","","","","","","","","","","","","","","",""
"3911395900340","02001","外科","3","","","","","","","","","","","","","","","","","","","","","","","","","","","","","","","","",""
"3911395900340","07001","精神科","1","","","","","","","","","","","","","","","","","","","","","","","","","","","","","","","","",""
"3911395900340","07001","精神科","2","","","","","","","","","","","","","","","","","","","","","","","","","","","","","","","","",""
"3911395900340","07001","精神科","3","","","","","","","","","","","","","","","","","","","","","","","","","","","","","","","","",""
"3911395900340","07003","心療内科","1","","","","","","","","","","","","","","","","","","","","","","","","","","","","","","","","",""
"3911395900340","07003","心療内科","2","","","","","","","","","","","","","","","","","","","","","","","","","","","","","","","","",""
"3911395900340","07003","心療内科","3","","","","","","","","","","","","","","","","","","","","","","","","","","","","","","","","",""
"3911395900340","09003","リハビリテーション科","1","09:00","12:00","09:00","12:00","09:00","12:00","09:00","12:00","09:00","12:00","","","","","","","08:30","11:30","08:30","11:30","08:30","11:30","08:30","11:30","08:30","11:30","","","","","","",""
"3911395900340","09003","リハビリテーション科","2","","","","","","","","","","","","","","","","","","","","","","","","","","","","","","","","",""
"3911395900340","09003","リハビリテーション科","3","","","","","","","","","","","","","","","","","","","","","","","","","","","","","","","","",""
"3911396000120","01001","内科","1","08:40","12:00","08:40","12:00","08:40","12:00","08:40","12:00","08:40","12:00","08:40","12:00","","","","","08:00","11:00","08:00","11:00","08:00","11:00","08:00","11:00","08:00","11:00","08:00","11:00","","","","",""
"3911396000120","01001","内科","2","13:00","17:00","13:00","17:00","13:00","17:00","13:00","17:00","13:00","17:00","","","","","","","12:20","16:00","12:20","16:00","12:20","16:00","12:20","16:00","12:20","16:00","","","","","","",""
"3911396000120","01001","内科","3","","","","","","","","","","","","","","","","","","","","","","","","","","","","","","","","",""
"3911396000120","01017","循環器内科","1","","","","","","","","","","","08:40","12:00","","","","","","","","","","","","","","","08:00","11:00","","","","",""
"3911396000120","01017","循環器内科","2","","","","","","","","","","","13:00","17:00","","","","","","","","","","","","","","","","","","","","",""
"3911396000120","01017","循環器内科","3","","","","","","","","","","","","","","","","","","","","","","","","","","","","","","","","",""
"3911396000120","01021","胃腸内科","1","","","","","","","","","","","","","","","","","","","","","","","","","","","","","","","","",""
"3911396000120","01021","胃腸内科","2","","","","","","","","","","","","","","","","","","","","","","","","","","","","","","","","",""
"3911396000120","01021","胃腸内科","3","","","","","","","","","","","","","","","","","","","","","","","","","","","","","","","","",""
"3911396000120","02001","外科","1","08:40","12:00","08:40","12:00","08:40","12:00","08:40","12:00","08:40","12:00","08:40","12:00","","","","","08:00","11:00","08:00","11:00","08:00","11:00","08:00","11:00","08:00","11:00","08:00","11:00","","","","",""
"3911396000120","02001","外科","2","13:00","17:00","13:00","17:00","13:00","17:00","13:00","17:00","13:00","17:00","","","","","","","12:20","16:00","12:20","16:00","12:20","16:00","12:20","16:00","12:20","16:00","","","","","","",""
"3911396000120","02001","外科","3","","","","","","","","","","","","","","","","","","","","","","","","","","","","","","","","",""
"3911396000120","02035","整形外科","1","","","","","","","","","","","08:40","12:00","","","","","","","","","","","","","","","08:00","11:00","","","","",""
"3911396000120","02035","整形外科","2","","","","","","","","","","","","","","","","","","","","","","","","","","","","","","","","",""
"3911396000120","02035","整形外科","3","","","","","","","","","","","","","","","","","","","","","","","","","","","","","","","","",""
"3911396000120","05002","耳鼻いんこう科","1","08:40","12:00","08:40","12:00","","","","","","","","","","","","","08:00","11:00","08:00","11:00","","","","","","","","","","","","",""
"3911396000120","05002","耳鼻いんこう科","2","13:00","17:00","13:00","17:00","","","","","","","","","","","","","12:20","16:00","12:20","16:00","","","","","","","","","","","","",""
"3911396000120","05002","耳鼻いんこう科","3","","","","","","","","","","","","","","","","","","","","","","","","","","","","","","","","",""
"3911396000120","07001","精神科","1","","","","","14:00","17:00","","","","","","","","","","","","","","","12:20","16:00","","","","","","","","","","",""
"3911396000120","07001","精神科","2","","","","","","","","","","","","","","","","","","","","","","","","","","","","","","","","",""
"3911396000120","07001","精神科","3","","","","","","","","","","","","","","","","","","","","","","","","","","","","","","","","",""
"3911396000120","09003","リハビリテーション科","1","08:40","12:00","08:40","12:00","08:40","12:00","08:40","12:00","08:40","12:00","08:40","12:00","","","","","08:00","11:00","08:00","11:00","08:00","11:00","08:00","11:00","08:00","11:00","08:00","11:00","","","","",""
"3911396000120","09003","リハビリテーション科","2","13:30","17:00","13:30","17:00","13:30","17:00","13:30","17:00","13:30","17:00","","","","","","","12:20","16:00","12:20","16:00","12:20","16:00","12:20","16:00","12:20","16:00","","","","","","",""
"3911396000120","09003","リハビリテーション科","3","","","","","","","","","","","","","","","","","","","","","","","","","","","","","","","","",""
"3911396000250","01001","内科","1","","","","","09:00","12:00","","","","","","","","","","","","","","","08:00","11:30","","","","","","","","","","",""
"3911396000250","01001","内科","2","","","","","","","","","","","","","","","","","","","","","","","","","","","","","","","","",""
"3911396000250","01001","内科","3","","","","","","","","","","","","","","","","","","","","","","","","","","","","","","","","",""
"3911396000250","01006","糖尿病内科","1","","","","","","","","","","","","","","","","","","","","","","","","","","","","","","","","",""
"3911396000250","01006","糖尿病内科","2","","","","","","","","","","","","","","","","","","","","","","","","","","","","","","","","",""
"3911396000250","01006","糖尿病内科","3","","","","","","","","","","","","","","","","","","","","","","","","","","","","","","","","",""
"3911396000250","01014","呼吸器内科","1","","","","","","","","","","","","","","","","","","","","","","","","","","","","","","","","",""
"3911396000250","01014","呼吸器内科","2","","","","","","","","","","","","","","","","","","","","","","","","","","","","","","","","",""
"3911396000250","01014","呼吸器内科","3","","","","","","","","","","","","","","","","","","","","","","","","","","","","","","","","",""
"3911396000250","01017","循環器内科","1","","","","","09:00","12:00","","","","","","","","","","","","","","","08:00","16:30","","","","","","","","","","",""
"3911396000250","01017","循環器内科","2","","","","","14:00","17:00","","","","","","","","","","","","","","","","","","","","","","","","","","",""
"3911396000250","01017","循環器内科","3","","","","","","","","","","","","","","","","","","","","","","","","","","","","","","","","",""
"3911396000250","01020","消化器内科","1","","","09:00","12:00","","","09:00","12:00","","","","","","","","","","","08:00","11:30","","","08:00","11:30","","","","","","","","",""
"3911396000250","01020","消化器内科","2","","","","","","","","","","","","","","","","","","","","","","","","","","","","","","","","",""
"3911396000250","01020","消化器内科","3","","","","","","","","","","","","","","","","","","","","","","","","","","","","","","","","",""
"3911396000250","02001","外科","1","","","","","","","","","","","","","","","","","","","","","","","","","","","","","","","","",""
"3911396000250","02001","外科","2","14:00","17:00","14:00","17:00","14:00","17:00","14:00","17:00","14:00","17:00","","","","","","","08:00","16:30","08:00","16:30","08:00","16:30","08:00","16:30","08:00","16:30","","","","","","",""
"3911396000250","02001","外科","3","","","","","","","","","","","","","","","","","","","","","","","","","","","","","","","","",""
"3911396000250","02002","脳神経外科","1","","","","","","","","","","","","","","","","","","","","","","","","","","","","","","","","",""
"3911396000250","02002","脳神経外科","2","","","","","","","","","","","","","","","","","","","","","","","","","","","","","","","","",""
"3911396000250","02002","脳神経外科","3","","","","","","","","","","","","","","","","","","","","","","","","","","","","","","","","",""
"3911396000250","02012","消化器外科","1","","","","","","","","","","","","","","","","","08:00","16:30","08:00","16:30","08:00","16:30","08:00","16:30","08:00","16:30","","","","","","",""
"3911396000250","02012","消化器外科","2","14:00","17:00","14:00","17:00","14:00","17:00","14:00","17:00","14:00","17:00","","","","","","","","","","","","","","","","","","","","","","",""
"3911396000250","02012","消化器外科","3","","","","","","","","","","","","","","","","","","","","","","","","","","","","","","","","",""
"3911396000250","02035","整形外科","1","09:00","12:00","09:00","12:00","09:00","12:00","09:00","12:00","09:00","12:00","","","","","","","08:00","11:30","08:00","11:30","08:00","11:30","08:00","11:30","08:00","11:30","","","","","","",""
"3911396000250","02035","整形外科","2","","","","","","","","","","","","","","","","","","","","","","","","","","","","","","","","",""
"3911396000250","02035","整形外科","3","","","","","","","","","","","","","","","","","","","","","","","","","","","","","","","","",""
"3911396000250","03001","小児科","1","","","11:00","12:00","09:00","12:00","","","","","","","","","","","","","08:00","11:30","08:00","11:30","","","","","","","","","","",""
"3911396000250","03001","小児科","2","","","14:00","17:00","14:00","16:30","","","","","","","","","","","","","08:00","16:30","08:00","16:00","","","","","","","","","","",""
"3911396000250","03001","小児科","3","","","","","","","","","","","","","","","","","","","","","","","","","","","","","","","","",""
"3911396000250","05001","眼科","1","","","","","","","","","09:00","12:00","09:00","12:00","","","","","","","","","","","","","08:00","16:30","08:00","11:30","","","","",""
"3911396000250","05001","眼科","2","","","","","","","","","14:00","17:00","","","","","","","","","","","","","","","","","","","","","","",""
"3911396000250","05001","眼科","3","","","","","","","","","","","","","","","","","","","","","","","","","","","","","","","","",""
"3911396000250","05002","耳鼻いんこう科","1","","","","","","","","","","","09:00","12:00","","","","","","","","","","","","","","","08:00","11:30","","","","",""
"3911396000250","05002","耳鼻いんこう科","2","","","","","","","","","","","","","","","","","","","","","","","","","","","","","","","","",""
"3911396000250","05002","耳鼻いんこう科","3","","","","","","","","","","","","","","","","","","","","","","","","","","","","","","","","",""
"3911396000250","06001","皮膚科","1","","","09:00","13:00","","","","","","","","","","","","","","","08:00","13:00","","","","","","","","","","","","",""
"3911396000250","06001","皮膚科","2","","","","","","","","","","","","","","","","","","","","","","","","","","","","","","","","",""
"3911396000250","06001","皮膚科","3","","","","","","","","","","","","","","","","","","","","","","","","","","","","","","","","",""
"3911396000250","06004","泌尿器科","1","","","","","","","","","","","09:00","12:00","","","","","","","","","","","","","","","08:00","11:30","","","","",""
"3911396000250","06004","泌尿器科","2","","","","","","","","","","","","","","","","","","","","","","","","","","","","","","","","",""
"3911396000250","06004","泌尿器科","3","","","","","","","","","","","","","","","","","","","","","","","","","","","","","","","","",""
"3911396000250","07003","心療内科","1","","","","","","","","","","","","","","","","","","","","","","","","","","","","","","","","",""
"3911396000250","07003","心療内科","2","","","","","","","","","","","","","","","","","","","","","","","","","","","","","","","","",""
"3911396000250","07003","心療内科","3","","","","","","","","","","","","","","","","","","","","","","","","","","","","","","","","",""
"3911396000250","09003","リハビリテーション科","1","","","","","","","","","","","","","","","","","","","","","","","","","","","","","","","","",""
"3911396000250","09003","リハビリテーション科","2","","","","","","","","","","","","","","","","","","","","","","","","","","","","","","","","",""
"3911396000250","09003","リハビリテーション科","3","","","","","","","","","","","","","","","","","","","","","","","","","","","","","","","","",""
"3911396000250","09011","麻酔科","1","","","","","","","","","","","","","","","","","","","","","","","","","","","","","","","","",""
"3911396000250","09011","麻酔科","2","","","","","","","","","","","","","","","","","","","","","","","","","","","","","","","","",""
"3911396000250","09011","麻酔科","3","","","","","","","","","","","","","","","","","","","","","","","","","","","","","","","","",""
"3911396000540","01001","内科","1","08:30","12:00","08:30","12:00","08:30","12:00","08:30","12:00","08:30","12:00","08:30","12:00","","","","","08:00","12:00","08:00","12:00","08:00","12:00","08:00","12:00","08:00","12:00","08:00","12:00","","","","",""
"3911396000540","01001","内科","2","13:30","17:00","13:30","17:00","13:30","17:00","13:30","17:00","13:30","17:00","","","","","","","12:30","17:00","12:30","17:00","12:30","17:00","12:30","17:00","12:30","17:00","","","","","","",""
"3911396000540","01001","内科","3","","","","","","","","","","","","","","","","","","","","","","","","","","","","","","","","",""
"3911396000540","01017","循環器内科","1","08:30","12:00","08:30","12:00","08:30","12:00","08:30","12:00","08:30","12:00","08:30","12:00","","","","","08:00","12:00","08:00","12:00","08:00","12:00","08:00","12:00","08:00","12:00","08:00","12:00","","","","",""
"3911396000540","01017","循環器内科","2","13:30","17:00","13:30","17:00","13:30","17:00","13:30","17:00","13:30","17:00","","","","","","","12:30","17:00","12:30","17:00","12:30","17:00","12:30","17:00","12:30","17:00","","","","","","",""
"3911396000540","01017","循環器内科","3","","","","","","","","","","","","","","","","","","","","","","","","","","","","","","","","",""
"3911396000540","01020","消化器内科","1","08:30","12:00","08:30","12:00","08:30","12:00","08:30","12:00","08:30","12:00","08:30","12:00","","","","","08:00","12:00","08:00","12:00","08:00","12:00","08:00","12:00","08:00","12:00","08:00","12:00","","","","",""
"3911396000540","01020","消化器内科","2","13:30","17:00","13:30","17:00","13:30","17:00","13:30","17:00","13:30","17:00","","","","","","","12:30","17:00","12:30","17:00","12:30","17:00","12:30","17:00","12:30","17:00","","","","","","",""
"3911396000540","01020","消化器内科","3","","","","","","","","","","","","","","","","","","","","","","","","","","","","","","","","",""
"3911396000540","01022","腎臓内科","1","08:30","12:00","08:30","12:00","08:30","12:00","08:30","12:00","08:30","12:00","08:30","12:00","","","","","08:00","12:00","08:00","12:00","08:00","12:00","08:00","12:00","08:00","12:00","08:00","12:00","","","","",""
"3911396000540","01022","腎臓内科","2","","","","","","","13:30","17:00","","","","","","","","","","","","","","","12:30","17:00","","","","","","","","",""
"3911396000540","01022","腎臓内科","3","","","","","","","","","","","","","","","","","","","","","","","","","","","","","","","","",""
"3911396000540","01023","人工透析内科","1","08:30","12:00","08:30","12:00","08:30","12:00","08:30","12:00","08:30","12:00","08:30","12:00","","","","","08:00","12:00","08:00","12:00","08:00","12:00","08:00","12:00","08:00","12:00","08:00","12:00","","","","",""
"3911396000540","01023","人工透析内科","2","","","","","","","13:30","17:00","","","","","","","","","","","","","","","12:30","17:00","","","","","","","","",""
"3911396000540","01023","人工透析内科","3","","","","","","","","","","","","","","","","","","","","","","","","","","","","","","","","",""
"3911396000540","03001","小児科","1","08:30","12:00","08:30","12:00","08:30","12:00","08:30","12:00","08:30","12:00","08:30","12:00","","","","","08:00","12:00","08:00","12:00","08:00","12:00","08:00","12:00","08:00","12:00","08:00","12:00","","","","",""
"3911396000540","03001","小児科","2","13:30","17:00","13:30","17:00","13:30","17:00","13:30","17:00","13:30","17:00","","","","","","","12:30","17:00","12:30","17:00","12:30","17:00","12:30","17:00","12:30","17:00","","","","","","",""
"3911396000540","03001","小児科","3","","","","","","","","","","","","","","","","","","","","","","","","","","","","","","","","",""
"3911396000540","09003","リハビリテーション科","1","08:30","12:00","08:30","12:00","08:30","12:00","08:30","12:00","08:30","12:00","08:30","12:00","","","","","08:00","12:00","08:00","12:00","08:00","12:00","08:00","12:00","08:00","12:00","08:00","12:00","","","","",""
"3911396000540","09003","リハビリテーション科","2","13:30","17:00","13:30","17:00","13:30","17:00","13:30","17:00","13:30","17:00","","","","","","","12:30","17:00","12:30","17:00","12:30","17:00","12:30","17:00","12:30","17:00","","","","","","",""
"3911396000540","09003","リハビリテーション科","3","","","","","","","","","","","","","","","","","","","","","","","","","","","","","","","","",""
"3911396200180","01001","内科","1","08:30","12:00","08:30","12:00","08:30","12:00","08:30","12:00","08:30","12:00","","","","","","","07:30","11:30","07:30","11:30","07:30","11:30","07:30","11:30","07:30","11:30","","","","","","",""
"3911396200180","01001","内科","2","13:30","17:00","13:30","17:00","13:30","17:00","13:30","17:00","13:30","17:00","","","","","","","12:00","16:00","12:00","16:00","12:00","16:00","12:00","16:00","12:00","16:00","","","","","","",""
"3911396200180","01001","内科","3","","","","","","","","","","","","","","","","","","","","","","","","","","","","","","","","",""
"3911396200180","01014","呼吸器内科","1","08:30","12:00","08:30","12:00","08:30","12:00","08:30","12:00","08:30","12:00","","","","","","","07:30","11:30","07:30","11:30","07:30","11:30","07:30","11:30","07:30","11:30","","","","","","",""
"3911396200180","01014","呼吸器内科","2","13:30","17:00","","","","","13:30","17:00","","","","","","","","","12:00","16:00","","","","","12:00","16:00","","","","","","","","",""
"3911396200180","01014","呼吸器内科","3","","","","","","","","","","","","","","","","","","","","","","","","","","","","","","","","",""
"3911396200180","01017","循環器内科","1","08:30","12:00","08:30","12:00","08:30","12:00","","","08:30","12:00","","","","","","","07:30","11:30","07:30","11:30","07:30","11:30","","","07:30","11:30","","","","","","",""
"3911396200180","01017","循環器内科","2","13:30","17:00","13:30","17:00","13:30","17:00","","","13:30","17:00","","","","","","","12:00","16:00","12:00","16:00","12:00","16:00","","","12:00","16:00","","","","","","",""
"3911396200180","01017","循環器内科","3","","","","","","","","","","","","","","","","","","","","","","","","","","","","","","","","",""
"3911396200180","01020","消化器内科","1","","","","","08:30","12:00","","","","","","","","","","","","","","","07:30","11:30","","","","","","","","","","",""
"3911396200180","01020","消化器内科","2","","","","","","","","","","","","","","","","","","","","","","","","","","","","","","","","",""
"3911396200180","01020","消化器内科","3","","","","","","","","","","","","","","","","","","","","","","","","","","","","","","","","",""
"3911396200180","02001","外科","1","08:30","12:00","08:30","12:00","08:30","12:00","08:30","12:00","","","","","","","","","07:30","11:30","07:30","11:30","07:30","11:30","07:30","11:30","","","","","","","","",""
"3911396200180","02001","外科","2","","","","","","","13:30","17:00","14:00","17:00","","","","","","","","","","","","","12:00","16:00","12:00","16:00","","","","","","",""
"3911396200180","02001","外科","3","","","","","","","","","","","","","","","","","","","","","","","","","","","","","","","","",""
"3911396200180","02002","脳神経外科","1","08:30","12:00","08:30","12:00","09:00","11:30","08:30","12:00","08:30","12:00","","","","","","","07:30","11:30","07:30","11:30","07:30","11:30","07:30","11:30","07:30","11:30","","","","","","",""
"3911396200180","02002","脳神経外科","2","13:30","17:00","13:30","17:00","13:30","16:00","13:30","17:00","13:30","17:00","","","","","","","12:00","16:00","12:00","16:00","12:00","15:00","12:00","16:00","12:00","16:00","","","","","","",""
"3911396200180","02002","脳神経外科","3","","","","","","","","","","","","","","","","","","","","","","","","","","","","","","","","",""
"3911396200180","02035","整形外科","1","08:30","12:00","","","08:30","12:00","","","08:30","12:00","09:00","12:00","","","","","07:30","11:30","","","07:30","11:30","","","07:30","11:30","07:30","11:00","","","","",""
"3911396200180","02035","整形外科","2","","","","","","","13:30","17:00","","","","","","","","","","","","","","","12:00","16:00","","","","","","","","",""
"3911396200180","02035","整形外科","3","","","","","","","","","","","","","","","","","","","","","","","","","","","","","","","","",""
"3911396200180","02036","形成外科","1","","","","","","","10:30","12:00","","","","","","","","","","","","","","","07:30","11:30","","","","","","","","",""
"3911396200180","02036","形成外科","2","","","","","","","13:30","17:00","","","","","","","","","","","","","","","12:00","16:00","","","","","","","","",""
"3911396200180","02036","形成外科","3","","","","","","","","","","","","","","","","","","","","","","","","","","","","","","","","",""
"3911396200180","03001","小児科","1","08:30","12:00","08:30","12:00","08:30","12:00","08:30","12:00","08:30","12:00","08:30","12:00","","","","","07:30","11:30","07:30","11:30","07:30","11:30","07:30","11:30","07:30","11:30","07:30","11:30","","","","",""
"3911396200180","03001","小児科","2","13:30","17:00","14:30","17:00","13:30","17:00","13:30","17:00","13:30","17:00","","","","","","","12:00","16:00","12:00","16:00","12:00","16:00","12:00","16:00","12:00","16:00","","","","","","",""
"3911396200180","03001","小児科","3","","","","","","","","","","","","","","","","","","","","","","","","","","","","","","","","",""
"3911396200180","04003","婦人科","1","","","","","08:30","12:00","08:30","12:00","","","","","","","","","","","","","07:30","11:30","07:30","11:30","","","","","","","","",""
"3911396200180","04003","婦人科","2","","","","","13:30","16:00","","","","","","","","","","","","","","","12:00","15:00","","","","","","","","","","",""
"3911396200180","04003","婦人科","3","","","","","","","","","","","","","","","","","","","","","","","","","","","","","","","","",""
"3911396200180","05001","眼科","1","09:00","12:00","09:00","12:00","09:00","12:00","09:00","12:00","","","","","","","","","07:30","11:00","07:30","11:00","07:30","11:00","07:30","11:00","","","","","","","","",""
"3911396200180","05001","眼科","2","","","","","","","","","","","","","","","","","","","","","","","","","","","","","","","","",""
"3911396200180","05001","眼科","3","","","","","","","","","","","","","","","","","","","","","","","","","","","","","","","","",""
"3911396200180","05002","耳鼻いんこう科","1","08:30","12:00","08:30","12:00","08:30","12:00","08:30","12:00","08:30","12:00","08:30","12:00","","","","","07:30","11:30","07:30","11:30","07:30","11:30","07:30","11:30","07:30","11:30","07:30","11:30","","","","",""
"3911396200180","05002","耳鼻いんこう科","2","","","","","","","14:00","17:00","","","","","","","","","","","","","","","12:00","16:00","","","","","","","","",""
"3911396200180","05002","耳鼻いんこう科","3","","","","","","","","","","","","","","","","","","","","","","","","","","","","","","","","",""
"3911396200180","06004","泌尿器科","1","08:30","12:00","08:30","12:00","08:30","12:00","08:30","12:00","08:30","12:00","","","","","","","07:30","11:30","07:30","11:30","07:30","11:30","07:30","11:30","07:30","11:30","","","","","","",""
"3911396200180","06004","泌尿器科","2","","","","","","","","","","","","","","","","","","","","","","","","","","","","","","","","",""
"3911396200180","06004","泌尿器科","3","","","","","","","","","","","","","","","","","","","","","","","","","","","","","","","","",""
"3911396200180","09003","リハビリテーション科","1","08:30","12:00","","","08:30","12:00","","","08:30","12:00","","","","","","","07:30","11:30","","","07:30","11:30","","","07:30","11:30","","","","","","",""
"3911396200180","09003","リハビリテーション科","2","","","","","","","","","","","","","","","","","","","","","","","","","","","","","","","","",""
"3911396200180","09003","リハビリテーション科","3","","","","","","","","","","","","","","","","","","","","","","","","","","","","","","","","",""
"3911396200180","09004","放射線科","1","","","","","","","","","","","","","","","","","","","","","","","","","","","","","","","","",""
"3911396200180","09004","放射線科","2","","","","","","","","","","","","","","","","","","","","","","","","","","","","","","","","",""
"3911396200180","09004","放射線科","3","","","","","","","","","","","","","","","","","","","","","","","","","","","","","","","","",""
"3911396200180","09010","救急科","1","","","","","","","","","","","","","","","","","","","","","","","","","","","","","","","","",""
"3911396200180","09010","救急科","2","","","","","","","","","","","","","","","","","","","","","","","","","","","","","","","","",""
"3911396200180","09010","救急科","3","","","","","","","","","","","","","","","","","","","","","","","","","","","","","","","","",""
"3911396200180","09011","麻酔科","1","","","","","","","","","","","","","","","","","","","","","","","","","","","","","","","","",""
"3911396200180","09011","麻酔科","2","","","","","","","","","","","","","","","","","","","","","","","","","","","","","","","","",""
"3911396200180","09011","麻酔科","3","","","","","","","","","","","","","","","","","","","","","","","","","","","","","","","","",""
"3911396300110","01001","内科","1","09:00","12:30","09:00","12:30","09:00","12:30","09:00","12:30","09:00","12:30","09:00","12:00","","","","","08:30","12:00","08:30","12:00","08:30","12:00","08:30","12:00","08:30","12:00","08:30","11:30","","","","",""
"3911396300110","01001","内科","2","13:30","16:00","13:30","16:00","13:30","16:00","13:30","16:00","13:30","16:00","","","","","","","13:00","15:30","13:00","15:30","13:00","15:30","13:00","15:30","13:00","15:30","","","","","","","空欄にした: 土_診療 00:00-00:00（開始と終了が同じ） / 空欄にした: 土_外来受付 00:00-00:00（開始と終了が同じ）"
"3911396300110","01001","内科","3","","","","","","","","","","","","","","","","","","","","","","","","","","","","","","","","","空欄にした: 月_診療 00:00-00:00（開始と終了が同じ） / 空欄にした: 火_診療 00:00-00:00（開始と終了が同じ） / 空欄にした: 水_診療 00:00-00:00（開始と終了が同じ） / 空欄にした: 木_診療 00:00-00:00（開始と終了が同じ） / 空欄にした: 金_診療 00:00-00:00（開始と終了が同じ） / 空欄にした: 土_診療 00:00-00:00（開始と終了が同じ） / 空欄にした: 月_外来受付 00:00-00:00（開始と終了が同じ） / 空欄にした: 火_外来受付 00:00-00:00（開始と終了が同じ） / 空欄にした: 水_外来受付 00:00-00:00（開始と終了が同じ） / 空欄にした: 木_外来受付 00:00-00:00（開始と終了が同じ） / 空欄にした: 金_外来受付 00:00-00:00（開始と終了が同じ） / 空欄にした: 土_外来受付 00:00-00:00（開始と終了が同じ）"
"3911396300370","01001","内科","1","08:30","12:30","08:30","12:30","08:30","12:30","08:30","12:30","08:30","12:30","08:30","12:30","","","","","08:00","12:00","08:00","12:00","08:00","12:00","08:00","12:00","08:00","12:00","08:00","12:00","","","","",""
"3911396300370","01001","内科","2","13:30","17:30","13:30","17:30","13:30","17:30","13:30","17:30","13:30","17:30","","","","","","","12:30","17:00","12:30","17:00","12:30","17:00","12:30","17:00","12:30","17:00","","","","","","",""
"3911396300370","01001","内科","3","","","","","","","","","","","","","","","","","","","","","","","","","","","","","","","","",""
"3911396300370","02002","脳神経外科","1","","","","","08:30","12:30","","","","","","","","","","","","","","","08:00","12:00","","","","","","","","","","",""
"3911396300370","02002","脳神経外科","2","","","","","","","14:00","16:00","14:00","16:00","","","","","","","","","","","","","13:30","16:00","14:00","15:30","","","","","","",""
"3911396300370","02002","脳神経外科","3","","","","","","","","","","","","","","","","","","","","","","","","","","","","","","","","",""
"3911396300370","02035","整形外科","1","08:30","12:30","08:30","12:30","","","08:30","12:30","08:30","12:30","","","","","","","08:00","12:00","08:00","12:00","","","08:00","12:00","08:00","12:00","","","","","","",""
"3911396300370","02035","整形外科","2","13:30","17:30","13:30","17:30","","","13:30","17:30","13:30","17:30","","","","","","","12:30","17:00","12:30","17:00","","","12:30","17:00","12:30","17:00","","","","","","",""
"3911396300370","02035","整形外科","3","","","","","","","","","","","","","","","","","","","","","","","","","","","","","","","","",""
"3911396300370","09003","リハビリテーション科","1","08:30","12:30","08:30","12:30","08:30","12:30","08:30","12:30","08:30","12:30","08:30","12:30","","","","","08:00","12:00","08:00","12:00","08:00","12:00","08:00","12:00","08:00","12:00","08:00","12:00","","","","",""
"3911396300370","09003","リハビリテーション科","2","13:30","17:30","13:30","17:30","13:30","17:30","13:30","17:30","13:30","17:30","","","","","","","12:30","17:00","12:30","17:00","12:30","17:00","12:30","17:00","12:30","17:00","","","","","","",""
"3911396300370","09003","リハビリテーション科","3","","","","","","","","","","","","","","","","","","","","","","","","","","","","","","","","",""
