"ID","正式名称","正式名称（フリガナ）","略称","略称（フリガナ）","英語表記（ローマ字表記）","機関区分","都道府県コード","市区町村コード","所在地","所在地座標（緯度）","所在地座標（経度）","案内用ホームページアドレス","毎週決まった曜日に休診（月）","毎週決まった曜日に休診（火）","毎週決まった曜日に休診（水）","毎週決まった曜日に休診（木）","毎週決まった曜日に休診（金）","毎週決まった曜日に休診（土）","毎週決まった曜日に休診（日）","決まった週に休診（定期週）第1週（月）","決まった週に休診（定期週）第1週（火）","決まった週に休診（定期週）第1週（水）","決まった週に休診（定期週）第1週（木）","決まった週に休診（定期週）第1週（金）","決まった週に休診（定期週）第1週（土）","決まった週に休診（定期週）第1週（日）","決まった週に休診（定期週）第2週（月）","決まった週に休診（定期週）第2週（火）","決まった週に休診（定期週）第2週（水）","決まった週に休診（定期週）第2週（木）","決まった週に休診（定期週）第2週（金）","決まった週に休診（定期週）第2週（土）","決まった週に休診（定期週）第2週（日）","決まった週に休診（定期週）第3週（月）","決まった週に休診（定期週）第3週（火）","決まった週に休診（定期週）第3週（水）","決まった週に休診（定期週）第3週（木）","決まった週に休診（定期週）第3週（金）","決まった週に休診（定期週）第3週（土）","決まった週に休診（定期週）第3週（日）","決まった週に休診（定期週）第4週（月）","決まった週に休診（定期週）第4週（火）","決まった週に休診（定期週）第4週（水）","決まった週に休診（定期週）第4週（木）","決まった週に休診（定期週）第4週（金）","決まった週に休診（定期週）第4週（土）","決まった週に休診（定期週）第4週（日）","決まった週に休診（定期週）第5週（月）","決まった週に休診（定期週）第5週（火）","決まった週に休診（定期週）第5週（水）","決まった週に休診（定期週）第5週（木）","決まった週に休診（定期週）第5週（金）","決まった週に休診（定期週）第5週（土）","決まった週に休診（定期週）第5週（日）","祝日に休診","その他の休診日（gw、お盆等）","一般病床","療養病床","療養病床のうち医療保険適用","療養病床のうち介護保険適用","合計病床数","注記","座標の出典"
"3922393101010","潮見台診療所","シオミダイシンリョウショ","潮見台診療所","シオミダイシンリョウショ","Shiomidai Clinic","2","39","201","高知県高知市潮見台",33.557533,133.620162,"http://www.kcb-net.ne.jp/norim","1","1","1","1","1","1","0","1","1","1","1","1","1","1","1","1","1","1","1","1","1","1","1","1","1","1","1","1","1","1","1","1","1","1","1","1","1","1","1","1","1","1","0","12月31日 1月3日 1月2日 1月1日 12月30日 12月29日","","","","","0","","原データ"
"3922393101140","ふないキッズクリニック","フナイキッズクリニック","ふないキッズクリニック","フナイキッズクリニック","Funaikids clinic","2","39","201","高知県高知市北新田町",33.552813,133.551282,"https://funaikids.com","1","1","1","1","1","1","0","1","1","1","1","1","1","0","1","1","1","1","1","1","0","1","1","1","1","1","1","0","1","1","1","1","1","1","0","1","1","1","1","1","1","0","0","1月1日 1月2日 1月3日 12月30日 12月31日","0","0","","","0","","原データ"
"3922393101850","山下脳神経外科","ヤマシタノウシンケイゲカ","山下脳外科","ヤマシタノウゲカ","Yamashita Nougeka","2","39","201","高知県高知市南元町",33.556779,133.507671,"https://www.yamashitanoushinkeigeka.com/","0","1","1","1","1","1","0","0","1","1","1","1","1","0","0","1","1","1","1","1","0","0","1","1","1","1","1","0","0","1","1","1","1","1","0","0","1","1","1","1","1","0","0","12月29日 12月30日 12月31日 1月1日 1月2日 1月3日","","","","","0","","原データ"
"3922393102150","吉村神経内科リハビリクリニック","ヨシムラシンケイナイカリハビリクリニック","吉村神経内科リハビリクリニック","ヨシムラシンケイナイカリハビリクリニック","Yoshimura Neurology and Rhehabiritation Clinic","2","39","201","高知県高知市百石町２丁目２番１号",33.549425,133.54443,"","1","1","1","1","1","0","0","1","1","1","1","1","0","0","1","1","1","1","1","0","0","1","1","1","1","1","0","0","1","1","1","1","1","0","0","1","1","1","1","1","0","0","0","12月31日 12月30日 1月3日 1月2日 1月1日","0","0","","","0","","原データ"
"3922393102440","メディカルカウンセリングルームいとうクリニック","メディカルカウンセリングルームイトウクリニック","いとうクリニック","イトウクリニック","Itoh Clinic","2","39","201","高知県高知市追手筋２丁目７番８号レジデンス大手前Ａ５０３",33.560254,133.534409,"http://www.itohclinic.jp","1","1","1","1","1","1","0","1","1","1","1","1","1","0","1","1","1","1","1","1","0","1","1","1","1","1","1","0","1","1","1","1","1","1","0","1","1","1","1","1","1","0","0","1月1日 1月2日 1月3日 1月4日 8月9日 8月10日 8月11日 8月12日 8月13日 8月14日 8月15日 12月29日 12月30日 12月31日","","","","","0","","原データ"
"3922393102600","谷田内科クリニック","タニダナイカクリニック","谷田内科クリニック","タニダナイカクリニック","TANIDA Internal Medical Clinic","2","39","201","高知県高知市本町４ー１ー５２　本町ＭＬプラザ１Ｆ",33.558782,133.533823,"http://www.tanidanaika.com/","1","1","1","1","1","0","0","1","1","1","1","1","1","1","1","1","1","1","1","1","1","1","1","1","1","1","1","1","1","1","1","1","1","1","1","1","1","1","1","1","1","1","0","12月31日 12月30日 12月29日 1月3日 1月2日 1月1日","","","","","0","","原データ"
"3922393102730","たかさきクリニック胃腸科内科","タカサキクリニックイチョウカナイカ","たかさきクリニック","タカサキクリニック","Takasaki Clinic","2","39","201","高知県高知市杉井流２番３２号",33.567787,133.555379,"http://endoscopy.jp/","1","1","1","1","1","1","0","1","1","1","1","1","1","1","1","1","1","1","1","1","1","1","1","1","1","1","1","1","1","1","1","1","1","1","1","1","1","1","1","1","1","1","0","","","","","","0","","原データ"
"3922393102990","くすのせ形成外科","クスノセケイセイゲカ","くすのせ形成外科","クスノセケイセイゲカ","Kusunose Skin Surgery Clinic","2","39","201","高知県高知市新本町１丁目１４ー３　メディパーク高知駅２階",33.568897,133.5434,"https://kusunose-clinic.jp/","1","1","0","1","1","1","0","1","1","1","1","1","1","1","1","1","1","1","1","1","1","1","1","1","1","1","1","1","1","1","1","1","1","1","1","1","1","1","1","1","1","1","0","12月24日","","","","","0","","原データ"
"3922393103160","レディスクリニックコスモス","レディスクリニックコスモス","レディスクリニックコスモス","レディスクリニックコスモス","Ladys clinic cosmos","2","39","201","高知県高知市杉井流６－２７",33.569465386,133.554890251,"https://www.lccosmos.jp/","1","1","1","1","1","1","0","1","1","1","1","1","1","0","1","1","1","1","1","1","0","1","1","1","1","1","1","0","1","1","1","1","1","1","0","1","1","1","1","1","1","0","0","12月31日 12月30日 12月29日 1月3日 1月2日 1月1日","0","0","0","0","0","書き換えた: 緯度経度 33.561318, 133.538111 → 住居表示の住所から求めた位置（住所から1,799m離れている）","住居表示"
"3922393103320","塩見クリニック","シオミクリニック","塩見クリニック","シオミクリニック","Siomi Clinic","2","39","201","高知県高知市六泉寺町",33.538007,133.544336,"http://www.siomiclinic.com/","1","1","1","1","1","1","0","1","1","1","1","1","1","1","1","1","1","1","1","1","1","1","1","1","1","1","1","1","1","1","1","1","1","1","1","1","1","1","1","1","1","1","0","12月30日 12月31日 1月1日 1月2日 1月3日","0","0","","","0","","原データ"
"3922393103900","藤田クリニック","フジタクリニック","藤田クリニック","フジタクリニック","Fujita Clinic","2","39","201","高知県高知市旭町２丁目２３ー３５",33.555834,133.510891,"https://peraichi.com/landing_pages/view/fujita/","1","1","1","0","1","1","0","1","1","1","0","1","1","0","1","1","1","0","1","1","0","1","1","1","0","1","1","0","1","1","1","0","1","1","0","1","1","1","0","1","1","0","0","12月31日 1月2日 1月3日","","","","","0","","原データ"
"3922393104170","うしおえ太陽クリニック","ウシオエタイヨウクリニック","うしおえ太陽クリニック","ウシオエタイヨウクリニック","UsihoetaiyouClinic","2","39","201","高知県高知市竹島町１３ー１　うしおえメディカルビル・イーア２Ｆ",33.542832,133.542547,"https://www.taiyou-clinic.jp/","1","1","1","1","1","1","0","1","1","1","1","1","1","0","1","1","1","1","1","1","0","1","1","1","1","1","1","0","1","1","1","1","1","1","0","1","1","1","1","1","1","0","0","12月31日 12月30日 1月3日 1月2日 1月1日","0","0","","","0","","原データ"
"3922393104200","まさおか眼科","マサオカガンカ","まさおか眼科","マサオカガンカ","Masaoka Eye Clinic","2","39","201","高知県高知市竹島町１３－１　うしおえメディカルビルイーア２階",33.542832,133.542547,"","1","1","1","1","1","1","0","1","1","1","1","1","1","0","1","1","1","1","1","1","0","1","1","1","1","1","1","0","1","1","1","1","1","1","0","1","1","1","1","1","1","0","0","","0","0","","","0","","原データ"
"3922393104460","医療法人慈孝会　はまだ小児科","イリョウホウジンジコウカイ　ハマダショウニカ","はまだ小児科","ハマダショウニカ","Hamada syounika","2","39","201","高知県高知市桟橋通１丁目１３番６号",33.551553,133.5449,"https://www.hamadakids.com","","1","1","","1","1","0","1","1","1","1","1","1","1","1","1","1","1","1","1","1","1","1","1","1","1","1","1","1","1","1","1","1","1","1","1","1","1","1","1","1","1","0","","","","","","0","","原データ"
"3922393104750","永野耳鼻咽喉科・アレルギー科医院","ナガノジビインコウカアレルギーカイイン","永野耳鼻咽喉科・アレルギー科","ナガノジビインコウカアレルギーカ","Nagano Jibiinkouka Arerugika","2","39","201","高知県高知市上町５−２−１４",33.557843,133.518266,"","1","1","1","1","1","1","0","1","1","1","1","1","1","1","1","1","1","1","1","1","1","1","1","1","1","1","1","1","1","1","1","1","1","1","1","1","1","1","1","1","1","1","0","12月29日 12月30日 12月31日 1月1日 1月2日 1月3日","","","","","0","","原データ"
"3922393105050","松本クリニック","マツモトクリニック","松本クリニック","マツモトクリニック","Matsumoto Clinic","2","39","201","高知県高知市桟橋通２丁目７ー１１",33.548075,133.548449,"","1","1","1","1","1","1","0","1","1","1","1","1","1","0","1","1","1","1","1","1","0","1","1","1","1","1","1","0","1","1","1","1","1","1","0","1","1","1","1","1","1","0","0","1月1日 1月2日 1月3日 12月31日","","","","","0","","原データ"
"3922393105890","かわむらクリニック整形外科","カワムラクリニックセイケイゲカ","かわむらクリニック整形外科","カワムラクリニックセイケイゲカ","Kawamura clinic orthopedic suvgery","2","39","201","高知県高知市杉井流１－５",33.568015,133.554784,"http://www.kawamura-cl.jp","1","1","1","1","1","1","0","1","1","1","1","1","1","1","1","1","1","1","1","1","1","1","1","1","1","1","1","1","1","1","1","1","1","1","1","1","1","1","1","1","1","1","0","12月30日 12月31日 1月1日 1月2日 1月3日","","","","","0","疑い: 「毎週決まった曜日に休診（月）」が 1（診療）だが、月曜の診療時間が無い / 疑い: 「毎週決まった曜日に休診（火）」が 1（診療）だが、火曜の診療時間が無い / 疑い: 「毎週決まった曜日に休診（水）」が 1（診療）だが、水曜の診療時間が無い / 疑い: 「毎週決まった曜日に休診（木）」が 1（診療）だが、木曜の診療時間が無い / 疑い: 「毎週決まった曜日に休診（金）」が 1（診療）だが、金曜の診療時間が無い / 疑い: 「毎週決まった曜日に休診（土）」が 1（診療）だが、土曜の診療時間が無い","原データ"
"3922393105920","ひらた皮フ科","ヒラタヒフカ","ひらた皮フ科","ヒラタヒフカ","Hirata Dermatological Clinic","2","39","201","高知県高知市竹島町１３−１　うしおえメディカルビル・イーア４階",33.542832,133.542547,"","1","1","1","1","0","1","0","1","1","1","1","1","1","1","1","1","1","1","1","1","1","1","1","1","1","1","1","1","1","1","1","1","1","1","1","1","1","1","1","1","1","1","0","12月30日 12月31日 1月1日 1月2日 1月3日 10月13日","","","","","0","","原データ"
"3922393106060","クリニックひろと","クリニックヒロト","クリニックひろと","クリニックヒロト","Clinic Hiroto","2","39","201","高知県高知市長浜",33.500303,133.54819,"http://www.c-hiroto.jp","1","1","1","1","1","1","0","1","1","1","1","1","1","0","1","1","1","1","1","1","0","1","1","1","1","1","1","0","1","1","1","1","1","1","0","1","1","1","1","1","1","0","0","12月31日 1月1日 1月2日 1月3日","19","0","","","19","","原データ"
"3922393106510","依光内科クリニック","ヨリミツナイカクリニック","依光内科クリニック","ヨリミツナイカクリニック","YORIMITSU CLINIC of MEDICINE","2","39","201","高知県高知市愛宕町１丁目２ー２２",33.565378,133.536736,"","1","1","1","1","1","1","0","1","1","1","1","1","1","1","1","1","1","1","1","1","1","1","1","1","1","1","1","1","1","1","1","1","1","1","1","1","1","1","1","1","1","1","0","","","","","","0","","原データ"
"3922393106640","らくだクリニック","ラクダクリニック","らくだクリニック","ラクダクリニック","Rakuda Clinic","2","39","201","高知県高知市南元町３０番地",33.556476,133.507175,"http://rakuda-clinic.com","1","1","1","1","1","1","0","1","1","1","1","1","1","0","1","1","1","1","1","1","0","1","1","1","1","1","1","0","1","1","1","1","1","1","0","1","1","1","1","1","1","0","0","12月31日 1月3日","","","","","0","","原データ"
"3922393107070","クリニック地球３３番地","クリニック　チキュウ３３バンチ","クリニック地球３３番地","クリニック　チキュウ３３バンチ","clinic tikyu sanjusanbanchi","2","39","201","高知県高知市北本町４ー４ー６１",33.563684,133.554615,"http://earth-33.com","","","","","","","0","","","","","","","","","","","","","","","","","","","","","","","","","","","","","","","","","","","","0","12月30日 12月31日 1月1日 1月2日 1月3日 8月15日","","","","","0","","原データ"
"3922393107100","大崎眼科","オオサキガンカ","大崎眼科","オオサキガンカ","Osaki ophthalmic clinic","2","39","201","高知県高知市朝倉甲６０ー１",33.543164,133.501848,"","1","1","1","1","1","1","0","1","1","1","1","1","1","1","1","1","1","1","1","1","1","1","1","1","1","1","1","1","1","1","1","1","1","1","1","1","1","1","1","1","1","1","0","8月10日 8月13日 12月29日 12月31日 1月1日 1月2日 1月3日","0","0","0","0","0","","原データ"
"3922393107360","医療法人成仁会　快聖クリニック","イリョウホウジンセイジンカイカイセイクリニック","医療法人成仁会　快聖クリニック","イリョウホウジンセイジンカイカイセイクリニック","kaiseiclinic","2","39","201","高知県高知市鴨部１０８５－１",33.54761,133.504709,"https://www.kaisei-clinic.com/","1","1","1","1","1","0","0","1","1","1","1","1","1","1","1","1","1","1","1","1","1","1","1","1","1","1","1","1","1","1","1","1","1","1","1","1","1","1","1","1","1","1","0","12月31日 12月30日 12月29日 1月3日 1月2日 1月1日","19","","","","19","疑い: 「毎週決まった曜日に休診（土）」が 0（休診）だが、土曜の診療時間が入っている","原データ"
"3922393107490","きたじま内科クリニック","キタジマナイカクリニック","きたじま内科クリニック","キタジマナイカクリニック","KitajimaNaikaClinic","2","39","201","高知県高知市高須２ー５ー２２",33.558897,133.586845,"","1","1","1","1","1","1","0","1","1","1","1","1","1","0","1","1","1","1","1","1","0","1","1","1","1","1","1","0","1","1","1","1","1","1","0","1","1","1","1","1","1","0","0","12月30日 12月31日 1月1日 1月2日 1月3日","","","","","0","","原データ"
"3922393107650","医療法人　三和会　福井診療所内科消化器科","イリョウホウジン　サンワカイ　フクイシンリョウショナイカショウカキカ","福井診療所内科消化器科","フクイシンリョウショナイカショウカキカ","fukui-clinic","2","39","201","高知県高知市福井扇町１１７８ー１",33.568589,133.5085,"https://fukuiclinic-kochi.jp/index.html","1","1","1","1","1","1","0","1","1","1","1","1","1","1","1","1","1","1","1","1","1","1","1","1","1","1","1","1","1","1","1","1","1","1","1","1","1","1","1","1","1","1","0","12月30日・12月31日 ・1月1日・ 1月2日 ・1月3日","","","","","0","","原データ"
"3922393108080","島崎クリニック","シマサキクリニック","島崎クリニック","シマサキクリニック","Shimasaki Clinic","2","39","201","高知県高知市桟橋通２ー１２ー５",33.549836,133.546072,"http://www.simasakiclinic.net/","1","1","1","1","1","1","0","1","1","1","1","1","1","0","1","1","1","1","1","1","0","1","1","1","1","1","1","0","1","1","1","1","1","1","0","1","1","1","1","1","1","0","0","12月31日 12月30日 1月3日 1月2日 8月13日 8月14日 8月15日","","","","","0","","原データ"
"3922393108110","Ｄｒ．オヤマ診療所","ドクターオヤマシンリョウジョ","Ｄｒ．オヤマ診療所","ドクターオヤマシンリョウジョ","Dr.Oyama Clinic","2","39","201","高知県高知市追手筋１－９－２２",33.561318,133.538111,"http://dr-oyama.org/","1","1","1","1","1","1","0","1","1","1","1","1","1","0","1","1","1","1","1","1","0","1","1","1","1","1","1","0","1","1","1","1","1","1","0","1","1","1","1","1","1","0","0","12月29日 12月30日 12月31日 1月1日 1月2日 1月3日（改行）水曜午後休診、水曜隔週で午前休診","","","","","0","","原データ"
"3922393108240","やまかわ乳腺クリニック","ヤマカワニュウセンクリニック","やまかわ乳腺クリニック","ヤマカワニュウセンクリニック","yamakawa breast clinic","2","39","201","高知県高知市若草町１５番４５号",33.542813,133.486866,"http://www.yamakawa-nyusen.jp","1","1","1","1","1","1","0","1","1","1","1","1","1","1","1","1","1","1","1","1","1","1","1","1","1","1","1","1","1","1","1","1","1","1","1","1","1","1","1","1","1","1","0","12月31日 12月30日 1月3日 1月2日 1月1日 8月13日 8月14日 8月15日","","","","","0","","原データ"
"3922393108530","こまつ眼科","コマツガンカ","こまつ眼科","コマツガンカ","Komatsu eye clinic","2","39","201","高知県高知市大津乙１０１８番地１",33.573089,133.596554,"http://www.komatsu-eye-clinic.jp","1","1","1","1","1","1","0","1","1","1","1","1","1","0","1","1","1","1","1","1","0","1","1","1","1","1","1","0","1","1","1","1","1","1","0","1","1","1","1","1","1","0","0","8月7日 8月8日 8月9日 8月12日 12月29日 12月30日 12月31日 1月1日 1月2日 1月3日","","","","","0","","原データ"
"3922393108660","桟橋みどりクリニック","サンバシミドリクリニック","桟橋みどりクリニック","サンバシミドリクリニック","","2","39","201","高知県高知市百石町２－８－８",33.549236,133.54534,"http://san-mido-clinic.com/","1","1","1","1","1","1","0","1","1","1","1","1","1","0","1","1","1","1","1","1","0","1","1","1","1","1","1","0","1","1","1","1","1","1","0","1","1","1","1","1","1","0","0","５月１６日、６月１３日、７月１１日、８月９日～１５日、９月１９日、１０月３日、１１月１４日、１２月１２日、１２月２７日～１月４日","0","0","","","0","","原データ"
"3922393108790","たむら内科クリニック","タムラナイカクリニック","たむら内科クリニック","タムラナイカクリニック","Tamura Medical Clinic","2","39","201","高知県高知市曙町一丁目１ー２０",33.552282,133.494899,"http://tamura-medic.jp","1","1","0","1","1","1","0","1","1","0","1","1","1","0","1","1","0","1","1","1","0","1","1","0","1","1","1","0","1","1","0","1","1","1","0","1","1","0","1","1","1","0","0","","0","0","0","0","0","","原データ"
"3922393109120","むくした耳鼻咽喉科","ムクシタジビインコウカ","むくした耳鼻咽喉科","ムクシタジビインコウカ","Mukushita Jibiinkoka","2","39","201","高知県高知市介良乙１０４９　高知東メディカルスクエア３階",33.561701,133.596275,"park.paa.jp","1","1","1","1","1","1","0","1","1","1","1","1","1","1","1","1","1","1","1","1","1","1","1","1","1","1","1","1","1","1","1","1","1","1","1","1","1","1","1","1","1","1","0","12月31日 12月30日 12月29日 1月3日 1月2日 1月1日","","","","","0","疑い: ホームページアドレス park.paa.jp（http:// や https:// が無い）","原データ"
"3922393109250","なかやまクリニック内科・循環器科","ナカヤマクリニックナイカジュンカンキカ","なかやまクリニック","ナカヤマクリニック","nakayama clinic","2","39","201","高知県高知市介良乙１０４９　高知東メディカルスクエア３Ｆ",33.561701,133.596277,"http://www.nakayamaclinic.com/0606/","1","1","1","0","1","1","0","1","1","1","1","1","1","1","1","1","1","1","1","1","1","1","1","1","1","1","1","1","1","1","1","1","1","1","1","1","1","1","1","1","1","1","0","12月30日 12月31日 1月1日 1月2日 1月3日","","","","","0","","原データ"
"3922393109380","ながの内科クリニック","ナガノナイカクリニック","ながの内科クリニック","ナガノナイカクリニック","nagano clinic","2","39","201","高知県高知市新田町",33.551417,133.553982,"https://nagano-naika-kc.com/","1","1","1","1","1","1","0","1","1","1","1","1","1","1","1","1","1","1","1","1","1","1","1","1","1","1","1","1","1","1","1","1","1","1","1","1","1","1","1","1","1","1","0","12月30日 12月31日 1月1日 1月2日 1月3日","0","0","","","0","","原データ"
"3922393109400","かわず皮フ科","カワズヒフカ","かわず皮フ科","カワズヒフカ","kawazu hifuka","2","39","201","高知県高知市横浜新町",33.516254,133.535385,"","1","1","1","0","1","1","0","1","1","1","0","1","1","0","1","1","1","0","1","1","0","1","1","1","0","1","1","0","1","1","1","0","1","1","0","1","1","1","0","1","1","0","0","12月30日 12月31日 1月1日 1月2日 1月3日","","","","","0","","原データ"
"3922393109410","おがわハートクリニック","オガワハートクリニック","おがわハートクリニック","オガワハートクリニック","Ogawa Heart Clinic","2","39","201","高知県高知市神田８４０ー１",33.54508,133.511509,"https://www.ogawaheartclinic.com/","1","1","1","1","1","1","0","1","1","1","1","1","1","1","1","1","1","1","1","1","1","1","1","1","1","1","1","1","1","1","1","1","1","1","1","1","1","1","1","1","1","1","0","12月31日 12月30日 1月3日 1月2日 1月1日","0","0","0","0","0","","原データ"
"3922393109540","アズマ耳鼻咽喉科・アレルギー科","アズマジビインコウカアレルギーカ","アズマ耳鼻咽喉科・アレルギー科","アズマジビインコウカアレルギーカ","Azuma ENT&allergy clinic","2","39","201","高知県高知市上町２ー２ー１６",33.557629,133.523696,"http://www.jibika-clinic.com","1","1","1","0","1","1","0","1","1","1","1","1","1","1","1","1","1","1","1","1","1","1","1","1","1","1","1","1","1","1","1","1","1","1","1","1","1","1","1","1","1","1","0","1月1日 1月2日 1月3日","","","","","0","","原データ"
"3922393109670","医療法人元史会　ふみの皮フ科","フミノヒフカ","ふみの皮フ科","イリョウホウジンモトフミカイ　フミノヒフカ","fumino dermatological clinic","2","39","201","高知県高知市福井扇町１１７８－３",33.568525,133.508742,"http://www.fumino.jp","1","1","1","0","1","1","0","1","1","1","1","1","1","1","1","1","1","1","1","1","1","1","1","1","1","1","1","1","1","1","1","1","1","1","1","1","1","1","1","1","1","1","0","1月2日 1月1日 12月31日 1月3日GW","0","0","0","0","0","疑い: 「毎週決まった曜日に休診（木）」が 0（休診）だが、木曜の診療時間が入っている","原データ"
"3922393109700","医療法人隆正会　さわだ耳鼻咽喉科・眼科","イリョウホウジン　リュウセイカイ　サワダジビインコウカガンカ","さわだ耳鼻咽喉科・眼科","サワダジビインコウカガンカ","Sawada Eye and Ear Clinic","2","39","201","高知県高知市福井町１７３４－５",33.567775,133.504459,"http://www.sawada-clinic.jp","1","1","1","1","1","1","0","1","1","1","1","1","1","1","1","1","1","1","1","1","1","1","1","1","1","1","1","1","1","1","1","1","1","1","1","1","1","1","1","1","1","1","0","","","","","","0","","原データ"
"3922393110100","医療法人聖美会　ＪＯＥクリニック","イリョウホウジンセイビカイ　ジョウクリニック","Ｊｏｅ　Ｃｌｉｎｉｃ高知院","ジョウクリニックコウチイン","JoeClinicKochi","2","39","201","高知県高知市本町３丁目１番１号　アイランドⅠビル　７階",33.559154784,133.53625287,"https://www.joeclinic.jp/","1","1","1","1","1","1","1","1","1","1","1","1","1","1","1","1","1","1","1","1","1","1","1","1","1","1","1","1","1","1","1","1","1","1","1","1","1","1","1","1","1","1","1","01月01日,01月02日,01月03日","0","0","","","0","書き換えた: 緯度経度 0.0, 0.0 → 住居表示の住所から求めた位置（元データに座標が無い）","住居表示"
"3922393110490","こどもクリニック　ケロちゃん","コドモクリニック　ケロチャン","こどもクリニック　ケロちゃん","コドモクリニック　ケロチャン","","2","39","201","高知県高知市鵜来巣１１ー３８ー１０　あさくらメディカルビル２Ｆ",33.540904,133.483859,"","1","1","1","1","0","1","1","1","1","1","1","1","1","1","1","1","1","1","1","1","1","1","1","1","1","1","1","1","1","1","1","1","1","1","1","1","1","1","1","1","1","1","0","12月30日 12月31日 1月1日 1月2日 1月3日","","","","","0","","原データ"
"3922393110520","医療法人　マウナケア　ここからクリニック","イリョウホウジン　マウナケア　ココカラクリニック","ここからクリニック","ココカラクリニック","cococara clinic","2","39","201","高知県高知市鵜来巣１１ー３８ー１０　あさくらメディカルビル３Ｆ",33.540904,133.483859,"","1","1","1","1","1","1","0","1","1","1","1","1","1","0","1","1","1","1","1","1","0","1","1","1","1","1","1","0","1","1","1","1","1","1","0","1","1","1","1","1","1","0","0","12月30日 12月31日 1月1日 1月2日 1月3日","","","","","0","","原データ"
"3922393110650","うぐるす内科クリニック","ウグルスナイカクリニック","うぐるす内科クリニック","ウグルスナイカクリニック","UGURUSU NAIKA CLINIC","2","39","201","高知県高知市鵜来巣１１番３８－１０号",33.540904,133.483859,"","1","1","1","1","1","1","0","1","1","1","1","1","1","1","1","1","1","1","1","1","0","1","1","1","1","1","1","0","1","1","1","1","1","1","0","1","1","1","1","1","1","0","0","12月31日 12月30日 1月3日 1月2日 8月15日","0","0","","","0","","原データ"
"3922393110780","高知ファミリークリニック","コウチファミリークリニック","高知ファミリークリニック","コウチファミリークリニック","Kochi Family Clinic","2","39","201","高知県高知市朝倉横町２３ー７ー１０",33.544549,133.492983,"http://www.kochi-family.jp/","1","1","1","1","1","1","0","1","1","1","1","1","1","1","1","1","1","1","1","1","1","1","1","1","1","1","1","1","1","1","1","1","1","1","1","1","1","1","1","1","1","1","0","12月31日 1月1日 1月2日 1月3日","19","0","","","19","","原データ"
"3922393111080","おおつ耳鼻咽喉科","オオツジビインコウカ","おおつ耳鼻咽喉科","オオツジビインコウカ","Otsu Jibiinkoka","2","39","201","高知県高知市鵜来巣１１ー３８ー１０　あさくらメディカルビル２Ｆ",33.540904,133.483859,"http://www.otsu-jibiinkoka.com/","1","1","0","1","1","1","0","1","1","1","1","1","1","1","1","1","1","1","1","1","1","1","1","1","1","1","1","1","1","1","1","1","1","1","1","1","1","1","1","1","1","1","0","12月31日 12月30日 1月3日 1月2日 1月1日","","","","","0","","原データ"
"3922393111110","ＡＧＡスキンクリニック　高知院","エージーエースキンクリニック　コウチイン","ＡＧＡスキンクリニック　高知院","エージーエースキンクリニック　コウチイン","AGA skin clinick Kochi-in","2","39","201","高知県高知市帯屋町１ー１３ー２３アベニュービル３Ｆ",33.560191,133.538866,"https://www.agaskin.net/clinic/ko/","1","1","1","1","1","1","1","1","1","1","1","1","1","1","1","1","1","1","1","1","1","1","1","1","1","1","1","1","1","1","1","1","1","1","1","1","1","1","1","1","1","1","1","不定休","0","0","","","0","","原データ"
"3922393111240","こうち静脈ケアクリニック","コウチジョウミャクケアクリニック","こうち静脈ケア","コウチジョウミャクケア","Kochi  vein care clinic","2","39","201","高知県高知市高須２－６－６４アーバンヒル青山１０１",33.558722,133.587898,"http://venonet.jp","1","1","0","0","1","1","0","1","1","1","1","1","1","1","1","1","1","1","1","1","1","1","1","1","1","1","1","1","1","1","1","1","1","1","1","1","1","1","1","1","1","1","0","12月31日 12月30日 12月29日 12月28日 1月3日 1月2日 1月1日 1月4日 1月5日 1月6日 1月7日","0","0","","","0","疑い: 「毎週決まった曜日に休診（火）」が 1（診療）だが、火曜の診療時間が無い","原データ"
"3922393111370","まなべ小児科・循環器科クリニック","マナベショウニカジュンカンキカクリニック","まなべ小児科","マナベショウニカ","Manabe Child Clinic","2","39","201","高知県高知市薊野西町３丁目８番１１号",33.578261,133.551106,"http://www.manabe-child-clinic.com/","1","1","0","1","1","1","0","1","1","1","1","1","1","1","1","1","1","1","1","1","1","1","1","1","1","1","1","1","1","1","1","1","1","1","1","1","1","1","1","1","1","1","0","12月31日 12月30日 1月1日 1月2日 1月3日 8月19日 8月20日 8月21日","0","0","0","0","0","","原データ"
"3922393111660","まつもとデイクリニック","マツモトデイクリニック","医療法人　静かな凛脈の会　まつもとデイクリニック","イリョウホウジン　シズカナリンミャクノカイ　マツモトデイクリニック","Matsumoto Day Clinic","2","39","201","高知県高知市北久保２−３９",33.569546,133.564358,"http://www.matsumoto-day-clinic.jp","1","1","1","1","1","1","0","1","1","1","1","1","0","1","1","1","1","1","1","1","1","1","1","1","1","1","0","1","1","1","1","1","1","1","1","1","1","1","1","1","0","1","0","12月29日 12月30日 12月31日 1月1 日1月2日 1月3日","0","0","","","0","","原データ"
"3922393112090","島崎耳鼻咽喉科","シマサキジビインコウカ","島崎耳鼻科","シマサキジビカ","Shimasaki Ear Nose Throat Clinic  Shimasaki jibika","2","39","201","高知県高知市愛宕町１丁目３番１１号",33.565884,133.535989,"","1","1","1","1","1","1","1","1","1","1","1","1","1","1","1","1","1","1","1","1","1","1","1","1","1","1","1","1","1","1","1","1","1","1","1","1","1","1","1","1","1","1","1","","","","","","0","","原データ"
"3922393112120","医療法人　仁栄会　島津クリニック比島","イリョウホウジン　ジンエイカイ　シマヅクリニックヒジマ","島津クリニック比島","シマヅクリニックヒジマ","shimazuclinichijima","2","39","201","高知県高知市比島町２ー１０ー３１",33.571976792,133.55089824,"","0","1","0","1","0","0","0","1","1","1","1","1","1","1","1","1","1","1","1","1","1","1","1","1","1","1","1","1","1","1","1","1","1","1","1","1","1","1","1","1","1","1","0","12月31日 12月30日 12月29日 1月3日 1月2日 1月1日","","0","","","0","書き換えた: 緯度経度 0.0, 0.0 → 住居表示の住所から求めた位置（元データに座標が無い）","住居表示"
"3922393112670","みなみが丘ポラリスクリニック","ミナミガオカポラリスクリニック","みなみが丘ポラリスクリニック","ミナミガオカポラリスクリニック","Minamigaoka Polaris Clinic","2","39","201","高知県高知市春野町南ケ丘１－４－１",33.515834,133.519678,"http://polarisclinic.blogspot.com/","1","1","1","1","1","1","0","1","1","1","1","1","1","1","1","1","1","1","1","1","1","1","1","1","1","1","1","1","1","1","1","1","1","1","1","1","1","1","1","1","1","1","0","1月1日 1月2日 1月3日 12月30日 12月31日 12月29日","0","0","0","0","0","","原データ"
"3922393112830","医療法人そらのいろ　あおぞら診療所高知潮江","イリョウホウジンソラノイロ　アオゾラシンリョウショコウチウシオエ","医療法人そらのいろ　あおぞら診療所高知潮江","イリョウホウジンソラノイロ　アオゾラシンリョウショコウチウシオエ","Aozora Medical Clinic Kochi","2","39","201","高知県高知市北竹島町５－１０",33.545635,133.541398,"https://soranoiro-aozora.jp/","1","1","1","1","1","0","0","","","","","","","","","","","","","","","","","","","","","","","","","","","","","","","","","","","","0","12月29日 12月30日 12月31日 1月1日 1月2日 1月3日","0","0","","","0","","原データ"
"3922393112960","はりまやばし診療所","ハリマヤバシシンリョウショ","はりまやばし診療所","ハリマヤバシシンリョウショ","Harimayabashi Clinic","2","39","201","高知県高知市はりまや町１丁目７ー７　川村ビル２Ｆ",33.560665,133.544106,"","1","1","0","1","1","0","0","","","","","","","","","","","","","","","","","","","","","","","","","","","","","","","","","","","","0","1月2日 1月3日 8月12日 8月13日 8月14日 8月15日 8月16日 12月29日 12月30日 12月31日","","","","","0","","原データ"
"3922393113000","宮川漢方クリニック","ミヤガワカンポウクリニック","宮川漢方クリニック","ミヤガワカンポウクリニック","","2","39","201","高知県高知市南はりまや町",,,"http://kochi-kampo.com/","1","1","1","0","1","1","0","1","1","1","1","1","1","1","1","1","1","1","1","1","1","1","1","1","1","1","1","1","1","1","1","1","1","1","1","1","1","1","1","1","1","1","0","12月29日 12月31日 1月2日 12月24日","0","0","","","0","空欄にした: 緯度経度 0.0, 0.0（元データに座標が無い。住所から建物の位置を特定できなかった）",""
"3922393113130","高知県立療育福祉センター","コウチケンリツリョウイクフクシセンター","高知県立療育福祉センター","コウチケンリツリョウイクフクシセンター","Treatment and Welfare Center","2","39","201","高知県高知市若草町",33.544632,133.488672,"http://www.pref.kochi.lg.jp/soshiki/060302/","1","1","1","1","1","0","0","1","1","1","1","1","1","1","1","1","1","1","1","1","1","1","1","1","1","1","1","1","1","1","1","1","1","1","1","1","1","1","1","1","1","1","0","12月29日 12月30日 12月31日 1月1日 1月2日 1月3日","19","0","","","19","","原データ"
"3922393113560","医療法人南の風　みなみの風診療所","イリョウホウジンミナミノカゼ　ミナミノカゼシンリョウショ","みなみの風診療所","ミナミノカゼシンリョウショ","Minaminokaze Clinic","2","39","201","高知県高知市栄田町３－７－１",33.567756,133.545543,"http://www.minaminokaze-cl.com","1","1","1","1","1","1","0","1","1","1","1","1","1","0","1","1","1","1","1","0","0","1","1","1","1","1","1","0","1","1","1","1","1","0","0","1","1","1","1","1","1","0","0","12月29,30,31日、 1月1日,2日 ,3日　8月のお盆休み。　現在概ね第2,4土曜日に指定休を定めているが、臨時で変更する事がある。","0","0","","","0","","原データ"
"3922393113680","青柳クリニック","アオヤギクリニック","青柳クリニック","アオヤギクリニック","","2","39","201","高知県高知市若松町１１－２０",33.552255706,133.562747569,"https://www.kochi-aoyagi-clinic.com","1","1","1","1","1","1","0","1","1","1","1","1","1","0","1","1","1","1","1","1","0","1","1","1","1","1","1","0","1","1","1","1","1","1","0","1","1","1","1","1","1","0","0","12月30日～1月3日","","","","","0","書き換えた: 緯度経度 0.0, 0.0 → 住居表示の住所から求めた位置（元データに座標が無い）","住居表示"
"3922393114010","万々クリニック","ママクリニック","万々クリニック","ママクリニック","MAMA CLINIC","2","39","201","高知県高知市南万々１１−４",,,"http://mama.p1.bindsite.jp/","1","1","1","1","1","1","0","1","1","1","1","1","1","1","1","1","1","1","1","1","1","1","1","1","1","1","1","1","1","1","1","1","1","1","1","1","1","1","1","1","1","1","0","12月29日 12月30日 12月31日 1月1日 1月2日 1月3日","","","","","0","空欄にした: 緯度経度 0.0, 0.0（元データに座標が無い。住所から建物の位置を特定できなかった）",""
"3922393114270","中内整形外科クリニック","ナカウチセイケイゲカクリニック","中内整形外科クリニック","ナカウチセイケイゲカクリニック","","2","39","201","高知県高知市旭上町３０番地",,,"http://www.nakauchi-seikei.jp/","1","1","1","0","1","1","0","1","1","1","1","1","1","1","1","1","1","1","1","1","1","1","1","1","1","1","1","1","1","1","1","1","1","1","1","1","1","1","1","1","1","1","0","年末年始（改行）お盆","","","","","0","空欄にした: 緯度経度 0.0, 0.0（元データに座標が無い。住所から建物の位置を特定できなかった）",""
"3922393114300","医療法人ケイエムにしの内科クリニック循環器・心臓内科","イリョウホウジンケイエムニシノナイカクリニックジュンカンキシンゾウナイカ","にしの内科クリニック循環器科心臓内科","ニシノナイカクリニックジュンカンキシンゾウナイカ","nishinonaikaclinicjunkankishinzounaika","2","39","201","高知県高知市百石町２－２９－１６",33.545764,133.543056,"","1","1","1","1","1","1","0","1","1","1","1","1","1","0","1","1","1","1","1","1","0","1","1","1","1","1","1","0","1","1","1","1","1","1","0","1","1","1","1","1","1","0","0","12月30日 1月1日 1月2日 1月3日","","","","","0","","原データ"
"3922393114720","見元クリニック","ミモトクリニック","見元クリニック","ミモトクリニック","Mimoto Clinic","2","39","201","高知県高知市西町４２",33.558571,133.518485,"","1","1","1","1","1","1","0","1","1","1","1","1","1","0","1","1","1","1","1","1","0","1","1","1","1","1","1","0","1","1","1","1","1","1","0","1","1","1","1","1","1","0","0","12月24日 12月29日 12月30日 12月31日 1月1日 1月2日 1月3日","","","","","0","","原データ"
"3922393114850","大川内科","オオカワナイカ","大川内科","オオカワナイカ","okawa-naika","2","39","201","高知県高知市萩町１丁目６ー５２",33.5462,133.553952,"https://www.ookawa-naika.jp/","1","1","1","1","1","1","0","1","1","1","1","1","1","0","1","1","1","1","1","1","0","1","1","1","1","1","1","0","1","1","1","1","1","1","0","1","1","1","1","1","1","0","0","年末年始（12/29～1/3）、夏休み（お盆近辺）","","","","","0","","原データ"
"3922393115150","医療法人志宏会新本町クリニック","イリョウホウジンシコウカイシンホンマチクリニック","新本町クリニック","シンホンマチクリニック","","2","39","201","高知県高知市北金田１１ー２２ソフィアビル５Ｆ",33.565621566,133.558504065,"http://shinhonmachi.com/index.html","1","1","1","0","1","1","0","1","1","1","0","1","1","0","1","1","1","0","1","1","0","1","1","1","0","1","1","0","1","1","1","0","1","1","0","1","1","1","0","1","1","0","0","12月31日 1月1日 1月2日 1月3日","0","0","","","0","書き換えた: 緯度経度 0.0, 0.0 → 住居表示の住所から求めた位置（元データに座標が無い）","住居表示"
"3922393115280","かりた耳鼻咽喉科","カリタジビインコウカ","かりた耳鼻咽喉科","カリタジビインコウカ","Karita Jibiinkouka","2","39","201","高知県高知市神田１０４１ー１",,,"","1","1","1","1","1","1","0","1","1","1","1","1","1","0","1","1","1","1","1","1","0","1","1","1","1","1","1","0","1","1","1","1","1","1","0","1","1","1","1","1","1","0","0","","0","0","0","0","0","空欄にした: 緯度経度 0.0, 0.0（元データに座標が無い。住所から建物の位置を特定できなかった）",""
"3922393115441","高知見元醫院","コウチミモトイイン","高知見元醫院","コウチミモトイイン","","2","39","201","高知県高知市升形５－３３",33.557314018,133.528353118,"http://kochi-mimoto-iin.com/","1","1","1","0","1","1","0","1","1","1","1","1","1","1","1","1","1","1","1","1","1","1","1","1","1","1","1","1","1","1","1","1","1","1","1","1","1","1","1","1","1","1","0","1月1日 1月2日 1月3日","19","0","","","19","書き換えた: 緯度経度 0.0, 0.0 → 住居表示の住所から求めた位置（元データに座標が無い）","住居表示"
"3922393115991","横川ひふ科クリニック","ヨコガワヒフカクリニック","横川ひふ科","ヨコガワヒフカ","Yokogawa Hifuka","2","39","201","高知県高知市介良乙１０４９高知東メディカルスクエア４Ｆ",33.561755,133.596286,"http://www.yokogawa-derma.jp","1","1","1","0","1","1","0","1","1","1","1","1","1","1","1","1","1","1","1","1","1","1","1","1","1","1","1","1","1","1","1","1","1","1","1","1","1","1","1","1","1","1","0","","","","","","0","","原データ"
"3922393116740","お日さまクリニック","オヒサマクリニック","お日さまクリニック","オヒサマクリニック","OHISAMAKURINIKKU","2","39","201","高知県高知市南川添２３番７号",33.572154,133.562173,"http://www.ohisama-cl.jp","1","1","1","1","1","1","0","1","1","1","1","1","1","1","1","1","1","1","1","1","1","1","1","1","1","1","1","1","1","1","1","1","1","1","1","1","1","1","1","1","1","1","0","12月31日 1月1日 1月2日 1月3日","0","0","0","0","0","","原データ"
"3922393117170","医療法人Ｐ＆Ｂ　みちなか整形外科クリニック","イリョウホウジンピーアンドビー　ミチナカセイケイゲカクリニック","みちなか整形外科クリニック","ミチナカセイケイゲカクリニック","Michinaka Orthopaedic Clinic","2","39","201","高知県高知市福井町",33.56626,133.510677,"http://michinaka.com/","1","1","1","0","1","1","0","1","1","1","0","1","1","0","1","1","1","0","1","1","0","1","1","1","0","1","1","0","1","1","1","0","1","1","0","1","1","1","0","1","1","0","0","","","","","","0","","原データ"
"3922393117200","よりみつ内科消化器内科","ヨリミツナイカショウカキナイカ","よりみつ内科消化器内科","ヨリミツナイカショウカキナイカ","Yorimitsu Naika Shokakinaika","2","39","201","高知県高知市三園町２２７番地",33.574243,133.533744,"","1","1","1","1","1","1","0","1","1","1","1","1","1","1","1","1","1","1","1","1","1","1","1","1","1","1","1","1","1","1","1","1","1","1","1","1","1","1","1","1","1","1","0","12月29日 12月30日 12月31日 1月1日 1月2日 1月3日","0","0","","","0","","原データ"
"3922393120040","こうち在宅医療クリニック","コウチザイタクイリョウクリニック","こうち在宅医療クリニック","コウチザイタクイリョウクリニック","Kouti home care clinic","2","39","201","高知県高知市上町２丁目４－１７",33.557057,133.523218,"http://zaitaku-clinic.com/","1","1","1","1","1","0","0","1","1","1","1","1","0","0","1","1","1","1","1","0","0","1","1","1","1","1","0","0","1","1","1","1","1","0","0","1","1","1","1","1","0","0","0","12月29日12月30日 12月31日 1月1日 1月2日 1月3日","","","","","0","","原データ"
"3922393120330","トカゲ堂医院","トカゲドウイイン","トカゲ堂医院","トカゲドウイイン","tokagedou iin","2","39","201","高知県高知市神田４０８－１",,,"http://www.tokagedou.com","1","1","1","1","1","1","0","1","1","1","1","1","1","1","1","1","1","1","1","1","1","1","1","1","1","1","1","1","1","1","1","1","1","1","1","1","1","1","1","1","1","1","0","GW、お盆","0","0","","","0","空欄にした: 緯度経度 0.0, 0.0（元データに座標が無い。住所から建物の位置を特定できなかった）",""
"3922393120460","にこにこレディースクリニック","ニコニコレディースクリニック","にこにこレディースクリニック","ニコニコレディースクリニック","","2","39","201","高知県高知市大谷公園町",,,"http://niko-lady.jp/","1","1","1","1","1","1","0","1","1","1","1","1","1","1","1","1","1","1","1","1","1","1","1","1","1","1","1","1","1","1","1","1","1","1","1","1","1","1","1","1","1","1","0","12月29日 12月30日 12月31日 1月1日 1月2日 1月3日","","","","","0","空欄にした: 緯度経度 0.0, 0.0（元データに座標が無い。住所から建物の位置を特定できなかった）",""
"3922393121050","朝倉医療クリニック","アサクライリョウクリニック","朝倉医療クリニック","アサクライリョウクリニック","","2","39","201","高知県高知市朝倉丙５３４－１",33.555464,133.485931,"http://www.mizuho-medicare.com","1","1","0","1","1","0","0","1","1","0","1","1","0","0","1","1","0","1","1","0","0","1","1","0","1","1","0","0","1","1","0","1","1","0","0","1","1","0","1","1","0","0","0","12月31日 1月1日 1月2日 1月3日","","","","","0","","原データ"
"3922393122250","田村クリニック胃腸科・内科","タムラクリニックイチョウカナイカ","田村クリニック胃腸科・内科","タムラクリニックイチョウカナイカ","Division of Gastroenterology, Tamura Clinic","2","39","201","高知県高知市槇山町",33.538645,133.487399,"http://www.tamura-clinic.net/","1","1","1","1","1","1","0","1","1","1","1","1","1","1","1","1","1","1","1","1","1","1","1","1","1","1","1","1","1","1","1","1","1","1","1","1","1","1","1","1","1","1","0","8月6日 8月7日 8月8日 8月9日 8月10日 9月24日 12月24日 12月30日 12月31日 1月1日 1月2日 1月3日","0","0","","","0","","原データ"
"3922393124790","さなだクリニック","サナダクリニック","さなだクリニック","サナダクリニック","Sanada Clinic","2","39","201","高知県高知市南はりまや町１丁目１７番２７号はりまや館１０１号",33.559102,133.543875,"http://sanadakai.or.jp/","1","1","0","1","1","1","0","1","1","1","1","1","1","1","1","1","1","1","1","1","1","1","1","1","1","1","1","1","1","1","1","1","1","1","1","1","1","1","1","1","1","1","0","1月1日 1月2日 1月3日 8月9日 8月10日 8月11日 12月30日 12月31日","0","0","","","0","","原データ"
"3922393130270","つつみ内科胃腸クリニック","ツツミナイカイチョウクリニック","つつみ内科","ツツミナイカ","Tsutsumi Naika","2","39","201","高知県高知市知寄町１－６－３４",33.558085,133.555188,"http://www.tsutsumi-naika.jp/","1","1","1","1","1","1","0","1","1","1","1","1","1","1","1","1","1","1","1","1","1","1","1","1","1","1","1","1","1","1","1","1","1","1","1","1","1","1","1","1","1","1","0","1月1日 1月2日 1月3日 12月30日 12月31日","","","","","0","","原データ"
"3922393132160","帯屋町ハートクリニック","オビヤマチハートクリニック","帯屋町ハートクリニック","オビヤマチハートクリニック","Obiyamachi-Heart-Clinic","2","39","201","高知県高知市帯屋町",33.560474,133.537186,"https://obiyamachi-hc.com","0","1","1","1","1","1","0","0","1","1","1","1","1","0","0","1","1","1","1","1","0","0","1","1","1","1","1","0","0","1","1","1","1","1","0","0","1","1","1","1","1","0","0","12月30日 12月31日 1月1日 1月2日 1月3日","","","","","0","","原データ"
"3922393132740","さくら眼科","サクラガンカ","さくら眼科","サクラガンカ","Sakuraganka","2","39","201","高知県高知市鵜来巣１１－３８－１０",33.540904,133.483859,"http://www.sakuraganka.com/","1","1","1","0","1","1","0","1","1","1","1","1","1","1","1","1","1","1","1","1","1","1","1","1","1","1","1","1","1","1","1","1","1","1","1","1","1","1","1","1","1","1","0","","","","","","0","","原データ"
"3922393139000","一宮きずなクリニック","イックキズナクリニック","一宮きずなクリニック","イックキズナクリニック","","2","39","201","高知県高知市一宮東町",33.589351,133.578723,"http://www.ikkukizunacl.com/index.html","1","1","1","1","1","1","0","1","1","1","1","1","1","1","1","1","1","1","1","1","1","1","1","1","1","1","1","1","1","1","1","1","1","1","1","1","1","1","1","1","1","1","0","","","","","","0","","原データ"
"3922393139130","さいわい町幸せクリニック","サイワイチョウシアワセクリニック","さいわい町幸せクリニック","サイワイチョウシアワセクリニック","Saiwai Happiness Clinic","2","39","201","高知県高知市幸町６番１号",33.568075,133.530332,"https://saiwaiclinic.cloudfree.jp","0","0","1","1","0","1","0","1","1","1","1","1","1","1","1","1","1","1","1","1","1","1","1","1","1","1","1","1","1","1","1","1","1","1","1","1","1","1","1","1","1","1","0","12月30日 1月7日 12月31日 1月1日 8月14日 1月2日 8月15日 1月3日 8月16日 1月4日 1月5日 1月6日","","","","","0","","原データ"
"3922393139390","高知泌尿器科かさはらクリニック","コウチヒニョウキカカサハラクリニック","高知泌尿器科かさはらクリニック","コウチヒニョウキカカサハラクリニック","","2","39","201","高知県高知市鵜来巣１１番３８ー１０　あさくらメディカルビル３Ｆ",33.540784889,133.483713244,"http://kasaharaclinic.com/","1","1","1","0","1","1","0","1","1","1","0","1","1","0","1","1","1","0","1","1","0","1","1","1","0","1","1","0","1","1","1","0","1","1","0","1","1","1","0","1","1","0","0","12月29日12月30日 12月31日 1月1日 1月2日 1月3日","","","","","0","書き換えた: 緯度経度 0.0, 0.0 → 住居表示の住所から求めた位置（元データに座標が無い）","住居表示"
"3922393146590","浅井内科","アサイナイカ","浅井内科","アサイナイカ","","2","39","201","高知県高知市升形",33.556694,133.529366,"","1","1","1","1","1","1","0","1","1","1","1","1","1","0","1","1","1","1","1","1","0","1","1","1","1","1","1","0","1","1","1","1","1","1","0","1","1","1","1","1","1","0","0","12月31日 1月1日 1月2日 1月3日","","","","","0","","原データ"
"3922393149780","医療法人ひまわり　ひまわり在宅クリニック","イリョウホウジンヒマワリ　ヒマワリザイタククリニック","ひまわり在宅クリニック","ヒマワリザイタククリニック","","2","39","201","高知県高知市与力町１２ー１０シャトレ片町１Ｆ",33.556404,133.538286,"http://www.himawari-z.jp/","1","1","1","1","1","1","0","1","1","1","1","1","1","1","1","1","1","1","1","1","1","1","1","1","1","1","1","1","1","1","1","1","1","1","1","1","1","1","1","1","1","1","0","12月29日 12月30日 12月31日 1月1日 1月2日 1月3日","","","","","0","","原データ"
"3922393154410","さとう整形外科・手のクリニック","サトウセイケイゲカ・テノクリニック","さとう整形外科・手のクリニック","サトウセイケイゲカ・テノクリニック","Sato Orthopaedic  & Hand Clinic","2","39","201","高知県高知市北川添２０番１５号",33.573646,133.560704,"http://www.satoseikei-cl.jp/","1","1","1","1","1","1","0","1","1","1","1","1","1","1","1","1","1","1","1","1","1","1","1","1","1","1","1","1","1","1","1","1","1","1","1","1","1","1","1","1","1","1","0","1月2日 1月3日 4月１0日 8月10日 ８月１2日8月13日 8月14日８月１5日","","","","","0","","原データ"
"3922393155260","高知中央クリニック","コウチチュウオウクリニック","高知中央クリニック","コウチチュウオウクリニック","Kochi Central Clinic","2","39","201","高知県高知市杉井流１４番１５号",33.56992,133.55777,"http://www.kochicentralclinic.net","1","1","1","1","1","1","0","1","1","1","1","1","0","0","1","1","1","1","1","1","0","1","1","1","1","1","0","0","1","1","1","1","1","1","0","1","1","1","1","1","0","0","0","12月31日 1月1日 1月2日 1月3日 8月16日","0","0","0","0","0","疑い: 「毎週決まった曜日に休診（土）」が 1（診療）だが、土曜の診療時間が無い","原データ"
"3922393155840","みなみ在宅クリニック","ミナミザイタククリニック","みなみ在宅クリニック","ミナミザイタククリニック","Minami Zaitaku Clinic","2","39","201","高知県高知市南御座５ー２９",33.565995,133.563395,"https://minamizaitaku.com/","1","1","1","1","1","0","0","1","1","1","1","1","0","0","1","1","1","1","1","0","0","1","1","1","1","1","0","0","1","1","1","1","1","0","0","1","1","1","1","1","0","0","0","12月29日 12月30日 12月31日 1月1日 1月2日 1月3日","","","","","0","","原データ"
"3922393160150","内科・小児科つむぎ診療所","ナイカ・ショウニカツムギシンリョウショ","つむぎ診療所","ツムギシンリョウショ","Tsumugi Clinic","2","39","201","高知県高知市瀬戸１丁目２－５８",33.512162,133.544926,"https://tsumugi-cl.com/","1","1","0","1","1","1","0","1","1","1","1","1","1","1","1","1","1","1","1","1","1","1","1","1","1","1","1","1","1","1","1","1","1","1","1","1","1","1","1","1","1","1","1","12月30日 12月31日 1月1日 1月2日 1月3日","","","","","0","","原データ"
"3922393163500","一宮皮フ科","イックヒフカ","一宮皮フ科","イックヒフカ","","2","39","201","高知県高知市一宮南町１ー１５ー１３マルナカ高知インター店２階",33.581586908,133.56603429,"","1","1","1","1","1","1","1","1","1","1","1","1","1","1","1","1","1","1","1","1","1","1","1","1","1","1","1","1","1","1","1","1","1","1","1","1","1","1","1","1","1","1","1","","","","","","","書き換えた: 緯度経度 0.0, 0.0 → 住居表示の住所から求めた位置（元データに座標が無い） / 疑い: 「毎週決まった曜日に休診（月）」が 1（診療）だが、月曜の診療時間が無い / 疑い: 「毎週決まった曜日に休診（火）」が 1（診療）だが、火曜の診療時間が無い / 疑い: 「毎週決まった曜日に休診（水）」が 1（診療）だが、水曜の診療時間が無い / 疑い: 「毎週決まった曜日に休診（木）」が 1（診療）だが、木曜の診療時間が無い / 疑い: 「毎週決まった曜日に休診（金）」が 1（診療）だが、金曜の診療時間が無い / 疑い: 「毎週決まった曜日に休診（土）」が 1（診療）だが、土曜の診療時間が無い / 疑い: 「毎週決まった曜日に休診（日）」が 1（診療）だが、日曜の診療時間が無い","住居表示"
"3922393163630","救護施設誠和園医務室","キュウゴシセツセイワエンイムシツ","救護施設誠和園医務室","キュウゴシセツセイワエンイムシツ","","2","39","201","高知県高知市一宮南町１丁目４番７４号",33.577424471,133.565226398,"","1","1","1","1","1","1","1","1","1","1","1","1","1","1","1","1","1","1","1","1","1","1","1","1","1","1","1","1","1","1","1","1","1","1","1","1","1","1","1","1","1","1","1","","","","","","","書き換えた: 緯度経度 0.0, 0.0 → 住居表示の住所から求めた位置（元データに座標が無い） / 疑い: 「毎週決まった曜日に休診（月）」が 1（診療）だが、月曜の診療時間が無い / 疑い: 「毎週決まった曜日に休診（火）」が 1（診療）だが、火曜の診療時間が無い / 疑い: 「毎週決まった曜日に休診（水）」が 1（診療）だが、水曜の診療時間が無い / 疑い: 「毎週決まった曜日に休診（木）」が 1（診療）だが、木曜の診療時間が無い / 疑い: 「毎週決まった曜日に休診（金）」が 1（診療）だが、金曜の診療時間が無い / 疑い: 「毎週決まった曜日に休診（土）」が 1（診療）だが、土曜の診療時間が無い / 疑い: 「毎週決まった曜日に休診（日）」が 1（診療）だが、日曜の診療時間が無い","住居表示"
"3922393163760","ふくだ整形外科クリニック","フクダセイケイゲカクリニック","ふくだ整形外科クリニック","フクダセイケイゲカクリニック","","2","39","201","高知県高知市一宮南町１丁目１５－１３",33.580944,133.567176,"https://www.fukuda-seikeigeka.jp","1","1","1","0","1","1","0","1","1","1","1","1","1","1","1","1","1","1","1","1","1","1","1","1","1","1","1","1","1","1","1","1","1","1","1","1","1","1","1","1","1","1","0","12月31日 1月1日 1月2日 1月3日","","","","","0","","原データ"
"3922393168550","ともざわ整形外科・リウマチクリニック","トモザワセイケイゲカ・リウマチクリニック","ともざわ整形外科・リウマチクリニック","トモザワセイケイゲカ・リウマチクリニック","","2","39","201","高知県高知市鵜来巣１１番３８ー１０号あさくらメディカルビル１Ｆ",33.540904,133.483859,"https://tomozawa-seikei.com/","1","1","1","0","1","1","0","1","1","1","1","1","1","1","1","1","1","1","1","1","1","1","1","1","1","1","1","1","1","1","1","1","1","1","1","1","1","1","1","1","1","1","0","GW、8月中に3日間、 12月29日 12月30日 12月31日 1月1日 1月2日 1月3日","","","","","0","","原データ"
"3922393169140","医療法人社団陽晴会　とさみずき眼科","イリョウホウジンシャダンヨウセイカイ　トサミズキガンカ","とさみずき眼科","トサミズキガンカ","Tosamizuki Ganka","2","39","201","高知県高知市秦南町一丁目４番８号２階",33.576567,133.542573,"https://tosamizuki-ganka.jp/index.html","1","1","1","0","0","1","1","1","1","1","1","1","1","1","1","1","1","1","1","1","1","1","1","1","1","1","1","1","1","1","1","1","1","1","1","1","1","1","1","1","1","1","0","","0","0","0","0","0","疑い: 「祝日に休診」が 0（休診）だが、祝日の診療時間が入っている","原データ"
"3922393169270","高知こころクリニック","コウチココロクリニック","高知こころクリニック","コウチココロクリニック","","2","39","201","高知県高知市一宮南町一丁目１５ー１３マルナカ高知インター店２Ｆ",33.581586908,133.56603429,"","1","1","1","1","0","1","1","1","1","1","1","1","1","1","1","1","1","1","1","1","1","1","1","1","1","1","1","1","1","1","1","1","1","1","1","1","1","1","1","1","1","1","1","月（午前）・土（午前）","","","","","","書き換えた: 緯度経度 0.0, 0.0 → 住居表示の住所から求めた位置（元データに座標が無い）","住居表示"
"3922393170540","特定医療法人仁泉会朝倉さわやかクリニック","トクテイイリョウホウジンジンセンカイアサクラサワヤカクリニック","朝倉さわやかクリニック","アサクラサワヤカクリニック","AsakuraSawayakaClinic","2","39","201","高知県高知市朝倉丙",33.552172,133.489008,"https://asakura-hospital.jp/outline/","1","1","1","1","1","1","0","1","1","1","1","1","1","1","1","1","1","1","1","1","1","1","1","1","1","1","1","1","1","1","1","1","1","1","1","1","1","1","1","1","1","1","0","","","","","","0","","原データ"
"3922393175170","駅前クリニック","エキマエクリニック","駅前クリニック","エキマエクリニック","Ekimae clinic","2","39","201","高知県高知市新本町１丁目１４ー３メディパーク高知駅３階",33.568949,133.543367,"https://ekimae-clinic.jp/","1","1","1","1","1","1","0","1","1","1","1","1","1","1","1","1","1","1","1","1","1","1","1","1","1","1","1","1","1","1","1","1","1","1","1","1","1","1","1","1","1","1","0","12月31日 1月1日 1月2日 1月3日","","","","","0","","原データ"
"3922393180220","なかの耳鼻咽喉科","ナカノジビインコウカ","なかの耳鼻咽喉科","ナカノジビインコウカ","NAKANO ENT CLINIC","2","39","201","高知県高知市鵜来巣１１ー３８ー１０　あさくらメディカルビル２Ｆ",33.540918,133.483896,"https://nakanojibika.com/","1","1","0","1","1","1","0","1","1","1","1","1","1","1","1","1","1","1","1","1","1","1","1","1","1","1","1","1","1","1","1","1","1","1","1","1","1","1","1","1","1","1","0","12月30日、12月31日、1月1日、1月2日、1月3日","","","","","","","原データ"
"3922393180640","医療法人薫風会　けやまクリニック","イリョウホウジンクンプウカイ　ケヤマクリニック","けやまクリニック","ケヤマクリニック","","2","39","201","高知県高知市知寄町一丁目１番２７号",33.559089,133.556534,"https://keyama-clinic.com","1","1","1","1","1","1","0","1","1","1","1","1","1","1","1","1","1","1","1","1","1","1","1","1","1","1","1","1","1","1","1","1","1","1","1","1","1","1","1","1","1","1","0","12月31日 1月1日 1月2日 1月3日","0","0","","","0","","原データ"
"3922393180800","エミナルクリニック高知院","エミナルクリニックコウチイン","","","","2","39","201","高知県高知市本町２丁目２−２９畑山ビル３階",33.558913075,133.537003833,"","1","1","1","1","1","1","1","","","","","","","","","","","","","","","","","","","","","","","","","","","","","","","","","","","","","","","","","","","書き換えた: 緯度経度 0.0, 0.0 → 住居表示の住所から求めた位置（元データに座標が無い）","住居表示"
"3922393180930","ＴＣＢ　東京中央美容外科・ＴＣＢ　スキンクリニック　高知院","ティーシービー　トウキョウチュウオウビヨウゲカ・ティーシービー　スキンクリニック　コウチイン","ＴＣＢ高知院","ティーシービーコウチイン","Tokyo Chuo Cosmetic Surgery Kochi Clinic","2","39","201","高知県高知市はりまや町二丁目３番３号はりまやビル１階・２階",33.56195331,133.543396352,"https://aoki-tsuyoshi.com/","1","1","1","1","1","1","1","1","1","1","1","1","1","1","1","1","1","1","1","1","1","1","1","1","1","1","1","1","1","1","1","1","1","1","1","1","1","1","1","1","1","1","1","1月1日 1月2日","0","0","","","0","書き換えた: 緯度経度 0.0, 0.0 → 住居表示の住所から求めた位置（元データに座標が無い）","住居表示"
"3922393182790","ひよこクリニック","ヒヨコクリニック","","","","2","39","201","高知県高知市朝倉東町２５－３ムーンハウス３階３０１",33.546394905,133.498248711,"","0","0","1","1","1","0","0","","","","","","","","","","","","","","","","","","","","","","","","","","","","","","","","","","","","0","","","","","","","書き換えた: 緯度経度 0.0, 0.0 → 住居表示の住所から求めた位置（元データに座標が無い）","住居表示"
"3922393182950","医療法人ＯＳおおしお内科クリニック","イリョウホウジンオーエスオオシオナイカクリニック","","","","2","39","201","高知県高知市福井町８１１－１福井メディコプラザ内１階左",,,"https://oshio-cl.com","1","1","1","0","1","1","0","1","1","1","0","1","1","0","1","1","1","0","1","1","0","1","1","1","0","1","1","0","1","1","1","0","1","1","0","1","1","1","0","1","1","0","0","その都度、ホームページなどでご確認ください。","0","0","","","0","空欄にした: 緯度経度 0.0, 0.0（元データに座標が無い。住所から建物の位置を特定できなかった）",""
"3922393183090","やまと診療所高知","ヤマトシンリョウジョコウチ","","","","2","39","201","高知県高知市吉田町２－８",33.571031,133.533899,"https://kochi.yamatoclinic.org/","","","","0","","","0","","","","","","","","","","","","","","","","","","","","","","","","","","","","","","","","","","","","0","土曜日の午後（改行）12月29日～1月3日","","","","","","","原データ"
"3922393183210","湘南美容クリニック高知院","ショウナンビヨウクリニックコウチイン","","","Shonan Beauty Clinic Kouchi-in","2","39","201","高知県高知市はりまや町１丁目５番１号　電鉄ターミナルビル６階",33.559703,133.543363,"https://www.s-b-c.net/clinic/branch/kouchi/","0","1","1","0","1","1","1","","","","","","","","","","","","","","","","","","","","","","","","","","","","","","","","","","","","","1月1日","0","0","","","0","","原データ"
"3922393185300","社会医療法人　仁生会　ほそぎ診療所","シャカイイリョウホウジン　ジンセイカイ　ホソギシンリョウショ","","","","2","39","201","高知県高知市大膳町１番２５号",33.559181698,133.52342255,"","1","1","1","1","1","0","0","","","","","","","","","","","","","","","","","","","","","","","","","","","","","","","","","","","","0","年末年始","0","0","","","0","書き換えた: 緯度経度 0.0, 0.0 → 住居表示の住所から求めた位置（元データに座標が無い）","住居表示"
"3922393187030","医療法人　鳴子会　菜の花診療所","イリョウホウジンナルコカイナノハナシンリョウショ","菜の花診療所","ナノハナシンリョウショ","","2","39","201","高知県高知市東雲町２番１５号",33.559599,133.561359,"https://www.nanohana-cl.jp/inquiry.html","1","1","0","1","1","1","0","","","","","","","","","","","","","","","","","","","","","","","","","","","","","","","","","","","","0","8/10-12  12/28-1/3","0","0","","","0","","原データ"
"3922393190870","高知なないろ在宅クリニック","コウチナナイロザイタククリニック","","","","2","39","201","高知県高知市比島町２丁目１３番６号",33.572081,133.553243,"","1","1","1","1","1","0","0","","","","","","","","","","","","","","","","","","","","","","","","","","","","","","","","","","","","0","","0","0","","","0","","原データ"
"3922395100990","地方職員共済組合　高知診療所","チホウショクインキョウサイクミアイ　コウチシンリョウショ","地方職員共済組合　高知診療所","チホウショクインキョウサイクミアイ　コウチシンリョウショ","chihousyokuinkyousaikumiai kouchisinryousyo","2","39","201","高知県高知市丸ノ内１丁目２－２０",33.559721,133.531112,"","1","1","0","1","1","0","0","1","1","0","1","1","0","0","1","1","0","1","1","0","0","1","1","0","1","1","0","0","1","1","0","1","1","0","0","1","1","0","1","1","0","0","0","12月31日 12月30日 12月29日 1月3日 1月2日 1月1日","","","","","0","","原データ"
"3922395103050","医療法人玉木会　潮江皮膚科診療所","イリョウホウジンタマキカイウシオエヒフカシンリョウショ","潮江皮膚科診療所","ウシオエヒフカシンリョウショ","Ushioehifuka Shinryosho","2","39","201","高知県高知市百石町　２ー７ー１３",33.548882,133.544123,"","1","1","1","1","1","1","0","1","1","1","1","1","1","0","1","1","1","1","1","1","0","1","1","1","1","1","1","0","1","1","1","1","1","1","0","1","1","1","1","1","1","0","0","1月1日 1月2日 1月3日 1月4日 6月7日6月8日8月13日8月14月8月15日11月28日12月30日12月31日","","","","","0","","原データ"
"3922395104930","国見産婦人科","クニミサンフジンカ","国見産婦人科","クニミサンフジンカ","kunimisanfujinka","2","39","201","高知県高知市本町４－２－３０",33.557404,133.532806,"https://kunimi-baby.sakura.ne.jp/","1","1","0","1","1","1","0","1","1","1","1","1","1","1","1","1","1","1","1","1","1","1","1","1","1","1","1","1","1","1","1","1","1","1","1","1","1","1","1","1","1","1","0","12月31日 12月30日 1月3日 1月2日 1月1日","19","","","","19","","原データ"
"3922395106110","猿田皮膚科診療所","サルタヒフカシンリョウショ","猿田皮膚科診療所","サルタヒフカシンリョウショ","Saruta hihuka shinryosho","2","39","201","高知県高知市升形４－２５",33.55811,133.528929,"","","","","","","","0","","","","","","","","","","","","","","","","","","","","","","","","","","","","","","","","","","","","0","12月31日 12月30日 12月29日 1月4日 1月3日 1月2日 1月1日","","","","","0","","原データ"
"3922395108000","出原診療所","デハラシンリョウショ","出原診療所","デハラシンリョウショ","Dehara Shinryosho","2","39","201","高知県高知市永国寺町",33.562859,133.535112,"","1","1","1","1","1","1","0","1","1","1","1","1","1","0","1","1","1","1","1","1","0","1","1","1","1","1","1","0","1","1","1","1","1","1","0","1","1","1","1","1","1","0","0","12月31日 1月1日 1月2日 1月3日","","","","","0","","原データ"
"3922395109300","純クリニック","ジュンクリニック","純クリニック","ジュンクリニック","Junkulinikku","2","39","201","高知県高知市栄田町１丁目２－１６",33.567808,133.541559,"","1","1","1","1","1","0","0","1","1","1","1","1","1","1","1","1","1","1","1","1","1","1","1","1","1","1","1","1","1","1","1","1","1","1","1","1","1","1","1","1","1","1","0","8月7日8月8日12月29日30日31日","","","","","0","","原データ"
"3922395112560","塩見整形外科","シオミセイケイゲカ","塩見整形","シオミセイケイ","shiomiseikei","2","39","201","高知県高知市瀬戸南町１ー２ー３０",33.509932,133.54366,"","1","1","1","1","1","1","0","1","1","1","1","1","1","1","1","1","1","1","1","1","1","1","1","1","1","1","1","1","1","1","1","1","1","1","1","1","1","1","1","1","1","1","0","","0","0","0","0","0","","原データ"
"3922395112690","けら小児科アレルギー科","ケラショウニカアレルギーカ","けら小児科アレルギー科","ケラショウニカアレルギーカ","Kera Child & Allergy Clinic","2","39","201","高知県高知市介良３５２－１",33.565096,133.614009,"https://www.kera-ped.com","1","1","1","1","1","1","0","1","1","1","1","1","1","0","1","1","1","1","1","1","0","1","1","1","1","1","1","0","1","1","1","1","1","1","0","1","1","1","1","1","1","0","0","毎月第二・第四水曜日の午後休診　年末年始、お盆の休診は問合せください。","","","","","0","","原データ"
"3922395113280","医療法人三宮会　三宮心療クリニック","イリョウホウジンサンノミヤカイ　サンノミヤシンリョウクリニック","三宮心療クリニック","サンノミヤシンリョウクリニック","Sannomiya Mental Clinic","2","39","201","高知県高知市愛宕町３丁目１１番２７号",33.571855,133.538022,"","1","1","1","1","1","0","0","1","1","1","1","1","1","1","1","1","1","1","1","1","1","1","1","1","1","1","1","1","1","1","1","1","1","1","1","1","1","1","1","1","1","1","0","12月30日 12月31日 1月1日 1月2日 1月3日","","","","","0","","原データ"
"3922395113440","織田医院","オダイイン","織田医院","オダイイン","Oda Clinic","2","39","201","高知県高知市愛宕山１００",33.57768,133.536585,"","1","1","1","0","1","1","0","1","1","1","1","1","1","1","1","1","1","1","1","1","1","1","1","1","1","1","1","1","1","1","1","1","1","1","1","1","1","1","1","1","1","1","0","12月31日 1月1日 1月2日 1月3日","0","0","0","0","0","","原データ"
"3922395113600","藤井クリニック","フジイクリニック","藤井クリニック","フジイクリニック","FUJII clinic","2","39","201","高知県高知市朝倉乙９８８",33.550309,133.483789,"","1","1","1","1","1","1","0","1","1","1","1","1","1","0","1","1","1","1","1","1","0","1","1","1","1","1","1","0","1","1","1","1","1","1","0","1","1","1","1","1","1","0","0","1月3日 1月2日","0","0","","","0","疑い: 「毎週決まった曜日に休診（木）」が 1（診療）だが、木曜の診療時間が無い","原データ"
"3922395114290","伊藤整形外科","イトウセイケイゲカ","伊藤整形外科","イトウセイケイゲカ","itoseikeigeka","2","39","201","高知県高知市介良乙１０４９",33.561699,133.596275,"","1","1","1","1","1","1","0","1","1","1","1","1","1","0","1","1","1","1","1","1","0","1","1","1","1","1","1","0","1","1","1","1","1","1","0","1","1","1","1","1","1","0","0","12月30日 12月31日 1月1日 1月2日 1月3日","0","0","0","0","0","","原データ"
"3922395115330","医療法人しぶや会　あさひ石川クリニック","イリョウホウジンシブヤカイ　アサヒイシカワクリニック","あさひ石川クリニック","アサヒイシカワクリニック","Asahiisikawa Clinic","2","39","201","高知県高知市中須賀町１０７",33.557809,133.50934,"","1","1","1","1","1","1","0","1","1","1","1","1","1","1","1","1","1","1","1","1","1","1","1","1","1","1","1","1","1","1","1","1","1","1","1","1","1","1","1","1","1","1","0","12月31日 1月1日 1月2日 1月3日","","0","","","0","","原データ"
"3922395115750","もりもと整形外科・内科","モリモトセイケイゲカナイカ","もりもと整形外科・内科","モリモトセイケイゲカナイカ","Morimoto Orth.Clinic","2","39","201","高知県高知市朝倉本町",33.546037,133.487178,"http://morimotoseikei.jp/","1","1","1","0","1","1","0","1","1","1","0","1","1","1","1","1","1","0","1","1","1","1","1","1","0","1","1","1","1","1","1","0","1","1","1","1","1","1","0","1","1","1","0","12月31日 12月30日 1月3日 1月2日 1月1日","","","","","0","","原データ"
"3922395117480","くぼぞえ外科胃腸内科","クボゾエ　ゲカイチョウナイカ","くぼぞえ外科・胃腸内科","クボゾエ　ゲカイチョウナイカ","Kubozoe Geka Ichounaika Clinic","2","39","201","高知県高知市相生町１－２０",33.565242,133.544794,"http://www.myclinic.ne.jp/kubozoe/","1","1","1","1","1","1","0","1","1","1","1","1","1","1","1","1","1","1","1","1","1","1","1","1","1","1","1","1","1","1","1","1","1","1","1","1","1","1","1","1","1","1","0","12月31日 12月30日 12月29日 1月3日 1月2日 1月1日","","","","","0","","原データ"
"3922395118070","刈谷皮膚科","カリヤヒフカ","刈谷皮フ科","カリヤヒフカ","Kariya Skin Clinic","2","39","201","高知県高知市上町５ー５ー１６",33.556775,133.51739,"","1","1","1","1","1","1","0","1","1","1","1","1","1","0","1","1","1","1","1","1","0","1","1","1","1","1","1","0","1","1","1","1","1","1","0","1","1","1","1","1","1","0","0","12月30日 12月31日 1月1日 1月2日 1月3日","","","","","0","","原データ"
"3922395119820","福森内科クリニック","フクモリナイカクリニック","福森内科クリニック","フクモリナイカクリニック","Fukumori Medical Clinic of Internal Medicine","2","39","201","高知県高知市葛島２ー３ー２１",33.556702,133.572668,"http://www.fukumorinaikaclinic.jp","1","1","1","1","1","1","0","1","1","1","1","1","1","0","1","1","1","1","1","1","0","1","1","1","1","1","1","0","1","1","1","1","1","1","0","1","1","1","1","1","1","0","0","お盆休み、及び年末年始、ゴールデンウィーク等休診日あり（改行）2026年（お盆休み：8/9-8/13予定、年末年始：2026年12（改行）月30日-2027年1月3日予定）","0","0","","","0","","原データ"
"3922395120510","かもだの診療所","カモダノシンリョウジョ","かもだの診療所","カモダノシンリョウジョ","Kamodano clinic","2","39","201","高知県高知市鴨部２丁目１－１６",33.549478,133.505453,"http://www.kamodano-cl.jp/","1","1","1","1","1","1","0","1","1","1","1","1","1","0","1","1","1","1","1","1","0","1","1","1","1","1","1","0","1","1","1","1","1","1","0","1","1","1","1","1","1","0","0","12月30日 12月31日 1月1日 1月2日 1月3日","0","0","","","0","","原データ"
"3922395121070","梅原産科婦人科","ウメハラサンカフジンカ","梅原産科婦人科","ウメハラサンカフジンカ","UMEHARA OB GYN CLINIC","2","39","201","高知県高知市瀬戸南町２ー１ー１０",33.508838,133.543932,"","1","1","1","0","1","1","1","1","1","1","0","1","1","1","1","1","1","0","1","1","1","1","1","1","0","1","1","1","1","1","1","0","1","1","1","1","1","1","0","1","1","1","0","12月30日 12月31日 1月1日 1月2日 1月3日","","0","","","0","","原データ"
"3922395121100","高知市休日夜間急患センター・平日夜間小児急患セン夕ー","コウチシキュウジツヤカンキュウカンセンター　ヘイジツヤカンショウニキュウカンセンター","高知市急患セン夕ー","コウチシキュウカンセンター","KOCHI CITY EMERGENCY CASE CENTER","2","39","201","高知県高知市丸ノ内",33.560079,133.52784,"https://www.kochi-med.or.jp/emergency_center/","1","1","1","1","1","1","1","1","1","1","1","1","1","1","1","1","1","1","1","1","1","1","1","1","1","1","1","1","1","1","1","1","1","1","1","1","1","1","1","1","1","1","1","","0","0","","","0","","原データ"
"3922395121230","川村整形外科","カワムラセイケイゲカ","川村整形外科","カワムラセイケイゲカ","Kawamura seikeigeka","2","39","201","高知県高知市曙町１丁目１９ー１",33.55104,133.492174,"","1","1","1","1","1","1","0","1","1","1","1","1","1","1","1","1","1","1","1","1","1","1","1","1","1","1","1","1","1","1","1","1","1","1","1","1","1","1","1","1","1","1","0","12月31日 1月1日 1月2日 1月3日","0","0","","","0","","原データ"
"3922395121650","山﨑内科泌尿器科","ヤマサキナイカヒニョウキカ","山﨑内科泌尿器科","ヤマサキナイカヒニョウキカ","Yamasaki Naika Hinyokika","2","39","201","高知県高知市朝倉横町１０ー４５",33.546695,133.491939,"","1","1","1","1","1","1","0","1","1","1","1","1","1","0","1","1","1","1","1","1","0","1","1","1","1","1","1","0","1","1","1","1","1","1","0","1","1","1","1","1","1","0","0","1月1日 1月2日 1月3日","","0","","","0","","原データ"
"3922395121810","森本眼科内科","モリモトガンカナイカ","森本眼科内科","モリモトガンカナイカ","morimotogankanaika","2","39","201","高知県高知市中宝永町７ー２１",33.558929982,133.552561093,"","1","1","1","1","1","1","0","1","1","1","1","1","1","1","1","1","1","1","1","1","1","1","1","1","1","1","1","1","1","1","1","1","1","1","1","1","1","1","1","1","1","1","0","12月30日 12月31日 1月1日 1月2日 1月3日","","","","","0","書き換えた: 緯度経度 0.0, 0.0 → 住居表示の住所から求めた位置（元データに座標が無い）","住居表示"
"3922395121940","誠内科","セイナイカ","誠内科","セイナイカ","SEINAIKA","2","39","201","高知県高知市仁井田４３５０－２",33.517149,133.572429,"https://select-type.com/p/seinaika-home-mobile","1","1","1","1","1","1","0","1","1","1","1","1","1","0","1","1","1","1","1","1","0","1","1","1","1","1","1","0","1","1","1","1","1","1","0","1","1","1","1","1","1","0","0","12月30日 12月31日 1月1日 1月2日 1月3日","0","0","","","0","","原データ"
"3922395124000","医療法人清流会山本循環器内科・眼科","イリョウホウジンセイリュウカイヤマモトジュンカンキナイカガンカ","山本循環器内科・眼科","ヤマモトジュンカンキナイカガンカ","Yamamoto Clinic","2","39","204","高知県南国市駅前町３－１－４１",33.576704,133.646842,"http://www.dryumiclinic.com/248896284","1","1","1","1","1","1","0","1","1","1","1","1","1","1","1","1","1","1","1","1","1","1","1","1","1","1","1","1","1","1","1","1","1","1","1","1","1","1","1","1","1","1","0","12月30日 12月31日 1月1日 1月2日 1月3日 9月24日 12月24日","","","","","0","","原データ"
"3922395124420","吉本皮膚科","ヨシモトヒフカ","吉本皮膚科","ヨシモトヒフカ","Yoshimoto Dermatology","2","39","204","高知県南国市大そね甲１６９８－１",33.574482,133.646945,"","1","1","1","0","1","1","0","1","1","1","1","1","1","1","1","1","1","1","1","1","1","1","1","1","1","1","1","1","1","1","1","1","1","1","1","1","1","1","1","1","1","1","0","12月31日 1月1日 1月2日 1月3日","","","","","0","","原データ"
"3922395124680","信貴耳鼻咽喉科","シギジビインコウカ","しぎ耳鼻科","シギジビカ","Shigi otorhinolaryngology","2","39","204","高知県南国市大そね甲１７７０ー６",33.572601,133.646795,"","0","1","1","1","1","1","0","0","1","1","1","1","1","0","0","1","1","1","1","1","0","0","1","1","1","1","1","0","0","1","1","1","1","1","0","0","1","1","1","1","1","0","0","12月29日　12月30日　12月31日　1月1日　1月2日　1月3日　1月4日","0","0","","","0","","原データ"
"3922395124840","井坂皮フ科","イサカ　ヒフカ","井坂皮フ科","イサカ　ヒフカ","ISAKA HIHUKA","2","39","204","高知県南国市大そね甲１５６５",33.571043,133.647331,"","1","1","1","1","1","1","0","","","","","","","0","","","","","","","0","","","","","","","0","","","","","","","0","","","","","","","0","0","1月1日、1月2日、1月3日、12月31日","","","","","0","","原データ"
"3922395125980","宮内医院","ミヤウチイイン","宮内医院","ミヤウチイイン","Miyauchi Iin","2","39","386","高知県吾川郡いの町新町２９番地１",33.547966,133.429405,"","1","1","1","0","1","1","0","1","1","1","1","1","1","1","1","1","1","1","1","1","1","1","1","1","1","1","1","1","1","1","1","1","1","1","1","1","1","1","1","1","1","1","0","12月30日 12月31日 1月1日 1月2日 1月3日","","","","","0","","原データ"
"3922395126310","山内内科","ヤマウチナイカ","山内内科","ヤマウチナイカ","yamauchi clinic","2","39","386","高知県吾川郡いの町枝川２４７－１１",33.552808,133.452679,"","1","1","1","1","1","1","0","1","1","1","1","1","1","0","1","1","1","1","1","1","0","1","1","1","1","1","1","0","1","1","1","1","1","1","0","1","1","1","1","1","1","0","0","12/29 12/30 12/31 1/1 1/2 1/3   お盆休みは随時","","","","","0","","原データ"
"3922395127030","春野診療所","ハルノシンリョウショ","春野診療所","ハルノシンリョウショ","Haruno Shinryosho","2","39","201","高知県高知市春野町弘岡上１３６",33.505402,133.460535,"","1","1","1","0","1","0","0","1","1","1","0","1","0","0","1","1","1","0","1","0","0","1","1","1","0","1","0","0","1","1","1","0","1","0","0","1","1","1","0","1","0","0","0","12月29日 12月30日 12月31日 1月1日 1月2日 1月3日","","","","","0","","原データ"
"3922395127160","高岩診療所","タカイワシンリョウショ","高岩診療所","タカイワシンリョウショ","Takaiwa Shinryosyo","2","39","386","高知県吾川郡いの町下八川甲３５０番地１",33.629581,133.303452,"https://okamotokai-sakurahospital.jimdofree.com/%E9%96%A2%E9%80%A3%E3%82%B0%E3%83%AB%E3%83%BC%E3%83%97/%E9%AB%98%E5%B2%A9%E8%A8%BA%E7%99%82%E6%89%80/","1","1","1","1","1","1","0","1","1","1","1","1","1","0","1","1","1","1","1","1","0","1","1","1","1","1","1","0","1","1","1","1","1","1","0","1","1","1","1","1","1","0","0","12月30日 12月31日 1月1日 1月2日 1月3日","","","","","0","","原データ"
"3922395127740","秋沢内科","アキザワナイカ","秋沢内科","アキザワナイカ","Akizawa Clinic of Internalmedicine","2","39","201","高知県高知市東雲町８ー４７",33.558813,133.564103,"http://nttbj.itp.ne.jp/0888823770/index.html","1","1","1","1","1","1","0","1","1","1","1","1","1","1","1","1","1","1","1","1","1","1","1","1","1","1","1","1","1","1","1","1","1","1","1","1","1","1","1","1","1","1","0","12月31日 12月30日 12月29日 1月3日 1月2日 1月1日","0","0","","","0","","原データ"
"3922395127870","（医）福井小児科・内科・循環器科","（イ）フクイショウニカ　ナイカ　ジュンカンキカ","福井小児科・内科","フクイショウニカ　ナイカ","Fukui Shonikanaika","2","39","201","高知県高知市愛宕町３－１２－３",33.571108,133.536997,"http://www.fukui-shonika.jp/","1","1","1","1","1","1","0","1","1","1","1","1","1","0","1","1","1","1","1","1","1","1","1","1","1","1","1","1","1","1","1","1","1","1","1","1","1","1","1","1","1","1","0","12月31日 1月1日 1月2日 1月3日 12月24日","0","0","","","0","","原データ"
"3922395128200","医療法人穂尚会いちはら内科小児科","イリョウホウジンスイショウカイイチハラナイカショウニカ","いちはら内科小児科","イチハラナイカショウニカ","Ichihara Naika-syounika","2","39","204","高知県南国市大埇甲１７７５ー１",33.57183,133.646973,"","1","1","1","0","1","1","0","1","1","1","0","1","1","0","1","1","1","0","1","1","0","1","1","1","0","1","1","0","1","1","1","0","1","1","0","1","1","1","0","1","1","0","0","1月1日1月2日1月3日8月14日 8月15日 12月30日12月31日","","","","","0","","原データ"
"3922395128590","山崎耳鼻咽喉科","ヤマサキジビインコウカ","山崎耳鼻咽喉科","ヤマサキジビインコウカ","Yamasaki ENT Clinic","2","39","201","高知県高知市高須２丁目１７ー２８",33.559757,133.589053,"http://wwwa.pikara.ne.jp/yamasaki3387","1","1","1","0","1","1","0","1","1","1","1","1","1","1","1","1","1","1","1","1","1","1","1","1","1","1","1","1","1","1","1","1","1","1","1","1","1","1","1","1","1","1","0","12月31日 12月30日 12月29日 1月2日 1月1日 1月3日","","","","","0","","原データ"
"3922395128620","高知市土佐山へき地診療所","コウチシトサヤマヘキチシンリョウショ","土佐山診療所","トサヤマシンリョウショ","Kochishi Tosayama Shinryosho","2","39","201","高知県高知市土佐山桑尾１８４２－２",33.631201,133.526802,"","1","1","1","1","1","0","0","1","1","1","1","1","1","1","1","1","1","1","1","1","1","1","1","1","1","1","1","1","1","1","1","1","1","1","1","1","1","1","1","1","1","1","0","12月31日 12月30日 12月29日 1月3日 1月2日 1月1日","0","0","0","0","0","","原データ"
"3922395129760","医療法人波川会　田村カルディオクリニック","イリョウホウジンハカワカイ　タムラカルディオクリニック","田村カルディオクリニック","タムラカルディオクリニック","Tamura Cardio Clinic","2","39","386","高知県吾川郡いの町波川５６３",33.546326,133.410711,"http://www.tamura-cardioclinic.com/","1","1","1","1","1","1","0","1","1","1","1","1","1","1","1","1","1","1","1","1","1","1","1","1","1","1","1","1","1","1","1","1","1","1","1","1","1","1","1","1","1","1","0","12月30日 1月1日 1月2日 1月3日 8月13日","0","0","0","0","0","","原データ"
"3922395129920","医療法人田中会　土佐整形外科","イリョウホウジンタナカカイ　トサセイケイゲカ","土佐整形外科","トサセイケイゲカ","IryohoujinTanakakai TosaseikeiGeka","2","39","201","高知県高知市朝倉甲５０ー６",33.543727,133.500704,"https://tosa-seikei.jp/","1","1","0","1","1","1","0","1","1","0","1","1","1","0","1","1","0","1","1","1","0","1","1","0","1","1","1","0","1","1","0","1","1","1","0","1","1","0","1","1","1","0","0","12月31日 1月1日 1月2日 1月3日","0","0","","","0","","原データ"
"3922395130320","藤田皮フ科","フジタヒフカ","藤田皮フ科","フジタヒフカ","Fujita Hifuka","2","39","201","高知県高知市梅ノ辻５ー２５",33.554232,133.5439,"","1","1","1","1","1","1","0","1","1","1","1","1","1","0","1","1","1","1","1","1","0","1","1","1","1","1","1","0","1","1","1","1","1","1","0","1","1","1","1","1","1","0","0","1月1日 1月2日 1月3日 12月29日 12月30日 12月31日","","","","","0","","原データ"
"3922395130750","こうない坂医院","コウナイザカイイン","こうない坂医院","コウナイザカイイン","Kounaizaka iin","2","39","201","高知県高知市朝倉丙１９１７ー３",33.551699,133.470735,"","1","1","1","1","1","1","0","1","1","1","1","1","1","0","1","1","1","1","1","1","0","1","1","1","1","1","1","0","1","1","1","1","1","1","0","1","1","1","1","1","1","0","0","12月31日 12月30日 1月3日 1月2日 1月1日","","","","","","","原データ"
"3922395130900","高須どい産婦人科","タカスドイサンフジンカ","高須どい産婦人科","タカスドイサンフジンカ","Takasu Doi Maternity Clinic","2","39","201","高知県高知市高須２丁目１８番１７号",33.560034,133.589611,"http://www.takasudoi.com/","1","1","1","1","1","1","0","1","1","1","1","1","1","1","1","1","1","1","1","1","1","1","1","1","1","1","1","1","1","1","1","1","1","1","1","1","1","1","1","1","1","1","0","12月31日 1月3日 1月2日 1月1日","","","","","","","原データ"
"3922395131170","はるの森澤クリニック","ハルノモリサワクリニック","はるの森澤クリニック","ハルノモリサワクリニック","Haruno Morisawa Clinic","2","39","201","高知県高知市春野町東諸木３１６３",33.49192,133.511127,"http://morisawaclinic.blogspot.jp/","1","1","1","1","1","0","0","1","1","1","1","1","1","1","1","1","1","1","1","1","1","1","1","1","1","1","1","1","1","1","1","1","1","1","1","1","1","1","1","1","1","1","0","12月29日 12月30日 12月31日 1月1日 1月2日 1月3日","","","","","0","","原データ"
"3922395131460","はまだ産婦人科","ハマダサンフジンカ","はまだ産婦人科","ハマダサンフジンカ","","2","39","201","高知県高知市高須３丁目１ー２８",33.562533,133.589055,"","1","1","1","1","1","1","0","1","1","1","1","1","1","0","1","1","1","1","1","1","0","1","1","1","1","1","1","0","1","1","1","1","1","1","0","1","1","1","1","1","1","0","0","12月29日 12月30日 12月31日 1月1日 1月2日 1月3日","3","0","","","3","","原データ"
"3922395131590","医療法人若草会高田内科","イリョウホウジンワカクサカイタカタナイカ","高田内科","タカタナイカ","Takata Naika","2","39","204","高知県南国市大そね乙１２５３ー８",33.566166,133.646445,"http://www.takata-clinic.jp","1","1","1","1","1","1","0","1","1","1","1","1","1","0","1","1","1","1","1","1","0","1","1","1","1","1","1","0","1","1","1","1","1","1","0","1","1","1","1","1","1","0","0","12月30日 12月31日 1月1日 1月2日 1月3日","","0","","","0","","原データ"
"3922395131880","ちかぞえ小児科","チカゾエショウニカ","ちかぞえ小児科","チカゾエショウニカ","chikazoesyounika","2","39","201","高知県高知市百石町",33.5467,133.546561,"http://www.chikazoe.com/e/index.htm","1","1","1","1","1","1","0","1","1","1","1","1","1","0","1","1","1","1","1","1","0","1","1","1","1","1","1","0","1","1","1","1","1","1","0","1","1","1","1","1","1","0","0","","","","","","0","","原データ"
"3922395131910","医療法人　孝仁会　杉本整形外科","イリョウホウジン　コウジンカイ　スギモトセイケイゲカ","杉本整形外科","スギモトセイケイゲカ","SUGIMOTO Orthopaedic Clinic","2","39","201","高知県高知市高須２丁目１８番１９号",33.560034,133.589888,"https://kochi-sugimoto-clinic.or.jp","1","1","1","1","1","1","0","1","1","1","1","1","1","0","1","1","1","1","1","1","0","1","1","1","1","1","1","0","1","1","1","1","1","1","0","1","1","1","1","1","1","0","0","12月31日 1月1日 1月2日 1月3日,GW","0","","","","0","","原データ"
"3922395132100","ふたばクリニック","フタバクリニック","ふたばクリニック","フタバクリニック","Futaba clinic","2","39","201","高知県高知市役知町１５－７",33.554341713,133.548108157,"http://www.futabaclinic.com/","1","1","1","1","1","1","0","1","1","1","1","1","1","0","1","1","1","1","1","1","0","1","1","1","1","1","1","0","1","1","1","1","1","1","0","1","1","1","1","1","1","0","0","12月30日 12月31日 1月1日 1月2日 1月3日","0","0","","","0","書き換えた: 緯度経度 0.0, 0.0 → 住居表示の住所から求めた位置（元データに座標が無い）","住居表示"
"3922395132760","医療法人　壮正会　カジハラ耳鼻咽喉科","カジハラ　　ジビインコウカ","カジハラ耳鼻咽喉科","イリョウホウジン　ソウセイカイ　カジハラジビインコウカ","Kajihara Jibiinkoka","2","39","201","高知県高知市愛宕町２丁目２２－１２",33.569223,133.536519,"","1","1","1","0","1","1","0","1","1","1","1","1","1","1","1","1","1","1","1","1","1","1","1","1","1","1","1","1","1","1","1","1","1","1","1","1","1","1","1","1","1","1","0","12月31日 12月30日 12月29日 1月3日 1月2日 1月1日","","","","","0","","原データ"
"3922395132890","宮上内科","ミヤウエナイカ","宮上内科","ミヤウエナイカ","Miyaue Nika","2","39","201","高知県高知市朝倉東町５１－１",33.543833,133.500023,"","1","1","1","1","1","1","0","1","1","1","1","1","1","1","1","1","1","1","1","1","1","1","1","1","1","1","1","1","1","1","1","1","1","1","1","1","1","1","1","1","1","1","0","12月29日12月30日 8月15日 1月3日 1月2日 1月1日 12月31日","","","","","0","","原データ"
"3922395132920","内田産婦人科","ウチダサンフジンカ","医療法人博生会内田産婦人科","イリョウホウジン　ハクセイカイ　ウチダサンフジンカ","uchida sannfujinnka","2","39","201","高知県高知市南久万３９－２",33.570735,133.521307,"","1","1","1","1","1","1","0","1","1","1","1","1","1","0","1","1","1","1","1","1","0","1","1","1","1","1","1","0","1","1","1","1","1","1","0","1","1","1","1","1","1","0","0","12月28日 12月29日 12月30日 12月31日 1月1日 1月2日 1月3日 1月4日 1月5日","0","0","0","0","0","","原データ"
"3922395133190","伊藤外科　乳腺クリニック","イトウゲカ　ニュウセンクリニック","伊藤外科　乳腺クリニック","イトウゲカ　ニュウセンクリニック","Ito Breast Surgery Clinic","2","39","201","高知県高知市札場１２－１０",33.564571,133.561084,"http://www.ito-nyusen.or.jp/","1","1","1","1","1","1","0","1","1","1","1","1","1","1","1","1","1","1","1","1","1","1","1","1","1","1","1","1","1","1","1","1","1","1","1","1","1","1","1","1","1","1","0","12月31日 1月1日 1月2日 1月3日","19","","","","19","","原データ"
"3922395133480","坂井内科小児科","サカイナイカショウニカ","坂井内科小児科","サカイナイカショウニカ","Sakai Naika-Shonika Clinic","2","39","201","高知県高知市十津３丁目６ー２８",33.524004,133.574242,"","1","1","1","1","1","1","0","1","1","1","1","1","1","1","1","1","1","1","1","1","1","1","1","1","1","1","1","1","1","1","1","1","1","1","1","1","1","1","1","1","1","1","0","12月30日 12月31日 1月1日 1月2日 1月3日","","","","","0","","原データ"
"3922395133510","こんどうクリニック","コンドウ　クリニック","こんどうクリニック","コンドウ　クリニック","Kondo Clinic","2","39","201","高知県高知市日の出町１ー１１",33.559741,133.555748,"https://www.kouchi-kondo-clinic.com","1","1","1","1","1","1","0","1","1","1","1","1","1","0","1","1","1","1","1","1","0","1","1","1","1","1","1","0","1","1","1","1","1","1","0","1","1","1","1","1","1","0","0","12月30日 12月31日 1月1日 1月2日 1月3日","19","","","","19","","原データ"
"3922395133770","寺尾内科クリニック","テラオナイカクリニック","寺尾内科クリニック","テラオナイカクリニック","Teraonaika Clinic","2","39","201","高知県高知市はりまや町１⁻５⁻３３土電ビル４Ｆ",33.559682,133.543619,"http://nttbj.itp.ne.jp/0888848880/index.html","1","1","1","1","1","1","0","1","1","1","1","1","1","0","1","1","1","1","1","1","0","1","1","1","1","1","1","0","1","1","1","1","1","1","0","1","1","1","1","1","1","0","0","12月30日12月31日 1月1日 1月2日 1月3日","0","0","0","0","0","","原データ"
"3922395134070","小栗医院","オグリ　イイン","小栗医院","オグリイイン","Oguri Iin     Mariko Yorimitsu","2","39","204","高知県南国市十市２７０２－４",33.526872,133.620304,"http://www.kochi-web.com/hp1/oguri/index.html","1","1","1","1","1","1","0","1","1","1","1","1","1","0","1","1","1","1","1","1","0","1","1","1","1","1","1","0","1","1","1","1","1","1","0","1","1","1","1","1","1","0","0","8月13日 8月14日 8月15日 12月30日 12月29日 1月1日 1月2日 1月3日 12月31日","","","","","0","","原データ"
"3922395134360","絹川医院","キヌガワイイン","絹川医院","キヌガワイイン","KinuGawa Iin","2","39","201","高知県高知市桟橋通一丁目７ー１７",33.551167,133.546303,"http://www.kinugawaiin.com/","1","1","1","1","1","1","0","1","1","1","1","1","1","1","1","1","1","1","1","1","1","1","1","1","1","1","1","1","1","1","1","1","1","1","1","1","1","1","1","1","1","1","0","年末年始　祝日","0","0","","","0","","原データ"
"3922395134520","大津診療所","オオツ　シンリョウショ","大津診療所","オオツ　シンリョウショ","OHTSU  SHINRYOUSHO","2","39","201","高知県高知市大津乙１９５８ー７",33.571676,133.590742,"","1","1","1","1","1","1","0","1","1","1","1","1","1","1","1","1","1","1","1","1","1","1","1","1","1","1","1","1","1","1","1","1","1","1","1","1","1","1","1","1","1","1","0","12月29日 1月3日 1月2日 1月1日","","","","","0","","原データ"
"3922395134650","さかもと眼科","サカモト　ガンカ","さかもと眼科","サカモト　ガンカ","SAKAMOTO-EYE-Clinic","2","39","201","高知県高知市愛宕町１丁目５番８号",33.565866,133.537672,"","1","1","1","1","1","1","0","1","1","1","1","1","1","1","1","1","1","1","1","1","1","1","1","1","1","1","1","1","1","1","1","1","1","1","1","1","1","1","1","1","1","1","0","12月31日 12月30日 12月29日 1月3日 1月2日 1月1日 8月9日 8月10日 8月11日","","","","","0","","原データ"
"3922395134780","市川医院","イチカワイイン","市川医院","イチカワイイン","Ichikawa Iin","2","39","201","高知県高知市百石町３ー８ー２０",33.545261,133.546669,"","1","1","1","1","1","1","0","1","1","1","1","1","1","0","1","1","1","1","1","1","0","1","1","1","1","1","1","0","1","1","1","1","1","1","0","1","1","1","1","1","1","0","0","8月8日８月10日12月29日 12月30日 12月31日 1月1日 1月2日 1月3日","","","","","0","","原データ"
"3922395134810","潮江診療所","ウシオエシンリョウショ","潮江診療所","ウシオエ","Usioe sinryousho","2","39","201","高知県高知市高見町３６３－１",33.541424,133.537393,"http://www.kochi-hco-op.or.jp/ho1.html","1","1","1","0","1","1","0","1","1","1","0","1","0","0","1","1","1","0","1","1","0","1","1","1","0","1","0","0","1","1","1","0","1","1","0","1","1","1","0","1","0","0","0","12月30日 12月31日 1月1日 1月2日 1月3日","","","","","0","","原データ"
"3922395135080","さんさんクリニック","サンサンクリニック","さんさんクリニック","サンサンクリニック","sunsun clinic","2","39","201","高知県高知市鷹匠町１－１－８",33.556421,133.536838,"http://sunsunclinic.com/","1","1","1","1","1","1","0","1","1","1","1","1","1","0","1","1","1","1","1","1","0","1","1","1","1","1","1","0","1","1","1","1","1","1","0","1","1","1","1","1","1","0","0","12月31日 1月1日 1月2日 1月3日","19","","","","19","","原データ"
"3922395135240","坂本医院","サカモトイイン","坂本医院","サカモトイイン","SAKAMOTO IIN","2","39","201","高知県高知市朝倉南町４ー２５",33.542324,133.491786,"","1","1","1","1","1","1","0","1","1","1","1","1","1","1","1","1","1","1","1","1","1","1","1","1","1","1","1","1","1","1","1","1","1","1","1","1","1","1","1","1","1","1","0","12月29日 12月30日 12月31日 1月1日 1月2日 1月3日","0","0","0","0","0","","原データ"
"3922395135370","あさひ皮フ科","アサヒヒフカ","あさひ皮フ科","アサヒ　ヒフカ","AsahiHihuka","2","39","201","高知県高知市旭町２丁目３８",33.554478,133.507952,"http://www.asahihifuka.com","1","1","0","1","1","1","0","1","1","0","1","1","1","0","1","1","0","1","1","1","0","1","1","0","1","1","1","0","1","1","0","1","1","1","0","1","1","0","1","1","1","0","0","12月31日 1月1日 1月2日 1月3日 12月30日","0","0","","","0","","原データ"
"3922395135530","医療法人　安岡会　横浜ニュータウン内科","イリョウホウジン　ヤスオカカイ　ヨコハマニュータウンナイカ","横浜ニュータウン内科","ヨコハマニュータウンナイカ","Yokohama Nyuutaune Naika","2","39","201","高知県高知市横浜新町４丁目２３１５",33.515701,133.535566,"","1","1","1","1","1","1","0","1","1","1","1","1","1","0","1","1","1","1","1","1","0","1","1","1","1","1","1","0","1","1","1","1","1","1","0","1","1","1","1","1","1","0","0","12月31日 12月30日 12月29日 1月3日 1月2日 1月1日","0","0","","","0","","原データ"
"3922395135660","内田脳神経外科","ウチダノウシンケイゲカ","内田脳神経外科","ウチダノウシンケイゲカ","UtidaNosinkeigeka","2","39","201","高知県高知市塚ノ原３７",33.561142,133.494897,"http://www3.ocn.ne.jp/josenkai/","1","1","1","1","1","1","1","1","1","1","1","1","1","1","1","1","1","1","1","1","1","1","1","1","1","1","1","1","1","1","1","1","1","1","1","1","1","1","1","1","1","1","1","","19","","","","19","","原データ"
"3922395135820","依岡内科","ヨリオカナイカ","依岡内科","ヨリオカナイカ","yorioka clinic","2","39","201","高知県高知市横浜新町３丁目１１６",33.518442,133.534138,"","1","1","1","1","1","1","0","1","1","1","1","1","1","1","1","1","1","1","1","1","1","1","1","1","1","1","1","1","1","1","1","1","1","1","1","1","1","1","1","1","1","1","0","12月31日 12月30日 12月29日 1月3日 1月2日 1月1日","","","","","0","","原データ"
"3922395136380","松岡クリニック","マツオカクリニック","松岡クリニック","マツオカクリニック","Matsuoka Clinic","2","39","201","高知県高知市横内",33.566177,133.501215,"","1","1","1","1","1","1","0","1","1","1","1","1","1","0","1","1","1","1","1","1","0","1","1","1","1","1","1","0","1","1","1","1","1","1","0","1","1","1","1","1","1","0","0","12月31日 12月30日 1月3日 1月2日 1月1日 12月29日","","","","","0","","原データ"
"3922395136670","大原小児科医院","オオハラショウニカイイン","大原小児科","オオハラショウニカ","Ohara syonika","2","39","201","高知県高知市神田",33.543931,133.513755,"","1","1","0","1","1","1","0","1","1","0","1","1","1","0","1","1","0","1","1","1","0","1","1","0","1","1","1","0","1","1","0","1","1","1","0","1","1","0","1","1","1","0","0","12月30日12月31日 1月1日 1月2日 1月3日","","","","","0","","原データ"
"3922395137000","青木脳神経外科形成外科","アオキノウシンケイゲカケイセイゲカ","青木脳神経外科形成外科","アオキノウシンケイゲカケイセイゲカ","aokinoushinkeigekakeiseigeka","2","39","201","高知県高知市高須新町１丁目６番２６",33.558261,133.577296,"http://www.antiaging-aoki.com/","1","1","1","1","1","1","0","1","1","1","1","1","1","0","1","1","1","1","1","1","0","1","1","1","1","1","1","0","1","1","1","1","1","1","0","1","1","1","1","1","1","0","0","1月3日 1月2日 1月1日 12月31日。","19","","","","19","","原データ"
"3922395137390","クリニック　グリーンハウス","クリニック　グリーンハウス","クリニック　グリーンハウス","クリニック　グリーンハウス","Clinic Greenhouse","2","39","201","高知県高知市上町１丁目７番１号",33.557132,133.526423,"http://clinic-greenhouse.jp/","1","1","1","0","1","1","0","1","1","1","0","1","1","0","1","1","1","0","1","1","0","1","1","1","0","1","1","0","1","1","1","0","1","1","0","1","1","1","0","1","1","0","0","7月30日7月31日8月1日8月3日8月4日12月28日 12月29日12月30日12月31日1月2日","","","","","0","","原データ"
"3922395137420","県庁前クリニック","ケンチョウマエクリニック","県庁前クリニック","ケンチョウマエクリニック","Kenchyoumae Kurinikku","2","39","201","高知県高知市升形４ー３",33.557776,133.529079,"","1","1","1","1","1","1","0","1","1","1","1","1","1","0","1","1","1","1","1","1","0","1","1","1","1","1","1","0","1","1","1","1","1","1","0","1","1","1","1","1","1","0","0","12月29日 12月30日 12月31日 1月1日 1月2日 1月3日","","","","","0","","原データ"
"3922395137680","医療法人　穂仁会　植田医院","イリョウホウジン　スイジンカイ　ウエタイイン","植田医院","ウエタイイン","Ueta Medical Clinic","2","39","201","高知県高知市廿代町１ー８",33.562842,133.541717,"","1","1","1","1","1","1","0","1","1","1","1","1","1","1","1","1","1","1","1","1","1","1","1","1","1","1","1","1","1","1","1","1","1","1","1","1","1","1","1","1","1","1","0","","19","","","","19","","原データ"
"3922395137840","高島整形外科内科","タカシマセイケイゲカナイカ","高島整形外科内科","タカシマセイケイゲカナイカ","Takashima Orthopedic Clinic","2","39","201","高知県高知市愛宕町",33.565578,133.536689,"","1","1","1","1","1","1","0","1","1","1","1","1","1","1","1","1","1","1","1","1","1","1","1","1","1","1","1","1","1","1","1","1","1","1","1","1","1","1","1","1","1","1","0","12月30日 1月1日 1月2日 1月3日","","","","","0","","原データ"
"3922395137970","石丸眼科","イシマルガンカ","石丸眼科","イシマルガンカ","Ishimaru Ganka","2","39","201","高知県高知市本町２ー５ー２０",33.557857,133.537153,"http://www.ishimaru-eye.com","1","1","1","1","1","1","0","1","1","1","1","1","1","0","1","1","1","1","1","1","0","1","1","1","1","1","1","0","1","1","1","1","1","1","0","1","1","1","1","1","1","0","0","12月29日 12月30日 12月31日1月１日 1月2日 1月３日（改行）8月10日8月11日8月12日","","","","","0","","原データ"
"3922395138270","石立クリニック","イシダテクリニック","石立クリニック","イシダテクリニック","Ishidate Clinic","2","39","201","高知県高知市石立町９６ー５",33.552174,133.516022,"","1","1","1","1","1","1","0","1","1","1","1","1","1","1","1","1","1","1","1","1","1","1","1","1","1","1","1","1","1","1","1","1","1","1","1","1","1","1","1","1","1","1","0","","","","","","0","","原データ"
"3922395138430","田村産婦人科","タムラサンフジンカ","田村産婦人科","タムラサンフジンカ","TAMURASANFUJINKA","2","39","201","高知県高知市鷹匠町１－１－１０",33.556174,133.536914,"http://www.tamura.or.jp","1","1","1","1","1","1","0","1","1","1","1","1","1","0","1","1","1","1","1","1","0","1","1","1","1","1","1","0","1","1","1","1","1","1","0","1","1","1","1","1","1","0","0","12月31日 1月1日 1月2日 1月3日","19","0","","","19","","原データ"
"3922395138930","吉岡クリニック","ヨシオカ　クリニック","吉岡クリニック","ヨシオカ　クリニック","Yoshioka clinic","2","39","201","高知県高知市上町２丁目５番１号　臼井エステートビル２階",33.557118,133.524912,"","1","1","1","1","1","1","0","1","1","1","1","1","1","0","1","1","1","1","1","1","0","1","1","1","1","1","1","0","1","1","1","1","1","1","0","1","1","1","1","1","1","0","0","12月31日 12月30日 1月3日 1月2日 1月1日","0","0","0","0","0","","原データ"
"3922395139150","町田整形外科","マチダセイケイゲカ","町田整形外科","マチダセイケイゲカ","Machida seikeigeka","2","39","386","高知県吾川郡いの町天王南１－６－３",33.52793,133.44084,"http://www.machidaseikei.com/","1","1","1","1","1","1","0","1","1","1","1","1","1","1","1","1","1","1","1","1","1","1","1","1","1","1","1","1","1","1","1","1","1","1","1","1","1","1","1","1","1","1","0","8月9日 8月29日 12月30日 12月31日 1月1日 1月2日 1月3日","19","","","","19","","原データ"
"3922395139280","医療法人慶誠会　高岡内科","イリョウホウジンケイセイカイ　タカオカナイカ","高岡内科","タカオカナイカ","Takaoka Clinic of internal medicine","2","39","386","高知県吾川郡いの町新町８６番地",33.547343,133.428633,"https://www.takaokanaika.com","1","1","1","1","1","1","0","1","1","1","1","1","1","1","1","1","1","1","1","1","1","1","1","1","1","1","1","1","1","1","1","1","1","1","1","1","1","1","1","1","1","1","0","12月30日 12月31日 1月1日 1月2日 1月3日","0","0","","","0","","原データ"
"3922395139310","浅井産婦人科・内科","アサイサンフジンカナイカ","浅井産婦人科・内科","アサイサンフジンカナイカ","Asai OB/GYN Clinic","2","39","201","高知県高知市一宮東町１丁目７－７",33.580761,133.576004,"","1","1","1","1","1","1","0","1","1","1","1","1","1","0","1","1","1","1","1","1","0","1","1","1","1","1","1","0","1","1","1","1","1","1","0","1","1","1","1","1","1","0","0","12月30日31日 1月１日、2日、 3日  、 8月16日","2","0","","","2","","原データ"
"3922395140260","おの肛門科胃腸科内視鏡クリニック","オノコウモンカナイシキョウクリニック","おの肛門科","オノコウモンカ","Ono komonka naishikyo clinic","2","39","201","高知県高知市大津甲５５３－２",33.578365,133.61183,"http://www.kochi-clinic.jp/","1","1","1","1","1","1","0","1","1","1","1","1","1","1","1","1","1","1","1","1","1","1","1","1","1","1","1","1","1","1","1","1","1","1","1","1","1","1","1","1","1","1","0","1月1日 1月2日 1月3日 12月30日午後 12月31日","19","","","","19","","原データ"
"3922395140680","山村診療所","ヤマムラシンリョウショ","山村診療所","ヤマムラシンリョウショ","Yamamura Sinryousyo","2","39","201","高知県高知市鏡今井１２６番地",33.608012,133.471676,"","1","0","1","0","0","1","0","1","0","1","0","0","1","0","1","0","1","0","0","1","0","1","0","1","0","0","1","0","1","0","1","0","0","1","0","1","0","1","0","0","1","0","0","12月31日 1月1日 1月2日 1月3日","","","","","0","","原データ"
"3922395140710","田村こどもクリニック","タムラコドモクリニック","田村こどもクリニック","タムラコドモクリニック","tamura kodomo clinic","2","39","204","高知県南国市篠原１４５９－１",33.572204,133.635818,"http://www.tamkocli.or.jp","1","1","1","1","1","1","0","1","1","1","1","1","1","0","1","1","1","1","1","1","0","1","1","1","1","1","1","0","1","1","1","1","1","1","0","1","1","1","1","1","1","0","0","12月31日 12月30日 12月29日 1月3日 1月2日 1月1日","","","","","0","","原データ"
"3922395140970","かっとう耳鼻科","カットウジビカ","かっとう耳鼻科","カットウジビカ","kattoh zibika","2","39","201","高知県高知市瀬戸南町３－２",33.507627,133.543179,"","1","1","1","0","1","1","0","1","1","1","1","1","1","1","1","1","1","1","1","1","1","1","1","1","1","1","1","1","1","1","1","1","1","1","1","1","1","1","1","1","1","1","0","12月31日 12月30日 12月29日 8月14日 8月13日 1月3日 1月2日 1月1日","0","0","","","0","","原データ"
"3922395141010","川田内科","カワダナイカ","川田内科","カワダナイカ","Kawada Naika","2","39","204","高知県南国市後免町４－２－７",33.575404,133.64489,"","1","1","1","1","1","1","0","1","1","1","1","1","1","0","1","1","1","1","1","1","1","1","1","1","1","1","1","1","1","1","1","1","1","1","1","1","1","1","1","1","1","0","0","1月1日 1月2日 1月3日 （改行）毎週木曜日、土曜日の午後休診","","0","","","0","","原データ"
"3922395141140","田内眼科","タノウチガンカ","田内眼科","タノウチガンカ","Tanouchi  Eye Clinic","2","39","201","高知県高知市北本町４－３－１２",33.565618,133.551857,"http://www.tanouchi.com","1","1","1","0","1","1","0","1","1","1","1","1","1","1","1","1","1","1","1","1","1","1","1","1","1","1","1","1","1","1","1","1","1","1","1","1","1","1","1","1","1","1","0","12月30日 12月31日 1月1日 1月2日 1月3日","0","","","","0","","原データ"
"3922395141270","青山整形外科","アオヤマセイケイゲカ","青山整形外科","アオヤマセイケイゲカ","AOYAMA ORTHOPEDIC SURGERY CLINIC","2","39","201","高知県高知市大津乙５０８番４",,,"","1","1","0","1","1","1","0","","","","","","","","","","","","","","","","","","","","","","","","","","","","","","","","","","","","0","12月30日 〜1月３日","","","","","0","空欄にした: 緯度経度 0.0, 0.0（元データに座標が無い。住所から建物の位置を特定できなかった）",""
"3922395141300","高知医療生活協同組合旭診療所","コウチイリョウセイカツキョウドウクミアイ　アサヒシンリョウショ","旭診療所","アサヒシンリョウショ","Ashahi Shinryousho","2","39","201","高知県高知市旭上町",33.556144,133.502953,"http://www.kochi-hco-op.or.jp/","1","1","1","0","1","1","0","1","1","1","0","1","0","1","1","1","1","0","1","1","1","1","1","1","0","1","0","1","1","1","1","0","1","1","1","1","1","0","0","1","1","1","0","12月30日 12月31日 1月1日 1月2日 1月3日","0","0","0","0","0","","原データ"
"3922395141430","谷岡内科小児科","タニオカナイカショウニカ","谷岡内科小児科","タニオカナイカショウニカ","Tanioka  Naikasyounika","2","39","201","高知県高知市はりまや町３―２１―１７",33.562162,133.546944,"","1","1","1","1","1","1","0","1","1","1","1","1","1","0","1","1","1","1","1","1","0","1","1","1","1","1","1","0","1","1","1","1","1","1","0","1","1","1","1","1","1","0","0","12月29日 12月30日 12月31日 1月1日 1月2日 1月3日","","","","","0","","原データ"
"3922395141690","吉川内科消化器科","ヨシカワナイカショウカキカ","吉川内科","ヨシカワナイカ","Yoshikawa Clinic","2","39","201","高知県高知市伊勢崎町１０番１１号",33.569754,133.52934,"https://www.yoshikawa-naikasyoukakika.com/","1","1","1","1","1","1","0","1","1","1","1","1","1","0","1","1","1","1","1","1","0","1","1","1","1","1","1","0","1","1","1","1","1","1","0","1","1","1","1","1","1","0","0","12月31日 12月30日 1月3日 1月2日 1月1日","","","","","0","","原データ"
"3922395141720","菅野医院","スガノイイン","菅野医院","スガノイイン","Sugano Clinic","2","39","201","高知県高知市東久万８４番２１",33.574999,133.529259,"","1","1","1","1","1","1","0","1","1","1","1","1","1","1","1","1","1","1","1","1","1","1","1","1","1","1","1","1","1","1","1","1","1","1","1","1","1","1","1","1","1","1","0","12月31日 1月1日 1月2日 1月3日","","","","","0","","原データ"
"3922395141850","フレッククリニック","フレッククリニック","フレッククリニック","フレッククリニック","FLEC CLINIC","2","39","201","高知県高知市高須新町４－３－２０",33.55559,133.57989,"http://hands-kochi.or.jp/","1","1","1","1","1","1","0","1","1","1","1","1","1","1","1","1","1","1","1","1","1","1","1","1","1","1","1","1","1","1","1","1","1","1","1","1","1","1","1","1","1","1","0","12月30日 12月31日 1月1日 1月2日 1月3日","19","","","","19","","原データ"
"3922395142020","医療法人円卓会玉木内科小児科クリニック","イリョウホウジンエンタクカイタマキナイカショウニカクリニック","玉木内科小児科","タマキナイカショウニカ","Tamaki Clinic","2","39","201","高知県高知市高見町１８９ー１",33.540054,133.53952,"","1","1","1","1","1","1","0","1","1","1","1","1","1","0","1","1","1","1","1","1","0","1","1","1","1","1","1","0","1","1","1","1","1","1","0","1","1","1","1","1","1","0","0","12月31日 1月3日 1月2日 1月1日","0","0","","","0","","原データ"
"3922395142280","野田眼科","ノダガンカ","野田眼科","ノダガンカ","Noda Eye Clinic","2","39","201","高知県高知市瀬戸１丁目６番４０号",33.509762,133.544616,"","1","1","1","0","1","1","0","1","1","1","1","1","1","1","1","1","1","1","1","1","1","1","1","1","1","1","1","1","1","1","1","1","1","1","1","1","1","1","1","1","1","1","0","12月30日 12月31日 1月1日 1月2日 1月3日","","","","","0","","原データ"
"3922395142310","福田心臓・消化器内科","フクダシンゾウショウカキナイカ","福田心臓・消化器内科","フクダシンゾウショウカキナイカ","Fukuda internal medicine,heart and digestive","2","39","201","高知県高知市東秦泉寺６７番地１",33.578554,133.545991,"https://www.fukudacl.or.jp","1","1","1","1","1","1","0","1","1","1","1","1","1","0","1","1","1","1","1","1","0","1","1","1","1","1","1","0","1","1","1","1","1","1","0","1","1","1","1","1","1","0","0","12月31日 12月30日 12月29日 1月3日 1月2日 1月1日 8月13日 8月14日 8月15日","16","0","","","16","","原データ"
"3922395142570","長尾神経クリニック","ナガオシンケイクリニック","長尾神経クリニック","ナガオシンケイクリニック","Nagao Shinkei Clinic","2","39","201","高知県高知市桟橋通３－１－１５",33.547056,133.549113,"","1","1","1","1","1","1","0","1","1","1","1","1","1","1","1","1","1","1","1","1","1","1","1","1","1","1","1","1","1","1","1","1","1","1","1","1","1","1","1","1","1","1","0","12月30日12月31日 1月3日 1月2日 1月1日","","","","","0","","原データ"
"3922395142600","ありさわ耳鼻咽喉科","アリサワジビインコウカ","ありさわ耳鼻咽喉科","アリサワジビインコウカ","Arisawa jibiinkoka","2","39","204","高知県南国市篠原１３１ー１",33.568504,133.63555,"","1","1","0","1","1","1","0","1","1","1","1","1","1","1","1","1","1","1","1","1","1","1","1","1","1","1","1","1","1","1","1","1","1","1","1","1","1","1","1","1","1","1","0","1月3日 1月2日 1月1日 12月31日 12月30日","","","","","0","","原データ"
"3922395142860","川上小児科クリニック","カワカミショウニカクリニック","川上小児科クリニック","カワカミショウニカクリニック","KawaKami Pediatrics Clinic","2","39","201","高知県高知市福井扇町",33.567904,133.509736,"https://kawakami-shounika.jp","1","1","1","1","1","1","0","1","1","1","1","1","1","0","1","1","1","1","1","1","0","1","1","1","1","1","1","0","1","1","1","1","1","1","0","1","1","1","1","1","1","0","0","12月31日 12月30日 1月3日 1月2日 1月1日","0","0","","","0","","原データ"
"3922395142990","医療法人　協浜会　浜田循環器内科","イリョウホウジン　キョウヒンカイ　ハマダジュンカンキナイカ","医療法人　協浜会　浜田循環器内科","イリョウホウジン　キョウヒンカイ　ハマダジュンカンキナイカ","Hamada Heart Clinic","2","39","201","高知県高知市本町５ー２ー１６",33.55871,133.529534,"","1","1","1","1","1","1","0","1","1","1","1","1","1","1","1","1","1","1","1","1","1","1","1","1","1","1","1","1","1","1","1","1","1","1","1","1","1","1","1","1","1","1","0","12月31日 1月3日 1月2日 1月1日","0","0","0","0","0","","原データ"
"3922395143160","医療法人つねまつ　つねまつ内科","イリョウホウジンツネマツ　ツネマツナイカ","つねまつ内科","ツネマツナイカ","","2","39","201","高知県高知市大津乙",33.573629,133.599593,"","1","1","1","1","1","1","0","1","1","1","1","1","1","0","1","1","1","1","1","1","0","1","1","1","1","1","1","0","1","1","1","1","1","1","0","1","1","1","1","1","1","0","0","12月３０日31日 1月1日 1月2日 1月3日","","","","","0","","原データ"
"3922395143290","高須ヒカリ眼科","タカスヒカリガンカ","高須ヒカリ眼科","タカスヒカリガンカ","Takasuhikari Eye Clinic","2","39","201","高知県高知市高須新町１－１４－１０",33.559153,133.577257,"http://hikaricl.sakura.ne.jp/","1","1","1","1","1","1","0","1","1","1","1","1","1","0","1","1","1","1","1","1","0","1","1","1","1","1","1","0","1","1","1","1","1","1","0","1","1","1","1","1","1","0","0","GW　お盆　１２月３０日　３１日　１月１日　２日　３日","0","","","","0","","原データ"
"3922395143740","細木眼科","ホソギガンカ","細木眼科","ホソギガンカ","Hosogi Eye Clinic","2","39","201","高知県高知市日の出町１ー１０",33.559694,133.555607,"http://www.hosogiganka.net","1","1","1","1","1","1","0","1","1","1","1","1","0","0","1","1","1","1","1","1","0","1","1","1","1","1","1","0","1","1","1","1","1","1","0","1","1","1","1","1","1","0","0","12月31日 1月1日 1月2日 1月3日 12月30日","0","0","0","0","0","","原データ"
"3922395143900","こさい耳鼻咽喉科","コサイジビインコウカ","こさい耳鼻咽喉科","コサイジビインコウカ","Kosai ENT clinic","2","39","201","高知県高知市一ツ橋町２丁目１６９－１",33.572344,133.528018,"http://www.kosai-jibika.or.jp/","1","1","1","0","1","1","0","1","1","1","1","1","1","1","1","1","1","1","1","1","1","1","1","1","1","1","1","1","1","1","1","1","1","1","1","1","1","1","1","1","1","1","0","12月31日 12月30日 1月3日 1月2日 1月1日 12月29日","","","","","0","","原データ"
"3922395144170","瀬戸内科","セトナイカ","瀬戸内科","セトナイカ","seto naika","2","39","201","高知県高知市愛宕町２―２２―３",33.569062,133.536672,"","1","1","1","1","1","1","0","1","1","1","1","1","1","1","1","1","1","1","1","1","1","1","1","1","1","1","1","1","1","1","1","1","1","1","1","1","1","1","1","1","1","1","0","12月30日 12月31日 1月1日 1月2日 1月3日","","","","","0","","原データ"
"3922395144200","安岡眼科","ヤスオカガンカ","安岡眼科","ヤスオカガンカ","Yasuoka Eye Clinic","2","39","201","高知県高知市上町２ー２ー９",33.557576,133.524279,"https://www.yasuokaganka.com","1","1","1","1","1","1","0","1","1","1","1","1","1","1","1","1","1","1","1","1","1","1","1","1","1","1","1","1","1","1","1","1","1","1","1","1","1","1","1","1","1","1","0","12月30日 12月31日 1月1日 1月2日 1月3日","17","","","","17","","原データ"
"3922395144330","木田山薬堂診療所","キダサンヤクドウシンリョウショ","木田山薬堂","キダサンヤクドウ","Kida Sanyakudo","2","39","201","高知県高知市愛宕町３ー７ー６",33.570219,133.537782,"","1","1","1","0","1","1","0","1","1","1","0","1","1","0","1","1","1","0","1","1","0","1","1","1","0","1","1","0","1","1","1","0","1","1","0","1","1","1","0","1","1","0","0","GW、お盆、年末年始に、それぞれ9日間くらいずつ","","","","","0","","原データ"
"3922395144460","えだしげ　整形外科","エダシゲセイケイゲカ","えだしげ　整形外科","エダシゲセイケイゲカ","Edashige Orthopaedic Clinic","2","39","201","高知県高知市伊勢崎町",33.570557,133.529065,"","1","1","1","1","1","1","0","1","1","1","1","1","1","1","1","1","1","1","1","1","1","1","1","1","1","1","1","1","1","1","1","1","1","1","1","1","1","1","1","1","1","1","0","12月30日 12月31日 1月1日 1月2日 1月3日","","","","","0","","原データ"
"3922395144590","岩崎胃腸科内科","イワサキイチョウカナイカ","岩崎胃腸科内科","イワサキイチョウカナイカ","Iwasaki Clinic","2","39","201","高知県高知市薊野東町１－５５",33.580053,133.562711,"https://iwasaki-ichouka-naika.or.jp/","1","1","1","1","1","1","0","1","1","1","1","1","1","0","1","1","1","1","1","1","0","1","1","1","1","1","1","0","1","1","1","1","1","1","0","1","1","1","1","1","1","0","0","12月30日 12月31日 1月1日 1月2日 1月3日","0","0","","","0","","原データ"
"3922395144620","医療法人　奥田会　前田診療所","イリョウホウジン　オクダカイ　マエダ　シンリョウショ","前田診療所","マエダ　シンリョウショ","Maeda Clinic","2","39","201","高知県高知市高須",33.561907,133.589412,"","1","1","1","1","1","1","0","1","1","1","1","1","1","0","1","1","1","1","1","1","0","1","1","1","1","1","1","0","1","1","1","1","1","1","0","1","1","1","1","1","1","0","0","12月27日 12月28日 12月29日 12月30日 12月31日 1月1日 1月2日 1月3日 1月4日","0","0","0","0","0","","原データ"
"3922395144910","高松内科クリニック","タカマツ　ナイカ　クリニック","高松内科クリニック","タカマツ　ナイカ　クリニック","Takamatsu medical clinic","2","39","201","高知県高知市大川筋２－５－４８",33.564872,133.53299,"","1","1","1","1","1","1","0","1","1","1","1","1","1","1","1","1","1","1","1","1","1","1","1","1","1","1","1","1","1","1","1","1","1","1","1","1","1","1","1","1","1","1","0","12月31日 1月1日 1月2日 1月3日","0","0","0","0","0","","原データ"
"3922395145340","医療法人　亀井クリニック","イリョウホウジン　カメイクリニック","亀井クリニック","カメイクリニック","Kamei clinic","2","39","201","高知県高知市札場１８番２２号",33.563265,133.56102,"","1","1","1","1","1","1","0","1","1","1","1","1","1","0","1","1","1","1","1","1","0","1","1","1","1","1","1","0","1","1","1","1","1","1","0","1","1","1","1","1","1","0","0","12月30日 12月31日 1月1日 1月2日 1月3日 （改行）第二金曜日の午後は休診です。（改行）水曜日の午後診療は休診する場合がありますのでお問い合わせください。","","","","","0","","原データ"
"3922395145500","やまもと皮膚科クリニック","ヤマモトヒフカクリニック","やまもと皮膚科クリニック","ヤマモトヒフカクリニック","YAMAMOTO DERMATOLOGY CLINIC","2","39","201","高知県高知市大川筋２－３－３５",33.565539,133.534598,"https://yamamoto-hifuka.net","1","1","1","0","1","1","0","1","1","1","1","1","1","1","1","1","1","1","1","1","1","1","1","1","1","1","1","1","1","1","1","1","1","1","1","1","1","1","1","1","1","1","0","12月29日 12月30日 12月31日 1月1日 1月2日 1月3日","0","0","","","0","","原データ"
"3922395145920","特定医療法人仁泉会　春野うららかクリニック","トクテイイリョウホウジンジンセンカイ　ハルノウララカクリニック","春野うららかクリニック","ハルノウララカクリニック","harunourarakakurinikku","2","39","201","高知県高知市春野町南ケ丘７丁目１６番地",33.517258,133.519895,"https://asakura-hospital.jp/uraraka/","1","1","1","1","1","1","0","1","1","1","1","1","1","0","1","1","1","1","1","1","0","1","1","1","1","1","1","0","1","1","1","1","1","1","0","1","1","1","1","1","1","0","0","第２・4水曜日午後休診（改行）土曜日午後休診（改行）12月30日 1月3日 1月2日 1月1日","","","","","0","","原データ"
"3922395146220","たしま耳鼻咽喉科","タシマジビインコウカ","たしま耳鼻咽喉科","タシマジビインコウカ","TASHIMA JIBIINKOUKA","2","39","201","高知県高知市潮新町２丁目１１ー５",33.549461,133.55021,"http://tashima-jibika.com/","1","1","1","0","1","1","0","1","1","1","1","1","1","1","1","1","1","1","1","1","1","1","1","1","1","1","1","1","1","1","1","1","1","1","1","1","1","1","1","1","1","1","0","12月31日 1月3日 1月2日 1月1日","","","","","0","","原データ"
"3922395201060","すぎもと眼科","スギモトガンカ","すぎもと眼科","スギモトガンカ","Sugimoto Ganka","2","39","203","高知県安芸市本町２ー４ー３",33.499483,133.906591,"https://www.sugimoto-ganka.jp","1","1","1","1","1","1","0","","","","","","","","","","","","","","","","","","","","","","","","","","","","","","","","","","","","0","月曜午前・木曜午後・年末年始（12月29日から1月3日）・お盆","0","0","","","0","","原データ"
"3922395201220","高知高須病院附属安芸診療所","コウチタカスビョウインフゾクアキシンリョウショ","高知高須病院附属安芸診療所","コウチタカスビョウインフゾクアキシンリョウショ","Kochitakasu Byoinfuzoku Akishinryousyo","2","39","203","高知県安芸市港町２ー６３５",33.500833,133.913373,"http://www.takasuhp.or.jp","1","1","1","1","0","1","0","","","","","","","","","","","","","","","","","","","","","","","","","","","","","","","","","","","","1","12月31日 12月30日 12月29日 1月3日 1月2日 1月1日","","","","","0","疑い: 「毎週決まった曜日に休診（金）」が 0（休診）だが、金曜の診療時間が入っている","原データ"
"3922395201640","宮田内科","ミヤタナイカ","宮田内科","ミヤタナイカ","MiyataNaika","2","39","302","高知県安芸郡奈半利町乙２６５７の１",33.427836,134.023177,"","1","1","1","0","1","1","0","","","","","","","","","","","","","","","","","","","","","","","","","","","","","","","","","","","","0","12月31日 1月1日 1月2日 1月3日","","","","","0","","原データ"
"3922395202520","和田医院","ワダイイン","和田医院","ワダイイン","WADA IINN","2","39","304","高知県安芸郡安田町安田１７５０",33.436724,133.981516,"","1","1","1","1","1","1","0","1","1","1","1","1","1","0","1","1","1","1","1","1","0","1","1","1","1","1","1","0","1","1","1","1","1","1","0","1","1","1","1","1","1","0","0","12月31日 1月1日 1月2日 1月3日","0","","","","0","","原データ"
"3922395202780","馬路村立馬路診療所","ウマジソンリツウマジシンリョウショ","馬路診療所","ウマジシンリョウショ","Umaji Sinryousyo","2","39","306","高知県安芸郡馬路村大字馬路４０５ー１",33.552456,134.048671,"","","","","","","","","0","0","1","0","1","0","0","0","1","0","1","1","0","0","0","0","1","0","1","0","0","0","1","0","1","1","0","0","0","0","1","0","1","0","0","0","12月29日 12月30日 12月31日 1月1日 1月2日 1月3日","0","0","","","0","","原データ"
"3922395203110","深谷内科","フカタニナイカ","深谷内科","フカタニナイカ","FUKATANI NAIKA","2","39","307","高知県安芸郡芸西村和食甲１６０４",33.519764,133.811256,"","1","1","1","1","1","1","0","1","1","1","1","1","1","0","1","1","1","1","1","1","0","1","1","1","1","1","1","0","1","1","1","1","1","1","0","1","1","1","1","1","1","0","0","12月31日 12月30日 1月3日 1月2日 1月1日 8月12日８月１３日","","","","","0","","原データ"
"3922395203240","魚梁瀬診療所","ヤナセシンリョウショ","魚梁瀬診療所","ヤナセシンリョウショ","Yanase Sinryousyo","2","39","306","高知県安芸郡馬路村大字魚梁瀬１０ー１１",33.615281,134.109516,"","","","","","","","","0","0","0","0","0","0","0","0","0","0","0","1","0","0","0","0","0","0","0","0","0","0","0","0","0","1","0","0","0","0","0","0","0","0","0","0","12月29日, 12月30日 ,12月31日 ,1月1日, 1月2日, 1月3日","","","","","0","","原データ"
"3922395203950","尾木医院","オギイイン","尾木医院","オギイイン","Ogi Clinic","2","39","203","高知県安芸市本町３－１０－３０",33.499889,133.902105,"https://www.ogiiin.com/","1","1","1","1","1","1","0","","","","","","","","","","","","","","","","","","","","","","","","","","","","","","","","","","","","0","12月31日、1月1日、1月2日、1月3日","0","0","","","0","","原データ"
"3922395204250","安芸クリニック","アキクリニック","安芸クリニック","アキクリニック","Aki Clinic","2","39","203","高知県安芸市東浜",,,"","","","","","","","0","","","","","","","","","","","","","","","","","","","","","","","","","","","","","","","","","","","","0","臨時休診日：2026年3月21日、7月18日、8月14日、15日（改行）年末年始休診日：未定","","","","","0","空欄にした: 緯度経度 0.0, 0.0（元データに座標が無い。住所から建物の位置を特定できなかった）",""
"3922395204380","津田クリニック","ツダクリニック","津田クリニック","ツダクリニック","Tsuda Clinic","2","39","203","高知県安芸市庄之芝町９番３４号",33.503239,133.89868,"","1","1","1","1","1","1","0","1","1","1","1","1","0","0","1","1","1","1","1","0","0","1","1","1","1","1","1","0","1","1","1","1","1","0","0","1","1","1","1","1","0","0","0","12月31日 12月30日  1月3日 1月2日 1月1日 12月29日      8月お盆あたり","","","","","0","","原データ"
"3922395204700","宇都宮内科","ウツノミヤナイカ","宇都宮内科","ウツノミヤナイカ","Utsunomiya Senior Medical Clinic","2","39","203","高知県安芸市染井町１－３８",33.503102,133.897638,"","1","1","1","1","1","1","0","1","1","1","1","1","1","0","1","1","1","1","1","1","0","1","1","1","1","1","1","0","1","1","1","1","1","1","0","1","1","1","1","1","1","0","0","12月31日 1月3日 1月2日 1月1日","","","","","0","","原データ"
"3922395204960","医療法人一丸会矢の丸眼科","イリョウホウジンイチマルカイヤノマルガンカ","矢の丸眼科","ヤノマルガンカ","YANOMARU EYE CLINIC","2","39","203","高知県安芸市矢ノ丸３－２－１７",33.503615,133.907405,"","1","1","1","1","1","1","0","1","1","1","1","1","1","1","1","1","1","1","1","1","1","1","1","1","1","1","1","1","1","1","1","1","1","1","1","1","1","1","1","1","1","1","0","12月29日 12月30日 12月31日 1月1日 1月2日 1月3日 1月4日","4","","","","4","","原データ"
"3922395205000","はまうづ医院","ハマウヅイイン","はまうづ医院","ハマウヅイイン","Hamaudu Clinic","2","39","302","高知県安芸郡奈半利町乙３７４２－１",33.436724,134.027624,"http://www.ccc-21.co.jp/jinchikai","1","1","1","1","1","1","0","1","1","1","1","1","1","0","1","1","1","1","1","1","0","1","1","1","1","1","1","0","1","1","1","1","1","1","0","1","1","1","1","1","1","0","0","12月31日 1月1日 1月2日 1月3日","19","","","","19","","原データ"
"3922395300400","江渕診療所","エブチシンリョウショ","江渕診療所","エブチシンリョウショ","EBUCHISHINRYOUSYO","2","39","205","高知県土佐市家俊１１７９",33.461151,133.346302,"","1","1","1","1","1","1","0","1","1","1","1","1","1","0","1","1","1","1","1","1","0","1","1","1","1","1","1","0","1","1","1","1","1","1","0","1","1","1","1","1","1","0","0","12月30日 12月31日 1月1日 1月2日 1月3日","0","0","0","0","0","","原データ"
"3922395301380","松岡内科","マツオカナイカ","松岡内科","マツオカナイカ","Matsuokanaika","2","39","205","高知県土佐市高岡町甲２１５８－２",33.495352,133.421592,"","1","1","1","1","1","1","0","1","1","1","1","1","1","1","1","1","1","1","1","1","1","1","1","1","1","1","1","1","1","1","1","1","1","1","1","1","1","1","1","1","1","1","0","12月31日 12月30日 1月3日 1月2日 1月1日","","","","","0","","原データ"
"3922395301410","医療法人　高尚会　川田整形外科","イリョウホウジン　コウショウカイ　カワダセイケイゲカ","川田整形外科","カワダセイケイゲカ","Kawada SeikeiGeka","2","39","205","高知県土佐市高岡町甲９２０－１",33.496458,133.430852,"http://www.kawada-seikei.com/","1","1","1","1","1","1","0","1","1","1","1","1","1","0","1","1","1","1","1","1","0","1","1","1","1","1","1","0","1","1","1","1","1","1","0","1","1","1","1","1","1","0","0","12月28日 12月29日 12月30日 12月31日 1月1日 1月2日 1月3日 8月15日","19","","","","19","","原データ"
"3922395303010","医療法人　宏林会　須崎　菅野医院","イリョウホウジン　コウリンカイ　スサキ　スガノイイン","須崎　菅野医院","スサキ　スガノイイン","Susaki Sugano Clinic","2","39","206","高知県須崎市西糺町１",33.391158,133.284917,"http://www.korinn.jp","1","1","1","1","1","1","0","1","1","1","1","1","1","1","1","1","1","1","1","1","1","1","1","1","1","1","1","1","1","1","1","1","1","1","1","1","1","1","1","1","1","1","0","12月31日 1月3日 1月2日 1月1日 12月30日","0","0","","","0","","原データ"
"3922395303720","梼原町立四万川診療所","ユスハラチョウリツシマガワシンリョウショ","四万川診療所","シマガワシンリョウショ","shimagawa clinic","2","39","405","高知県高岡郡檮原町六丁１５２",33.428644,132.87607,"","0","0","0","1","0","0","0","1","1","1","1","1","1","1","1","1","1","1","1","1","1","1","1","1","1","1","1","1","1","1","1","1","1","1","1","1","1","1","1","1","1","1","0","12月29日 12月30日 12月31日 1月1日 1月2日 1月3日","0","0","","","0","","原データ"
"3922395304310","つのやまクリニック","ツノヤマクリニック","つのやまクリニック","ツノヤマクリニック","Tsunoyama clinic","2","39","411","高知県高岡郡津野町力石２８２９－３",33.39393,133.025778,"","1","1","1","1","1","0","0","1","1","1","1","1","0","0","1","1","1","1","1","0","0","1","1","1","1","1","1","1","1","1","1","1","1","0","0","1","1","1","1","1","0","0","0","12月31日 12月30日 12月29日 8月15日 1月3日 1月2日 1月1日","","","","","0","","原データ"
"3922395304730","津野町国民健康保険杉ノ川診療所","ツノチョウコクミンケンコウホケンスギノカワシンリョウショ","国保杉ノ川診療所","コクホスギノカワシンリョウジョ","Suginokawa Shinryosyo","2","39","411","高知県高岡郡津野町杉ノ川甲",33.439171,133.158854,"","1","1","1","1","1","0","0","1","1","1","1","1","0","0","1","1","1","1","1","0","0","1","1","1","1","1","0","0","1","1","1","1","1","0","0","1","1","1","1","1","0","0","0","12月29日 12月30日 12月31日 1月1日 1月2日 1月3日","0","0","","","0","","原データ"
"3922395304860","浦ノ内診療所","ウラノウチシンリョウジョ","浦ノ内診療所","ウラノウチシンリョウジョ","Uranouti Sinryoujo","2","39","206","高知県須崎市浦ノ内東分１６８－１１４",33.427265,133.362411,"","0","1","0","0","0","0","0","1","1","1","1","1","1","1","1","1","1","1","1","1","1","1","1","1","1","1","1","1","1","1","1","1","1","1","1","1","1","1","1","1","1","1","0","12月30日 12月31日 1月1日 1月2日 1月3日","","","","","0","","原データ"
"3922395305290","中土佐町立上ノ加江診療所","ナカトサチョウリツカミノカエシンリョウショ","上ノ加江診療所","カミノカエシンリョウショ","Kaminokae Sinryousyo","2","39","401","高知県高岡郡中土佐町上ノ加江７７８―１",33.277391,133.237124,"","0","0","0","1","0","0","0","1","1","1","1","1","1","1","1","1","1","1","1","1","1","1","1","1","1","1","1","1","1","1","1","1","1","1","1","1","1","1","1","1","1","1","0","12月30日 12月31日 1月1日 1月2日 1月3日","","","","","0","","原データ"
"3922395305450","梼原町立松原診療所","ユスハラチョウリツマツバラシンリョウショ","松原診療所","マツバラシンリョウショ","matsubara clinic","2","39","405","高知県高岡郡檮原町松原５７８",33.310881,132.977174,"","1","0","0","0","1","0","0","1","1","1","1","1","1","1","1","1","1","1","1","1","1","1","1","1","1","1","1","1","1","1","1","1","1","1","1","1","1","1","1","1","1","1","0","12月29日 12月30日 12月31日 1月1日 1月2日 1月3日","0","0","","","0","","原データ"
"3922395305610","中山整形外科","ナカヤマセイケイゲカ","中山整形外科","ナカヤマセイケイゲカ","Nakayama Seikeigeka","2","39","206","高知県須崎市妙見町９ー１０",33.414455,133.293362,"","1","1","1","1","1","1","0","1","1","1","1","1","1","0","1","1","1","1","1","1","0","1","1","1","1","1","1","0","1","1","1","1","1","1","0","1","1","1","1","1","1","0","0","12月29日 12月30日 12月31日 1月1日 1月2日 1月3日","","","","","0","","原データ"
"3922395306330","橋本外科胃腸科内科","ハシモトゲカイチョウカナイカ","橋本外科胃腸科内科","ハシモトゲカイチョウカナイカ","hashimotogekaichoukanaika","2","39","205","高知県土佐市高岡町甲７５０－１",33.495605,133.435224,"https://sites.google.com/hashimoto-cli.net/hashimoto","1","1","1","1","1","1","0","1","1","1","1","1","1","0","1","1","1","1","1","1","0","1","1","1","1","1","1","0","1","1","1","1","1","1","0","1","1","1","1","1","1","0","0","12月30日～１月4日","0","0","","","0","","原データ"
"3922395306460","津野町国民健康保険姫野々診療所","ツノチョウコクミンケンコウホケン　ヒメノノシンリョウショ","姫野々診療所","ヒメノノシンリョウショ","","2","39","411","高知県高岡郡津野町姫野々４７３ー１",33.441428,133.212149,"","1","1","1","1","1","0","0","1","1","1","1","1","0","0","1","1","1","1","1","0","0","1","1","1","1","1","0","0","1","1","1","1","1","0","0","1","1","1","1","1","1","1","0","12月29日 12月30日 12月31日 1月1日 1月2日 1月3日","","","","","0","","原データ"
"3922395306880","医療法人さくら会","イリョウホジンサクラカイ","もりはた小児科","モリハタショウニカ","Morihata Pediatric Clinic","2","39","206","高知県須崎市緑町９０番",33.412823,133.288529,"","1","1","1","1","1","1","0","1","1","1","1","1","1","0","1","1","1","1","1","1","0","1","1","1","1","1","1","0","1","1","1","1","1","1","0","1","1","1","1","1","1","0","0","12月30日 12月31日 1月1日 1月2日 1月3日、木、土は午後休診","0","0","","","0","","原データ"
"3922395306910","岸本内科","キシモトナイカ","岸本内科","キシモトナイカ","KishimotoNAIKA","2","39","205","高知県土佐市宇佐町宇佐１７３８",33.450448,133.441949,"","1","1","1","1","1","1","0","1","1","1","1","1","1","0","1","1","1","1","1","1","0","1","1","1","1","1","1","0","1","1","1","1","1","1","0","1","1","1","1","1","1","0","0","12月29日12月30日 12月31日 1月1日 1月2日 1月3日","","","","","0","","原データ"
"3922395400300","医療法人　鬨の会　大野内科","イリョウホウジン　トキノカイ　オオノナイカ","大野内科","オオノナイカ","Ohnonaika","2","39","210","高知県四万十市渡川１丁目１番３号",32.988487,132.923964,"https://www.ohnonaika.com/","1","1","1","1","1","1","0","1","1","1","1","1","1","0","1","1","1","1","1","1","0","1","1","1","1","1","1","0","1","1","1","1","1","1","0","1","1","1","1","1","1","0","0","7月18日、7月19日、12月29日、12月30日、12月31日、 1月1日、 1月2日、1月3日","0","0","0","0","0","","原データ"
"3922395401310","正木整形外科","マサキセイケイゲカ","正木整形外科","マサキセイケイゲカ","Masaki Seikeigeka","2","39","210","高知県四万十市中村新町　２ー９",32.994529,132.935797,"","1","1","1","1","1","1","0","1","1","1","1","1","1","1","1","1","1","1","1","1","1","1","1","1","1","1","1","1","1","1","1","1","1","1","1","1","1","1","1","1","1","1","0","1月1日 1月2日 1月3日 12月30日 12月31日","0","0","","","0","","原データ"
"3922395401990","菊地産婦人科医院","キクチサンフジンカイイン","菊地産婦人科医院","キクチサンフジンカ","kikuchisanfujinka","2","39","210","高知県四万十市中村桜町１９",32.99667,132.933527,"","1","1","1","1","1","1","0","1","1","1","1","1","1","1","1","1","1","1","1","1","1","1","1","1","1","1","1","1","1","1","1","1","1","1","1","1","1","1","1","1","1","1","0","12月29日 1月1日 12月30日 1月2日 12月31日 1月3日","16","","","","16","","原データ"
"3922395402030","要医院","カナメ　イイン","要　医院","カナメ　イイン","Kaname Iin","2","39","210","高知県　四万十市駅前町１３番１７号",32.982416,132.942915,"","1","1","0","1","1","0","0","1","1","0","1","1","0","0","1","1","0","1","1","0","0","1","1","0","1","1","0","0","1","1","0","1","1","0","0","1","1","0","1","1","0","0","0","12月31日 12月30日 12月29日 1月3日 1月2日 1月1日","","","","","0","疑い: 「毎週決まった曜日に休診（水）」が 0（休診）だが、水曜の診療時間が入っている","原データ"
"3922395403460","宿毛市立沖の島ヘき地診療所","スクモシリツオキノシマヘキチシンリョウジョ","宿毛市立沖の島ヘき地診療所","スクモシリツオキノシマヘキチシンリョウジョ","Sukumoshiritu Okinoshima Hekichishinryosho","2","39","208","高知県宿毛市沖の島町母島１００５",32.73646,132.549275,"","0","1","1","1","1","0","0","1","1","1","1","1","1","1","1","1","1","1","1","1","1","1","1","1","1","1","1","1","1","1","1","1","1","1","1","1","1","1","1","1","1","1","0","","0","0","","","0","","原データ"
"3922395403910","高知県宿毛市立沖の島ヘき地診療所弘瀬出張所","スクモシリツオキノシマヘキチシンリョウジョヒロセシュッチョウショ","宿毛市立沖の島ヘき地診療所弘瀬出張所","スクモシリツオキノシマヘキチシンリョウジョヒロセシュッチョウショ","Okinoshima Hekichishinryosho Hirose Shucchosho","2","39","208","高知県宿毛市沖の島町弘瀬３４４",32.713073,132.550909,"","0","1","0","0","1","0","0","1","1","1","1","1","1","1","1","1","1","1","1","1","1","1","1","1","1","1","1","1","1","1","1","1","1","1","1","1","1","1","1","1","1","1","0","12月28日 12月29日 12月30日 12月31日","0","0","","","0","","原データ"
"3922395404210","黒潮町国保伊与喜出張診療所","クロシオチョウコクホイヨキシュッチョウシンリョウショ","伊与喜診療所","イヨキシンリョウショ","iyokisinnryousyo","2","39","428","高知県幡多郡黒潮町伊与喜２５ー１",33.10685,133.098649,"","0","0","0","0","0","0","0","0","0","1","0","0","0","0","0","0","0","0","0","0","0","0","0","1","0","0","0","0","0","0","0","0","0","0","0","0","0","0","0","0","0","0","0","","","","","","0","疑い: 「毎週決まった曜日に休診（水）」が 0（休診）だが、水曜の診療時間が入っている","原データ"
"3922395404340","医療法人祥星会　佐賀診療所","イリョウホウジンショウセイカイ　サガシンリョウショ","医療法人祥星会　佐賀診療所","イリョウホウジンショウセイカイ　サガシンリョウショ","IRYOUHOUZINSHOUSEIKAI  SAGASHINRYOUSHO","2","39","428","高知県幡多郡黒潮町佐賀７４６－１",33.079642,133.106433,"","1","1","1","0","1","0","0","1","1","1","0","1","0","0","1","1","1","0","0","0","0","1","1","1","0","1","0","0","1","1","1","0","0","0","0","1","1","1","0","0","0","0","0","12月30日 12月31日 1月1日 1月2日 1月3日","0","0","","","0","","原データ"
"3922395404500","黒潮町国保鈴出張診療所","クロシオチョウコクホスズシュッチョウシンリョウショ","鈴診療所","スズシンリョウショ","Suzusinryousyo","2","39","428","高知県幡多郡黒潮町鈴３１７ー３",33.127856,133.154661,"","0","0","1","0","0","0","0","0","0","0","0","0","0","0","0","0","1","0","0","0","0","0","0","0","0","0","0","0","0","0","0","0","0","0","0","0","0","0","0","0","0","0","0","","","","","","0","","原データ"
"3922395405190","大方クリニック","オオガタクリニック","大方クリニック","オオガタクリニック","OOGATAclinic","2","39","428","高知県幡多郡黒潮町入野２０１６－１",33.024251,133.011345,"","1","1","1","1","1","0","0","1","1","1","1","1","0","0","1","1","1","1","1","0","0","1","1","1","1","1","0","0","1","1","1","1","1","0","0","1","1","1","1","1","0","0","0","12月31日 12月30日 1月3日 1月2日 1月1日","0","0","","","0","","原データ"
"3922395406230","四万十市奥屋内へき地出張診療所","シマントシオクヤナイヘキチシュッチョウシンリョウショ","奥屋内診療所","オクヤナイシンリョウショ","","2","39","210","高知県四万十市西土佐奥屋内",33.110065,132.708039,"","0","0","0","0","0","0","0","0","0","0","0","0","0","0","0","0","0","0","0","0","0","0","0","0","0","0","0","0","0","0","0","0","0","0","0","0","0","0","0","0","0","0","0","","","","","","0","","原データ"
"3922395406360","四万十市国民健康保険口屋内出張診療所","シマントシ　コクミンケンコウホケン　クチヤナイシュッチョウシンリョウショ","口屋内診療所","クチヤナイシンリョウショ","","2","39","210","高知県四万十市西土佐口屋内１０１－１",33.095034,132.804262,"","0","0","0","0","0","0","0","0","0","0","0","0","0","0","0","0","1","0","0","0","0","0","0","0","0","0","0","0","0","0","1","0","0","0","0","0","0","0","0","0","0","0","0","12月29日 12月30日 12月31日 1月1日 1月2日 1月3日","","","","","0","疑い: 「毎週決まった曜日に休診（火）」が 0（休診）だが、火曜の診療時間が入っている","原データ"
"3922395407110","四万十市国民健康保険西土佐診療所","シマントシ　コクミンケンコウホケン　ニシトサシンリョウショ","四万十市西土佐診療所","シマントシ　ニシトサシンリョウショ","","2","39","210","高知県四万十市西土佐用井１１１０－２８",33.172544,132.794933,"","1","1","1","1","1","0","0","1","1","1","1","1","0","0","1","1","1","1","1","0","0","1","1","1","1","1","0","0","1","1","1","1","1","0","0","1","1","1","1","1","0","0","0","12月29日 12月30日 12月31日 1月1日 1月2日 1月3日","19","0","","","19","","原データ"
"3922395407400","三原村国民健康保険診療所","ミハラムラ　コクミンケンコウホケン　シンリヨウショ","三原診療所","ミハラシンリョウショ","","2","39","427","高知県幡多郡三原村来栖野４７９",32.907869,132.84664,"","1","1","1","1","1","0","0","1","1","1","1","1","0","0","1","1","1","1","1","0","0","1","1","1","1","1","0","0","1","1","1","1","1","0","0","1","1","1","1","1","0","0","0","12月29日 12月30日 12月31日 1月1日 1月2日 1月3日","6","0","","","6","","原データ"
"3922395407660","黒潮町国保拳ノ川診療所","クロシオチョウコクホコブシノカワシンリョウショ","拳ノ川診療所","コブシノカワシンリョウショ","Kobushinokawa Shinryosyo","2","39","428","高知県幡多郡黒潮町拳ノ川３１番地１",33.136832,133.123569,"","1","1","1","1","1","0","0","1","1","1","1","1","0","0","1","1","1","1","1","0","0","1","1","1","1","1","0","0","1","1","1","1","1","0","0","1","1","1","1","1","0","0","0","12月29日 12月30日 12月31日 1月1日 1月2日 1月3日","","","","","0","","原データ"
"3922395407790","伊与田眼科","イヨタガンカ","伊与田眼科","イヨタガンカ","","2","39","208","高知県宿毛市長田町３ー２２ー２",32.937563,132.72068,"","1","1","1","1","1","1","1","1","1","1","1","1","1","1","1","1","1","1","1","1","1","1","1","1","1","1","1","1","1","1","1","1","1","1","1","1","1","1","1","1","1","1","1","","","","","","0","疑い: 「毎週決まった曜日に休診（月）」が 1（診療）だが、月曜の診療時間が無い / 疑い: 「毎週決まった曜日に休診（火）」が 1（診療）だが、火曜の診療時間が無い / 疑い: 「毎週決まった曜日に休診（水）」が 1（診療）だが、水曜の診療時間が無い / 疑い: 「毎週決まった曜日に休診（木）」が 1（診療）だが、木曜の診療時間が無い / 疑い: 「毎週決まった曜日に休診（金）」が 1（診療）だが、金曜の診療時間が無い / 疑い: 「毎週決まった曜日に休診（土）」が 1（診療）だが、土曜の診療時間が無い / 疑い: 「毎週決まった曜日に休診（日）」が 1（診療）だが、日曜の診療時間が無い","原データ"
"3922395407820","佐々木整形外科医院","ササキセイケイゲカイイン","佐々木整形外科","ササキセイケイゲカ","","2","39","210","高知県四万十市中村一条通５丁目７９ー２",32.991195,132.940242,"","1","1","1","1","1","1","0","1","1","1","1","1","1","0","1","1","1","1","1","1","0","1","1","1","1","1","0","0","1","1","1","1","1","1","0","1","1","1","1","1","0","0","0","12月31日 1月1日 1月2日 1月3日","","0","","","0","","原データ"
"3922395408090","四万十市国民健康保険大宮出張診療所","シマントシ　コクミンケンコウホケン　オオミヤシュッチョウシンリョウショ","大宮診療所","オオミヤシンリョウショ","","2","39","210","高知県四万十市西土佐大宮",33.141102,132.750037,"","0","0","0","0","0","0","0","0","0","1","0","0","0","0","0","0","0","0","0","0","0","0","0","1","0","0","0","0","0","0","0","0","0","0","0","0","0","1","0","0","0","0","0","12月29日 12月30日 12月31日 1月1日 1月2日 1月3日","","","","","0","","原データ"
"3922395408410","中村クリニック","ナカムラクリニック","中村クリニック","ナカムラクリニック","Nakamura Clinic","2","39","210","高知県四万十市中村大橋通７－１－１０",32.990326,132.939701,"","1","1","1","1","1","1","0","1","1","1","1","1","1","0","1","1","1","1","1","1","0","1","1","1","1","1","1","0","1","1","1","1","1","1","0","1","1","1","1","1","1","0","0","12月30日 12月31日 1月1日 1月2日 1月3日","0","0","","","0","","原データ"
"3922395408700","小原外科肛門科胃腸科","オハラゲカコウモンカイチョウカ","小原外科","オハラゲカ","Ohara Surgical clinic","2","39","210","高知県四万十市右山元町３丁目３番１５号",32.981754,132.941352,"http://oharageka.sakura.ne.jp/","1","1","1","1","1","1","0","1","1","1","1","1","1","0","1","1","1","1","1","1","0","1","1","1","1","1","1","0","1","1","1","1","1","1","0","1","1","1","1","1","1","0","0","12月30日 12月31日 1月1日 1月2日 1月3日","19","","","","19","","原データ"
"3922395409260","こじま眼科","コジマガンカ","こじま眼科","コジマガンカ","KOJIMA EYE CLINIC","2","39","210","高知県四万十市駅前町",32.983416,132.944179,"https://kojimaec.or.jp/","1","1","1","1","1","1","0","1","1","1","1","1","1","0","1","1","1","1","1","1","0","1","1","1","1","1","1","0","1","1","1","1","1","1","0","1","1","1","1","1","1","0","0","8月10日 8月12日 8月13日 8月15日 12月29日 12月30日 12月31日 1月1日 1月2日 1月3日1月4日","7","0","","","7","","原データ"
"3922395409550","奥谷整形外科","オクタニセイケイゲカ","奥谷整形外科","オクタニセイケイゲカ","Okutani Seikeigeka","2","39","208","高知県宿毛市駅前町２ー７０３",32.931286,132.713576,"","1","1","1","1","1","1","0","1","1","1","1","1","1","1","1","1","1","1","1","1","1","1","1","1","1","1","1","1","1","1","1","1","1","1","1","1","1","1","1","1","1","1","0","12月31日 1月3日 1月2日 1月1日","0","0","","","0","","原データ"
"3922395409680","川村内科クリニック","カワムラナイカクリニック","川村内科クリニック","カワムラナイカクリニック","Kawamura Clinic","2","39","208","高知県宿毛市平田町戸内１２５６",32.956762,132.791268,"","1","1","1","1","1","1","0","1","1","1","1","1","1","1","1","1","1","1","1","1","1","1","1","1","1","1","1","1","1","1","1","1","1","1","1","1","1","1","1","1","1","1","0","12月31日 1月1日 1月2日 1月3日","","","","","0","","原データ"
"3922395410530","医療法人防治会　梅ノ辻クリニック","ウメノツジクリニック","梅ノ辻クリニック","ウメノツジクリニック","Umenotsuji clinic","2","39","201","高知県高知市梅ノ辻８－７",33.553602,133.543564,"http://www.umenotsuji-cl.jp","1","1","1","1","1","1","0","1","1","1","1","1","1","0","1","1","1","1","1","1","0","1","1","1","1","1","1","0","1","1","1","1","1","1","0","1","1","1","1","1","1","0","0","内科：月・木・金の午後休診、　水・土休診（改行）整形外科：毎週水曜休診、木曜午後休診、土曜は第１、３以外は休診（改行）脳神経外科：毎週水曜午後休診（改行）12月29日午後休診（改行）12月30日 12月31日 1月1日 1月2日 1月3日","0","0","","","0","","原データ"
"3922395410790","まあるいこころクリニック","マアルイココロ","まあるいこころクリニック","マアルイココロ","Maaruikokoro Clinic","2","39","210","高知県四万十市具同６７７５－１",32.981199,132.904057,"http://maarui.com","1","1","1","1","1","1","0","1","1","1","1","1","1","0","1","1","1","1","1","1","0","1","1","1","1","1","1","0","1","1","1","1","1","0","0","1","1","1","1","1","1","0","0","12月31日 8月15日 8月14日 8月13日 1月3日 1月2日 1月1日","","","","","0","","原データ"
"3922395411540","さくらクリニック","サクラクリニック","さくらクリニック","サクラ　クリニック","SAKURA KURINIKKU","2","39","210","高知県四万十市古津賀四丁目６３番地",32.982152,132.954087,"","1","1","1","1","1","1","0","1","1","1","1","1","1","0","1","1","1","1","1","1","0","1","1","1","1","1","1","0","1","1","1","1","1","1","0","1","1","1","1","1","1","0","0","1月1日 1月2日 1月3日 8月13日 8月14日 8月15日 12月29日 12月30日 12月31日","0","0","0","0","0","","原データ"
"3922395411670","いしはらクリニック","イシハラクリニック","いしはらクリニック","イシハラクリニック","ishiharakurinikku","2","39","208","高知県宿毛市宿毛５４９０",32.939806,132.729429,"http://ishiharaclinic.web.fc2.com/","1","1","1","1","1","1","0","1","1","1","1","1","1","1","1","1","1","1","1","1","1","1","1","1","1","1","1","1","1","1","1","1","1","1","1","1","1","1","1","1","1","1","0","","0","0","0","0","0","","原データ"
"3922395411960","かずクリニック","カズクリニック","かずクリニック","カズクリニック","kazuclinic","2","39","209","高知県土佐清水市本町１０ー３",32.777454,132.954027,"","1","1","1","1","1","1","0","1","1","1","1","1","1","1","1","1","1","1","1","1","1","1","1","1","1","1","1","1","1","1","1","1","1","1","1","1","1","1","1","1","1","1","0","12月31日 12月30日 12月29日 1月3日 1月2日 1月1日","","","","","0","","原データ"
"3922395412000","こいけクリニック","コイケクリニック","こいけクリニック","コイケクリニック","koike clinic","2","39","210","高知県四万十市中村大橋通６丁目３－７",32.990012,132.937013,"http://koike-clinic.hp.gogo.jp/pc/","1","1","1","1","1","1","0","1","1","1","1","1","1","0","1","1","1","1","1","1","0","1","1","1","1","1","1","0","1","1","1","1","1","1","0","1","1","1","1","1","1","0","0","令和７年度　お盆休み　８月15日８月16日８月17日（改行）年末年始お休み　12月30日 12月31日 １月1日１月2日 1月3日 1月4日（改行）（改行）毎月　第三土曜日休診。","","","","","0","","原データ"
"3922395412260","竹本病院附属富山診療所","タケモトビョウインフゾクトミヤマシンリョウショ","竹本病院附属富山診療所","タケモトビョウインフゾクトミヤマシンリョウショ","tomiyama clinic","2","39","210","高知県四万十市大用３４８",33.102852,132.962736,"","0","0","0","0","0","0","0","0","0","0","0","0","0","0","0","0","0","0","0","0","0","0","0","0","0","0","0","0","0","0","0","0","0","0","0","0","0","0","0","0","0","0","0","12月31日 12月30日 12月29日 8月13日 8月14日 8月15日 1月3日 1月2日 1月1日","","","","","0","疑い: 「毎週決まった曜日に休診（木）」が 0（休診）だが、木曜の診療時間が入っている","原データ"
"3922395412420","まつもと耳鼻咽喉科","マツモトジビインコウカ","まつもと耳鼻科","マツモトジビカ","Matsumoto Jibika","2","39","210","高知県四万十市具同田黒２ー１５０",32.984321,132.92082,"","1","1","1","1","1","1","0","1","1","1","1","1","1","1","1","1","1","1","1","1","1","1","1","1","1","1","1","1","1","1","1","1","1","1","1","1","1","1","1","1","1","1","0","12月31日 1月1日 1月2日 1月3日","","","","","0","","原データ"
"3922395412680","たかはし皮フ科","タカハシヒフカ","たかはし皮フ科","タカハシヒフカ","takahashi dermatological clinic","2","39","210","高知県四万十市具同田黒２－１２－４９",32.985257,132.920473,"","1","1","1","1","1","0","0","","","","","","","","","","","","","","","","","","","","","","","","","","","","","","","","","","","","0","","","","","","0","","原データ"
"3922395413010","高見眼科","タカミガンカ","高見眼科","タカミガンカ","TAKAMI EYE CLINIC","2","39","208","高知県宿毛市宿毛５４９５－１５",32.931759,132.711711,"","1","1","1","1","1","1","0","1","1","1","1","1","1","0","1","1","1","1","1","1","0","1","1","1","1","1","1","0","1","1","1","1","1","1","0","1","1","1","1","1","1","0","0","","0","0","","","0","","原データ"
"3922395414600","出口クリニック","イデグチクリニック","出口クリニック","イデグチクリニック","ideguchi","2","39","428","高知県幡多郡黒潮町出口２０７０番地",32.980948,132.994566,"http://kotobuki-ideguchi.jp/","1","1","1","1","1","1","0","1","1","1","1","1","1","0","1","1","1","1","1","1","0","1","1","1","1","1","1","0","1","1","1","1","1","1","0","1","1","1","1","1","1","0","0","12月31日 1月1日 1月2日 1月3日","0","0","","","0","疑い: 「毎週決まった曜日に休診（月）」が 1（診療）だが、月曜の診療時間が無い","原データ"
"3922395415610","あしずり岬診療所","アシズリミサキシンリョウショ","あしずり岬診療所","アシズリミサキシンリョウショ","Shinryohsyo","2","39","209","高知県土佐清水市天神町１ー２６",32.780167,132.954279,"http://www.ashizurimisaki-clinic.jp/","1","1","1","1","1","1","0","1","1","1","1","1","1","1","1","1","1","1","1","1","1","1","1","1","1","1","1","1","1","1","1","1","1","1","1","1","1","1","1","1","1","1","0","1月1日 1月2日 1月3日 12月31日","","","","","0","","原データ"
"3922395419940","竹本病院附属大川筋診療所","タケモトビョウインフゾクオオカワスジシンリョウショ","竹本病院附属大川筋診療所","タケモトビョウインフゾクオオカワスジシンリョウショ","ookawasuji clinic","2","39","210","高知県四万十市川登１１０６－４",33.030309,132.853827,"","0","1","0","0","0","0","0","0","0","0","0","0","0","0","0","1","0","0","0","0","0","0","0","0","0","0","0","0","0","0","0","0","0","0","0","0","0","0","0","0","0","0","0","","0","0","","","0","","原データ"
"3922395423530","医療法人　修命会　土佐丹羽クリニック","イリョウホウジン　シュウメイカイ　トサニワクリニック","土佐丹羽クリニック","トサニワクリニック","Tosa Niwa Clinic","2","39","209","高知県土佐清水市幸町５番３号",32.780961,132.953469,"http://www.tosashimizu-hospital.com/","1","1","1","0","1","1","0","1","1","1","0","1","1","0","1","1","1","0","1","1","0","1","1","1","0","1","1","0","1","1","1","0","1","1","0","1","1","1","0","1","1","0","1","12月29日 12月30日 12月31日 1月1日 1月2日 1月3日","19","0","","","19","","原データ"
"3922395426430","温クリニック四万十","ヌクモリクリニックシマント","温クリニック四万十","ヌクモリクリニックシマント","NUKUMORIKURINIKKU SHIMANTO","2","39","210","高知県四万十市具同５３９０",32.9801,132.912343,"https://nukumori.clinic/","1","1","1","1","1","1","0","1","1","1","1","1","1","0","1","1","1","1","1","1","0","1","1","1","1","1","1","0","1","1","1","1","1","1","0","1","1","1","1","1","0","0","0","12月30日 12月31日 1月1日 1月2日 1月3日 5月6日 8月12日 8月14日 8月15日","","","","","0","","原データ"
"3922395427280","医療法人島津会幡多クリニック","イリョウホウジンシマヅカイハタクリニック","幡多クリニック","ハタクリニック","HataClinic","2","39","210","高知県四万十市右山天神町１０－１２",32.984721,132.941685,"","1","1","1","1","1","1","0","1","1","1","1","1","1","1","1","1","1","1","1","1","1","1","1","1","1","1","1","1","1","1","1","1","1","1","1","1","1","1","1","1","1","1","0","12月29日 12月30日 12月31日 1月1日 1月2日 1月3日","19","0","","","19","","原データ"
"3922395428160","吉井クリニック","ヨシイクリニック","吉井クリニック","ヨシイクリニック","","2","39","210","高知県四万十市中村大橋通６丁目７番５号",,,"","1","1","1","1","1","1","0","1","1","1","1","1","1","0","1","1","1","1","1","1","0","1","1","1","1","1","1","0","1","1","1","1","1","1","0","1","1","1","1","1","1","0","0","12月30日 12月31日 1月1日 1月2日 1月3日","","","","","0","空欄にした: 緯度経度 0.0, 0.0（元データに座標が無い。住所から建物の位置を特定できなかった）",""
"3922395428290","かなめ循環器内科在宅クリニック","カナメジュンカンキナイカザイタククリニック","かなめ循環器内科在宅クリニック","カナメジュンカンキナイカザイタククリニック","","2","39","210","高知県四万十市中村大橋通７丁目１２番１５号池本ビル１階",,,"","1","0","1","0","1","0","1","1","1","1","1","1","1","1","1","1","1","1","1","1","1","1","1","1","1","1","1","1","1","1","1","1","1","1","1","1","1","1","1","1","1","1","1","","","","","","0","空欄にした: 緯度経度 0.0, 0.0（元データに座標が無い。住所から建物の位置を特定できなかった） / 疑い: 「毎週決まった曜日に休診（日）」が 1（診療）だが、日曜の診療時間が無い",""
"3922395428320","かんぺ医","カンペイ","","","kanpei","2","39","208","高知県宿毛市長田町６－６",32.934916,132.71916,"sites.google.com/view/kanpei/home","1","0","0","1","1","1","1","","","","","","","","","","","","","","","","","","","","","","","","","","","","","","","","","","","","0","１２月２９日～０１月０３日（改行）お盆は不定休","","","","","","疑い: 「毎週決まった曜日に休診（金）」が 1（診療）だが、金曜の診療時間が無い / 疑い: ホームページアドレス sites.google.com/view/kanpei/home（http:// や https:// が無い）","原データ"
"3922395430020","四万十ぴよこどもクリニック","シマントピヨコドモクリニック","","","","2","39","210","高知県四万十市中村東町１丁目１−２７四万十市立市民病院内西棟１階",,,"https://shimanto-piyo.com/","1","1","1","0","1","1","0","","","","","","","","","","","","","","","","","","","","","","","","","","","","","","","","","","","","0","","0","0","","","0","空欄にした: 緯度経度 0.0, 0.0（元データに座標が無い。住所から建物の位置を特定できなかった）",""
"3922395500880","医療法人　魁　山北内科リハビリクリニック","イリョウホウジン　サキガケ　ヤマキタナイカリハビリクリニック","山北クリニック","ヤマキタクリニック","Yamakita Clinic","2","39","211","高知県香南市香我美町山北１３０４－１",33.580141,133.743167,"http://yamakita.p-kit.com/","1","0","1","1","1","1","0","1","0","1","1","1","1","0","1","0","1","1","1","1","0","1","0","1","1","1","1","0","1","0","1","1","1","1","0","1","0","1","1","1","1","0","0","12月31日 1月1日 1月2日 1月3日","","","","","0","","原データ"
"3922395501210","医療法人楠会　宇賀歯科","イリョウホウジンクスノキカイ　ウカシカ","宇賀歯科","ウカシカ","ukashika","2","39","212","高知県香美市土佐山田町西本町２ー３ー１",33.604599,133.683562,"http://www.uka-micro.jp/","1","1","1","1","1","1","0","1","1","1","1","1","1","1","1","1","1","1","1","1","1","1","1","1","1","1","1","1","1","1","1","1","1","1","1","1","1","1","1","1","1","1","0","ＧＷ　5月3日～5月6日（改行）お盆　8月13日～ 8月15日（改行）年末年始　12月30日～1月3日","","","","","0","","原データ"
"3922395501500","医療法人祥和会坂本内科","イリョウホウジンショウワカイサカモトナイカ","医療法人祥和会坂本内科","イリョウホウジンショウワカイサカモトナイカ","Sakamotonaika","2","39","212","高知県香美市土佐山田町東本町４－１－３８",33.606876,133.690886,"","1","1","1","1","1","1","0","1","1","1","1","1","1","0","1","1","1","1","1","1","0","1","1","1","1","1","1","0","1","1","1","1","1","1","0","1","1","1","1","1","1","0","0","12月30日 12月31日 1月1日 1月2日 1月3日","0","","","","0","","原データ"
"3922395501630","医療法人佐野会佐野内科リハビリテーションクリニック","イリョウホウジンサノカイサノナイカリハビリテーションクリニック","佐野内科リハビリテーションクリニック","サノナイカリハビリテーションクリニック","Sano Rehabilitation Clinic","2","39","212","高知県香美市土佐山田町東本町３丁目２番４１号",33.606954,133.688633,"","1","1","1","1","1","1","0","1","1","1","1","1","1","0","1","1","1","1","1","1","0","1","1","1","1","1","1","0","1","1","1","1","1","1","0","1","1","1","1","1","1","0","0","12月29日、１２月３０日、１２月３１日、１月１日、１月２日、１月３日","0","0","0","0","0","","原データ"
"3922395502190","八井田医院","ヤイダイイン","八井田医院耳鼻咽喉科","ヤイダイインジビインコウカ","Yaida Iinjibiinnkouka","2","39","212","高知県香美市土佐山田町西本町５ー３―２１",33.604452,133.679707,"","1","1","1","0","1","1","0","1","1","1","0","1","1","0","1","1","1","0","1","1","0","1","1","1","0","1","1","0","1","1","1","0","1","1","0","1","1","1","0","1","1","0","0","12月30日 12月31日 1月1日 1月2日 1月3日","0","0","0","0","0","","原データ"
"3922395502800","医療法人　藤田整形外科","イリョウホウジン　フジタセイケイゲカ","藤田整形","フジタセイケイ","Fujita Orthopedic Clinic","2","39","211","高知県香南市野市町東野　１６９－１",33.56198,133.703489,"","1","1","1","1","1","1","0","1","1","1","1","1","1","1","1","1","1","1","1","1","1","1","1","1","1","1","1","1","1","1","1","1","1","1","1","1","1","1","1","1","1","1","0","12月31日 1月1日 1月2日 1月3日","19","","","","19","","原データ"
"3922395503070","北村産婦人科","キタムラ　サンフジンカ","北村産婦人科","キタムラ　サンフジンカ","Kitamura Sanhujinka","2","39","211","高知県香南市野市町西野５５１－３",33.563779,133.700274,"","1","1","1","1","1","1","0","1","1","1","1","1","1","0","1","1","1","1","1","1","0","1","1","1","1","1","1","0","1","1","1","1","1","1","0","1","1","1","1","1","1","0","0","12月29日～1月３日","0","0","","","0","","原データ"
"3922395503100","近森医院","チカモリ　イイン","近森医院","チカモリ　イイン","CHIKAMORI IIN","2","39","211","高知県香南市野市町東野４４６－３",33.562943,133.719545,"","1","1","1","1","1","1","0","1","1","1","1","1","1","1","1","1","1","1","1","1","1","1","1","1","1","1","1","1","1","1","1","1","1","1","1","1","1","1","1","1","1","1","0","8月15日 12月29日(PM) 1月3日 1月2日 1月1日","","","","","0","","原データ"
"3922395503230","医療法人みどり会　鈴木内科","イリョウホウジンミドリカイ　スズキナイカ","医療法人みどり会　鈴木内科","イリョウホウジンミドリカイ　スズキナイカ","Iryouhouzin Midorikai Suzuki Naika","2","39","211","高知県香南市野市町みどり野１丁目６４",33.563712,133.714065,"","1","1","1","1","1","1","0","1","1","1","1","1","1","0","1","1","1","1","1","1","0","1","1","1","1","1","1","0","1","1","1","1","1","1","0","1","1","1","1","1","1","0","0","12月31日 1月1日 1月2日 1月3日","","","","","0","","原データ"
"3922395503360","夜須診療所","ヤスシンリョウショ","夜須診療所","ヤスシンリョウショ","Yasu Shinryousho","2","39","211","高知県香南市夜須町手結２９８－３０",33.529762,133.756818,"","1","1","0","1","1","1","0","1","1","0","1","1","1","0","1","1","0","1","1","1","0","1","1","0","1","1","1","0","1","1","0","1","1","1","0","1","1","0","1","1","1","0","0","12月31日 1月1日 1月2日 1月3日 8月15日","18","0","0","0","18","","原データ"
"3922395503490","医療法人茂志会寺田内科","イリョウホウジンシゲシカイテラダナイカ","寺田内科","テラダナイカ","Terada naika","2","39","211","高知県香南市夜須町坪井２３ー１",33.53728,133.756489,"","1","1","1","1","1","1","0","1","1","1","1","1","1","0","1","1","1","1","1","1","0","1","1","1","1","1","1","0","1","1","1","1","1","1","0","1","1","1","1","1","1","0","0","12月30日 12月31日 1月1日 1月2日 1月3日","0","0","","","0","","原データ"
"3922395503650","医療法人敬善会　前田メディカルクリニック","イリョウホウジンケイゼンカイ　マエダメディカルクリニック","前田メディカルクリニック","マエダメディカルクリニック","Maeda Medical Clinic","2","39","212","高知県香美市香北町美良布１５１６－３",33.647011,133.776612,"http://www.maeda-mc.com","1","1","1","1","1","1","0","1","1","1","1","1","1","0","1","1","1","1","1","1","0","1","1","1","1","1","1","0","1","1","1","1","1","1","0","1","1","1","1","1","1","0","0","12月30日 12月31日 1月1日 1月2日 1月3日","19","0","","","19","","原データ"
"3922395504370","疋田内科","ヒキタナイカ","疋田内科","ヒキタナイカ","Hikita Medical Office","2","39","211","高知県香南市野市町西野２６３６－６",33.560372,133.701323,"https://sites.google.com/hikitanaika.com/oshirase/%E3%83%9B%E3%83%BC%E3%83%A0","1","1","1","1","1","1","0","1","1","1","1","1","1","1","1","1","1","1","1","1","1","1","1","1","1","1","1","1","1","1","1","1","1","1","1","1","1","1","1","1","1","1","0","12月31日 1月1日 1月2日 1月3日","","","","","0","","原データ"
"3922395504400","赤岡医院","アカオカイイン","赤岡医院","アカオカイイン","akaokaiinn","2","39","211","高知県香南市赤岡町５６９",33.541705,133.723211,"","1","1","1","1","1","0","0","1","1","1","1","1","1","1","1","1","1","1","1","1","1","1","1","1","1","1","1","1","1","1","1","1","1","1","1","1","1","1","1","1","1","1","0","12月30日 12月31日 1月1日 1月2日 1月3日 1月4日","0","0","","","0","","原データ"
"3922395504790","安岡クリニック","ヤスオカクリニック","安岡クリニック","ヤスオカクリニック","Yasuoka Clinic","2","39","212","高知県香美市土佐山田町楠目１６３",33.610862,133.708211,"","1","1","1","1","1","1","0","1","1","1","1","1","1","0","1","1","1","1","1","1","0","1","1","1","1","1","1","0","1","1","1","1","1","1","0","1","1","1","1","1","1","0","0","12月30日 12月31日 1月1日 1月2日 1月3日","","","","","0","","原データ"
"3922395505410","楠目循環器科内科・眼科","クズメガンカ","楠目眼科","クズメガンカ","Kuzume Gannka Shinryousho","2","39","212","高知県香美市土佐山田町百石町１丁目１１番２１号",33.607178,133.693874,"http://www.kuzume.or.jp/","1","1","1","1","1","1","0","1","1","1","1","1","1","0","1","1","1","1","1","1","0","1","1","1","1","1","1","0","1","1","1","1","1","1","1","1","1","1","1","1","1","0","0","1月1日 12月31日 12月30日 1月3日 1月2日","19","","","","19","","原データ"
"3922395505700","香美市立大栃診療所","カミシリツオオドチシンリョウショ","大栃診療所","オオドチシンリョウショ","odoticlinic","2","39","212","高知県香美市物部町大栃８９８ー１",33.696879,133.874174,"","1","1","1","1","1","1","0","","","","","","","","","","","","","","","","","","","","","","","","","","","","","","","","","","","","0","12月31日 1月3日 1月2日 1月1日 12月30日 12月29日 8月12日 8月14日 8月15日 8月16日","19","","","","19","","原データ"
"3922395505830","のいち耳鼻咽喉科医院","ノイチジビインコウカイイン","のいち耳鼻咽喉科","ノイチジビインコウカ","noichi jibiinkouka","2","39","211","高知県香南市野市町西野２３４３",33.556983,133.699532,"","1","1","1","0","1","1","0","1","1","1","1","1","1","1","1","1","1","1","1","1","1","1","1","1","1","1","1","1","1","1","1","1","1","1","1","1","1","1","1","1","1","1","0","12月31日 8月15日 1月3日 1月2日 1月1日","0","0","0","0","0","","原データ"
"3922395505960","医療法人岩河会岩河整形外科","イリョウホウジンイワガワカイイワガワセイケイゲカ","岩河整形外科","イワガワセイケイゲカ","IwagawaSeikeigeka","2","39","212","高知県香美市土佐山田町百石町２丁目４番２０号",33.608928,133.697376,"https://www.iwagawakai.com","1","1","1","1","1","1","0","1","1","1","1","1","1","0","1","1","1","1","1","1","0","1","1","1","1","1","1","0","1","1","1","1","1","1","0","1","1","1","1","1","1","0","0","12月31日 1月1日 1月2日 1月3日","19","","","","19","","原データ"
"3922395506000","医療法人速水会　たにむら産婦人科","イリョウホウジンハヤミカイ　タニムラサンフジンカ","たにむら産婦人科","タニムラサンフジンカ","Tanimura Ladys Clinic","2","39","212","高知県香美市土佐山田町宝町１－３１－１",33.603642,133.685712,"http://www.kochikc.co.jp/tanimura-cl/","1","1","1","1","1","1","0","1","1","1","1","1","1","0","1","1","1","1","1","1","0","1","1","1","1","1","1","0","1","1","1","1","1","1","0","1","1","1","1","1","1","0","0","8月14日 8月15日 8月16日 9月18日 9月23日 10月9日 11月23日 12月31日 1月1日 1月2日 1月3日","19","","","","19","","原データ"
"3922395506130","医療法人健仁会小松内科","イリョウホウジン　ケンジンカイ　コマツ　ナイカ","小松内科","コマツ　ナイカ","Komatsu Naika","2","39","212","高知県香美市土佐山田町百石町１－７－８",33.608181,133.694319,"","1","1","1","0","1","1","0","1","1","1","1","1","1","1","1","1","1","1","1","1","1","1","1","1","1","1","1","1","1","1","1","1","1","1","1","1","1","1","1","1","1","1","0","12月31日 12月30日 12月29日 1月3日 1月2日 1月1日","0","0","0","0","0","","原データ"
"3922395506260","藤川クリニック","フジカワクリニック","藤川クリニック","フジカワクリニック","Fujikawa Clinic","2","39","211","高知県香南市野市町西野２１９２－２",33.558577,133.695328,"","1","1","1","1","1","1","0","1","1","1","1","1","1","0","1","1","1","1","1","1","0","1","1","1","1","1","1","0","1","1","1","1","1","1","0","1","1","1","1","1","1","0","0","12月31日 1月3日 1月2日 1月1日","0","0","0","0","0","","原データ"
"3922395506420","医療法人良弥会西山内科","イリョウホウジンリョウヤカイニシヤマナイカ","西山内科","ニシヤマナイカ","Nishiyama Naika Clinic","2","39","211","高知県香南市野市町西野５１－１",33.581604,133.69743,"","1","1","1","1","1","1","0","1","1","1","1","1","1","0","1","1","1","1","1","1","0","1","1","1","1","1","1","0","1","1","1","1","1","1","0","1","1","1","1","1","1","0","0","12月31日 12月30日 1月3日 1月2日 1月1日","","","","","0","","原データ"
"3922395506550","とさやまだクリニック","トサヤマダクリニック","とさやまだクリニック","トサヤマダクリニック","Tosayamada Clinic","2","39","212","高知県香美市土佐山田町５４８",33.608549,133.675607,"","0","0","0","0","0","0","0","0","0","0","0","0","0","0","0","0","0","0","0","0","0","0","0","0","0","0","0","0","1","1","1","1","1","1","1","0","0","0","0","0","0","0","0","12月31日 12月30日 1月3日 1月2日 1月1日","0","","","","0","疑い: 「毎週決まった曜日に休診（水）」が 0（休診）だが、水曜の診療時間が入っている","原データ"
"3922395601240","四万十町国民健康保険大正診療所","シマントチョウコクミンケンコウホケンタイショウシンリョウショ","大正診療所","タイショウシンリョウショ","simantocho taisho shinryosho","2","39","412","高知県高岡郡四万十町大正　４５９ー１",33.193119,132.973011,"","1","1","1","1","1","0","0","1","1","1","1","1","0","0","1","1","1","1","1","0","0","1","1","1","1","1","0","0","1","1","1","1","1","0","0","1","1","1","1","1","0","0","0","12月29日 12月30日 12月31日 1月1日 1月2日 1月3日","19","0","","","19","","原データ"
"3922395601820","四万十町国民健康保険十和診療所","シマントチョウコクミンケンコウホケントオワシンリョウショ","四万十町十和診療所","シマントチョウトオワシンリョウショ","Toowa Shinryousyo","2","39","412","高知県高岡郡四万十町昭和４６８",33.218394,132.89746,"","1","1","1","1","1","0","0","","","","","","","","","","","","","","","","","","","","","","","","","","","","","","","","","","","","0","12月29日 12月30日 12月31日 1月1日 1月2日 1月3日","","","","","0","","原データ"
"3922395602700","高橋内科・呼吸器科・消化器科","タカハシナイカコキュウキカショウカキカ","高橋内科","タカハシナイカ","Takahashi Naika","2","39","412","高知県高岡郡四万十町東大奈路４８７番地５",33.225341,133.146323,"","1","1","1","1","1","1","0","1","1","1","1","1","1","0","1","1","1","1","1","1","0","1","1","1","1","1","1","0","1","1","1","1","1","1","0","1","1","1","1","1","1","0","0","12月31日 12月30日 12月29日 8月15日 8月14日 8月13日 1月3日 1月2日 1月1日","0","0","","","0","","原データ"
"3922395603000","医療法人和協会ファミリークリニック四万十","イリョウホウジン　ワキョウカイ　ファミリークリニックシマント","ファミリークリニック四万十","ファミリークリニックシマント","family clinic shimanto","2","39","412","高知県高岡郡四万十町北琴平町２－３７",33.21312,133.136601,"","1","1","1","1","1","1","0","1","1","1","1","1","1","0","1","1","1","1","1","1","0","1","1","1","1","1","1","0","1","1","1","1","1","1","0","1","1","1","1","1","1","0","0","12月31日 12月30日 12月29日 1月3日 1月2日 1月1日","0","0","","","0","","原データ"
"3922395603130","大道へき地診療所","オオドウヘキチシンリョウショ","","","","2","39","412","高知県高岡郡四万十町奥大道１３５１番地９",33.277222,132.889977,"","","","","","","","","0","0","0","0","0","0","0","0","0","1","0","0","0","0","0","0","0","0","0","0","0","0","0","0","0","0","0","0","0","0","0","0","0","0","0","0","","","","","","","","原データ"
"3922395700130","酒井医院","サカイ　イイン","酒井医院","サカイ　イイン","Sakai iin","2","39","387","高知県吾川郡仁淀川町土居甲９４１",33.608628,133.171594,"","1","1","1","1","1","1","0","1","1","1","1","1","1","0","1","1","1","1","1","1","0","1","1","1","1","1","1","0","1","1","1","1","1","1","0","1","1","1","1","1","1","0","0","8月13日 8月14日 8月15日 12月30日 12月31日 1月1日 1月2日 1月3日","0","0","0","0","0","","原データ"
"3922395700390","仁淀川町国民健康保険大崎診療所","ニヨドガワチョウコクミンケンコウホケンオオサキシンリョウショ","仁淀川町国保大崎診療所","コクホオオサキシンリョウショ","kokuhooosakishinryousyo","2","39","387","高知県吾川郡仁淀川町大崎３００番地",33.573076,133.171316,"","1","1","1","1","1","0","0","1","1","1","1","1","1","1","1","1","1","1","1","1","1","1","1","1","1","1","1","1","1","1","1","1","1","1","1","1","1","1","1","1","1","1","0","12月31日 12月30日 12月29日 1月3日 1月2日 1月1日","","0","","","0","","原データ"
"3922395700840","西森医院","ニシモリイイン","西森医院","ニシモリイイン","Nishimori Clinic","2","39","402","高知県高岡郡佐川町中組４９－４",33.475487,133.285257,"","1","1","1","1","1","1","0","1","1","1","1","1","1","1","1","1","1","1","1","1","1","1","1","1","1","1","1","1","1","1","1","1","1","1","1","1","1","1","1","1","1","1","0","12月31日 1月3日 1月2日 1月1日","0","0","0","0","0","","原データ"
"3922395701270","医療法人のぞみ　岡本内科","イリョウホウジンノゾミオカモトナイカ","岡本内科","オカモトナイカ","Okamotonaika","2","39","403","高知県高岡郡越知町越知甲１６７８",33.530585,133.252696,"","1","1","1","1","1","1","0","1","1","1","1","1","1","1","1","1","1","1","1","1","1","1","1","1","1","1","1","1","1","1","1","1","1","1","1","1","1","1","1","1","1","1","0","12月31日 1月1日 1月2日 1月3日","19","","","","19","","原データ"
"3922395702280","藤井医院","フジイイイン","藤井医院","フジイイイン","Fujii Iin","2","39","402","高知県高岡郡佐川町乙１８６９",33.508922,133.283805,"","1","1","1","1","1","1","0","1","1","1","1","1","1","1","1","1","1","1","1","1","1","1","1","1","1","1","1","1","1","1","1","1","1","1","1","1","1","1","1","1","1","1","0","12月29日 12月30日 12月31日 1月1日 1月2日 1月3日","0","0","","","0","","原データ"
"3922395702860","佐川町立高北国民健康保険病院附属黒岩診療所","サカワチョウリツコウホクコクミンケンコウホケンビョウインフゾククロイワシンリョウショ","佐川町立高北国民健康保険病院附属黒岩診療所","サカワチョウリツコウホクコクミンケンコウホケンビョウインフゾククロイワシンリョウショ","sakawatyoritukohokubyoinfuzokukuroiwasinryosyo","2","39","402","高知県高岡郡佐川町黒原３３５７",33.542732,133.285336,"http://www.town.sakawa.lg.jp/kouhoku_hospital/","0","0","0","0","0","0","0","0","0","0","1","0","0","0","0","0","0","0","0","0","0","0","0","0","0","0","0","0","0","0","0","0","0","0","0","0","0","0","0","0","0","0","0","12月29日 12月30日 12月31日 1月1日 1月2日 1月3日","","","","","0","疑い: 「毎週決まった曜日に休診（木）」が 0（休診）だが、木曜の診療時間が入っている","原データ"
"3922395703450","わだ眼科皮膚科","ワダガンカヒフカ","わだ眼科皮膚科","ワダガンカヒフカ","Wada GannkaHifuka","2","39","402","高知県高岡郡佐川町甲１３５１ー１",33.500483,133.290607,"","1","1","1","1","1","1","0","1","1","1","1","1","1","1","1","1","1","1","1","1","1","1","1","1","1","1","1","1","1","1","1","1","1","1","1","1","1","1","1","1","1","1","0","12月30日 12月31日 1月1日 1月2日 1月3日","","","","","0","","原データ"
"3922395703580","日高クリニック","ヒダカクリニック","日高クリニック","ヒダカクリニック","Hidakakurinikku","2","39","410","高知県高岡郡日高村本郷滝ノ前７",33.535587,133.374631,"https://hidakaclinic.jinseikai.kochi.jp/","1","1","0","1","1","1","0","1","1","0","1","1","1","0","1","1","0","1","1","1","0","1","1","0","1","1","1","0","1","1","0","1","1","1","0","1","1","0","1","1","1","0","0","12月31日 1月1日 1月2日 1月3日","0","0","","","0","","原データ"
"3922395703610","くぼたこどもクリニック","クボタコドモクリニック","くぼたこどもクリニック","クボタコドモクリニック","Kubota Kodomo Kurinikku","2","39","402","高知県高岡郡佐川町甲１０５０ー５",33.50045,133.291948,"https://www.kubota-childclinic.com","1","1","1","1","1","1","0","1","1","1","1","1","1","1","1","1","1","1","1","1","1","1","1","1","1","1","1","1","1","1","1","1","1","1","1","1","1","1","1","1","1","1","0","12月30日 12月31日 1月1日 1月2日 1月3日 GW お盆過ぎの土曜日","0","0","0","0","0","","原データ"
"3922395800450","高橋医院","タカハシイイン","高橋医院","タカハシイイン","Takahashi Iin","2","39","344","高知県長岡郡大豊町大滝４９８",33.791949,133.780146,"","0","1","0","0","1","0","0","0","1","0","0","1","0","0","0","1","0","0","1","0","0","0","1","0","0","1","0","0","0","1","0","0","1","0","0","0","1","0","0","1","0","0","0","12月29日 12月30日 12月31日 1月1日 1月2日 1月3日","0","0","","","0","","原データ"
"3922395800900","医療法人　田井医院","イリョウホウジン　タイイイン","田井医院","タイイイン","","2","39","363","高知県土佐郡土佐町田井１４５７",33.74853,133.555306,"","1","1","1","1","1","1","0","1","1","1","1","1","1","0","1","1","1","1","1","1","0","1","1","1","1","1","1","0","1","1","1","1","1","1","0","1","1","1","1","1","1","0","0","12月31日 1月1日 1月2日 1月3日","19","0","","","19","","原データ"
"3922395801460","いの町立国民健康保険大橋出張診療所","イノチョウリツコクミンケンコウホケンオオハシシュッチョウシンリョウショ","国保大橋出張診療所","コクホオオハシシュッチョウシンリョウショ","","2","39","386","高知県吾川郡いの町脇ノ山２６４−５",33.773076,133.34057,"","1","0","0","0","0","0","0","1","0","0","0","0","0","0","1","0","0","0","0","0","0","1","0","0","0","0","0","0","1","0","0","0","0","0","0","1","0","0","0","0","0","0","0","12月29日 12月30日 12月31日 1月1日 1月2日 1月3日","","","","","0","","原データ"
"3922395801750","いの町立国民健康保険長沢診療所","イノチョウリツコクミンケンコウホケンナガサワシンリョウショ","いの町立国民健康保険長沢診療所","イノチョウリツコクミンケンコウホケンナガサワシンリョウショ","Inochouritukokuminkenkouhoken Nagasawashinryosho","2","39","386","高知県吾川郡いの町長沢２５４ー３",33.725048,133.307546,"","1","1","1","0","1","0","0","1","1","1","0","1","0","0","1","1","1","0","1","0","0","1","1","1","0","1","0","0","1","1","1","0","1","0","0","1","1","1","0","1","0","0","0","12月29日 12月30日 12月31日 1月1日 1月2日 1月3日","0","0","","","0","","原データ"
"3922395801880","いの町立国民健康保険越裏門出張診療所","イノチョウリツコクミンケンコウホケンエリモンシュッチョウシンリョウショ","国保越裏門出張診療所","コクホエリモンシュッチョウシンリョウショ","","2","39","386","高知県吾川郡いの町越裏門２４６−６",33.728929,133.234957,"","0","0","1","0","0","0","0","0","0","1","0","0","0","0","0","0","1","0","0","0","0","0","0","1","0","0","0","0","0","0","1","0","0","0","0","0","0","1","0","0","0","0","0","12月29日 12月30日 12月31日 1月1日 1月2日 1月3日","","","","","0","","原データ"
"3922395802050","大川村国民健康保険小松診療所","オオカワムラコクミンケンコウホケンコマツシンリョウショ","大川村国保小松診療所","オオカワムラコクホコマツシンリョウショ","okawamurakokuhokomatusinnryousyo","2","39","364","高知県土佐郡大川村小松",33.784546,133.465541,"","0","1","1","0","1","0","0","1","1","1","1","1","1","1","1","1","1","1","1","1","1","1","1","1","1","1","1","1","1","1","1","1","1","1","1","1","1","1","1","1","1","1","0","１２月27日12月28日12月29日12月30日 12月31日 1月3日 1月2日 1月1日1月4日","","0","","","0","","原データ"
"3922395802210","本山町立汗見川へき地診療所","モトヤマチョウリツアセミカワヘキチシンリョウショ","本山町立汗見川へき地診療所","モトヤマチョウリツアセミカワヘキチシンリョウショ","Motoyamatyouritu Asemikawa hekiti Shinryousho","2","39","341","高知県長岡郡本山町沢ケ内５２４番地１",33.786109,133.553638,"","0","0","0","1","0","0","0","0","0","0","1","0","0","0","0","0","0","0","0","0","0","0","0","0","1","0","0","0","0","0","0","0","0","0","0","0","0","0","0","0","0","0","0","12月29日 12月30日 12月31日 1月1日 1月2日 1月3日","","","","","0","","原データ"
"3922395802470","大田口医院","オオタグチイイン","大田口医院","オオタグチイイン","Ootaguchi Iin","2","39","344","高知県長岡郡大豊町船戸６０－２",33.787108,133.723777,"","1","1","1","1","1","1","0","1","1","1","1","1","1","0","1","1","1","1","1","0","0","1","1","1","1","1","1","0","1","1","1","1","1","1","0","1","1","1","1","1","1","0","0","12月28日 12月29日 12月30日 12月31日 1月1日 1月2日 1月3日","0","0","","","0","","原データ"
"3922395901650","寿美医院","スミイイン","寿美医院","スミイイン","SUMIIIN","2","39","301","高知県安芸郡東洋町甲浦５４２",33.548066,134.297111,"","1","1","1","1","1","1","0","1","1","1","1","1","1","0","1","1","1","1","1","0","0","1","1","1","1","1","1","0","1","1","1","1","1","1","0","1","1","1","1","1","1","0","0","12月31日 12月30日 8月15日 8月14日 8月13日 1月3日 1月2日 1月1日 12月29日","","","","","0","","原データ"
"3922395902240","野根診療所","ノネシンリョウショ","野根診療所","ノネシンリョウショ","None Shinryosyo","2","39","301","高知県安芸郡東洋町野根丙",33.505567,134.26578,"","1","1","0","1","1","0","0","1","1","1","1","1","1","1","1","1","1","1","1","1","1","1","1","1","1","1","1","1","1","1","1","1","1","1","1","1","1","1","1","1","1","1","0","12月31日 8月15日 8月14日 6月1日 1月3日 1月2日 1月1日12月30日","","","","","0","","原データ"
"3922395902530","医療法人　裕香会　松本医院","イリョウホウジン　ユウコウカイ　マツモトイイン","松本医院","マツモトイイン","MatsuMoto Iin","2","39","202","高知県室戸市吉良川町甲２２６３",33.330904,134.098724,"","1","1","1","1","1","1","0","1","1","1","1","1","1","0","1","1","1","1","1","1","0","1","1","1","1","1","1","0","1","1","1","1","1","1","0","1","1","1","1","1","1","0","0","12月31日 12月30日 8月15日 1月3日 1月2日 1月1日","","","","","0","","原データ"
"3922395902820","むろとぴあ医院","ムロトピアイイン","むろとぴあ医院","ムロトピアイイン","MUROTOPIA CLINIC","2","39","202","高知県室戸市浮津",33.291748,134.153178,"","1","1","1","1","1","1","0","1","1","1","1","1","1","0","1","1","1","1","1","1","0","1","1","1","1","1","1","0","1","1","1","1","1","1","0","1","1","1","1","1","1","0","0","12月30日 12月31日 1月1日 1月2日 1月3日 10月11日","0","0","","","0","","原データ"
"3922396002990","こうせいこどもクリニック","コウセイコドモクリニック","こうせいこどもクリニック","コウセイコドモクリニック","Koseikodomo Clinic","2","39","201","高知県高知市葛島２－６－３０",33.557275,133.573449,"http://www.koseikodomoclinic.com","1","1","0","1","1","1","0","1","1","0","1","1","1","0","1","1","0","1","1","1","0","1","1","0","1","1","1","0","1","1","0","1","1","1","0","1","1","0","1","1","1","0","0","12月30日 12月31日 1月1日 1月2日 1月3日","","","","","0","","原データ"
"3922396100160","医療法人北川眼科　北川眼科","イリョウホウジンキタガワガンカ　キタガワガンカ","北川眼科","キタガワガンカ","Kitagawa Eye Clinic","2","39","206","高知県須崎市緑町",33.410322,133.288249,"","1","1","1","1","1","1","0","1","1","1","1","1","1","0","1","1","1","1","1","1","0","1","1","1","1","1","1","0","1","1","1","1","1","1","0","1","1","1","1","1","1","0","0","12月31日 12月30日 12月29日 12月28日 1月3日 1月2日 1月1日","0","0","","","0","","原データ"
"3922396100320","医療法人仁栄会島津クリニック","イリョウホウジンジンエイカイシマヅクリニック","島津クリニック","シマヅクリニック","Shimazu Clinic","2","39","206","高知県須崎市西古市町３ー１５",33.38977,133.285475,"http://www7.ocn.ne.jp/~shimazhp/shmzcli-top.htm","1","1","1","1","1","1","0","","","","","","","","","","","","","","","","","","","","","","","","","","","","","","","","","","","","0","12月29日　12月30日　12月31日　1月1日　1月2日　1月3日","19","","","","19","","原データ"
"3922396100610","上ノ加江クリニック","カミノカエクリニック","上ノ加江クリニック","カミノカエクリニック","kaminokae clinic","2","39","401","高知県高岡郡中土佐町上ノ加江２７７ー１０",33.274072,133.246329,"http://kadofukushikai.com/publics/index/23/","1","1","0","1","1","0","0","1","1","1","1","1","1","1","1","1","1","1","1","1","1","1","1","1","1","1","1","1","1","1","1","1","1","1","1","1","1","1","1","1","1","1","0","12月31日 1月1日 1月2日 1月3日","0","0","","","0","","原データ"
"3922396100870","須崎医療クリニック","スサキイリョウクリニック","須崎医療クリニック","スサキイリョウクリニック","susakiiryoukurinikku","2","39","206","高知県須崎市多ノ郷甲５７４８－１",33.408775,133.28444,"http://www.susaki-medicalclinic.jp","1","1","1","1","1","1","0","1","1","1","1","1","1","1","1","1","1","1","1","1","1","1","1","1","1","1","1","1","1","1","1","1","1","1","1","1","1","1","1","1","1","1","0","12月31日 1月1日 1月2日 1月3日","","","","","0","","原データ"
"3922396101200","中土佐町立大野見診療所","ナカトサチョウリツオオノミシンリョウショ","大野見診療所","オオノミシンリョウショ","Onomi Clinic","2","39","401","高知県高岡郡中土佐町大野見吉野",,,"","1","1","0","1","1","1","0","1","1","0","1","1","1","0","1","1","0","1","1","1","0","1","1","0","1","1","1","0","1","1","0","1","1","1","0","1","1","0","1","1","1","0","0","12月30日 12月31日 1月1日1月2日 1月3日","","","","","0","空欄にした: 緯度経度 0.0, 0.0（元データに座標が無い。住所から建物の位置を特定できなかった）",""
"3922396110130","クリニック土佐久礼","クリニックトサクレ","クリニック土佐久礼","クリニックトサクレ","Clinic Tosakure","2","39","401","高知県高岡郡中土佐町久礼６７２８ー１",33.326669498,133.228010971,"https://www.clinictosakure.com/","1","1","1","0","1","1","0","1","1","1","1","1","1","1","1","1","1","1","1","1","1","1","1","1","1","1","1","1","1","1","1","1","1","1","1","1","1","1","1","1","1","1","0","12月30日 12月31日 1月1日 1月2日 1月3日","","0","","","0","書き換えた: 緯度経度 0.0, 0.0 → 地番の住所から求めた位置（元データに座標が無い）","地番"
"3922396200190","医療法人香美会かがみ診療所","イリョウホウジンカミカイカガミシンリョウショ","かがみ診療所","カガミシンリョウショ","KAGAMICLINIC","2","39","211","高知県香南市香我美町岸本３２８ー１７４",33.539107,133.732736,"https://www.chisio-group.or.jp/ainosato/related_facilities.html","0","1","0","0","0","0","0","0","1","0","0","0","0","0","0","1","0","0","0","0","0","0","1","0","0","0","0","0","0","1","0","0","0","0","0","0","1","0","0","0","0","0","0","12月31日 1月1日 1月2日 1月3日","0","0","0","0","0","","原データ"
"3922396200510","たかはし内科小児科","タカハシナイカショウニカ","たかはし内科小児科","タカハシナイカショウニカ","Takahashi Naika-Shounika Clinic","2","39","204","高知県南国市緑ケ丘２－１７１５",33.533538,133.609949,"","1","1","1","1","1","1","0","1","1","1","1","1","1","0","1","1","1","1","1","1","0","1","1","1","1","1","1","0","1","1","1","1","1","1","0","1","1","1","1","1","1","0","0","12月29日 12月30日 12月31日 1月1日 1月2日 1月3日 2月24日 5月6日 5月24日 11月24日","","","","","0","","原データ"
"3922396200770","医療法人岩河会びらふ診療所","イリョウホウジンイワガワカイビラフシンリョウショ","びらふ診療所","ビラフシンリョウショ","Birafu Shinryoosho","2","39","212","高知県香美市香北町美良布１３１７番地",33.648292,133.779517,"","1","1","1","1","1","1","0","1","1","1","1","1","1","1","1","1","1","1","1","1","1","1","1","1","1","1","1","1","1","1","1","1","1","1","1","1","1","1","1","1","1","1","0","12月31日 1月1日 1月2日 1月3日","0","0","","","0","","原データ"
"3922396200930","医療法人　久武会　もえぎクリニツク","イリョウホウジン　ヒサタケカイ　モエギ　クリニック","もえぎクリニツク","モエギクリニック","Moegi clinic","2","39","211","高知県香南市赤岡町２０６６番地３",33.549634,133.72047,"http://www.hisatakekai.com","1","1","1","1","1","1","0","1","1","1","1","1","1","0","1","1","1","1","1","1","0","1","1","1","1","1","1","0","1","1","1","1","1","1","0","1","1","1","1","1","1","0","0","12月31日 1月1日 1月2日 1月3日","19","0","","","19","","原データ"
"3922396201100","医療法人あけぼの会　あけぼのクリニック","イリョウホウジンアケボノカイ　アケボノクリニック","あけぼのクリニック","アケボノクリニック","Akebono  Clinic","2","39","204","高知県南国市田村乙１９９２－１",33.558648,133.665436,"https://akebono-cl.com/","1","1","1","1","1","1","0","1","1","1","1","1","1","1","1","1","1","1","1","1","1","1","1","1","1","1","1","1","1","1","1","1","1","1","1","1","1","1","1","1","1","1","0","12月30日 12月31日 1月1日 1月2日 1月3日","","","","","0","","原データ"
"3922396201360","さとう循環器消化器科","サトウジュンカンキショウカキカ","さとう循環器消化器科","サトウジュンカンキショウカキカ","Satou Clinic","2","39","211","高知県香南市野市町西野５８７－１５",33.56354,133.698027,"","1","1","1","1","1","1","0","1","1","1","1","1","1","1","1","1","1","1","1","1","1","1","1","1","1","1","1","1","1","1","1","1","1","1","1","1","1","1","1","1","1","1","0","12月30日 12月31日 1月1日 1月2日 1月3日","","","","","0","","原データ"
"3922396201650","医療法人村上会　村上内科循環器科","イリョウホウジン　ムラカミカイ　ムラカミナイカジュンカンキカ","村上内科循環器科","ムラカミナイカジュンカンキカ","murakami clinic murakami naika junnkannkika","2","39","212","高知県香美市土佐山田町２２８９－６",33.599475,133.671825,"","1","1","1","0","1","1","0","1","1","1","0","1","1","0","1","1","1","0","1","1","0","1","1","1","0","1","1","0","1","1","1","0","1","1","0","1","1","1","0","1","1","0","0","12月28日 12月29日 12月30日 12月31日 1月1日 1月2日 1月3日","0","0","","","0","","原データ"
"3922396201780","医療法人　泊和会　ごめん林眼科","イリョウホウジン　ハクワカイ　ゴメンハヤシガンカ","ごめん林眼科","ゴメンハヤシガンカ","GomenHayashi Eyeclinic","2","39","204","高知県南国市下野田",33.575113,133.651275,"http://www.gomenhayashi.jp/","1","1","1","1","1","1","0","1","1","1","1","1","1","0","1","1","1","1","1","1","0","1","1","1","1","1","1","0","1","1","1","1","1","1","0","1","1","1","1","1","1","0","0","12月29日 12月30日 12月31日 1月1日 1月2日 1月3日","0","0","","","0","","原データ"
"3922396201810","医療法人一丸会　のいち眼科","イリョウホウジンイチマルカイノイチガンカ","のいち眼科","ノイチガンカ","NOICHI EYE CLINIC","2","39","211","高知県香南市野市町西野１９４５",33.560978,133.69468,"https://www.noichi-ganka.jp","1","1","1","1","1","1","0","1","1","1","1","1","1","1","1","1","1","1","1","1","1","1","1","1","1","1","1","1","1","1","1","1","1","1","1","1","1","1","1","1","1","1","0","12月29日12月30日 12月31日 1月1日 1月2日 1月3日","0","0","","","0","","原データ"
"3922396202820","きび診療所","キビシンリョウショ","きび診療所","キビシンリョウショ","Kibi Sinryousyo","2","39","204","高知県南国市明見８００",33.567409,133.629812,"http://www.tosakibi.jp/","1","1","1","1","1","1","0","1","1","1","1","1","1","1","1","1","1","1","1","1","1","1","1","1","1","1","1","1","1","1","1","1","1","1","1","1","1","1","1","1","1","1","0","12月29日 12月30日 12月31日 1月1日 1月2日 1月3日","","","","","0","","原データ"
"3922396204550","医療法人相敬会　まほろば眼科","イリョウホウジンアイケイカイ　マホロバガンカ","まほろば眼科","マホロバガンカ","mahoroba eye clinic","2","39","204","高知県南国市篠原１５３ー１",33.571206,133.634943,"http://www.mahoroba-eye.com","1","1","1","1","1","1","0","1","1","1","1","1","1","0","1","1","1","1","1","1","0","1","1","1","1","1","1","0","1","1","1","1","1","1","0","1","1","1","1","1","1","0","0","12月29日 12月30日 12月31日 1月1日 1月2日 1月3日","","","","","0","","原データ"
"3922396205300","おひさま　こどもクリニック","オヒサマ　コドモクリニック","おひさま　こどもクリニック","オヒサマ　コドモクリニック","ohisama kodomo clinic","2","39","211","高知県香南市野市町西野６５１−１",33.566162,133.696726,"http://www.ohisama-kodomo-clinic.com/","1","1","1","0","1","1","0","1","1","1","1","1","1","1","1","1","1","1","1","1","1","1","1","1","1","1","1","1","1","1","1","1","1","1","1","1","1","1","1","1","1","1","0","1月1日 1月2日 1月3日 12月30日 12月31日","","","","","0","","原データ"
"3922396205720","しばた整形外科","シバタセイケイゲカ","しばた整形外科","シバタセイケイゲカ","shibata orthopaedic clinic","2","39","204","高知県南国市大そね甲２２５７番地４",33.573885,133.643425,"","1","1","1","0","1","1","0","1","1","1","1","1","1","1","1","1","1","1","1","1","1","1","1","1","1","1","1","1","1","1","1","1","1","1","1","1","1","1","1","1","1","1","0","12月30日 12月31日 1月1日 1月2日 1月3日","","","","","0","","原データ"
"3922396206020","野市整形外科医院","ノイチセイケイゲカイイン","野市整形外科医院","ノイチセイケイゲカイイン","Noichiseikeigekaiin","2","39","211","高知県香南市野市町西野２２３５番地",33.567028,133.695711,"","1","1","1","1","1","1","0","1","1","1","1","1","1","0","1","1","1","1","1","1","0","1","1","1","1","1","1","0","1","1","1","1","1","1","0","1","1","1","1","1","1","0","0","12月30日 12月31日 1月1日 1月2日 1月3日","19","0","","","19","","原データ"
"3922396206280","南国いのうえクリニック","ナンコクイノウエクリニック","南国いのうえクリニック","ナンコクイノウエクリニック","Nankoku Inoue Clinic","2","39","204","高知県南国市篠原１８８７番地２",33.577074,133.637609,"http://nankoku-inoue-clinic.jp","1","1","1","1","1","1","0","1","1","1","1","1","1","0","1","1","1","1","1","1","1","1","1","1","1","1","1","1","1","1","1","1","1","1","1","1","1","1","1","1","1","1","0","8月14日 8月15日 12月29日 12月30日 12月31日 1月1日 1月2日 1月3日","","","","","0","","原データ"
"3922396207160","にしかわクリニック","ニシカワクリニック","にしかわクリニック","ニシカワクリニック","nishikawa clinic","2","39","204","高知県南国市後免町１丁目８番１号",33.575744,133.644766,"","1","1","1","0","1","1","0","1","1","1","1","1","1","1","1","1","1","1","1","1","1","1","1","1","1","1","1","1","1","1","1","1","1","1","1","1","1","1","1","1","1","1","0","","","","","","0","","原データ"
"3922396210740","医療法人　信栄会　脳外科・内科　高知東クリニック","イリョウホウジンシンエイカイノウゲカ・ナイカコウチヒガシクリニック","脳外科・内科　高知東クリニック","ノウゲカ・ナイカ　コウチヒガシクリニック","","2","39","204","高知県南国市篠原１６１－４",33.570461,133.635271,"http://www.kochieast.jp/","1","1","1","1","1","1","0","1","1","1","1","1","1","0","1","1","1","1","1","1","0","1","1","1","1","1","1","0","1","1","1","1","1","1","0","1","1","1","1","1","1","0","0","12月27日～1月4日","","","","","0","","原データ"
"3922396211040","医療法人　一羽のすずめ会　さくら香美クリニック","イリョウホウジン　イチワノスズメカイ　サクラカミクリニック","さくら香美クリニック","サクラカミクリニック","Sakura-kami clinic","2","39","212","高知県香美市土佐山田町１１７ー１３",33.609651,133.690782,"","1","1","1","1","1","0","0","1","1","1","1","1","0","0","1","1","1","1","1","0","0","1","1","1","1","1","0","0","1","1","1","1","1","0","0","1","1","1","1","1","0","0","0","12月31日 1月1日 1月2日 1月3日","0","0","","","0","","原データ"
"3922396211910","医療法人清水会　領石蛍が丘クリニック","イリョウホウジンシミズカイ　リョウセキホタルガオカクリニック","領石蛍が丘クリニック","リョウセキホタルガオカクリニック","RyosekiHotarugaoka Clinic","2","39","204","高知県南国市領石１６－１",33.621855,133.640157,"https://www.ryosekihotarugaoka-clinic.info/","1","1","1","1","1","1","0","1","1","1","1","1","1","1","1","1","1","1","1","1","1","1","1","1","1","1","1","1","1","1","1","1","1","1","1","1","1","1","1","1","1","1","0","8月12日 8月13日 8月14日 8月15日 12月30日 12月31日 1月1日 1月2日 1月3日","","","","","0","","原データ"
"3922396220260","三谷医院","ミタニイイン","三谷医院","ミタニイイン","","2","39","211","高知県香南市野市町西野５５５－２",,,"","1","1","1","1","1","0","0","1","1","1","1","1","1","1","1","1","1","1","1","1","1","1","1","1","1","1","1","1","1","1","1","1","1","1","1","1","1","1","1","1","1","1","0","12月31日 1月1日 1月2日 1月3日","","","","","0","空欄にした: 緯度経度 0.0, 0.0（元データに座標が無い。住所から建物の位置を特定できなかった）",""
"3922396225340","かえるくりにっく","カエルクリニック","","","","2","39","204","高知県南国市岡豊町常通寺島３３５－３ケアハウスたんぽぽ",33.589871,133.61777,"https://kaeruclinic.jp/info.html","1","1","1","1","1","0","0","","","","","","","","","","","","","","","","","","","","","","","","","","","","","","","","","","","","0","12月30・31・1月1・2・3外来休診","","","","","","","原データ"
"392239622693","医療法人社団緑風会　ＨＥＩＷＡ　ＭＥＤ　ＣＬＩＮＩＣ","イリョウホウジンシャダンリョクフウカイ　ヘイワメドクリニック","","","","2","39","204","高知県南国市大埇甲１２０３－５",,,"","0","0","0","0","1","1","1","","","","","","","","","","","","","","","","","","","","","","","","","","","","","","","","","","","","0","","","","","","","空欄にした: 緯度経度 0.0, 0.0（元データに座標が無い。住所から建物の位置を特定できなかった）",""
"3922396300020","きたむら心臓血管外科内科","キタムラシンゾウケッカンゲカナイカ","きたむら心臓血管外科内科","キタムラシンゾウケッカンゲカナイカ","kitamura cardiovascular surgery&internal medicine","2","39","201","高知県高知市薊野南町２８－４５",33.577189,133.563288,"","1","1","1","1","1","1","0","1","1","1","1","1","1","1","1","1","1","1","1","1","1","1","1","1","1","1","1","1","1","1","1","1","1","1","1","1","1","1","1","1","1","1","0","12月29日 12月30日 12月31日 1月1日 1月2日 1月3日","0","0","","","0","","原データ"
"3922396300050","医療法人　高知くわな会　桑名皮フ科","イリョウホウジン　コウチクワナカイ　クワナヒフカ","桑名皮フ科","クワナ　ヒフカ","Kuwana Dermatology Clinic","2","39","201","高知県高知市小津町９－１３",33.563644,133.528505,"http://www.kochi-web.com/hp1/kuwana/","1","1","1","0","1","1","0","1","1","1","0","1","1","0","1","1","1","0","1","1","0","1","1","1","0","1","1","0","1","1","1","0","1","1","0","1","1","1","0","1","1","0","0","12月30日 12月31日 1月1日 1月2日 1月3日","","","","","0","","原データ"
"3922396300090","いなげ胃腸科内科","イナゲイチョウカナイカ","いなげ胃腸科内科","イナゲイチョウカナイカ","Inage Clinic","2","39","208","高知県宿毛市高砂３３番地１７号",32.929364,132.705497,"","1","1","1","1","1","1","0","1","1","1","1","1","1","0","1","1","1","1","1","1","0","1","1","1","1","1","1","0","1","1","1","1","1","1","0","1","1","1","1","1","1","0","0","8月13日 8月14日 8月15日 12月30日 12月31日 1月1日 1月2日 1月3日","","","","","0","","原データ"
"3922396300110","いちごクリニック","イチゴクリニツク","いちごクリニック","イチゴクリニック","Ichigo Clinic","2","39","302","高知県安芸郡奈半利町乙１６２８番地１",33.424981,134.019325,"","1","1","1","1","1","0","0","1","1","1","1","1","0","0","1","1","1","1","1","0","0","1","1","1","1","1","0","0","1","1","1","1","1","0","0","1","1","1","1","1","0","0","0","12月31日 12月30日 1月3日 1月2日 1月1日 12月29日","0","0","","","0","","原データ"
"3922396300130","石川へルスクリニック","イシカワヘルスクリニック","石川へルスクリニック","イシカワヘルスクリニック","ishikawaherusukurinikku","2","39","412","高知県高岡郡四万十町榊山町７ー２３",33.213988158,133.138234348,"","1","1","1","1","1","1","0","1","1","1","1","1","1","0","1","1","1","1","1","1","0","1","1","1","1","1","1","0","1","1","1","1","1","1","0","1","1","1","1","1","1","0","0","12月29日 12月30日 12月31日 1月1日 1月2日 1月3日","","","","","0","書き換えた: 緯度経度 0.0, 0.0 → 住居表示の住所から求めた位置（元データに座標が無い）","住居表示"
"3922396300540","なかの内科・胃腸科","ナカノ　ナイカ　イチョウカ","なかの内科・胃腸科","ナカノ　ナイカ　イチョウカ","Nakano Naika Ichoka","2","39","205","高知県土佐市宇佐町宇佐４５６－３",33.445359,133.436378,"","1","1","1","1","1","1","0","1","1","1","1","1","1","0","1","1","1","1","1","1","0","1","1","1","1","1","1","0","1","1","1","1","1","1","0","1","1","1","1","1","1","0","0","12月31日 1月1日 1月2日 1月3日 12月29日 12月30日","0","0","","","0","","原データ"
"3922396301000","医療法人如是之会　森耳鼻咽喉科","イリョウホウジンニョゼノカイ　モリジビインコウカ","森耳鼻咽喉科","モリジビインコウカ","Mori ENT Clinic","2","39","402","高知県高岡郡佐川町甲１３６０番１",33.500461,133.290201,"","1","1","1","1","1","1","0","1","1","1","1","1","1","0","1","1","1","1","1","1","0","1","1","1","1","1","1","0","1","1","1","1","1","1","0","1","1","1","1","1","1","0","0","12月29日 12月30日 12月31日 1月1日 1月2日 1月3日","0","0","","","0","","原データ"
"3922396301260","やまおか眼科","ヤマオカガンカ","やまおか眼科","ヤマオカガンカ","Yamaoka Eye Clinic","2","39","386","高知県吾川郡いの町新町２０ー１",33.547596,133.429528,"","1","1","1","1","1","1","0","1","1","1","1","1","1","0","1","1","1","1","1","1","0","1","1","1","1","1","1","0","1","1","1","1","1","1","0","1","1","1","1","1","1","0","0","12月30日 12月31日 1月1日 1月2日 1月3日","","","","","0","","原データ"
"3922396301390","ひろせ整形外科リハビリテーションクリニック","ヒロセセイケイゲカリハビリテーションクリニック","ひろせクリニック","ヒロセクリニック","Hirose Clinic","2","39","205","高知県土佐市蓮池１００４−１",33.495035,133.416293,"http://www.hirose-clinic.or.jp","1","1","1","1","1","1","0","1","1","1","1","1","1","0","1","1","1","1","1","1","0","1","1","1","1","1","1","0","1","1","1","1","1","1","0","1","1","1","1","1","1","0","0","12月31日 12月30日 12月29日 1月3日 1月2日 1月1日","0","0","0","0","0","","原データ"
"3922396301840","いの町立国民健康保険仁淀病院附属吾北診療所","イノチョウリツコクミンケンコウホケンニヨドビョウインフゾクゴホクシンリョウショ","吾北診療所","ゴホクシンリョウショ","Gohoku Shinryosho","2","39","386","高知県吾川郡いの町上八川甲２０１０",33.645812,133.341713,"https://www.town.ino.kochi.jp/niyodo-hospital/gohoku.html","0","1","0","0","0","0","0","","","","","","","","","","","","","","","","","","","","","","","","","","","","","","","","","","","","0","12月29日 12月30日 12月31日 1月1日 1月2日 1月3日","","","","","0","","原データ"
"3922396301970","伊与木クリニック","イヨキクリニック","伊与木クリニック","イヨキクリニック","Iryouhoujiniyokikai Iyoki clinick","2","39","205","高知県土佐市蓮池１２２７ー５",33.492595,133.413317,"http://www.iyokicl.com/","1","1","1","1","1","1","0","1","1","1","1","1","1","1","1","1","1","1","1","1","1","1","1","1","1","1","1","1","1","1","1","1","1","1","1","1","1","1","1","1","1","1","0","12月31日 1月1日 1月2日 1月3日（改行）木・土午後休診","0","0","","","0","","原データ"
"3922396302300","とんぼクリニック","トンボクリニック","とんぼクリニック","トンボクリニック","tonbokurinikku","2","39","386","高知県吾川郡いの町２０５　サニーアクシスいの２Ｆ",33.550667,133.442549,"http://wwb.jp/tonboclinic/","1","1","1","1","1","1","0","1","1","1","1","1","1","0","1","1","1","1","1","1","0","1","1","1","1","1","1","0","1","1","1","1","1","1","0","1","1","1","1","1","1","0","1","12月30日、12月31日、 1月1日、 1月2日、 1月3日","0","0","","","0","","原データ"
"3922396302980","ＷＥＳＴほね関節クリニック","ウエストホネカンセツクリニック","ＷＥＳＴほね関節クリニック","ウエストホネカンセツクリニック","WestHoneKansetuClinic","2","39","386","高知県吾川郡いの町駅前町２２０番地３",33.548003,133.430468,"http://www.marine-hosp.jp/west/","1","1","1","1","1","1","0","1","1","1","1","1","1","1","1","1","1","1","1","1","1","1","1","1","1","1","1","1","1","1","1","1","1","1","1","1","1","1","1","1","1","1","0","12月31日 1月1日 1月2日 1月3日","","","","","0","","原データ"
"3922396303280","土佐やまもと眼科","トサヤマモトガンカ","土佐やまもと眼科","トサヤマモトガンカ","Tosa Yamamoto Eye Clinic","2","39","205","高知県土佐市高岡町乙５１番２",33.496865,133.418631,"http://www.tosaganka.com/","1","1","1","1","1","1","0","1","1","1","1","1","1","1","1","1","1","1","1","1","1","1","1","1","1","1","1","1","1","1","1","1","1","1","1","1","1","1","1","1","1","1","0","","","","","","0","","原データ"
"3922396303990","はなさく耳鼻咽喉科・いびき睡眠クリニック","ハナサクジビインコウカイビキスイミンクリニック","はなさく耳鼻咽喉科","ハナサクジビインコウカ","HANASAKU JIBIINKOUKA","2","39","205","高知県土佐市高岡町甲２１５４ー１２",33.495663,133.421639,"http://8739jibika.web.fc2.com/","1","1","1","1","1","1","0","1","1","1","1","1","1","1","1","1","1","1","1","1","1","1","1","1","1","1","1","1","1","1","1","1","1","1","1","1","1","1","1","1","1","1","0","8月9日 8月10日 8月11日 8月12日 12月29日 12月30日 12月31日 1月1日 1月2日 1月3日","0","0","0","0","0","","原データ"
"3922396304030","杏クリニック","アンズクリニック","杏クリニック","アンズクリニック","anzu clinic","2","39","205","高知県土佐市高岡町丙６４番地１",33.497405,133.43506,"http://anzu-tosa.com/","1","1","1","1","1","1","0","1","1","1","1","1","1","0","1","1","1","1","1","1","0","1","1","1","1","1","1","0","1","1","1","1","1","1","0","1","1","1","1","1","1","0","0","12月31日 1月1日 1月2日 1月3日 12月30日 12月29日","","","","","0","","原データ"
"3922396308940","大国町内科クリニック","ダイコクマチナイカクリニック","大国町内科クリニック","ダイコクマチナイカクリニック","","2","39","386","高知県吾川郡いの町大国町１０１",33.54965,133.42193,"","1","1","0","1","1","1","0","1","1","0","1","1","1","0","1","1","0","1","1","1","0","1","1","0","1","1","1","0","1","1","0","1","1","1","0","1","1","0","1","1","1","0","0","1月1日 1月2日 1月3日","","","","","0","","原データ"
"3922396309660","仁淀川町国民健康保険仁淀診療所","ニヨドガワチョウコクミンケンコウホケンニヨドシンリョウショ","仁淀川町国保仁淀診療所","ニヨドガワチョウコクホニヨドシンリョウショ","","2","39","387","高知県吾川郡仁淀川町森２５７７番地３",33.535487,133.129649,"","1","1","1","1","1","0","0","","","","","","","","","","","","","","","","","","","","","","","","","","","","","","","","","","","","0","祭日及び振替休日、12月29日 12月30日 12月31日 1月1日 1月2日 1月3日","0","0","","","0","","原データ"
"3922396400280","医療法人緑風会ＥＡＳＴマリンクリニック","イリョウホウジンリョクフウカイイーストマリンクリニック","ＥＡＳＴマリンクリニック","イーストマリンクリニック","EAST MARIN CLINIC","2","39","203","高知県安芸市矢ノ丸３丁目１－２５",33.503283,133.907808,"https://www.marine-hosp.jp/east/","1","1","1","1","1","1","0","1","1","1","1","1","1","0","1","1","1","1","1","1","0","1","1","1","1","1","1","0","1","1","1","1","1","1","0","1","1","1","1","1","1","0","0","12月31日 1月1日 1月2日 1月3日","19","","","","19","","原データ"
"3922396400440","医療法人鷲頭会　安芸えきまえ耳鼻科","イリョウホウジンワシズカイ　アキエキマエジビカ","安芸えきまえ耳鼻科","アキエキマジビカ","Akiekimaejibika","2","39","203","高知県安芸市矢ノ丸４－２－１２",33.504157,133.906425,"","1","1","1","1","1","1","0","1","1","1","1","1","1","0","1","1","1","1","1","1","0","1","1","1","1","1","1","0","1","1","1","1","1","1","0","1","1","1","1","1","1","0","0","1月3日 1月2日 1月1日 12月31日","0","0","","","0","","原データ"
"3922396400600","まつうら内科消化器科","マツウラナイカショウカキカ","まつうら内科","マツウラナイカ","Matsuura Clinic of internal medicine","2","39","203","高知県安芸市土居１９４９番地１",33.507529,133.912212,"","1","1","1","1","1","1","0","1","1","1","1","1","1","0","1","1","1","1","1","0","0","1","1","1","1","1","1","0","1","1","1","1","1","1","0","1","1","1","1","1","1","0","0","12月30日12月31日 1月1日 1月2日 1月3日","","","","","0","","原データ"
"3922396400860","医療法人巧会　つつい脳神経外科","イリョウホウジンタクミカイ　ツツイノウシンケイゲカ","つつい脳神経外科","ツツイノウシンケイゲカ","tsutsui nerosurgical clinic","2","39","203","高知県安芸市本町２丁目２番１号",33.499633,133.905944,"","1","1","1","0","1","1","0","1","1","1","0","1","1","0","1","1","1","0","1","1","0","1","1","1","0","1","1","0","1","1","1","0","1","1","0","1","1","1","0","1","1","0","0","12月30日 12月31日 1月1日 1月2日 1月3日","","","","","0","","原データ"
"3922396401290","芸西オルソクリニック","ゲイセイオルソクリニック","芸西オルソクリニック","ゲイセイオルソクリニック","","2","39","307","高知県安芸郡芸西村和食甲１４９５－１",33.522279,133.809061,"","1","1","1","1","1","1","0","1","1","1","1","1","1","0","1","1","1","1","1","1","0","1","1","1","1","1","1","0","1","1","1","1","1","1","0","1","1","1","1","1","1","0","0","1月1日 1月2日 1月3日 8月14日 8月15日 12月29日 12月30日 12月31日","6","0","","","6","","原データ"
"3922396402910","室戸市立室戸岬診療所","ムロトシリツムロトミサキシンリョウショ","室戸市立室戸岬診療所","ムロトシリツムロトミサキシンリョウショ","","2","39","202","高知県室戸市室戸岬町５３６８番地３",33.269096,134.163983,"","1","0","1","1","0","0","0","1","0","1","1","0","0","0","1","0","1","1","0","0","0","1","0","1","1","0","0","0","1","0","1","1","0","0","0","1","0","0","1","0","0","0","0","12月29日 12月30日 12月31日 1月1日 1月2日 1月3日","0","0","","","0","","原データ"
"3922396407670","室戸市立室戸診療所","ムロトシリツムロトシンリョウショ","室戸診療所","ムロトシンリョウショ","","2","39","202","高知県室戸市領家８５番地",33.291554,134.157875,"","1","1","1","1","1","0","0","1","1","1","1","1","0","0","1","1","1","1","1","0","0","1","1","1","1","1","1","0","1","1","1","1","1","1","0","1","1","1","1","1","0","0","0","12月30日 12月31日 1月1日 1月2日 1月3日","19","0","","","19","疑い: 「毎週決まった曜日に休診（土）」が 0（休診）だが、土曜の診療時間が入っている","原データ"
