"ID","診療科目コード","診療科目名","診療時間帯","月_診療開始時間","月_診療終了時間","火_診療開始時間","火_診療終了時間","水_診療開始時間","水_診療終了時間","木_診療開始時間","木_診療終了時間","金_診療開始時間","金_診療終了時間","土_診療開始時間","土_診療終了時間","日_診療開始時間","日_診療終了時間","祝_診療開始時間","祝_診療終了時間","月_外来受付開始時間","月_外来受付終了時間","火_外来受付開始時間","火_外来受付終了時間","水_外来受付開始時間","水_外来受付終了時間","木_外来受付開始時間","木_外来受付終了時間","金_外来受付開始時間","金_外来受付終了時間","土_外来受付開始時間","土_外来受付終了時間","日_外来受付開始時間","日_外来受付終了時間","祝_外来受付開始時間","祝_外来受付終了時間","注記"
"3922393101010","01001","内科","1","09:00","12:00","09:00","12:00","09:00","12:00","09:00","12:00","09:00","12:00","09:00","12:00","","","","","09:00","12:00","09:00","12:00","09:00","12:00","09:00","12:00","09:00","12:00","09:00","12:00","","","","",""
"3922393101010","01001","内科","2","16:00","18:00","16:00","18:00","16:00","18:00","16:00","18:00","16:00","18:00","","","","","","","16:00","18:00","16:00","18:00","16:00","18:00","16:00","18:00","16:00","18:00","","","","","","","空欄にした: 土_診療 00:00-00:00（開始と終了が同じ） / 空欄にした: 土_外来受付 00:00-00:00（開始と終了が同じ）"
"3922393101010","01001","内科","3","","","","","","","","","","","","","","","","","","","","","","","","","","","","","","","","","空欄にした: 月_診療 00:00-00:00（開始と終了が同じ） / 空欄にした: 火_診療 00:00-00:00（開始と終了が同じ） / 空欄にした: 水_診療 00:00-00:00（開始と終了が同じ） / 空欄にした: 木_診療 00:00-00:00（開始と終了が同じ） / 空欄にした: 金_診療 00:00-00:00（開始と終了が同じ） / 空欄にした: 土_診療 00:00-00:00（開始と終了が同じ） / 空欄にした: 月_外来受付 00:00-00:00（開始と終了が同じ） / 空欄にした: 火_外来受付 00:00-00:00（開始と終了が同じ） / 空欄にした: 水_外来受付 00:00-00:00（開始と終了が同じ） / 空欄にした: 木_外来受付 00:00-00:00（開始と終了が同じ） / 空欄にした: 金_外来受付 00:00-00:00（開始と終了が同じ） / 空欄にした: 土_外来受付 00:00-00:00（開始と終了が同じ）"
"3922393101010","03001","小児科","1","09:00","12:00","09:00","12:00","09:00","12:00","09:00","12:00","09:00","12:00","09:00","12:00","","","","","09:00","12:00","09:00","12:00","09:00","12:00","09:00","12:00","09:00","12:00","09:00","12:00","","","","",""
"3922393101010","03001","小児科","2","16:00","18:00","16:00","18:00","16:00","18:00","16:00","18:00","16:00","18:00","","","","","","","16:00","18:00","16:00","18:00","16:00","18:00","16:00","18:00","16:00","18:00","","","","","","","空欄にした: 土_診療 00:00-00:00（開始と終了が同じ） / 空欄にした: 土_外来受付 00:00-00:00（開始と終了が同じ）"
"3922393101010","03001","小児科","3","","","","","","","","","","","","","","","","","","","","","","","","","","","","","","","","","空欄にした: 月_診療 00:00-00:00（開始と終了が同じ） / 空欄にした: 火_診療 00:00-00:00（開始と終了が同じ） / 空欄にした: 水_診療 00:00-00:00（開始と終了が同じ） / 空欄にした: 木_診療 00:00-00:00（開始と終了が同じ） / 空欄にした: 金_診療 00:00-00:00（開始と終了が同じ） / 空欄にした: 土_診療 00:00-00:00（開始と終了が同じ） / 空欄にした: 月_外来受付 00:00-00:00（開始と終了が同じ） / 空欄にした: 火_外来受付 00:00-00:00（開始と終了が同じ） / 空欄にした: 水_外来受付 00:00-00:00（開始と終了が同じ） / 空欄にした: 木_外来受付 00:00-00:00（開始と終了が同じ） / 空欄にした: 金_外来受付 00:00-00:00（開始と終了が同じ） / 空欄にした: 土_外来受付 00:00-00:00（開始と終了が同じ）"
"3922393101140","03001","小児科","1","09:00","12:30","09:00","12:30","09:00","12:30","09:00","12:30","09:00","12:30","09:00","12:30","","","","","08:45","12:15","08:45","12:15","08:45","12:15","08:45","12:15","08:45","12:15","08:45","12:15","","","","",""
"3922393101140","03001","小児科","2","14:00","18:00","14:00","18:00","14:00","18:00","","","14:00","18:00","","","","","","","14:00","17:45","14:00","17:45","14:00","17:45","","","14:00","17:45","","","","","","",""
"3922393101140","03001","小児科","3","","","","","","","","","","","","","","","","","","","","","","","","","","","","","","","","",""
"3922393101850","01001","内科","1","","","09:00","12:30","09:00","12:30","09:00","12:30","09:00","12:30","09:00","13:00","","","","","","","08:30","12:00","08:30","12:00","08:30","12:00","08:30","12:00","08:30","12:30","","","","",""
"3922393101850","01001","内科","2","","","14:00","18:00","","","14:00","18:00","14:00","18:00","","","","","","","","","14:00","17:30","","","14:00","17:30","14:00","17:30","","","","","","",""
"3922393101850","01001","内科","3","","","","","","","","","","","","","","","","","","","","","","","","","","","","","","","","",""
"3922393101850","01013","脳神経内科","1","","","09:00","12:30","09:00","12:30","09:00","12:30","09:00","12:30","09:00","13:00","","","","","","","08:30","12:00","08:30","12:00","08:30","12:00","08:30","12:00","08:30","12:30","","","","",""
"3922393101850","01013","脳神経内科","2","","","14:00","18:00","","","14:00","18:00","14:00","18:00","","","","","","","","","14:00","17:30","","","14:00","17:30","14:00","17:30","","","","","","",""
"3922393101850","01013","脳神経内科","3","","","","","","","","","","","","","","","","","","","","","","","","","","","","","","","","",""
"3922393101850","02002","脳神経外科","1","","","09:00","12:30","09:00","12:30","09:00","12:30","09:00","12:30","09:00","13:00","","","","","","","08:30","12:00","08:30","12:00","08:30","12:00","08:30","12:00","08:30","12:30","","","","",""
"3922393101850","02002","脳神経外科","2","","","14:00","18:00","","","14:00","18:00","14:00","18:00","","","","","","","","","14:00","17:30","","","14:00","17:30","14:00","17:30","","","","","","",""
"3922393101850","02002","脳神経外科","3","","","","","","","","","","","","","","","","","","","","","","","","","","","","","","","","",""
"3922393102150","01001","内科","1","08:30","12:00","08:30","12:00","08:30","12:00","08:30","12:00","08:30","12:00","","","","","","","08:30","12:00","08:30","12:00","08:30","12:00","08:30","12:00","08:30","12:00","","","","","","",""
"3922393102150","01001","内科","2","13:30","17:30","13:30","17:30","13:30","17:30","13:30","17:30","13:30","17:30","","","","","","","13:30","17:30","13:30","17:30","13:30","17:30","13:30","17:30","13:30","17:30","","","","","","",""
"3922393102150","01001","内科","3","","","","","","","","","","","","","","","","","","","","","","","","","","","","","","","","",""
"3922393102150","01025","神経内科","1","08:30","12:00","08:30","12:00","08:30","12:00","08:30","12:00","08:30","12:00","","","","","","","08:30","12:00","08:30","12:00","08:30","12:00","08:30","12:00","08:30","12:00","","","","","","",""
"3922393102150","01025","神経内科","2","13:30","17:30","13:30","17:30","13:30","17:30","13:30","17:30","13:30","17:30","","","","","","","13:30","17:30","13:30","17:30","13:30","17:30","13:30","17:30","13:30","17:30","","","","","","",""
"3922393102150","01025","神経内科","3","","","","","","","","","","","","","","","","","","","","","","","","","","","","","","","","",""
"3922393102150","09003","リハビリテーション科","1","","","","","","","","","","","","","","","","","","","","","","","","","","","","","","","","",""
"3922393102150","09003","リハビリテーション科","2","","","","","","","","","","","","","","","","","","","","","","","","","","","","","","","","",""
"3922393102150","09003","リハビリテーション科","3","","","","","","","","","","","","","","","","","","","","","","","","","","","","","","","","",""
"3922393102440","07001","精神科","1","09:00","12:00","09:00","12:00","","","09:00","12:00","09:00","12:00","09:00","12:00","","","","","09:00","12:00","09:00","12:00","","","09:00","12:00","09:00","12:00","09:00","12:00","","","","",""
"3922393102440","07001","精神科","2","","","","","14:00","16:00","","","","","","","","","","","","","","","14:00","16:00","","","","","","","","","","",""
"3922393102440","07001","精神科","3","16:00","18:30","16:00","18:30","16:00","18:30","16:00","18:30","16:00","18:30","","","","","","","16:00","18:30","16:00","18:30","16:00","18:30","16:00","18:30","16:00","18:30","","","","","","",""
"3922393102440","07002","神経科","1","09:00","12:00","09:00","12:00","","","09:00","12:00","09:00","12:00","09:00","12:00","","","","","09:00","12:00","09:00","12:00","","","09:00","12:00","09:00","12:00","09:00","12:00","","","","",""
"3922393102440","07002","神経科","2","","","","","14:00","16:00","","","","","","","","","","","","","","","14:00","16:00","","","","","","","","","","",""
"3922393102440","07002","神経科","3","16:00","18:30","16:00","18:30","16:00","18:30","16:00","18:30","16:00","18:30","","","","","","","16:00","18:30","16:00","18:30","16:00","18:30","16:00","18:30","16:00","18:30","","","","","","",""
"3922393102440","07003","心療内科","1","09:00","12:00","09:00","12:00","","","09:00","12:00","09:00","12:00","09:00","12:00","","","","","09:00","12:00","09:00","12:00","","","09:00","12:00","09:00","12:00","09:00","12:00","","","","",""
"3922393102440","07003","心療内科","2","","","","","14:00","16:00","","","","","","","","","","","","","","","14:00","16:00","","","","","","","","","","",""
"3922393102440","07003","心療内科","3","16:00","18:30","16:00","18:30","16:00","18:30","16:00","18:30","16:00","18:30","","","","","","","16:00","18:30","16:00","18:30","16:00","18:30","16:00","18:30","16:00","18:30","","","","","","",""
"3922393102600","01001","内科","1","07:30","16:00","07:30","16:00","07:30","16:00","","","07:30","16:00","","","","","","","07:30","16:00","07:30","16:00","07:30","16:00","","","07:30","16:00","","","","","","",""
"3922393102600","01001","内科","2","","","","","","","07:30","12:00","","","","","","","","","","","","","","","07:30","12:00","","","","","","","","",""
"3922393102600","01001","内科","3","","","","","","","","","","","","","","","","","","","","","","","","","","","","","","","","",""
"3922393102600","09001","アレルギー科","1","07:30","16:00","07:30","16:00","07:30","16:00","","","07:30","16:00","","","","","","","07:30","16:00","07:30","16:00","07:30","16:00","","","07:30","16:00","","","","","","",""
"3922393102600","09001","アレルギー科","2","","","","","","","07:30","12:00","","","","","","","","","","","","","","","07:30","12:00","","","","","","","","",""
"3922393102600","09001","アレルギー科","3","","","","","","","","","","","","","","","","","","","","","","","","","","","","","","","","",""
"3922393102730","01001","内科","1","09:00","18:30","09:00","18:30","09:00","18:30","","","09:00","18:30","","","","","","","09:00","18:00","09:00","18:00","09:00","18:00","","","09:00","18:00","","","","","","",""
"3922393102730","01001","内科","2","","","","","","","09:00","13:00","","","","","","","","","","","","","","","09:00","12:30","","","","","","","","",""
"3922393102730","01001","内科","3","","","","","","","","","","","09:00","15:00","","","","","","","","","","","","","","","09:00","14:30","","","","",""
"3922393102730","01021","胃腸内科","1","09:00","18:30","09:00","18:30","09:00","18:30","","","09:00","18:30","","","","","","","09:00","18:00","09:00","18:00","09:00","18:00","","","09:00","18:00","","","","","","",""
"3922393102730","01021","胃腸内科","2","","","","","","","09:00","13:00","","","","","","","","","","","","","","","09:00","12:30","","","","","","","","",""
"3922393102730","01021","胃腸内科","3","","","","","","","","","","","09:00","15:00","","","","","","","","","","","","","","","09:00","14:30","","","","",""
"3922393102730","03001","小児科","1","09:00","18:30","09:00","18:30","09:00","18:30","","","09:00","18:30","","","","","","","09:00","18:00","09:00","18:00","09:00","18:00","","","09:00","18:00","","","","","","",""
"3922393102730","03001","小児科","2","","","","","","","09:00","13:00","","","","","","","","","","","","","","","09:00","12:30","","","","","","","","",""
"3922393102730","03001","小児科","3","","","","","","","","","","","09:00","15:00","","","","","","","","","","","","","","","09:00","14:30","","","","",""
"3922393102990","02036","形成外科","1","10:00","13:00","10:00","13:00","","","10:00","13:00","10:00","13:00","10:00","13:00","","","","","","","","","","","","","","","","","","","","",""
"3922393102990","02036","形成外科","2","14:30","18:30","14:30","18:30","","","14:30","18:30","14:30","18:30","14:30","18:30","","","","","","","","","","","","","","","","","","","","",""
"3922393102990","02036","形成外科","3","","","","","","","","","","","","","","","","","","","","","","","","","","","","","","","","",""
"3922393102990","06001","皮膚科","1","10:00","13:00","10:00","13:00","","","10:00","13:00","10:00","13:00","10:00","13:00","","","","","","","","","","","","","","","","","","","","",""
"3922393102990","06001","皮膚科","2","14:30","18:30","14:30","18:30","","","14:30","18:30","14:30","18:30","14:30","18:30","","","","","","","","","","","","","","","","","","","","",""
"3922393102990","06001","皮膚科","3","","","","","","","","","","","","","","","","","","","","","","","","","","","","","","","","",""
"3922393103160","04003","婦人科","1","09:00","13:00","09:00","13:00","09:00","13:00","09:00","13:00","09:00","13:00","09:00","13:00","","","","","08:30","13:00","08:30","13:00","08:30","13:00","08:30","13:00","08:30","13:00","08:30","13:00","","","","",""
"3922393103160","04003","婦人科","2","15:00","18:00","15:00","18:00","","","15:00","18:00","15:00","18:00","15:00","18:00","","","","","13:00","16:00","13:00","16:00","","","13:00","16:00","13:00","16:00","13:00","16:00","","","","",""
"3922393103160","04003","婦人科","3","","","","","","","","","","","","","","","","","","","","","","","","","","","","","","","","",""
"3922393103160","04004","産婦人科（生殖医療）","1","09:00","13:00","09:00","13:00","09:00","13:00","09:00","13:00","09:00","13:00","09:00","13:00","","","","","08:30","13:00","08:30","13:00","08:30","13:00","08:30","13:00","08:30","13:00","08:30","13:00","","","","",""
"3922393103160","04004","産婦人科（生殖医療）","2","13:00","18:00","13:00","18:00","","","13:00","18:00","13:00","18:00","13:00","18:00","","","","","13:00","16:00","13:00","16:00","","","13:00","16:00","13:00","16:00","13:00","18:00","","","","",""
"3922393103160","04004","産婦人科（生殖医療）","3","","","","","","","","","","","","","","","","","","","","","","","","","","","","","","","","",""
"3922393103320","01001","内科","1","09:00","12:30","09:00","12:30","09:00","12:30","09:00","12:30","09:00","12:30","09:00","12:30","","","","","09:00","12:00","09:00","12:00","09:00","12:00","09:00","12:00","09:00","12:00","09:00","12:00","","","","",""
"3922393103320","01001","内科","2","15:00","18:30","15:00","18:30","15:00","18:30","15:00","18:30","15:00","18:30","","","","","","","15:00","18:00","15:00","18:00","15:00","18:00","15:00","18:00","15:00","18:00","","","","","","",""
"3922393103320","01001","内科","3","","","","","","","","","","","","","","","","","","","","","","","","","","","","","","","","","空欄にした: 月_診療 00:00-00:00（開始と終了が同じ） / 空欄にした: 火_診療 00:00-00:00（開始と終了が同じ） / 空欄にした: 水_診療 00:00-00:00（開始と終了が同じ） / 空欄にした: 木_診療 00:00-00:00（開始と終了が同じ） / 空欄にした: 金_診療 00:00-00:00（開始と終了が同じ） / 空欄にした: 月_外来受付 00:00-00:00（開始と終了が同じ） / 空欄にした: 火_外来受付 00:00-00:00（開始と終了が同じ） / 空欄にした: 水_外来受付 00:00-00:00（開始と終了が同じ） / 空欄にした: 木_外来受付 00:00-00:00（開始と終了が同じ） / 空欄にした: 金_外来受付 00:00-00:00（開始と終了が同じ）"
"3922393103320","03001","小児科","1","09:00","12:30","09:00","12:30","09:00","12:30","09:00","12:30","09:00","12:30","09:00","12:30","","","","","09:00","12:00","09:00","12:00","09:00","12:00","09:00","12:00","09:00","12:00","09:00","12:00","","","","",""
"3922393103320","03001","小児科","2","15:00","18:30","15:00","18:30","15:00","18:30","15:00","18:30","15:00","18:30","","","","","","","15:00","18:00","15:00","18:00","15:00","18:00","15:00","18:00","15:00","18:00","","","","","","",""
"3922393103320","03001","小児科","3","","","","","","","","","","","","","","","","","","","","","","","","","","","","","","","","","空欄にした: 月_診療 00:00-00:00（開始と終了が同じ） / 空欄にした: 火_診療 00:00-00:00（開始と終了が同じ） / 空欄にした: 水_診療 00:00-00:00（開始と終了が同じ） / 空欄にした: 木_診療 00:00-00:00（開始と終了が同じ） / 空欄にした: 金_診療 00:00-00:00（開始と終了が同じ） / 空欄にした: 月_外来受付 00:00-00:00（開始と終了が同じ） / 空欄にした: 火_外来受付 00:00-00:00（開始と終了が同じ） / 空欄にした: 水_外来受付 00:00-00:00（開始と終了が同じ） / 空欄にした: 木_外来受付 00:00-00:00（開始と終了が同じ） / 空欄にした: 金_外来受付 00:00-00:00（開始と終了が同じ）"
"3922393103900","06004","泌尿器科","1","10:00","12:30","10:00","12:30","10:00","12:30","","","10:00","12:30","10:00","12:30","","","","","","","","","","","","","","","","","","","","","空欄にした: 月_外来受付 00:00-00:00（開始と終了が同じ） / 空欄にした: 火_外来受付 00:00-00:00（開始と終了が同じ） / 空欄にした: 水_外来受付 00:00-00:00（開始と終了が同じ） / 空欄にした: 金_外来受付 00:00-00:00（開始と終了が同じ） / 空欄にした: 土_外来受付 00:00-00:00（開始と終了が同じ）"
"3922393103900","06004","泌尿器科","2","15:00","18:00","","","15:00","18:00","","","15:00","18:00","","","","","","","","","","","","","","","","","","","","","","","空欄にした: 月_外来受付 00:00-00:00（開始と終了が同じ） / 空欄にした: 火_外来受付 00:00-00:00（開始と終了が同じ） / 空欄にした: 水_外来受付 00:00-00:00（開始と終了が同じ） / 空欄にした: 金_外来受付 00:00-00:00（開始と終了が同じ） / 空欄にした: 土_外来受付 00:00-00:00（開始と終了が同じ）"
"3922393103900","06004","泌尿器科","3","","","","","","","","","","","","","","","","","","","","","","","","","","","","","","","","","空欄にした: 月_診療 00:00-00:00（開始と終了が同じ） / 空欄にした: 火_診療 00:00-00:00（開始と終了が同じ） / 空欄にした: 水_診療 00:00-00:00（開始と終了が同じ） / 空欄にした: 金_診療 00:00-00:00（開始と終了が同じ） / 空欄にした: 土_診療 00:00-00:00（開始と終了が同じ） / 空欄にした: 月_外来受付 00:00-00:00（開始と終了が同じ） / 空欄にした: 火_外来受付 00:00-00:00（開始と終了が同じ） / 空欄にした: 水_外来受付 00:00-00:00（開始と終了が同じ） / 空欄にした: 金_外来受付 00:00-00:00（開始と終了が同じ） / 空欄にした: 土_外来受付 00:00-00:00（開始と終了が同じ）"
"3922393104170","01001","内科","1","09:00","12:30","09:00","12:30","09:00","12:45","09:00","12:30","09:00","12:30","09:00","12:45","","","","","08:45","12:00","08:45","12:00","08:45","12:15","08:45","12:00","08:45","12:00","08:45","12:15","","","","",""
"3922393104170","01001","内科","2","13:30","17:45","13:30","17:45","","","13:30","17:45","13:30","17:45","","","","","","","13:30","17:15","13:30","17:15","","","13:30","17:15","13:30","16:30","","","","","","",""
"3922393104170","01001","内科","3","","","","","","","","","","","","","","","","","","","","","","","","","","","","","","","","",""
"3922393104170","02001","外科","1","09:00","12:30","09:00","12:30","09:00","12:45","09:00","12:30","09:00","12:30","09:00","12:45","","","","","08:45","12:00","08:45","12:00","08:45","12:15","08:45","12:00","08:45","12:00","08:45","12:15","","","","",""
"3922393104170","02001","外科","2","13:30","17:45","13:30","17:45","","","13:30","17:45","13:30","17:45","","","","","","","13:30","17:15","13:30","17:15","","","13:30","17:15","13:30","16:30","","","","","","",""
"3922393104170","02001","外科","3","","","","","","","","","","","","","","","","","","","","","","","","","","","","","","","","",""
"3922393104170","02035","整形外科","1","09:00","12:30","09:00","12:30","09:00","12:45","09:00","12:30","09:00","12:30","09:00","12:45","","","","","08:45","12:00","08:45","12:00","08:45","12:15","08:45","12:00","08:45","12:00","08:45","12:15","","","","",""
"3922393104170","02035","整形外科","2","13:30","17:45","13:30","17:45","","","13:30","17:45","13:30","17:45","","","","","","","13:30","17:15","13:30","17:15","","","13:30","17:15","13:30","16:30","","","","","","",""
"3922393104170","02035","整形外科","3","","","","","","","","","","","","","","","","","","","","","","","","","","","","","","","","",""
"3922393104170","09003","リハビリテーション科","1","09:00","12:30","09:00","12:30","09:00","12:45","09:00","12:30","09:00","12:30","09:00","12:45","","","","","08:45","12:00","08:45","12:00","08:45","12:15","08:45","12:00","08:45","12:00","08:45","12:15","","","","",""
"3922393104170","09003","リハビリテーション科","2","13:30","17:45","13:30","17:45","","","13:30","17:45","13:30","17:45","","","","","","","13:30","17:15","13:30","17:15","","","13:30","17:15","13:30","16:30","","","","","","",""
"3922393104170","09003","リハビリテーション科","3","","","","","","","","","","","","","","","","","","","","","","","","","","","","","","","","",""
"3922393104200","05001","眼科","1","09:00","12:30","09:00","12:30","09:00","12:30","09:00","12:30","09:00","12:30","09:00","12:30","","","","","09:00","12:30","09:00","12:30","09:00","12:30","09:00","12:30","09:00","12:30","09:00","12:30","","","","",""
"3922393104200","05001","眼科","2","14:00","17:30","14:00","17:30","","","14:00","17:30","14:00","17:30","14:00","16:00","","","","","14:00","17:30","14:00","17:30","","","14:00","17:30","14:00","17:30","14:00","16:00","","","","",""
"3922393104200","05001","眼科","3","","","","","","","","","","","","","","","","","","","","","","","","","","","","","","","","",""
"3922393104460","03001","小児科","1","09:00","12:30","09:00","12:30","09:00","12:30","09:00","12:30","09:00","12:30","09:00","12:30","","","","","08:20","12:30","08:20","12:30","08:20","12:30","08:20","12:30","08:20","12:30","08:20","12:30","","","","",""
"3922393104460","03001","小児科","2","14:00","18:00","14:00","18:00","14:00","18:00","","","14:00","18:00","14:00","18:00","","","","","12:30","18:00","12:30","18:00","12:30","18:00","","","12:30","18:00","12:30","18:00","","","","",""
"3922393104460","03001","小児科","3","","","","","","","","","","","","","","","","","","","","","","","","","","","","","","","","",""
"3922393104750","05002","耳鼻いんこう科","1","09:00","12:15","09:00","12:15","09:00","12:15","09:00","12:15","09:00","12:15","09:00","12:15","","","","","09:00","12:15","09:00","12:15","09:00","12:15","09:00","12:15","09:00","12:15","09:00","12:15","","","","",""
"3922393104750","05002","耳鼻いんこう科","2","14:00","18:15","14:00","18:15","","","14:00","18:15","14:00","18:15","","","","","","","14:00","18:15","14:00","18:15","","","14:00","18:15","14:00","18:15","","","","","","",""
"3922393104750","05002","耳鼻いんこう科","3","","","","","","","","","","","14:00","16:15","","","","","","","","","","","","","","","14:00","16:15","","","","",""
"3922393104750","09001","アレルギー科","1","09:00","12:15","09:00","12:15","09:00","12:15","09:00","12:15","09:00","12:15","09:00","12:15","","","","","09:00","12:15","09:00","12:15","09:00","12:15","09:00","12:15","09:00","12:15","09:00","12:15","","","","",""
"3922393104750","09001","アレルギー科","2","14:00","18:15","14:00","18:15","","","14:00","18:15","14:00","18:15","","","","","","","14:00","18:15","14:00","18:15","","","14:00","18:15","14:00","18:15","","","","","","",""
"3922393104750","09001","アレルギー科","3","","","","","","","","","","","14:00","16:15","","","","","","","","","","","","","","","14:00","16:15","","","","",""
"3922393105050","05002","耳鼻いんこう科","1","09:00","12:30","09:00","12:30","09:00","12:30","09:00","12:30","09:00","12:30","09:00","12:30","","","","","","","","","","","","","","","","","","","","",""
"3922393105050","05002","耳鼻いんこう科","2","14:00","18:00","14:00","18:00","14:00","18:00","","","14:00","18:00","14:00","17:00","","","","","","","","","","","","","","","","","","","","",""
"3922393105050","05002","耳鼻いんこう科","3","","","","","","","","","","","","","","","","","","","","","","","","","","","","","","","","",""
"3922393105050","06003","皮膚泌尿器科","1","","","","","","","","","","","","","","","","","","","","","","","","","","","","","","","","",""
"3922393105050","06003","皮膚泌尿器科","2","","","","","","","","","","","","","","","","","","","","","","","","","","","","","","","","",""
"3922393105050","06003","皮膚泌尿器科","3","","","","","","","","","","","","","","","","","","","","","","","","","","","","","","","","",""
"3922393105890","02035","整形外科","1","","","","","","","","","","","","","","","","","","","","","","","","","","","","","","","","",""
"3922393105890","02035","整形外科","2","","","","","","","","","","","","","","","","","","","","","","","","","","","","","","","","",""
"3922393105890","02035","整形外科","3","","","","","","","","","","","","","","","","","","","","","","","","","","","","","","","","",""
"3922393105890","09002","リウマチ科","1","","","","","","","","","","","","","","","","","","","","","","","","","","","","","","","","",""
"3922393105890","09002","リウマチ科","2","","","","","","","","","","","","","","","","","","","","","","","","","","","","","","","","",""
"3922393105890","09002","リウマチ科","3","","","","","","","","","","","","","","","","","","","","","","","","","","","","","","","","",""
"3922393105890","09003","リハビリテーション科","1","","","","","","","","","","","","","","","","","","","","","","","","","","","","","","","","",""
"3922393105890","09003","リハビリテーション科","2","","","","","","","","","","","","","","","","","","","","","","","","","","","","","","","","",""
"3922393105890","09003","リハビリテーション科","3","","","","","","","","","","","","","","","","","","","","","","","","","","","","","","","","",""
"3922393105920","06001","皮膚科","1","09:00","13:00","09:00","13:00","09:00","13:00","09:00","13:00","","","09:00","13:00","","","","","08:50","12:45","08:50","12:45","08:50","12:45","08:50","12:45","","","08:50","12:45","","","","",""
"3922393105920","06001","皮膚科","2","15:00","18:00","15:00","18:00","","","15:00","18:00","","","","","","","","","14:50","17:45","14:50","17:45","","","14:50","17:45","","","","","","","","",""
"3922393105920","06001","皮膚科","3","","","","","","","","","","","","","","","","","","","","","","","","","","","","","","","","",""
"3922393106060","01001","内科","1","09:00","12:00","09:00","12:00","09:00","12:00","09:00","12:00","09:00","12:00","09:00","12:00","","","","","09:00","12:00","09:00","12:00","09:00","12:00","09:00","12:00","09:00","12:00","09:00","12:00","","","","",""
"3922393106060","01001","内科","2","14:00","17:30","14:00","17:30","14:00","17:30","","","14:00","17:30","14:00","17:30","","","","","14:00","17:00","14:00","17:00","14:00","17:00","","","14:00","17:00","14:00","17:00","","","","",""
"3922393106060","01001","内科","3","","","","","","","","","","","","","","","","","","","","","","","","","","","","","","","","",""
"3922393106060","01006","糖尿病内科","1","09:00","12:00","09:00","12:00","09:00","12:00","09:00","12:00","09:00","12:00","09:00","12:00","","","","","09:00","12:00","09:00","12:00","09:00","12:00","09:00","12:00","09:00","12:00","09:00","12:00","","","","",""
"3922393106060","01006","糖尿病内科","2","14:00","17:30","14:00","17:30","14:00","17:30","","","14:00","17:30","14:00","17:30","","","","","14:00","17:00","14:00","17:00","14:00","17:00","","","14:00","17:00","14:00","17:00","","","","",""
"3922393106060","01006","糖尿病内科","3","","","","","","","","","","","","","","","","","","","","","","","","","","","","","","","","",""
"3922393106060","01014","呼吸器内科","1","09:00","12:00","09:00","12:00","09:00","12:00","","","09:00","12:00","09:00","12:00","","","","","09:00","12:00","09:00","12:00","09:00","12:00","","","09:00","12:00","09:00","12:00","","","","",""
"3922393106060","01014","呼吸器内科","2","14:00","17:30","14:00","17:30","14:00","17:30","","","14:00","17:30","14:00","17:30","","","","","14:00","17:00","14:00","17:00","14:00","17:00","","","14:00","17:00","14:00","17:00","","","","",""
"3922393106060","01014","呼吸器内科","3","","","","","","","","","","","","","","","","","","","","","","","","","","","","","","","","",""
"3922393106060","01017","循環器内科","1","09:00","12:00","09:00","12:00","09:00","12:00","09:00","12:00","09:00","12:00","09:00","12:00","","","","","09:00","12:00","09:00","12:00","09:00","12:00","09:00","12:00","09:00","12:00","09:00","12:00","","","","",""
"3922393106060","01017","循環器内科","2","14:00","17:30","14:00","17:30","14:00","17:30","","","14:00","17:30","14:00","17:30","","","","","14:00","17:00","14:00","17:00","14:00","17:00","","","14:00","17:00","14:00","17:00","","","","",""
"3922393106060","01017","循環器内科","3","","","","","","","","","","","","","","","","","","","","","","","","","","","","","","","","",""
"3922393106060","01020","消化器内科","1","09:00","12:00","09:00","12:00","09:00","12:00","09:00","12:00","09:00","12:00","09:00","12:00","","","","","09:00","12:00","09:00","12:00","09:00","12:00","09:00","12:00","09:00","12:00","09:00","12:00","","","","",""
"3922393106060","01020","消化器内科","2","14:00","17:30","14:00","17:30","14:00","17:30","","","14:00","17:30","14:00","17:30","","","","","14:00","17:00","14:00","17:00","14:00","17:00","","","14:00","17:00","14:00","17:00","","","","",""
"3922393106060","01020","消化器内科","3","","","","","","","","","","","","","","","","","","","","","","","","","","","","","","","","",""
"3922393106060","01022","腎臓内科","1","09:00","12:00","09:00","12:00","09:00","12:00","09:00","12:00","09:00","12:00","09:00","12:00","","","","","09:00","12:00","09:00","12:00","09:00","12:00","09:00","12:00","09:00","12:00","09:00","12:00","","","","",""
"3922393106060","01022","腎臓内科","2","14:00","17:30","14:00","17:30","14:00","17:30","","","14:00","17:30","14:00","17:30","","","","","14:00","17:00","14:00","17:00","14:00","17:00","","","14:00","17:00","14:00","17:00","","","","",""
"3922393106060","01022","腎臓内科","3","","","","","","","","","","","","","","","","","","","","","","","","","","","","","","","","",""
"3922393106060","01025","神経内科","1","09:00","12:00","09:00","12:00","09:00","12:00","09:00","12:00","09:00","12:00","09:00","12:00","","","","","09:00","12:00","09:00","12:00","09:00","12:00","09:00","12:00","09:00","12:00","09:00","12:00","","","","",""
"3922393106060","01025","神経内科","2","14:00","17:30","14:00","17:30","14:00","17:30","","","14:00","17:30","14:00","17:30","","","","","14:00","17:00","14:00","17:00","14:00","17:00","","","14:00","17:00","14:00","17:00","","","","",""
"3922393106060","01025","神経内科","3","","","","","","","","","","","","","","","","","","","","","","","","","","","","","","","","",""
"3922393106060","02035","整形外科","1","09:00","12:00","09:00","12:00","09:00","12:00","","","09:00","12:00","09:00","12:00","","","","","09:00","12:00","09:00","12:00","09:00","12:00","","","09:00","12:00","09:00","12:00","","","","",""
"3922393106060","02035","整形外科","2","14:00","17:30","14:00","17:30","14:00","17:30","","","14:00","17:30","","","","","","","14:00","17:00","14:00","17:00","14:00","17:00","","","14:00","17:00","","","","","","",""
"3922393106060","02035","整形外科","3","","","","","","","","","","","","","","","","","","","","","","","","","","","","","","","","",""
"3922393106060","06001","皮膚科","1","09:00","12:00","09:00","12:00","09:00","12:00","","","09:00","12:00","09:00","12:00","","","","","09:00","12:00","09:00","12:00","09:00","12:00","","","09:00","12:00","09:00","12:00","","","","",""
"3922393106060","06001","皮膚科","2","14:00","17:30","14:00","17:30","14:00","17:30","","","14:00","17:30","","","","","","","14:00","17:00","14:00","17:00","14:00","17:00","","","14:00","17:00","","","","","","",""
"3922393106060","06001","皮膚科","3","","","","","","","","","","","","","","","","","","","","","","","","","","","","","","","","",""
"3922393106060","06002","美容皮膚科","1","09:00","12:00","09:00","12:00","09:00","12:00","","","09:00","12:00","09:00","12:00","","","","","09:00","12:00","09:00","12:00","09:00","12:00","","","09:00","12:00","09:00","12:00","","","","",""
"3922393106060","06002","美容皮膚科","2","14:00","17:30","14:00","17:30","14:00","17:30","","","14:00","17:30","","","","","","","14:00","17:00","14:00","17:00","14:00","17:00","","","14:00","17:00","","","","","","",""
"3922393106060","06002","美容皮膚科","3","","","","","","","","","","","","","","","","","","","","","","","","","","","","","","","","",""
"3922393106060","09002","リウマチ科","1","09:00","12:00","09:00","12:00","09:00","12:00","","","09:00","12:00","09:00","12:00","","","","","09:00","12:00","09:00","12:00","09:00","12:00","","","09:00","12:00","09:00","12:00","","","","",""
"3922393106060","09002","リウマチ科","2","14:00","17:30","14:00","17:30","14:00","17:30","","","14:00","17:30","","","","","","","14:00","17:00","14:00","17:00","14:00","17:00","","","14:00","17:00","14:00","17:00","","","","",""
"3922393106060","09002","リウマチ科","3","","","","","","","","","","","","","","","","","","","","","","","","","","","","","","","","",""
"3922393106060","09003","リハビリテーション科","1","09:00","12:00","09:00","12:00","09:00","12:00","09:00","12:00","09:00","12:00","09:00","12:00","","","","","09:00","12:00","19:00","12:00","09:00","12:00","09:00","12:00","09:00","12:00","09:00","12:00","","","","",""
"3922393106060","09003","リハビリテーション科","2","14:00","17:30","14:00","17:30","14:00","17:30","","","14:00","17:30","14:00","17:30","","","","","14:00","17:00","14:00","17:00","14:00","17:00","","","14:00","17:00","14:00","17:00","","","","",""
"3922393106060","09003","リハビリテーション科","3","","","","","","","","","","","","","","","","","","","","","","","","","","","","","","","","",""
"3922393106060","09005","放射線診断科","1","09:00","12:00","09:00","12:00","09:00","12:00","09:00","12:00","09:00","12:00","09:00","12:00","","","","","09:00","12:00","09:00","12:00","09:00","12:00","09:00","12:00","09:00","12:00","09:00","12:00","","","","",""
"3922393106060","09005","放射線診断科","2","14:00","17:30","14:00","17:30","14:00","17:30","","","14:00","17:30","14:00","17:30","","","","","14:00","17:00","14:00","17:00","14:00","17:00","","","14:00","17:00","14:00","17:00","","","","",""
"3922393106060","09005","放射線診断科","3","","","","","","","","","","","","","","","","","","","","","","","","","","","","","","","","",""
"3922393106510","01001","内科","1","08:30","12:30","08:30","12:30","08:30","12:30","08:30","12:30","08:30","12:30","08:30","12:30","","","","","08:30","12:00","08:30","12:00","08:30","12:00","08:30","12:00","08:30","12:00","08:30","12:00","","","","",""
"3922393106510","01001","内科","2","14:00","17:30","14:00","17:30","14:00","17:30","","","14:00","17:30","","","","","","","14:00","17:00","14:00","17:00","14:00","17:00","","","14:00","17:00","","","","","","",""
"3922393106510","01001","内科","3","","","","","","","","","","","","","","","","","","","","","","","","","","","","","","","","",""
"3922393106640","07001","精神科","1","09:00","14:30","09:00","12:30","09:00","12:30","09:00","13:30","09:00","12:30","09:00","12:30","","","","","09:00","14:30","09:00","12:30","09:00","12:30","09:00","13:30","09:00","12:30","09:00","12:30","","","","",""
"3922393106640","07001","精神科","2","","","14:00","19:00","14:00","19:00","","","14:00","19:00","14:00","19:00","","","","","","","14:00","19:00","14:00","19:00","","","14:00","19:00","14:00","19:00","","","","",""
"3922393106640","07001","精神科","3","","","","","","","","","","","","","","","","","","","","","","","","","","","","","","","","",""
"3922393106640","07003","心療内科","1","09:00","14:30","09:00","12:30","09:00","12:30","09:00","13:30","09:00","12:30","09:00","12:30","","","","","09:00","14:30","09:00","12:30","09:00","12:30","09:00","13:30","09:00","12:30","09:00","12:30","","","","",""
"3922393106640","07003","心療内科","2","","","14:00","19:00","14:00","19:00","","","14:00","19:00","14:00","19:00","","","","","","","14:00","19:00","14:00","19:00","","","14:00","19:00","14:00","19:00","","","","",""
"3922393106640","07003","心療内科","3","","","","","","","","","","","","","","","","","","","","","","","","","","","","","","","","",""
"3922393107070","01001","内科","1","09:00","12:30","09:00","12:30","09:00","12:30","09:00","12:30","09:00","12:30","09:00","14:00","","","","","09:00","12:00","09:00","12:00","09:00","12:00","09:00","12:00","09:00","12:00","09:00","13:30","","","","",""
"3922393107070","01001","内科","2","14:00","18:00","14:00","18:00","","","14:00","18:00","14:00","18:00","","","","","","","14:00","17:30","14:00","17:30","","","14:00","17:30","14:00","17:30","","","","","","",""
"3922393107070","01001","内科","3","","","","","","","","","","","","","","","","","","","","","","","","","","","","","","","","",""
"3922393107070","01020","消化器内科","1","09:00","12:30","09:00","12:30","09:00","12:30","09:00","12:30","09:00","12:30","09:00","14:00","","","","","09:00","12:00","09:00","12:00","09:00","12:00","09:00","12:00","09:00","12:00","09:00","13:30","","","","",""
"3922393107070","01020","消化器内科","2","14:00","18:00","14:00","18:00","","","14:00","18:00","14:00","18:00","","","","","","","14:00","17:30","14:00","17:30","","","14:00","17:30","14:00","17:30","","","","","","",""
"3922393107070","01020","消化器内科","3","","","","","","","","","","","","","","","","","","","","","","","","","","","","","","","","",""
"3922393107070","01024","肝臓内科","1","09:00","12:30","09:00","12:30","09:00","12:30","09:00","12:30","09:00","12:30","09:00","14:00","","","","","09:00","12:00","09:00","12:00","09:00","12:00","09:00","12:00","09:00","12:00","09:00","13:30","","","","",""
"3922393107070","01024","肝臓内科","2","14:00","18:00","14:00","18:00","","","14:00","18:00","14:00","18:00","","","","","","","14:00","17:30","14:00","17:30","","","14:00","17:30","14:00","17:30","","","","","","",""
"3922393107070","01024","肝臓内科","3","","","","","","","","","","","","","","","","","","","","","","","","","","","","","","","","",""
"3922393107100","05001","眼科","1","09:00","12:30","09:00","12:30","09:00","12:30","09:00","12:30","09:00","12:30","09:00","12:30","","","","","09:00","12:30","09:00","12:30","09:00","12:30","09:00","12:30","09:00","12:30","09:00","12:30","","","","",""
"3922393107100","05001","眼科","2","14:00","17:30","14:00","17:30","","","14:00","17:30","14:00","17:30","","","","","","","14:00","17:30","14:00","17:30","","","14:00","17:30","14:00","17:30","","","","","","",""
"3922393107100","05001","眼科","3","","","","","","","","","","","","","","","","","","","","","","","","","","","","","","","","",""
"3922393107360","01001","内科","1","09:00","12:00","09:00","12:00","09:00","12:00","09:00","12:00","09:00","12:00","","","","","","","09:00","11:30","09:00","11:30","09:00","11:30","09:00","11:30","09:00","11:30","","","","","","",""
"3922393107360","01001","内科","2","14:00","18:00","","","14:00","18:00","","","14:00","18:00","","","","","","","14:00","17:30","","","14:00","17:30","","","14:00","17:30","","","","","","",""
"3922393107360","01001","内科","3","","","","","","","","","","","","","","","","","","","","","","","","","","","","","","","","",""
"3922393107360","01022","腎臓内科","1","09:00","12:00","09:00","12:00","","","","","09:00","12:00","","","","","","","09:00","11:30","09:00","11:30","","","","","09:00","11:30","","","","","","",""
"3922393107360","01022","腎臓内科","2","14:00","18:00","","","","","","","14:00","18:00","","","","","","","14:00","17:30","","","","","","","14:00","17:30","","","","","","",""
"3922393107360","01022","腎臓内科","3","","","","","","","","","","","","","","","","","","","","","","","","","","","","","","","","",""
"3922393107360","01023","人工透析内科","1","09:00","12:00","09:00","12:00","09:00","12:00","09:00","12:00","09:00","12:00","09:00","12:00","","","","","09:00","17:30","09:00","11:30","09:00","17:30","09:00","11:30","09:00","17:30","09:00","11:30","","","","","疑い: 施設情報のファイルの「毎週決まった曜日に休診（土）」が 0（休診）だが、この行に土曜の診療時間が入っている"
"3922393107360","01023","人工透析内科","2","14:00","18:00","","","14:00","18:00","","","14:00","18:00","","","","","","","","","","","","","","","","","","","","","","",""
"3922393107360","01023","人工透析内科","3","","","","","","","","","","","","","","","","","","","","","","","","","","","","","","","","",""
"3922393107360","02001","外科","1","","","","","09:00","12:00","09:00","12:00","","","","","","","","","","","","","09:00","11:30","09:00","11:30","","","","","","","","",""
"3922393107360","02001","外科","2","","","","","14:00","18:00","","","","","","","","","","","","","","","14:00","17:30","","","","","","","","","","",""
"3922393107360","02001","外科","3","","","","","","","","","","","","","","","","","","","","","","","","","","","","","","","","",""
"3922393107360","06004","泌尿器科","1","09:00","12:00","09:00","12:00","","","","","09:00","12:00","","","","","","","09:00","11:30","09:00","11:30","","","","","09:00","11:30","","","","","","",""
"3922393107360","06004","泌尿器科","2","14:00","18:00","","","","","","","14:00","18:00","","","","","","","14:00","17:30","","","","","","","14:00","17:30","","","","","","",""
"3922393107360","06004","泌尿器科","3","","","","","","","","","","","","","","","","","","","","","","","","","","","","","","","","",""
"3922393107490","01001","内科","1","09:00","12:30","09:00","12:30","09:00","12:30","09:00","12:30","09:00","12:30","09:00","12:30","","","","","08:45","12:20","08:45","12:20","08:45","12:20","08:45","12:20","08:45","12:20","08:45","12:20","","","","",""
"3922393107490","01001","内科","2","14:00","18:00","14:00","18:00","","","14:00","18:00","14:00","18:00","","","","","","","14:00","17:40","14:00","17:40","","","14:00","17:40","14:00","17:40","","","","","","",""
"3922393107490","01001","内科","3","","","","","","","","","","","","","","","","","","","","","","","","","","","","","","","","",""
"3922393107490","01014","呼吸器内科","1","09:00","12:30","09:00","12:30","09:00","12:30","09:00","12:30","09:00","12:30","09:00","12:30","","","","","08:45","12:30","08:45","12:30","08:45","12:20","08:45","12:30","08:45","12:30","08:45","12:20","","","","",""
"3922393107490","01014","呼吸器内科","2","14:00","18:00","14:00","18:00","","","14:00","18:00","14:00","18:00","","","","","","","14:00","17:40","14:00","17:40","","","14:00","17:40","14:00","17:40","","","","","","",""
"3922393107490","01014","呼吸器内科","3","","","","","","","","","","","","","","","","","","","","","","","","","","","","","","","","",""
"3922393107490","01017","循環器内科","1","09:00","12:30","09:00","12:30","09:00","12:30","09:00","12:30","09:00","12:30","09:00","12:30","","","","","08:45","12:20","08:45","12:20","08:45","12:20","08:45","12:20","08:45","12:20","08:45","12:20","","","","",""
"3922393107490","01017","循環器内科","2","14:00","18:00","14:00","18:00","","","14:00","18:00","14:00","18:00","","","","","","","14:00","17:40","14:00","17:40","","","14:00","17:40","14:00","17:40","","","","","","",""
"3922393107490","01017","循環器内科","3","","","","","","","","","","","","","","","","","","","","","","","","","","","","","","","","",""
"3922393107490","01020","消化器内科","1","09:00","12:30","09:00","12:30","09:00","12:30","09:00","12:30","09:00","12:30","09:00","12:30","","","","","08:45","12:20","08:45","12:20","08:45","12:20","08:45","12:20","08:45","12:20","08:45","12:20","","","","",""
"3922393107490","01020","消化器内科","2","14:00","18:00","14:00","18:00","","","14:00","18:00","14:00","18:00","","","","","","","14:00","18:00","14:00","18:00","","","14:00","18:00","14:00","18:00","","","","","","",""
"3922393107490","01020","消化器内科","3","","","","","","","","","","","","","","","","","","","","","","","","","","","","","","","","",""
"3922393107650","01001","内科","1","09:00","12:30","09:00","12:30","09:00","12:30","09:00","12:30","09:00","12:30","09:00","12:30","","","","","08:30","12:30","08:30","12:30","08:30","12:30","08:30","12:30","08:30","12:30","08:30","12:30","","","","",""
"3922393107650","01001","内科","2","13:30","17:00","13:30","17:00","13:30","17:00","","","13:30","17:00","","","","","","","13:30","17:00","13:30","17:00","13:30","17:00","","","13:30","17:00","","","","","","",""
"3922393107650","01001","内科","3","","","","","","","","","","","","","","","","","","","","","","","","","","","","","","","","",""
"3922393107650","01020","消化器内科","1","09:00","12:30","09:00","12:30","09:00","12:30","09:00","12:30","09:00","12:30","09:00","12:30","","","","","08:30","12:00","08:30","12:00","08:30","12:00","08:30","12:00","08:30","12:00","08:30","12:00","","","","",""
"3922393107650","01020","消化器内科","2","13:30","17:00","13:30","17:00","13:30","17:00","","","13:30","17:00","","","","","","","13:30","16:30","13:30","16:30","13:30","16:30","","","13:30","16:30","","","","","","",""
"3922393107650","01020","消化器内科","3","","","","","","","","","","","","","","","","","","","","","","","","","","","","","","","","",""
"3922393108080","01001","内科","1","09:00","12:30","09:00","12:30","09:00","12:30","09:00","12:30","09:00","12:30","09:00","12:30","","","","","09:00","12:30","09:00","12:30","09:00","12:30","09:00","12:30","09:00","12:30","09:00","12:30","","","","",""
"3922393108080","01001","内科","2","14:00","18:00","14:00","18:00","14:00","18:00","","","14:00","18:00","14:00","16:00","","","","","14:00","18:00","14:00","18:00","14:00","18:00","","","14:00","18:00","14:00","16:00","","","","",""
"3922393108080","01001","内科","3","","","","","","","","","","","","","","","","","","","","","","","","","","","","","","","","",""
"3922393108080","01003","性感染症内科","1","09:00","12:30","09:00","12:30","09:00","12:30","09:00","12:30","09:00","12:30","09:00","12:30","","","","","09:00","12:30","09:00","12:30","09:00","12:30","09:00","12:30","09:00","12:30","09:00","12:30","","","","",""
"3922393108080","01003","性感染症内科","2","14:00","18:00","14:00","18:00","14:00","18:00","","","14:00","18:00","14:00","16:00","","","","","14:00","18:00","14:00","18:00","14:00","18:00","","","14:00","18:00","14:00","16:00","","","","",""
"3922393108080","01003","性感染症内科","3","","","","","","","","","","","","","","","","","","","","","","","","","","","","","","","","",""
"3922393108080","01022","腎臓内科","1","09:00","12:30","09:00","12:30","09:00","12:30","09:00","12:30","09:00","12:30","09:00","12:30","","","","","09:00","12:30","09:00","12:30","09:00","12:30","09:00","12:30","09:00","12:30","09:00","12:30","","","","",""
"3922393108080","01022","腎臓内科","2","14:00","18:00","14:00","18:00","14:00","18:00","","","14:00","18:00","14:00","16:00","","","","","14:00","18:00","14:00","18:00","14:00","18:00","","","14:00","18:00","14:00","16:00","","","","",""
"3922393108080","01022","腎臓内科","3","","","","","","","","","","","","","","","","","","","","","","","","","","","","","","","","",""
"3922393108080","03001","小児科","1","08:45","12:00","08:45","12:00","08:45","12:00","08:45","12:00","","","","","","","","","08:45","12:00","08:45","12:00","08:45","12:00","08:45","12:00","","","","","","","","",""
"3922393108080","03001","小児科","2","13:00","17:30","13:00","17:30","13:00","17:30","13:00","17:30","","","","","","","","","13:00","17:30","13:00","17:30","13:00","17:30","13:00","17:30","","","","","","","","",""
"3922393108080","03001","小児科","3","","","","","","","","","","","","","","","","","","","","","","","","","","","","","","","","",""
"3922393108080","06001","皮膚科","1","09:00","12:30","09:00","12:30","09:00","12:30","09:00","12:30","09:00","12:30","09:00","12:30","","","","","09:00","12:30","09:00","12:30","09:00","12:30","09:00","12:30","09:00","12:30","09:00","12:30","","","","",""
"3922393108080","06001","皮膚科","2","14:00","18:00","14:00","18:00","14:00","18:00","","","14:00","18:00","14:00","16:00","","","","","14:00","18:00","14:00","18:00","14:00","18:00","","","14:00","18:00","14:00","16:00","","","","",""
"3922393108080","06001","皮膚科","3","","","","","","","","","","","","","","","","","","","","","","","","","","","","","","","","",""
"3922393108080","06004","泌尿器科","1","09:00","12:30","09:00","12:30","09:00","12:30","09:00","12:30","09:00","12:30","09:00","12:30","","","","","09:00","12:30","09:00","12:30","09:00","12:30","09:00","12:30","09:00","12:30","09:00","12:30","","","","",""
"3922393108080","06004","泌尿器科","2","14:00","18:00","14:00","18:00","14:00","18:00","","","14:00","18:00","14:00","16:00","","","","","14:00","18:00","14:00","18:00","14:00","18:00","","","14:00","18:00","14:00","16:00","","","","",""
"3922393108080","06004","泌尿器科","3","","","","","","","","","","","","","","","","","","","","","","","","","","","","","","","","",""
"3922393108110","01001","内科","1","09:00","12:30","09:00","12:30","09:00","12:00","09:00","12:30","09:00","12:30","09:00","12:00","","","","","09:00","12:15","09:00","12:15","09:00","11:45","09:00","12:15","09:00","12:15","09:00","11:45","","","","",""
"3922393108110","01001","内科","2","14:00","17:00","","","","","14:00","17:00","","","","","","","","","14:00","16:45","","","","","14:00","16:45","","","","","","","","",""
"3922393108110","01001","内科","3","","","","","","","","","","","","","","","","","","","","","","","","","","","","","","","","",""
"3922393108110","01027","漢方内科","1","","","","","","","","","","","","","","","","","","","","","","","","","","","","","","","","",""
"3922393108110","01027","漢方内科","2","","","","","","","","","","","","","","","","","","","","","","","","","","","","","","","","",""
"3922393108110","01027","漢方内科","3","","","","","","","","","","","","","","","","","","","","","","","","","","","","","","","","",""
"3922393108110","09001","アレルギー科","1","09:00","12:30","09:00","12:30","09:00","12:00","09:00","12:30","09:00","12:30","09:00","12:00","","","","","09:00","12:15","09:00","12:15","09:00","11:45","09:00","12:15","09:00","12:15","09:00","11:45","","","","",""
"3922393108110","09001","アレルギー科","2","14:00","17:00","","","","","14:00","17:00","","","","","","","","","14:00","16:45","","","","","14:00","16:45","","","","","","","","",""
"3922393108110","09001","アレルギー科","3","","","","","","","","","","","","","","","","","","","","","","","","","","","","","","","","",""
"3922393108110","09011","麻酔科","1","09:00","12:30","09:00","12:30","09:00","12:00","09:00","12:30","09:00","12:30","09:00","12:00","","","","","09:00","12:15","09:00","12:15","09:00","11:45","09:00","12:15","09:00","12:15","09:00","11:45","","","","",""
"3922393108110","09011","麻酔科","2","14:00","17:00","","","","","14:00","17:00","","","","","","","","","14:00","16:45","","","","","14:00","16:45","","","","","","","","",""
"3922393108110","09011","麻酔科","3","","","","","","","","","","","","","","","","","","","","","","","","","","","","","","","","",""
"3922393108240","01001","内科","1","09:00","13:00","09:00","13:00","09:00","13:00","09:00","13:00","","","09:00","12:00","","","","","09:00","13:00","09:00","13:00","09:00","13:00","09:00","13:00","","","09:00","12:00","","","","",""
"3922393108240","01001","内科","2","15:00","18:00","","","15:00","18:00","","","15:00","18:00","","","","","","","15:00","18:00","","","15:00","18:00","","","15:00","18:00","","","","","","",""
"3922393108240","01001","内科","3","","","","","","","","","","","13:00","15:00","","","","","","","","","","","","","","","13:00","15:00","","","","",""
"3922393108240","02001","外科","1","09:00","13:00","09:00","13:00","09:00","13:00","09:00","13:00","","","09:00","12:00","","","","","09:00","13:00","09:00","13:00","09:00","13:00","09:00","13:00","","","09:00","12:00","","","","",""
"3922393108240","02001","外科","2","15:00","18:00","","","15:00","18:00","","","15:00","18:00","","","","","","","15:00","18:00","","","15:00","18:00","","","15:00","18:00","","","","","","",""
"3922393108240","02001","外科","3","","","","","","","","","","","13:00","15:00","","","","","","","","","","","","","","","13:00","15:00","","","","",""
"3922393108240","02022","乳腺外科","1","09:00","13:00","09:00","13:00","09:00","13:00","09:00","13:00","","","09:00","12:00","","","","","09:00","13:00","09:00","13:00","09:00","13:00","09:00","13:00","","","09:00","12:00","","","","",""
"3922393108240","02022","乳腺外科","2","15:00","18:00","","","15:00","18:00","","","15:00","18:00","","","","","","","15:00","18:00","","","15:00","18:00","","","15:00","18:00","","","","","","",""
"3922393108240","02022","乳腺外科","3","","","","","","","","","","","13:00","15:00","","","","","","","","","","","","","","","13:00","15:00","","","","",""
"3922393108530","05001","眼科","1","09:00","12:30","09:00","12:00","09:00","12:30","09:00","12:30","09:00","12:30","09:00","12:30","","","","","09:00","12:30","09:00","12:00","09:00","12:30","09:00","12:30","09:00","12:30","09:00","12:30","","","","",""
"3922393108530","05001","眼科","2","14:00","17:30","","","14:00","17:30","14:00","17:30","14:00","17:30","","","","","","","14:00","17:30","","","14:00","17:30","14:00","17:30","14:00","17:30","","","","","","",""
"3922393108530","05001","眼科","3","","","","","","","","","","","","","","","","","","","","","","","","","","","","","","","","",""
"3922393108660","07001","精神科","1","09:00","12:30","09:30","12:30","09:00","12:30","09:30","12:30","09:30","12:30","09:00","12:30","","","","","09:00","12:00","09:30","12:00","09:00","12:00","09:30","12:00","09:30","12:00","09:00","12:00","","","","",""
"3922393108660","07001","精神科","2","14:00","18:00","14:00","18:00","","","14:00","18:00","14:00","17:00","14:00","16:00","","","","","13:30","17:30","13:30","17:30","","","13:30","17:30","13:30","16:30","13:30","15:30","","","","",""
"3922393108660","07001","精神科","3","","","","","","","","","","","","","","","","","","","","","","","","","","","","","","","","",""
"3922393108660","07003","心療内科","1","09:00","12:30","09:30","12:30","09:00","12:30","09:30","12:30","09:30","12:30","09:00","12:30","","","","","09:00","12:00","09:30","12:00","09:00","12:00","09:30","12:00","09:30","12:00","09:00","12:00","","","","",""
"3922393108660","07003","心療内科","2","14:00","18:00","14:00","18:00","","","14:00","18:00","14:00","17:00","14:00","16:00","","","","","13:30","17:30","13:30","17:30","","","13:30","17:30","13:30","16:30","13:30","15:30","","","","",""
"3922393108660","07003","心療内科","3","","","","","","","","","","","","","","","","","","","","","","","","","","","","","","","","",""
"3922393108790","01001","内科","1","08:30","12:30","08:30","12:30","","","08:30","12:30","08:30","12:30","08:30","12:30","","","","","08:30","11:45","08:30","11:45","","","08:30","11:45","08:30","11:45","08:30","11:45","","","","",""
"3922393108790","01001","内科","2","14:00","18:00","14:00","18:00","","","14:00","18:00","14:00","18:00","","","","","","","14:00","17:30","14:00","17:30","","","14:00","17:30","14:00","17:30","","","","","","",""
"3922393108790","01001","内科","3","","","","","","","","","","","","","","","","","","","","","","","","","","","","","","","","","空欄にした: 月_診療 00:00-00:00（開始と終了が同じ） / 空欄にした: 火_診療 00:00-00:00（開始と終了が同じ） / 空欄にした: 木_診療 00:00-00:00（開始と終了が同じ） / 空欄にした: 金_診療 00:00-00:00（開始と終了が同じ） / 空欄にした: 月_外来受付 00:00-00:00（開始と終了が同じ） / 空欄にした: 火_外来受付 00:00-00:00（開始と終了が同じ） / 空欄にした: 木_外来受付 00:00-00:00（開始と終了が同じ） / 空欄にした: 金_外来受付 00:00-00:00（開始と終了が同じ）"
"3922393108790","01014","呼吸器内科","1","08:30","12:30","08:30","12:30","","","08:30","12:30","08:30","12:30","08:30","12:30","","","","","08:30","11:45","08:30","11:45","","","08:30","11:45","08:30","11:45","08:30","11:45","","","","",""
"3922393108790","01014","呼吸器内科","2","14:00","18:00","14:00","18:00","","","14:00","18:00","14:00","18:00","","","","","","","14:00","17:30","14:00","17:30","","","14:00","17:30","14:00","17:30","","","","","","",""
"3922393108790","01014","呼吸器内科","3","","","","","","","","","","","","","","","","","","","","","","","","","","","","","","","","","空欄にした: 月_診療 00:00-00:00（開始と終了が同じ） / 空欄にした: 火_診療 00:00-00:00（開始と終了が同じ） / 空欄にした: 木_診療 00:00-00:00（開始と終了が同じ） / 空欄にした: 金_診療 00:00-00:00（開始と終了が同じ） / 空欄にした: 月_外来受付 00:00-00:00（開始と終了が同じ） / 空欄にした: 火_外来受付 00:00-00:00（開始と終了が同じ） / 空欄にした: 木_外来受付 00:00-00:00（開始と終了が同じ） / 空欄にした: 金_外来受付 00:00-00:00（開始と終了が同じ）"
"3922393108790","01017","循環器内科","1","08:30","12:30","08:30","12:30","","","08:30","12:30","08:30","12:30","08:30","12:30","","","","","08:30","11:45","08:30","11:45","","","08:30","11:45","08:30","11:45","08:30","11:45","","","","",""
"3922393108790","01017","循環器内科","2","14:00","18:00","14:00","18:00","","","14:00","18:00","14:00","18:00","","","","","","","14:00","17:30","14:00","17:30","","","14:00","17:30","14:00","17:30","","","","","","",""
"3922393108790","01017","循環器内科","3","","","","","","","","","","","","","","","","","","","","","","","","","","","","","","","","","空欄にした: 月_診療 00:00-00:00（開始と終了が同じ） / 空欄にした: 火_診療 00:00-00:00（開始と終了が同じ） / 空欄にした: 木_診療 00:00-00:00（開始と終了が同じ） / 空欄にした: 金_診療 00:00-00:00（開始と終了が同じ） / 空欄にした: 月_外来受付 00:00-00:00（開始と終了が同じ） / 空欄にした: 火_外来受付 00:00-00:00（開始と終了が同じ） / 空欄にした: 木_外来受付 00:00-00:00（開始と終了が同じ） / 空欄にした: 金_外来受付 00:00-00:00（開始と終了が同じ）"
"3922393109120","05002","耳鼻いんこう科","1","09:00","12:00","09:00","12:00","09:00","12:00","09:00","12:00","09:00","12:00","","","","","","","08:45","11:50","08:45","11:50","08:45","11:50","08:45","11:50","08:45","11:50","","","","","","",""
"3922393109120","05002","耳鼻いんこう科","2","14:00","17:30","14:00","17:30","14:00","17:30","","","14:00","17:30","","","","","","","13:45","17:20","13:45","17:20","13:45","17:20","","","13:45","17:20","","","","","","",""
"3922393109120","05002","耳鼻いんこう科","3","","","","","","","","","","","09:00","13:00","","","","","","","","","","","","","","","08:45","12:30","","","","",""
"3922393109250","01001","内科","1","09:00","12:30","09:00","12:30","09:00","12:30","","","09:00","12:30","09:00","12:30","","","","","09:00","12:00","09:00","12:00","09:00","12:00","","","09:00","12:00","09:00","12:00","","","","",""
"3922393109250","01001","内科","2","14:00","18:00","14:00","19:00","14:00","18:00","","","14:00","19:00","13:30","16:30","","","","","14:00","17:30","14:00","18:30","14:00","17:30","","","14:00","18:30","13:30","16:00","","","","",""
"3922393109250","01001","内科","3","","","","","","","","","","","","","","","","","","","","","","","","","","","","","","","","",""
"3922393109250","01017","循環器内科","1","09:00","12:30","09:00","12:30","09:00","12:30","","","09:00","12:30","09:00","12:30","","","","","09:00","12:00","09:00","12:00","09:00","12:00","","","09:00","12:00","09:00","12:00","","","","",""
"3922393109250","01017","循環器内科","2","14:00","18:00","14:00","19:00","14:00","18:00","","","14:00","18:30","13:30","16:30","","","","","14:00","17:30","14:00","18:30","14:00","17:30","","","14:00","18:30","13:30","16:00","","","","",""
"3922393109250","01017","循環器内科","3","","","","","","","","","","","","","","","","","","","","","","","","","","","","","","","","",""
"3922393109380","01001","内科","1","09:00","12:30","09:00","12:30","09:00","12:30","09:00","12:30","09:00","12:30","09:00","13:00","","","","","09:00","12:30","09:00","12:30","09:00","12:30","09:00","12:30","09:00","12:30","09:00","13:00","","","","",""
"3922393109380","01001","内科","2","13:30","17:30","13:30","17:30","","","13:30","17:30","13:30","17:30","","","","","","","13:30","17:30","13:30","17:30","","","13:30","17:30","13:30","17:30","","","","","","",""
"3922393109380","01001","内科","3","","","","","","","","","","","","","","","","","","","","","","","","","","","","","","","","","空欄にした: 月_診療 00:00-00:00（開始と終了が同じ） / 空欄にした: 火_診療 00:00-00:00（開始と終了が同じ） / 空欄にした: 水_診療 00:00-00:00（開始と終了が同じ） / 空欄にした: 木_診療 00:00-00:00（開始と終了が同じ） / 空欄にした: 金_診療 00:00-00:00（開始と終了が同じ） / 空欄にした: 土_診療 00:00-00:00（開始と終了が同じ） / 空欄にした: 月_外来受付 00:00-00:00（開始と終了が同じ） / 空欄にした: 火_外来受付 00:00-00:00（開始と終了が同じ） / 空欄にした: 水_外来受付 00:00-00:00（開始と終了が同じ） / 空欄にした: 木_外来受付 00:00-00:00（開始と終了が同じ） / 空欄にした: 金_外来受付 00:00-00:00（開始と終了が同じ） / 空欄にした: 土_外来受付 00:00-00:00（開始と終了が同じ）"
"3922393109380","01013","脳神経内科","1","09:00","12:30","09:00","12:30","09:00","12:30","09:00","12:30","09:00","12:30","09:00","13:00","","","","","09:00","12:30","09:00","12:30","09:00","12:30","09:00","12:30","09:00","12:30","09:00","13:00","","","","",""
"3922393109380","01013","脳神経内科","2","13:30","17:30","13:30","17:30","","","13:30","17:30","13:30","17:30","","","","","","","13:30","17:30","13:30","17:30","","","13:30","17:30","13:30","17:30","","","","","","",""
"3922393109380","01013","脳神経内科","3","","","","","","","","","","","","","","","","","","","","","","","","","","","","","","","","","空欄にした: 月_診療 00:00-00:00（開始と終了が同じ） / 空欄にした: 火_診療 00:00-00:00（開始と終了が同じ） / 空欄にした: 水_診療 00:00-00:00（開始と終了が同じ） / 空欄にした: 木_診療 00:00-00:00（開始と終了が同じ） / 空欄にした: 金_診療 00:00-00:00（開始と終了が同じ） / 空欄にした: 土_診療 00:00-00:00（開始と終了が同じ） / 空欄にした: 月_外来受付 00:00-00:00（開始と終了が同じ） / 空欄にした: 火_外来受付 00:00-00:00（開始と終了が同じ） / 空欄にした: 水_外来受付 00:00-00:00（開始と終了が同じ） / 空欄にした: 木_外来受付 00:00-00:00（開始と終了が同じ） / 空欄にした: 金_外来受付 00:00-00:00（開始と終了が同じ） / 空欄にした: 土_外来受付 00:00-00:00（開始と終了が同じ）"
"3922393109400","06001","皮膚科","1","09:00","12:30","09:00","12:30","09:00","12:30","","","09:00","12:30","09:00","12:30","","","","","09:00","12:30","09:00","12:30","09:00","12:30","","","09:00","12:30","09:00","12:30","","","","",""
"3922393109400","06001","皮膚科","2","14:30","18:00","14:30","18:00","14:30","18:00","","","14:30","18:00","14:30","18:00","","","","","14:30","18:00","14:30","18:00","14:30","18:00","","","14:30","18:00","14:30","18:00","","","","",""
"3922393109400","06001","皮膚科","3","","","","","","","","","","","","","","","","","","","","","","","","","","","","","","","","","空欄にした: 月_診療 00:00-00:00（開始と終了が同じ） / 空欄にした: 火_診療 00:00-00:00（開始と終了が同じ） / 空欄にした: 水_診療 00:00-00:00（開始と終了が同じ） / 空欄にした: 金_診療 00:00-00:00（開始と終了が同じ） / 空欄にした: 土_診療 00:00-00:00（開始と終了が同じ） / 空欄にした: 月_外来受付 00:00-00:00（開始と終了が同じ） / 空欄にした: 火_外来受付 00:00-00:00（開始と終了が同じ） / 空欄にした: 水_外来受付 00:00-00:00（開始と終了が同じ） / 空欄にした: 金_外来受付 00:00-00:00（開始と終了が同じ） / 空欄にした: 土_外来受付 00:00-00:00（開始と終了が同じ）"
"3922393109410","01001","内科","1","09:00","12:30","09:00","12:30","09:00","12:30","09:00","12:30","09:00","12:30","09:00","12:30","","","","","09:00","12:30","09:00","12:30","09:00","12:30","09:00","12:30","09:00","12:30","09:00","12:30","","","","",""
"3922393109410","01001","内科","2","14:00","18:00","14:00","18:00","","","14:00","18:00","14:00","18:00","","","","","","","14:00","18:00","14:00","18:00","","","14:00","18:00","14:00","18:00","","","","","","",""
"3922393109410","01001","内科","3","","","","","","","","","","","","","","","","","","","","","","","","","","","","","","","","",""
"3922393109410","01017","循環器内科","1","09:00","12:30","09:00","12:30","09:00","12:30","09:00","12:30","09:00","12:30","09:00","12:30","","","","","09:00","12:30","09:00","12:30","09:00","12:30","09:00","12:30","09:00","12:30","09:00","12:30","","","","",""
"3922393109410","01017","循環器内科","2","14:00","18:00","14:00","18:00","","","14:00","18:00","14:00","18:00","","","","","","","14:00","18:00","14:00","18:00","","","14:00","18:00","14:00","18:00","","","","","","",""
"3922393109410","01017","循環器内科","3","","","","","","","","","","","","","","","","","","","","","","","","","","","","","","","","",""
"3922393109540","01016","気管食道内科","1","08:30","12:00","08:30","12:00","08:30","12:00","","","08:30","12:00","08:30","12:00","","","","","","","","","","","","","","","","","","","","",""
"3922393109540","01016","気管食道内科","2","","","14:00","17:30","14:00","17:30","","","14:00","17:30","","","","","","","","","","","","","","","","","","","","","","",""
"3922393109540","01016","気管食道内科","3","","","","","","","","","","","","","","","","","","","","","","","","","","","","","","","","",""
"3922393109540","05002","耳鼻いんこう科","1","08:30","12:00","08:30","12:00","08:30","12:00","","","08:30","12:00","08:30","12:00","","","","","","","","","","","","","","","","","","","","",""
"3922393109540","05002","耳鼻いんこう科","2","","","14:00","17:30","14:00","17:30","","","14:00","17:30","","","","","","","","","","","","","","","","","","","","","","",""
"3922393109540","05002","耳鼻いんこう科","3","","","","","","","","","","","","","","","","","","","","","","","","","","","","","","","","",""
"3922393109540","09001","アレルギー科","1","08:30","12:00","08:30","12:00","08:30","12:00","","","08:30","12:00","08:30","12:00","","","","","","","","","","","","","","","","","","","","",""
"3922393109540","09001","アレルギー科","2","","","14:00","17:30","14:00","17:30","","","14:00","17:30","","","","","","","","","","","","","","","","","","","","","","",""
"3922393109540","09001","アレルギー科","3","","","","","","","","","","","","","","","","","","","","","","","","","","","","","","","","",""
"3922393109670","02036","形成外科","1","09:00","12:30","09:00","12:30","09:00","12:30","09:00","12:30","09:00","12:30","09:00","12:30","","","","","09:00","12:30","09:00","12:30","09:00","12:30","09:00","12:30","09:00","12:30","09:00","12:30","","","","","疑い: 施設情報のファイルの「毎週決まった曜日に休診（木）」が 0（休診）だが、この行に木曜の診療時間が入っている"
"3922393109670","02036","形成外科","2","14:00","18:00","14:00","18:00","14:00","18:00","","","14:00","18:00","14:00","17:00","","","","","14:00","18:00","14:00","18:00","14:00","18:00","","","14:00","18:00","14:00","17:00","","","","",""
"3922393109670","02036","形成外科","3","","","","","","","","","","","","","","","","","","","","","","","","","","","","","","","","",""
"3922393109670","06001","皮膚科","1","09:00","12:30","09:00","12:30","09:00","12:30","09:00","12:30","09:00","12:30","09:00","12:30","","","","","09:00","12:30","09:00","12:30","09:00","12:30","09:00","12:30","09:00","12:30","09:00","12:30","","","","","疑い: 施設情報のファイルの「毎週決まった曜日に休診（木）」が 0（休診）だが、この行に木曜の診療時間が入っている"
"3922393109670","06001","皮膚科","2","14:00","18:00","14:00","18:00","14:00","18:00","","","14:00","18:00","14:00","17:00","","","","","14:00","18:00","14:00","18:00","14:00","18:00","","","14:00","18:00","14:00","17:00","","","","",""
"3922393109670","06001","皮膚科","3","","","","","","","","","","","","","","","","","","","","","","","","","","","","","","","","",""
"3922393109700","05001","眼科","1","09:00","12:00","09:00","12:00","09:00","12:00","09:00","12:00","09:00","12:00","09:00","12:00","","","","","","","","","","","","","","","","","","","","",""
"3922393109700","05001","眼科","2","14:00","17:30","","","14:00","17:30","","","14:00","17:30","14:00","16:00","","","","","","","","","","","","","","","","","","","","",""
"3922393109700","05001","眼科","3","","","","","","","","","","","","","","","","","","","","","","","","","","","","","","","","",""
"3922393109700","05002","耳鼻いんこう科","1","09:00","12:00","09:00","12:00","09:00","12:00","","","09:00","12:00","09:00","12:00","","","","","","","","","","","","","","","","","","","","",""
"3922393109700","05002","耳鼻いんこう科","2","14:30","18:30","14:30","18:30","14:30","18:30","","","14:30","18:30","14:00","16:00","","","","","","","","","","","","","","","","","","","","",""
"3922393109700","05002","耳鼻いんこう科","3","","","","","","","","","","","","","","","","","","","","","","","","","","","","","","","","",""
"3922393110100","02037","美容外科","1","10:00","19:00","10:00","19:00","10:00","19:00","10:00","19:00","10:00","19:00","10:00","19:00","10:00","19:00","10:00","19:00","10:00","19:00","10:00","19:00","10:00","19:00","10:00","19:00","10:00","19:00","10:00","19:00","10:00","19:00","10:00","19:00",""
"3922393110100","02037","美容外科","2","","","","","","","","","","","","","","","","","","","","","","","","","","","","","","","","",""
"3922393110100","02037","美容外科","3","","","","","","","","","","","","","","","","","","","","","","","","","","","","","","","","",""
"3922393110100","06002","美容皮膚科","1","10:00","19:00","10:00","19:00","10:00","19:00","10:00","19:00","10:00","19:00","10:00","19:00","10:00","19:00","10:00","19:00","","","","","","","","","","","","","","","","",""
"3922393110100","06002","美容皮膚科","2","","","","","","","","","","","","","","","","","","","","","","","","","","","","","","","","",""
"3922393110100","06002","美容皮膚科","3","","","","","","","","","","","","","","","","","","","","","","","","","","","","","","","","",""
"3922393110490","03001","小児科","1","08:50","12:20","08:50","12:20","08:50","12:20","08:50","13:20","","","08:50","12:20","08:50","15:00","","","08:50","12:00","08:50","12:00","08:50","12:00","08:50","12:30","","","08:50","12:00","08:50","14:30","","",""
"3922393110490","03001","小児科","2","13:50","17:50","13:50","17:50","13:50","17:50","","","","","13:50","17:50","","","","","13:50","17:20","13:50","17:20","13:50","17:20","","","","","13:50","17:50","","","","",""
"3922393110490","03001","小児科","3","","","","","","","","","","","","","","","","","","","","","","","","","","","","","","","","",""
"3922393110520","01025","神経内科","1","08:30","12:30","08:30","12:30","08:30","12:30","08:30","14:00","08:30","12:30","08:30","12:30","","","","","08:30","12:30","08:30","12:30","08:30","12:30","08:30","14:00","08:30","12:30","08:30","12:30","","","","",""
"3922393110520","01025","神経内科","2","14:00","18:00","14:00","17:30","14:00","18:00","","","14:00","18:00","14:00","18:00","","","","","14:00","18:00","14:00","17:30","14:00","18:00","","","14:00","18:00","14:00","18:00","","","","",""
"3922393110520","01025","神経内科","3","","","","","","","","","","","","","","","","","","","","","","","","","","","","","","","","",""
"3922393110520","07001","精神科","1","08:30","12:30","08:30","12:30","08:30","12:30","08:30","14:00","08:30","12:30","08:30","12:30","","","","","08:30","12:30","08:30","12:30","08:30","12:30","08:30","14:00","08:30","12:30","08:30","12:30","","","","",""
"3922393110520","07001","精神科","2","14:00","18:00","14:00","17:30","14:00","18:00","","","14:00","18:00","14:00","18:00","","","","","14:00","18:00","14:00","17:30","14:00","18:00","","","14:00","18:00","14:00","18:00","","","","",""
"3922393110520","07001","精神科","3","","","","","","","","","","","","","","","","","","","","","","","","","","","","","","","","",""
"3922393110520","07003","心療内科","1","08:30","12:30","08:30","12:30","08:30","12:30","08:30","14:00","08:30","12:30","08:30","12:30","","","","","08:30","12:30","08:30","12:30","08:30","12:30","08:30","14:00","08:30","12:30","08:30","12:30","","","","",""
"3922393110520","07003","心療内科","2","14:00","18:00","14:00","17:30","14:00","18:00","","","14:00","18:00","14:00","18:00","","","","","14:00","18:00","14:00","17:30","14:00","18:00","","","14:00","18:00","14:00","18:00","","","","",""
"3922393110520","07003","心療内科","3","","","","","","","","","","","","","","","","","","","","","","","","","","","","","","","","",""
"3922393110650","01001","内科","1","09:00","12:00","09:00","12:00","09:00","12:00","09:00","12:00","09:00","12:00","09:00","12:00","","","","","09:00","11:30","09:00","11:30","09:00","11:30","09:00","11:30","09:00","11:30","09:00","11:30","","","","",""
"3922393110650","01001","内科","2","14:00","17:30","14:00","17:30","14:00","17:30","","","14:00","17:30","","","","","","","14:00","17:00","14:00","17:00","14:00","17:00","","","14:00","17:00","","","","","","",""
"3922393110650","01001","内科","3","","","","","","","","","","","","","","","","","","","","","","","","","","","","","","","","",""
"3922393110650","01017","循環器内科","1","09:00","12:00","09:00","12:00","09:00","12:00","09:00","12:00","09:00","12:00","09:00","12:00","","","","","09:00","11:30","09:00","11:30","09:00","11:30","09:00","11:30","09:00","11:30","09:00","11:30","","","","",""
"3922393110650","01017","循環器内科","2","14:00","17:30","14:00","17:30","14:00","17:30","","","14:00","17:30","","","","","","","14:00","17:00","14:00","17:00","14:00","17:00","","","14:00","17:00","","","","","","",""
"3922393110650","01017","循環器内科","3","","","","","","","","","","","","","","","","","","","","","","","","","","","","","","","","",""
"3922393110780","04001","産婦人科","1","09:00","12:00","09:00","12:00","09:00","12:00","09:00","12:00","09:00","12:00","09:00","12:00","","","","","09:00","11:00","09:00","11:00","09:00","11:00","09:00","11:00","09:00","11:00","09:00","11:00","","","","",""
"3922393110780","04001","産婦人科","2","14:00","17:00","14:00","17:00","14:00","17:00","","","14:00","17:00","","","","","","","14:00","16:00","14:00","16:00","14:00","16:00","","","14:00","16:00","","","","","","",""
"3922393110780","04001","産婦人科","3","","","","","","","","","","","","","","","","","","","","","","","","","","","","","","","","",""
"3922393111080","05002","耳鼻いんこう科","1","09:00","12:30","09:00","12:30","","","09:00","12:30","09:00","12:30","09:00","12:30","","","","","09:00","12:30","09:00","12:30","","","09:00","12:30","09:00","12:30","09:00","12:30","","","","",""
"3922393111080","05002","耳鼻いんこう科","2","14:30","18:00","14:30","18:00","","","14:30","18:00","14:30","18:00","","","","","","","14:30","18:00","14:30","18:00","","","14:30","18:00","14:30","18:00","","","","","","",""
"3922393111080","05002","耳鼻いんこう科","3","","","","","","","","","","","14:00","17:00","","","","","","","","","","","","","","","14:00","17:00","","","","",""
"3922393111110","06002","美容皮膚科","1","10:00","19:00","10:00","19:00","10:00","19:00","10:00","19:00","10:00","19:00","10:00","19:00","10:00","19:00","10:00","19:00","10:00","19:00","10:00","19:00","10:00","19:00","10:00","19:00","10:00","19:00","10:00","19:00","10:00","19:00","10:00","19:00",""
"3922393111110","06002","美容皮膚科","2","","","","","","","","","","","","","","","","","","","","","","","","","","","","","","","","",""
"3922393111110","06002","美容皮膚科","3","","","","","","","","","","","","","","","","","","","","","","","","","","","","","","","","",""
"3922393111110","06991","頭部皮膚科","1","10:00","19:00","10:00","19:00","10:00","19:00","10:00","19:00","10:00","19:00","10:00","19:00","10:00","19:00","10:00","19:00","10:00","19:00","10:00","19:00","10:00","19:00","10:00","19:00","10:00","19:00","10:00","19:00","10:00","19:00","10:00","19:00",""
"3922393111110","06991","頭部皮膚科","2","","","","","","","","","","","","","","","","","","","","","","","","","","","","","","","","",""
"3922393111110","06991","頭部皮膚科","3","","","","","","","","","","","","","","","","","","","","","","","","","","","","","","","","",""
"3922393111240","01991","血管内科","1","","","","","","","","","","","","","","","","","","","","","","","","","","","","","","","","",""
"3922393111240","01991","血管内科","2","","","","","","","","","","","","","","","","","","","","","","","","","","","","","","","","",""
"3922393111240","01991","血管内科","3","","","","","","","","","","","","","","","","","","","","","","","","","","","","","","","","",""
"3922393111240","02008","血管外科","1","09:00","17:00","","","","","","","09:00","17:00","09:00","17:00","","","","","09:00","17:00","","","","","","","09:00","17:00","09:00","17:00","","","","",""
"3922393111240","02008","血管外科","2","","","","","","","","","","","","","","","","","","","","","","","","","","","","","","","","","空欄にした: 月_診療 00:00-00:00（開始と終了が同じ） / 空欄にした: 金_診療 00:00-00:00（開始と終了が同じ） / 空欄にした: 土_診療 00:00-00:00（開始と終了が同じ） / 空欄にした: 月_外来受付 00:00-00:00（開始と終了が同じ） / 空欄にした: 金_外来受付 00:00-00:00（開始と終了が同じ） / 空欄にした: 土_外来受付 00:00-00:00（開始と終了が同じ）"
"3922393111240","02008","血管外科","3","","","","","","","","","","","","","","","","","","","","","","","","","","","","","","","","","空欄にした: 月_診療 00:00-00:00（開始と終了が同じ） / 空欄にした: 金_診療 00:00-00:00（開始と終了が同じ） / 空欄にした: 土_診療 00:00-00:00（開始と終了が同じ） / 空欄にした: 月_外来受付 00:00-00:00（開始と終了が同じ） / 空欄にした: 金_外来受付 00:00-00:00（開始と終了が同じ） / 空欄にした: 土_外来受付 00:00-00:00（開始と終了が同じ）"
"3922393111370","01017","循環器内科","1","08:30","12:30","08:30","12:30","","","08:30","12:30","08:30","12:30","08:30","12:30","","","","","08:30","12:30","08:30","12:30","","","08:30","12:30","08:30","12:30","08:30","12:30","","","","",""
"3922393111370","01017","循環器内科","2","14:00","17:30","14:00","17:30","","","14:00","17:30","14:00","17:30","14:00","17:30","","","","","14:00","17:30","14:00","17:30","","","14:00","17:30","14:00","17:30","14:00","17:30","","","","",""
"3922393111370","01017","循環器内科","3","","","","","","","","","","","","","","","","","","","","","","","","","","","","","","","","","空欄にした: 月_診療 00:00-00:00（開始と終了が同じ） / 空欄にした: 火_診療 00:00-00:00（開始と終了が同じ） / 空欄にした: 木_診療 00:00-00:00（開始と終了が同じ） / 空欄にした: 金_診療 00:00-00:00（開始と終了が同じ） / 空欄にした: 土_診療 00:00-00:00（開始と終了が同じ） / 空欄にした: 月_外来受付 00:00-00:00（開始と終了が同じ） / 空欄にした: 火_外来受付 00:00-00:00（開始と終了が同じ） / 空欄にした: 木_外来受付 00:00-00:00（開始と終了が同じ） / 空欄にした: 金_外来受付 00:00-00:00（開始と終了が同じ） / 空欄にした: 土_外来受付 00:00-00:00（開始と終了が同じ）"
"3922393111370","03001","小児科","1","08:30","12:30","08:30","12:30","","","08:30","12:30","08:30","12:30","08:30","12:30","","","","","08:30","12:30","08:30","12:30","","","08:30","12:30","08:30","12:30","08:30","12:30","","","","",""
"3922393111370","03001","小児科","2","14:00","17:30","14:00","17:30","","","14:00","17:30","14:00","17:30","14:00","17:30","","","","","14:00","17:30","14:00","17:30","","","14:00","17:30","14:00","17:30","14:00","17:30","","","","",""
"3922393111370","03001","小児科","3","","","","","","","","","","","","","","","","","","","","","","","","","","","","","","","","","空欄にした: 月_診療 00:00-00:00（開始と終了が同じ） / 空欄にした: 火_診療 00:00-00:00（開始と終了が同じ） / 空欄にした: 木_診療 00:00-00:00（開始と終了が同じ） / 空欄にした: 金_診療 00:00-00:00（開始と終了が同じ） / 空欄にした: 土_診療 00:00-00:00（開始と終了が同じ） / 空欄にした: 月_外来受付 00:00-00:00（開始と終了が同じ） / 空欄にした: 火_外来受付 00:00-00:00（開始と終了が同じ） / 空欄にした: 木_外来受付 00:00-00:00（開始と終了が同じ） / 空欄にした: 金_外来受付 00:00-00:00（開始と終了が同じ） / 空欄にした: 土_外来受付 00:00-00:00（開始と終了が同じ）"
"3922393111660","01001","内科","1","08:30","11:00","08:30","11:00","08:30","11:00","08:30","09:00","08:30","11:00","08:30","09:00","","","","","08:30","11:00","08:30","11:00","08:30","11:00","08:30","09:00","08:30","11:00","08:30","09:00","","","","",""
"3922393111660","01001","内科","2","15:30","17:30","15:30","17:30","15:30","17:30","13:30","14:30","15:30","17:30","13:30","14:30","","","","","15:30","17:30","15:30","17:30","15:30","17:30","13:30","14:30","15:30","17:30","13:30","14:30","","","","",""
"3922393111660","01001","内科","3","","","","","","","","","","","","","","","","","","","","","","","","","","","","","","","","",""
"3922393111660","02008","血管外科","1","08:30","11:00","08:30","11:00","08:30","11:00","08:30","09:00","08:30","11:00","08:30","09:00","","","","","08:30","11:00","08:30","11:00","08:30","11:00","08:30","09:00","08:30","11:00","08:30","09:00","","","","",""
"3922393111660","02008","血管外科","2","15:30","17:30","15:30","17:30","15:30","17:30","13:30","14:30","15:30","17:30","13:30","14:30","","","","","15:30","17:30","15:30","17:30","15:30","17:30","13:30","14:30","15:30","17:30","13:30","14:30","","","","",""
"3922393111660","02008","血管外科","3","","","","","","","","","","","","","","","","","","","","","","","","","","","","","","","","",""
"3922393111660","02025","肛門外科","1","08:30","11:00","08:30","11:00","08:30","11:00","08:30","09:00","08:30","11:00","08:30","09:00","","","","","08:30","11:00","08:30","11:00","08:30","11:00","08:30","09:00","08:30","11:00","08:30","09:00","","","","",""
"3922393111660","02025","肛門外科","2","15:30","17:30","15:30","17:30","15:30","17:30","13:30","14:30","15:30","17:30","13:30","14:30","","","","","15:30","17:30","15:30","17:30","15:30","17:30","13:30","14:30","15:30","17:30","13:30","14:30","","","","",""
"3922393111660","02025","肛門外科","3","","","","","","","","","","","","","","","","","","","","","","","","","","","","","","","","",""
"3922393111660","02031","腹部外科","1","08:30","11:00","08:30","11:00","08:30","11:00","08:30","09:00","08:30","11:00","08:30","09:00","","","","","08:30","11:00","08:30","11:00","08:30","11:00","08:30","09:00","08:30","11:00","08:30","09:00","","","","",""
"3922393111660","02031","腹部外科","2","15:30","17:30","15:30","17:30","15:30","17:30","13:30","14:30","15:30","17:30","13:30","14:30","","","","","15:30","17:30","15:30","17:30","15:30","17:30","13:30","14:30","15:30","17:30","13:30","14:30","","","","",""
"3922393111660","02031","腹部外科","3","","","","","","","","","","","","","","","","","","","","","","","","","","","","","","","","",""
"3922393112090","05002","耳鼻いんこう科","1","09:00","12:00","09:00","12:00","09:00","12:00","09:00","12:00","09:00","12:00","09:00","12:00","09:00","12:00","09:00","12:00","","","","","","","","","","","","","","","","",""
"3922393112090","05002","耳鼻いんこう科","2","13:00","16:00","13:00","16:00","13:00","16:00","13:00","16:00","13:00","16:00","","","","","","","","","","","","","","","","","","","","","","",""
"3922393112090","05002","耳鼻いんこう科","3","","","","","","","","","","","","","","","","","","","","","","","","","","","","","","","","",""
"3922393112120","01001","内科","1","","","09:00","12:00","","","09:00","12:00","","","","","","","","","","","09:00","12:00","","","09:00","12:00","","","","","","","","",""
"3922393112120","01001","内科","2","","","13:00","15:00","","","13:00","15:00","","","","","","","","","","","13:00","15:00","","","13:00","15:00","","","","","","","","",""
"3922393112120","01001","内科","3","","","","","","","","","","","","","","","","","","","","","","","","","","","","","","","","",""
"3922393112120","02001","外科","1","","","09:00","12:00","","","09:00","12:00","","","","","","","","","","","09:00","12:00","","","09:00","12:00","","","","","","","","",""
"3922393112120","02001","外科","2","","","13:00","15:00","","","13:00","15:00","","","","","","","","","","","13:00","15:00","","","13:00","15:00","","","","","","","","",""
"3922393112120","02001","外科","3","","","","","","","","","","","","","","","","","","","","","","","","","","","","","","","","",""
"3922393112670","01001","内科","1","08:30","12:00","08:30","12:00","08:30","12:00","08:30","12:00","08:30","12:00","08:30","12:00","","","","","08:30","11:55","08:30","11:55","08:30","11:55","08:30","11:55","08:30","11:55","08:30","11:55","","","","",""
"3922393112670","01001","内科","2","16:00","19:30","16:00","19:30","16:00","19:30","16:00","19:30","16:00","19:30","16:00","19:30","","","","","16:00","19:25","16:00","19:25","16:00","19:25","16:00","19:25","16:00","19:25","16:00","19:25","","","","",""
"3922393112670","01001","内科","3","","","","","","","","","","","","","","","","","","","","","","","","","","","","","","","","",""
"3922393112670","01020","消化器内科","1","08:30","12:00","08:30","12:00","08:30","12:00","08:30","12:00","08:30","12:00","08:30","12:00","","","","","08:30","11:55","08:30","11:55","08:30","11:55","08:30","11:55","08:30","11:55","08:30","11:55","","","","",""
"3922393112670","01020","消化器内科","2","16:00","19:30","16:00","19:30","16:00","19:30","16:00","19:30","16:00","19:30","16:00","19:30","","","","","16:00","19:25","16:00","19:25","16:00","19:25","16:00","19:25","16:00","19:25","16:00","19:25","","","","",""
"3922393112670","01020","消化器内科","3","","","","","","","","","","","","","","","","","","","","","","","","","","","","","","","","",""
"3922393112670","01024","肝臓内科","1","08:30","12:00","08:30","12:00","08:30","12:00","08:30","12:00","08:30","12:00","08:30","12:00","","","","","08:30","11:55","08:30","11:55","08:30","11:55","08:30","11:55","08:30","11:55","08:30","11:55","","","","",""
"3922393112670","01024","肝臓内科","2","16:00","19:30","16:00","19:30","16:00","19:30","16:00","19:30","16:00","19:30","16:00","19:30","","","","","16:00","19:25","16:00","19:25","16:00","19:25","16:00","19:25","16:00","19:25","16:00","19:25","","","","",""
"3922393112670","01024","肝臓内科","3","","","","","","","","","","","","","","","","","","","","","","","","","","","","","","","","",""
"3922393112670","06001","皮膚科","1","08:30","12:00","08:30","12:00","08:30","12:00","08:30","12:00","08:30","12:00","08:30","12:00","","","","","08:30","11:55","08:30","11:55","08:30","11:55","08:30","11:55","08:30","11:55","08:30","11:55","","","","",""
"3922393112670","06001","皮膚科","2","16:00","19:30","16:00","19:30","16:00","19:30","16:00","19:30","16:00","19:30","16:00","19:30","","","","","16:00","19:25","16:00","19:25","16:00","19:25","16:00","19:25","16:00","19:25","16:00","19:25","","","","",""
"3922393112670","06001","皮膚科","3","","","","","","","","","","","","","","","","","","","","","","","","","","","","","","","","",""
"3922393112830","01001","内科","1","10:00","12:00","10:00","12:00","10:00","12:00","10:00","12:00","10:00","12:00","","","","","","","","","","","","","","","","","","","","","","",""
"3922393112830","01001","内科","2","","","","","","","","","","","","","","","","","","","","","","","","","","","","","","","","",""
"3922393112830","01001","内科","3","","","","","","","","","","","","","","","","","","","","","","","","","","","","","","","","",""
"3922393112830","03001","小児科","1","10:00","12:00","10:00","12:00","10:00","12:00","10:00","12:00","10:00","12:00","","","","","","","","","","","","","","","","","","","","","","",""
"3922393112830","03001","小児科","2","","","","","","","","","","","","","","","","","","","","","","","","","","","","","","","","",""
"3922393112830","03001","小児科","3","","","","","","","","","","","","","","","","","","","","","","","","","","","","","","","","",""
"3922393112960","01025","神経内科","1","09:00","13:00","09:00","13:00","","","09:00","13:00","09:00","13:00","","","","","","","08:45","13:00","08:45","13:00","","","08:45","13:00","08:45","13:00","","","","","","",""
"3922393112960","01025","神経内科","2","15:00","18:30","15:00","18:30","","","15:00","18:30","15:00","18:30","","","","","","","15:00","18:30","15:00","18:30","","","15:00","18:30","15:00","18:30","","","","","","",""
"3922393112960","01025","神経内科","3","","","","","","","","","","","","","","","","","","","","","","","","","","","","","","","","",""
"3922393112960","07001","精神科","1","09:00","13:00","09:00","13:00","","","09:00","13:00","09:00","13:00","","","","","","","08:45","13:00","08:45","13:00","","","08:45","13:00","08:45","13:00","","","","","","",""
"3922393112960","07001","精神科","2","15:00","18:30","15:00","18:30","","","15:00","18:30","15:00","18:30","","","","","","","15:00","18:30","15:00","18:30","","","15:00","18:30","15:00","18:30","","","","","","",""
"3922393112960","07001","精神科","3","","","","","","","","","","","","","","","","","","","","","","","","","","","","","","","","",""
"3922393112960","07003","心療内科","1","09:00","13:00","09:00","13:00","","","09:00","13:00","09:00","13:00","","","","","","","08:45","13:00","08:45","13:00","","","08:45","13:00","08:45","13:00","","","","","","",""
"3922393112960","07003","心療内科","2","15:00","18:30","15:00","18:30","","","15:00","18:30","15:00","18:30","","","","","","","15:00","18:30","15:00","18:30","","","15:00","18:30","15:00","18:30","","","","","","",""
"3922393112960","07003","心療内科","3","","","","","","","","","","","","","","","","","","","","","","","","","","","","","","","","",""
"3922393113000","01001","内科","1","09:00","12:30","09:00","12:30","09:00","12:30","","","09:00","12:30","09:00","12:30","","","","","09:00","12:30","09:00","12:30","09:00","12:30","","","09:00","12:30","09:00","12:30","","","","",""
"3922393113000","01001","内科","2","14:30","17:30","14:30","17:30","14:30","17:30","","","14:30","17:30","14:30","16:00","","","","","14:30","17:30","14:30","17:30","14:30","17:30","","","14:30","17:30","14:30","16:00","","","","",""
"3922393113000","01001","内科","3","","","","","","","","","","","","","","","","","","","","","","","","","","","","","","","","",""
"3922393113000","01027","漢方内科","1","09:00","12:30","09:00","12:30","09:00","12:30","","","09:00","12:30","09:00","12:30","","","","","09:00","12:30","09:00","12:30","09:00","12:30","","","09:00","12:30","09:00","12:30","","","","",""
"3922393113000","01027","漢方内科","2","14:30","17:30","14:30","17:30","14:30","17:30","","","14:30","17:30","14:30","16:00","","","","","14:30","17:30","14:30","17:30","14:30","17:30","","","14:30","17:30","14:30","16:00","","","","",""
"3922393113000","01027","漢方内科","3","","","","","","","","","","","","","","","","","","","","","","","","","","","","","","","","",""
"3922393113130","02035","整形外科","1","08:30","12:00","08:30","12:00","","","08:30","12:00","08:30","12:00","","","","","","","08:30","12:00","08:30","12:00","","","08:30","12:00","08:30","12:00","","","","","","",""
"3922393113130","02035","整形外科","2","","","13:00","17:15","","","13:00","17:15","13:00","17:15","","","","","","","","","13:00","17:15","","","13:00","17:15","13:00","17:15","","","","","","",""
"3922393113130","02035","整形外科","3","","","","","","","","","","","","","","","","","","","","","","","","","","","","","","","","",""
"3922393113130","03001","小児科","1","08:30","12:00","08:30","12:00","08:30","12:00","08:30","12:00","08:30","12:00","","","","","","","08:30","12:00","08:30","12:00","08:30","12:00","08:30","12:00","08:30","12:00","","","","","","",""
"3922393113130","03001","小児科","2","13:00","17:15","13:00","17:15","13:00","17:15","13:00","17:15","13:00","17:15","","","","","","","13:00","17:15","13:00","17:15","13:00","17:15","13:00","17:15","13:00","17:15","","","","","","",""
"3922393113130","03001","小児科","3","","","","","","","","","","","","","","","","","","","","","","","","","","","","","","","","",""
"3922393113130","05002","耳鼻いんこう科","1","","","","","13:30","17:15","","","","","","","","","","","","","","","13:00","17:15","","","","","","","","","","",""
"3922393113130","05002","耳鼻いんこう科","2","","","","","","","","","","","","","","","","","","","","","","","","","","","","","","","","",""
"3922393113130","05002","耳鼻いんこう科","3","","","","","","","","","","","","","","","","","","","","","","","","","","","","","","","","",""
"3922393113130","07001","精神科","1","08:30","12:00","08:30","12:00","08:30","12:00","","","08:30","12:00","","","","","","","08:30","12:00","08:30","12:00","08:30","12:00","","","08:30","12:00","","","","","","",""
"3922393113130","07001","精神科","2","13:00","17:15","13:00","17:15","13:00","17:15","","","13:00","17:15","","","","","","","13:00","17:15","13:00","17:15","13:00","17:15","","","13:00","17:15","","","","","","",""
"3922393113130","07001","精神科","3","","","","","","","","","","","","","","","","","","","","","","","","","","","","","","","","",""
"3922393113130","08001","歯科","1","","","","","","","","","","","","","","","","","","","","","","","","","","","","","","","","",""
"3922393113130","08001","歯科","2","","","","","","","","","","","","","","","","","","","","","","","","","","","","","","","","",""
"3922393113130","08001","歯科","3","","","","","","","","","","","","","","","","","","","","","","","","","","","","","","","","",""
"3922393113130","09003","リハビリテーション科","1","09:00","12:00","09:00","12:00","09:00","12:00","09:00","12:00","09:00","12:00","","","","","","","08:30","12:00","08:30","12:00","08:30","12:00","08:30","12:00","08:30","12:00","","","","","","",""
"3922393113130","09003","リハビリテーション科","2","13:00","17:15","13:00","17:15","13:00","17:15","13:00","17:15","13:00","17:15","","","","","","","13:00","17:15","13:00","17:15","13:00","17:15","13:00","17:15","13:00","17:15","","","","","","",""
"3922393113130","09003","リハビリテーション科","3","","","","","","","","","","","","","","","","","","","","","","","","","","","","","","","","",""
"3922393113560","01001","内科","1","08:45","12:30","08:45","12:30","08:45","12:30","08:45","12:30","08:45","12:30","08:45","12:30","","","","","08:30","12:00","08:30","12:00","08:30","12:00","08:30","12:00","08:30","12:00","08:30","12:00","","","","",""
"3922393113560","01001","内科","2","16:00","18:30","15:00","18:30","","","15:00","18:30","15:00","18:30","","","","","","","16:00","18:00","15:00","18:00","","","15:00","18:00","15:00","18:00","","","","","","",""
"3922393113560","01001","内科","3","","","","","","","","","","","","","","","","","","","","","","","","","","","","","","","","",""
"3922393113560","09003","リハビリテーション科","1","08:45","12:30","08:45","12:30","08:45","12:30","08:45","12:30","08:45","12:30","08:45","12:30","","","","","08:30","12:00","08:30","12:00","08:30","12:00","08:30","12:00","08:30","12:00","08:30","12:00","","","","",""
"3922393113560","09003","リハビリテーション科","2","16:00","18:30","15:00","18:30","","","15:00","18:30","15:00","18:30","","","","","","","16:00","18:00","15:00","18:00","","","15:00","18:00","15:00","18:00","","","","","","",""
"3922393113560","09003","リハビリテーション科","3","","","","","","","","","","","","","","","","","","","","","","","","","","","","","","","","",""
"3922393113680","01001","内科","1","08:30","12:00","08:30","12:00","08:30","12:00","08:30","12:00","08:30","12:00","08:30","12:00","","","","","08:30","12:00","08:30","12:00","08:30","12:00","08:30","12:00","08:30","12:00","08:30","12:00","","","","",""
"3922393113680","01001","内科","2","13:30","17:00","","","13:30","16:00","13:30","16:00","13:30","17:00","","","","","","","13:30","17:00","","","13:30","16:00","13:30","16:00","13:30","17:00","","","","","","",""
"3922393113680","01001","内科","3","","","","","","","","","","","","","","","","","","","","","","","","","","","","","","","","",""
"3922393113680","01011","糖尿病・代謝内科","1","08:30","12:00","08:30","12:00","08:30","12:00","08:30","12:00","08:30","12:00","08:30","12:00","","","","","08:30","12:00","08:30","12:00","08:30","12:00","08:30","12:00","08:30","12:00","08:30","12:00","","","","",""
"3922393113680","01011","糖尿病・代謝内科","2","13:30","17:00","","","13:30","16:00","13:30","16:00","13:30","17:00","","","","","","","13:30","17:00","","","13:30","16:00","13:30","16:00","13:30","17:00","","","","","","",""
"3922393113680","01011","糖尿病・代謝内科","3","","","","","","","","","","","","","","","","","","","","","","","","","","","","","","","","",""
"3922393114010","02001","外科","1","08:30","11:45","08:30","11:45","","","08:30","11:45","08:30","11:45","08:30","11:45","","","","","08:30","11:45","08:30","11:45","","","08:30","11:45","08:30","11:45","08:30","11:45","","","","",""
"3922393114010","02001","外科","2","15:30","18:45","15:30","18:45","16:00","18:45","15:30","18:45","15:30","18:45","11:45","12:45","","","","","15:30","18:45","15:30","18:45","16:00","18:45","15:30","18:45","15:30","18:45","11:45","12:45","","","","",""
"3922393114010","02001","外科","3","","","","","","","18:45","19:45","","","","","","","","","","","","","","","18:45","19:45","","","","","","","","",""
"3922393114010","02035","整形外科","1","08:30","11:45","08:30","11:45","","","08:30","11:45","08:30","11:45","08:30","11:45","","","","","08:30","11:45","08:30","11:45","","","08:30","11:45","08:30","11:45","08:30","11:45","","","","",""
"3922393114010","02035","整形外科","2","15:30","18:45","15:30","18:45","16:00","18:45","15:30","18:45","15:30","18:45","11:45","12:45","","","","","15:30","18:45","15:30","18:45","16:00","18:45","15:30","18:45","15:30","18:45","11:45","12:45","","","","",""
"3922393114010","02035","整形外科","3","","","","","","","18:45","19:45","","","","","","","","","","","","","","","18:45","19:45","","","","","","","","",""
"3922393114270","02035","整形外科","1","09:00","12:30","09:00","12:30","09:00","12:30","","","09:00","12:30","09:00","12:30","","","","","09:00","12:30","09:00","12:30","09:00","12:30","","","09:00","12:30","09:00","12:30","","","","",""
"3922393114270","02035","整形外科","2","14:00","18:30","14:00","18:30","14:00","18:30","","","14:00","18:30","14:00","17:00","","","","","14:00","18:00","14:00","18:00","14:00","18:00","","","14:00","18:00","14:00","16:30","","","","",""
"3922393114270","02035","整形外科","3","","","","","","","","","","","","","","","","","","","","","","","","","","","","","","","","",""
"3922393114270","09002","リウマチ科","1","09:00","12:30","09:00","12:30","09:00","12:30","","","09:00","12:30","09:00","12:30","","","","","09:00","12:30","09:00","12:30","09:00","12:30","","","09:00","12:30","09:00","12:30","","","","",""
"3922393114270","09002","リウマチ科","2","14:00","18:30","14:00","18:30","14:00","18:30","","","14:00","18:30","14:00","17:00","","","","","14:00","18:00","14:00","18:00","14:00","18:00","","","14:00","18:00","14:00","16:30","","","","",""
"3922393114270","09002","リウマチ科","3","","","","","","","","","","","","","","","","","","","","","","","","","","","","","","","","",""
"3922393114270","09003","リハビリテーション科","1","09:00","12:30","09:00","12:30","09:00","12:30","","","09:00","12:30","09:00","12:30","","","","","09:00","12:30","09:00","12:30","09:00","12:30","","","09:00","12:30","09:00","12:30","","","","",""
"3922393114270","09003","リハビリテーション科","2","14:00","18:30","14:00","18:30","14:00","18:30","","","14:00","18:30","14:00","17:00","","","","","14:00","18:00","14:00","18:00","14:00","18:00","","","14:00","18:00","14:00","16:30","","","","",""
"3922393114270","09003","リハビリテーション科","3","","","","","","","","","","","","","","","","","","","","","","","","","","","","","","","","",""
"3922393114300","01001","内科","1","09:00","12:30","09:00","12:30","09:00","13:00","09:00","12:30","09:00","12:30","09:00","13:00","","","","","09:00","12:10","09:00","12:10","09:00","12:30","09:00","12:10","09:00","12:10","09:00","12:30","","","","",""
"3922393114300","01001","内科","2","14:00","19:00","14:00","19:00","","","14:00","18:30","14:00","18:30","","","","","","","14:00","18:30","14:00","18:30","","","14:00","18:00","14:00","18:00","","","","","","",""
"3922393114300","01001","内科","3","","","","","","","","","","","","","","","","","","","","","","","","","","","","","","","","",""
"3922393114300","01014","呼吸器内科","1","09:00","12:30","09:00","12:30","09:00","13:00","09:00","12:30","09:00","12:30","09:00","13:00","","","","","09:00","12:10","09:00","12:10","09:00","12:30","09:00","12:10","09:00","12:10","09:00","12:30","","","","",""
"3922393114300","01014","呼吸器内科","2","14:00","19:00","14:00","19:00","","","14:00","18:00","14:00","18:00","","","","","","","14:00","18:30","14:00","18:30","","","14:00","18:00","14:00","18:00","","","","","","",""
"3922393114300","01014","呼吸器内科","3","","","","","","","","","","","","","","","","","","","","","","","","","","","","","","","","",""
"3922393114300","01017","循環器内科","1","09:00","12:30","09:00","12:30","09:00","13:00","09:00","12:30","09:00","12:30","09:00","13:00","","","","","09:00","12:10","09:00","12:10","09:00","12:30","09:00","12:10","09:00","12:10","09:00","12:30","","","","",""
"3922393114300","01017","循環器内科","2","14:00","19:00","14:00","19:00","","","14:00","18:00","14:00","18:00","","","","","","","14:00","18:30","14:00","18:30","","","14:00","18:00","14:00","18:00","","","","","","",""
"3922393114300","01017","循環器内科","3","","","","","","","","","","","","","","","","","","","","","","","","","","","","","","","","",""
"3922393114300","01018","心臓内科","1","09:00","12:30","09:00","12:30","09:00","13:00","09:00","12:30","09:00","12:30","09:00","13:00","","","","","09:00","12:10","09:00","12:10","09:00","12:30","09:00","12:10","09:00","12:10","09:00","12:30","","","","",""
"3922393114300","01018","心臓内科","2","14:00","19:00","14:00","19:00","","","14:00","18:00","14:00","18:00","","","","","","","14:00","18:30","14:00","18:30","","","14:00","18:00","14:00","18:00","","","","","","",""
"3922393114300","01018","心臓内科","3","","","","","","","","","","","","","","","","","","","","","","","","","","","","","","","","",""
"3922393114300","01028","老年内科","1","09:00","12:30","09:00","12:30","09:00","13:00","09:00","12:30","09:00","12:30","09:00","13:00","","","","","09:00","12:10","09:00","12:10","09:00","12:30","09:00","12:10","09:00","12:10","09:00","12:30","","","","",""
"3922393114300","01028","老年内科","2","14:00","19:00","14:00","19:00","","","14:00","18:00","14:00","18:00","","","","","","","14:00","18:30","14:00","18:30","","","14:00","18:00","14:00","18:00","","","","","","",""
"3922393114300","01028","老年内科","3","","","","","","","","","","","","","","","","","","","","","","","","","","","","","","","","",""
"3922393114720","01001","内科","1","09:00","12:30","09:00","12:30","09:00","12:30","09:00","12:30","09:00","12:30","09:00","12:30","","","","","09:00","12:30","09:00","12:30","09:00","12:30","09:00","12:30","09:00","12:30","09:00","12:30","","","","",""
"3922393114720","01001","内科","2","14:00","18:00","14:00","18:00","14:00","18:00","14:00","18:00","14:00","18:00","","","","","","","14:00","18:00","14:00","18:00","14:00","18:00","14:00","18:00","14:00","18:00","","","","","","",""
"3922393114720","01001","内科","3","","","","","","","","","","","","","","","","","","","","","","","","","","","","","","","","",""
"3922393114720","01014","呼吸器内科","1","09:00","12:30","09:00","12:30","09:00","12:30","09:00","12:30","09:00","12:30","09:00","12:30","","","","","09:00","12:30","09:00","12:30","09:00","12:30","09:00","12:30","09:00","12:30","09:00","12:30","","","","",""
"3922393114720","01014","呼吸器内科","2","14:00","18:00","14:00","18:00","14:00","18:00","14:00","18:00","14:00","18:00","","","","","","","14:00","18:00","14:00","18:00","14:00","18:00","14:00","18:00","14:00","18:00","","","","","","",""
"3922393114720","01014","呼吸器内科","3","","","","","","","","","","","","","","","","","","","","","","","","","","","","","","","","",""
"3922393114720","09001","アレルギー科","1","09:00","12:30","09:00","12:30","09:00","12:30","09:00","12:30","09:00","12:30","09:00","12:30","","","","","09:00","12:30","09:00","12:30","09:00","12:30","09:00","12:30","09:00","12:30","09:00","12:30","","","","",""
"3922393114720","09001","アレルギー科","2","14:00","18:00","14:00","18:00","14:00","18:00","14:00","18:00","14:00","18:00","","","","","","","14:00","18:00","14:00","18:00","14:00","18:00","14:00","18:00","14:00","18:00","","","","","","",""
"3922393114720","09001","アレルギー科","3","","","","","","","","","","","","","","","","","","","","","","","","","","","","","","","","",""
"3922393114850","01001","内科","1","09:00","13:00","09:00","13:00","09:00","13:00","09:00","13:00","09:00","13:00","09:00","13:00","","","","","08:45","12:40","08:45","12:40","08:45","12:40","08:45","12:40","08:45","12:40","08:45","12:40","","","","",""
"3922393114850","01001","内科","2","15:00","18:00","15:00","18:00","15:00","18:00","","","","","","","","","","","14:45","17:40","14:45","17:40","14:45","17:40","","","","","","","","","","",""
"3922393114850","01001","内科","3","","","","","","","","","15:00","19:00","","","","","","","","","","","","","","","14:45","18:40","","","","","","",""
"3922393114850","01017","循環器内科","1","09:00","13:00","09:00","13:00","09:00","13:00","09:00","13:00","09:00","13:00","09:00","13:00","","","","","08:45","12:40","08:45","12:40","08:45","12:40","08:45","12:40","08:45","12:40","08:40","12:40","","","","",""
"3922393114850","01017","循環器内科","2","15:00","18:00","15:00","18:00","15:00","18:00","","","","","","","","","","","14:45","17:40","14:45","17:40","14:45","17:40","","","","","","","","","","",""
"3922393114850","01017","循環器内科","3","","","","","","","","","15:00","19:00","","","","","","","","","","","","","","","14:45","18:40","","","","","","",""
"3922393114850","01028","老年内科","1","09:00","13:00","09:00","13:00","09:00","13:00","09:00","13:00","09:00","13:00","09:00","13:00","","","","","08:45","12:40","08:45","12:40","08:45","12:40","08:45","12:40","08:45","12:40","08:45","12:40","","","","",""
"3922393114850","01028","老年内科","2","15:00","18:00","15:00","18:00","15:00","18:00","","","","","","","","","","","14:45","17:40","14:45","17:40","14:45","17:40","","","14:45","18:40","","","","","","",""
"3922393114850","01028","老年内科","3","","","","","","","","","15:00","19:00","","","","","","","","","","","","","","","","","","","","","","",""
"3922393115150","01001","内科","1","09:00","12:30","09:00","12:30","09:00","12:30","","","09:00","12:30","09:00","12:30","","","","","09:00","12:00","09:00","12:00","09:00","12:00","","","09:00","12:00","09:00","12:00","","","","",""
"3922393115150","01001","内科","2","14:00","18:00","14:00","18:00","14:00","18:00","","","14:00","19:00","","","","","","","14:00","17:30","14:00","17:30","14:00","17:30","","","14:00","18:30","","","","","","",""
"3922393115150","01001","内科","3","","","","","","","","","","","","","","","","","","","","","","","","","","","","","","","","",""
"3922393115150","01027","漢方内科","1","09:00","12:30","09:00","12:30","09:00","12:30","","","09:00","12:30","09:00","12:30","","","","","09:00","12:00","09:00","12:00","09:00","12:00","","","09:00","12:00","09:00","12:00","","","","",""
"3922393115150","01027","漢方内科","2","14:00","18:00","14:00","18:00","14:00","18:00","","","14:00","19:00","","","","","","","14:00","17:30","14:00","17:30","14:00","17:30","","","14:00","18:30","","","","","","",""
"3922393115150","01027","漢方内科","3","","","","","","","","","","","","","","","","","","","","","","","","","","","","","","","","",""
"3922393115150","06001","皮膚科","1","09:00","12:30","09:00","12:30","09:00","12:30","","","09:00","12:30","09:00","12:30","","","","","09:00","12:00","09:00","12:00","09:00","12:00","","","09:00","12:00","09:00","12:00","","","","",""
"3922393115150","06001","皮膚科","2","14:00","18:00","14:00","18:00","14:00","18:00","","","14:00","19:00","","","","","","","14:00","17:30","14:00","17:30","14:00","17:30","","","14:00","18:30","","","","","","",""
"3922393115150","06001","皮膚科","3","","","","","","","","","","","","","","","","","","","","","","","","","","","","","","","","",""
"3922393115150","07003","心療内科","1","09:00","12:30","09:00","12:30","09:00","12:30","","","09:00","12:30","09:00","12:30","","","","","09:00","12:00","09:00","12:00","09:00","12:00","","","09:00","12:00","09:00","12:00","","","","",""
"3922393115150","07003","心療内科","2","14:00","18:00","14:00","18:00","14:00","18:00","","","14:00","19:00","","","","","","","14:00","17:30","14:00","17:30","14:00","17:30","","","14:00","18:30","","","","","","",""
"3922393115150","07003","心療内科","3","","","","","","","","","","","","","","","","","","","","","","","","","","","","","","","","",""
"3922393115150","09001","アレルギー科","1","09:00","12:30","09:00","12:30","09:00","12:30","","","09:00","12:30","09:00","12:30","","","","","09:00","12:00","09:00","12:00","09:00","12:00","","","09:00","12:00","09:00","12:00","","","","",""
"3922393115150","09001","アレルギー科","2","14:00","18:00","14:00","18:00","14:00","18:00","","","14:00","19:00","","","","","","","14:00","17:30","14:00","17:30","14:00","17:30","","","14:00","18:30","","","","","","",""
"3922393115150","09001","アレルギー科","3","","","","","","","","","","","","","","","","","","","","","","","","","","","","","","","","",""
"3922393115150","09003","リハビリテーション科","1","09:00","12:30","09:00","12:30","09:00","12:30","","","09:00","12:30","09:00","12:30","","","","","09:00","12:00","09:00","12:00","09:00","12:00","","","09:00","12:00","09:00","12:00","","","","",""
"3922393115150","09003","リハビリテーション科","2","14:00","18:00","14:00","18:00","14:00","18:00","","","14:00","19:00","","","","","","","14:00","17:30","14:00","17:30","14:00","17:30","","","14:00","18:30","","","","","","",""
"3922393115150","09003","リハビリテーション科","3","","","","","","","","","","","","","","","","","","","","","","","","","","","","","","","","",""
"3922393115280","05002","耳鼻いんこう科","1","09:00","12:30","09:00","12:30","09:00","12:30","09:00","12:30","09:00","12:30","09:00","12:30","","","","","09:00","12:30","09:00","12:30","09:00","12:30","","","09:00","12:30","","","","","","",""
"3922393115280","05002","耳鼻いんこう科","2","14:30","18:30","14:30","18:30","14:30","18:30","","","14:30","18:30","14:00","16:30","","","","","14:30","18:30","14:30","18:30","14:30","18:30","","","14:30","18:30","","","","","","",""
"3922393115280","05002","耳鼻いんこう科","3","","","","","","","","","","","","","","","","","","","","","","","","","","","","","","","","",""
"3922393115441","01001","内科","1","09:00","12:30","09:00","12:00","09:00","12:30","","","09:00","12:30","09:00","12:30","","","","","09:00","12:30","09:00","12:00","09:00","12:30","","","09:00","12:30","09:00","12:30","","","","",""
"3922393115441","01001","内科","2","14:00","17:30","14:00","17:30","14:00","17:30","","","14:00","17:30","","","","","","","14:00","17:30","14:00","17:30","14:00","17:30","","","14:00","17:30","","","","","","",""
"3922393115441","01001","内科","3","","","","","","","","","","","","","","","","","","","","","","","","","","","","","","","","",""
"3922393115441","02001","外科","1","09:00","12:30","09:00","12:00","09:00","12:30","","","09:00","12:30","09:00","12:30","","","","","09:00","12:30","09:00","12:00","09:00","12:30","","","09:00","12:30","09:00","12:30","","","","",""
"3922393115441","02001","外科","2","14:00","17:30","14:00","17:30","14:00","17:30","","","14:00","17:30","","","","","","","14:00","17:30","14:00","17:30","14:00","17:30","","","14:00","17:30","","","","","","",""
"3922393115441","02001","外科","3","","","","","","","","","","","","","","","","","","","","","","","","","","","","","","","","",""
"3922393115441","02036","形成外科","1","09:00","12:30","09:00","12:00","09:00","12:30","","","09:00","12:30","09:00","12:30","","","","","09:00","12:30","09:00","12:00","09:00","12:30","","","09:00","12:30","09:00","12:30","","","","",""
"3922393115441","02036","形成外科","2","14:00","17:30","14:00","17:30","14:00","17:30","","","14:00","17:30","","","","","","","14:00","17:30","14:00","17:30","14:00","17:30","","","14:00","17:30","","","","","","",""
"3922393115441","02036","形成外科","3","","","","","","","","","","","","","","","","","","","","","","","","","","","","","","","","",""
"3922393115441","06001","皮膚科","1","09:00","12:30","09:00","12:00","09:00","12:30","","","09:00","12:30","09:00","12:30","","","","","09:00","12:30","09:00","12:00","09:00","12:30","","","09:00","12:30","09:00","12:30","","","","",""
"3922393115441","06001","皮膚科","2","14:00","17:30","14:00","17:30","14:00","17:30","","","14:00","17:30","","","","","","","14:00","17:30","14:00","17:30","14:00","17:30","","","14:00","17:30","","","","","","",""
"3922393115441","06001","皮膚科","3","","","","","","","","","","","","","","","","","","","","","","","","","","","","","","","","",""
"3922393115441","09004","放射線科","1","09:00","12:30","09:00","12:00","09:00","12:30","","","09:00","12:30","09:00","12:30","","","","","09:00","12:30","09:00","12:00","09:00","12:30","","","09:00","12:30","09:00","12:30","","","","",""
"3922393115441","09004","放射線科","2","14:00","17:30","14:00","17:30","14:00","17:30","","","14:00","17:30","","","","","","","14:00","17:30","14:00","17:30","14:00","17:30","","","14:00","17:30","","","","","","",""
"3922393115441","09004","放射線科","3","","","","","","","","","","","","","","","","","","","","","","","","","","","","","","","","",""
"3922393115991","06001","皮膚科","1","09:00","12:00","09:00","12:00","09:00","12:00","","","09:00","12:00","09:00","12:00","","","","","09:00","12:00","09:00","12:00","09:00","12:00","","","09:00","12:00","09:00","12:00","","","","",""
"3922393115991","06001","皮膚科","2","14:00","18:00","","","14:00","18:00","","","","","","","","","","","14:00","18:00","","","14:00","18:00","","","","","","","","","","",""
"3922393115991","06001","皮膚科","3","","","","","","","","","","","13:00","16:00","","","","","","","","","","","","","","","13:00","16:00","","","","",""
"3922393116740","01001","内科","1","09:00","12:30","09:00","12:30","09:00","12:30","09:00","12:30","09:00","12:30","09:00","12:30","","","","","09:00","12:00","09:00","12:00","09:00","12:00","09:00","12:00","09:00","12:00","09:00","12:00","","","","",""
"3922393116740","01001","内科","2","14:30","18:30","14:30","18:30","14:30","18:30","","","14:30","18:30","","","","","","","14:30","18:00","14:30","18:00","14:30","18:00","","","14:30","18:00","","","","","","",""
"3922393116740","01001","内科","3","","","","","","","","","","","","","","","","","","","","","","","","","","","","","","","","",""
"3922393116740","01002","感染症内科","1","09:00","12:30","09:00","12:30","09:00","12:30","09:00","12:30","09:00","12:30","09:00","12:30","","","","","09:00","12:00","09:00","12:00","09:00","12:00","09:00","12:00","09:00","12:00","09:00","12:00","","","","",""
"3922393116740","01002","感染症内科","2","14:30","18:30","14:30","18:30","14:30","18:30","","","14:30","18:30","","","","","","","14:30","18:00","14:30","18:00","14:30","18:00","","","14:30","18:00","","","","","","",""
"3922393116740","01002","感染症内科","3","","","","","","","","","","","","","","","","","","","","","","","","","","","","","","","","",""
"3922393116740","01006","糖尿病内科","1","09:00","12:30","09:00","12:30","09:00","12:30","09:00","12:30","09:00","12:30","09:00","12:30","","","","","09:00","12:00","09:00","12:00","09:00","12:00","09:00","12:00","09:00","12:00","09:00","12:00","","","","",""
"3922393116740","01006","糖尿病内科","2","14:30","18:30","14:30","18:30","14:30","18:30","","","14:30","18:30","","","","","","","14:30","18:00","14:30","18:00","14:30","18:00","","","14:30","18:00","","","","","","",""
"3922393116740","01006","糖尿病内科","3","","","","","","","","","","","","","","","","","","","","","","","","","","","","","","","","",""
"3922393116740","01008","内分泌内科","1","09:00","12:30","09:00","12:30","09:00","12:30","09:00","12:30","09:00","12:30","09:00","12:30","","","","","09:00","12:00","09:00","12:00","09:00","12:00","09:00","12:00","09:00","12:00","09:00","12:00","","","","",""
"3922393116740","01008","内分泌内科","2","14:30","18:30","14:30","18:30","14:30","18:30","","","14:30","18:30","","","","","","","14:30","18:00","14:30","18:00","14:30","18:00","","","14:30","18:00","","","","","","",""
"3922393116740","01008","内分泌内科","3","","","","","","","","","","","","","","","","","","","","","","","","","","","","","","","","",""
"3922393116740","09002","リウマチ科","1","09:00","12:30","09:00","12:30","09:00","12:30","09:00","12:30","09:00","12:30","09:00","12:30","","","","","09:00","12:00","09:00","12:00","09:00","12:00","09:00","12:00","09:00","12:00","09:00","12:00","","","","",""
"3922393116740","09002","リウマチ科","2","14:30","18:30","14:30","18:30","14:30","18:30","","","14:30","18:30","","","","","","","14:30","18:00","14:30","18:00","14:30","18:00","","","14:30","18:00","","","","","","",""
"3922393116740","09002","リウマチ科","3","","","","","","","","","","","","","","","","","","","","","","","","","","","","","","","","",""
"3922393117170","02035","整形外科","1","09:00","12:30","09:00","12:30","09:00","12:30","","","09:00","12:30","09:00","12:30","","","","","","","","","","","","","","","","","","","","",""
"3922393117170","02035","整形外科","2","14:00","18:00","14:00","19:00","14:00","18:00","","","14:00","19:00","14:00","16:00","","","","","","","","","","","","","","","","","","","","",""
"3922393117170","02035","整形外科","3","","","","","","","","","","","","","","","","","","","","","","","","","","","","","","","","",""
"3922393117170","09002","リウマチ科","1","09:00","12:30","09:00","12:30","09:00","12:30","","","09:00","12:30","09:00","12:30","","","","","","","","","","","","","","","","","","","","",""
"3922393117170","09002","リウマチ科","2","14:00","18:00","14:00","19:00","14:00","18:00","","","14:00","19:00","14:00","16:00","","","","","","","","","","","","","","","","","","","","",""
"3922393117170","09002","リウマチ科","3","","","","","","","","","","","","","","","","","","","","","","","","","","","","","","","","",""
"3922393117170","09003","リハビリテーション科","1","09:00","12:30","09:00","12:30","09:00","12:30","","","09:00","12:30","09:00","12:30","","","","","","","","","","","","","","","","","","","","",""
"3922393117170","09003","リハビリテーション科","2","14:00","18:00","14:00","19:00","14:00","18:00","","","14:00","19:00","14:00","16:00","","","","","","","","","","","","","","","","","","","","",""
"3922393117170","09003","リハビリテーション科","3","","","","","","","","","","","","","","","","","","","","","","","","","","","","","","","","",""
"3922393117200","01001","内科","1","09:00","13:00","09:00","13:00","09:00","13:00","09:00","13:00","09:00","13:00","09:00","13:00","","","","","09:00","12:00","09:00","12:00","09:00","12:00","09:00","12:00","09:00","12:00","09:00","12:00","","","","",""
"3922393117200","01001","内科","2","14:00","17:30","14:00","17:30","14:00","17:30","","","14:00","17:30","","","","","","","14:00","17:00","14:00","17:00","14:00","17:00","","","14:00","17:00","","","","","","",""
"3922393117200","01001","内科","3","","","","","","","","","","","","","","","","","","","","","","","","","","","","","","","","",""
"3922393117200","01020","消化器内科","1","09:00","13:00","09:00","13:00","09:00","13:00","09:00","13:00","09:00","13:00","09:00","13:00","","","","","09:00","12:00","09:00","12:00","09:00","12:00","09:00","12:00","09:00","12:00","09:00","12:00","","","","",""
"3922393117200","01020","消化器内科","2","14:00","17:30","14:00","17:30","14:00","17:30","","","14:00","17:30","","","","","","","14:00","17:00","14:00","17:00","14:00","17:00","","","14:00","17:00","","","","","","",""
"3922393117200","01020","消化器内科","3","","","","","","","","","","","","","","","","","","","","","","","","","","","","","","","","",""
"3922393120040","01001","内科","1","09:00","12:30","09:00","12:30","09:00","12:30","09:00","12:30","09:00","12:30","","","","","","","16:30","17:30","","","16:30","17:30","","","16:30","17:30","","","","","","",""
"3922393120040","01001","内科","2","14:00","17:30","14:00","17:30","14:00","17:30","14:00","17:30","14:00","17:30","","","","","","","","","","","","","","","","","","","","","","",""
"3922393120040","01001","内科","3","","","","","","","","","","","","","","","","","","","","","","","","","","","","","","","","",""
"3922393120330","01027","漢方内科","1","09:00","12:00","09:00","12:00","09:00","12:00","09:00","12:00","09:00","12:00","09:00","12:00","","","","","09:00","12:00","09:00","12:00","09:00","12:00","09:00","12:00","09:00","12:00","09:00","12:00","","","","",""
"3922393120330","01027","漢方内科","2","15:00","18:00","15:00","18:00","","","15:00","18:00","15:00","18:00","15:00","18:00","","","","","15:00","18:00","15:00","18:00","","","15:00","18:00","15:00","18:00","15:00","18:00","","","","",""
"3922393120330","01027","漢方内科","3","","","","","","","","","","","","","","","","","","","","","","","","","","","","","","","","",""
"3922393120330","01031","疼痛緩和内科","1","","","","","","","","","","","","","","","","","","","","","","","","","","","","","","","","",""
"3922393120330","01031","疼痛緩和内科","2","","","","","","","","","","","","","","","","","","","","","","","","","","","","","","","","",""
"3922393120330","01031","疼痛緩和内科","3","","","","","","","","","","","","","","","","","","","","","","","","","","","","","","","","",""
"3922393120460","01029","女性内科","1","09:00","13:00","09:00","13:00","09:00","13:00","09:00","13:00","09:00","13:00","09:00","13:00","","","","","08:30","12:30","08:30","12:30","08:30","12:30","08:30","12:30","08:30","12:30","08:30","12:30","","","","",""
"3922393120460","01029","女性内科","2","15:00","19:00","15:00","19:00","","","15:00","19:00","15:00","19:00","15:00","17:00","","","","","14:30","18:30","14:30","18:30","","","14:30","18:30","14:30","18:30","14:30","16:30","","","","",""
"3922393120460","01029","女性内科","3","","","","","","","","","","","","","","","","","","","","","","","","","","","","","","","","",""
"3922393120460","04002","産科","1","09:00","13:00","09:00","13:00","09:00","13:00","09:00","13:00","09:00","13:00","09:00","13:00","","","","","08:30","12:30","08:30","12:30","08:30","12:30","08:30","12:30","08:30","12:30","08:30","12:30","","","","",""
"3922393120460","04002","産科","2","15:00","19:00","15:00","19:00","","","15:00","19:00","15:00","19:00","15:00","17:00","","","","","14:30","18:30","14:30","18:30","","","14:30","18:30","14:30","18:30","14:30","16:30","","","","",""
"3922393120460","04002","産科","3","","","","","","","","","","","","","","","","","","","","","","","","","","","","","","","","",""
"3922393120460","04003","婦人科","1","09:00","13:00","09:00","13:00","09:00","13:00","09:00","13:00","09:00","13:00","09:00","13:00","","","","","08:30","12:30","08:30","12:30","08:30","12:30","08:30","12:30","08:30","12:30","08:30","12:30","","","","",""
"3922393120460","04003","婦人科","2","15:00","19:00","15:00","19:00","","","15:00","19:00","15:00","19:00","15:00","17:00","","","","","14:30","18:30","14:30","18:30","","","14:30","18:30","14:30","18:30","14:30","16:30","","","","",""
"3922393120460","04003","婦人科","3","","","","","","","","","","","","","","","","","","","","","","","","","","","","","","","","",""
"3922393121050","01001","内科","1","09:00","12:00","09:00","12:00","","","","","09:00","12:00","","","","","","","08:45","12:00","08:45","12:00","","","","","08:45","12:00","","","","","","",""
"3922393121050","01001","内科","2","14:00","17:00","14:00","17:00","","","15:30","17:00","14:00","17:00","","","","","","","14:00","17:00","14:00","17:00","","","15:30","17:00","14:00","17:00","","","","","","",""
"3922393121050","01001","内科","3","","","","","","","","","","","","","","","","","","","","","","","","","","","","","","","","",""
"3922393121050","01014","呼吸器内科","1","09:00","12:00","09:00","12:00","","","","","09:00","12:00","","","","","","","08:45","12:00","08:45","12:00","","","","","08:45","12:00","","","","","","",""
"3922393121050","01014","呼吸器内科","2","14:00","17:00","14:00","17:00","","","15:30","17:00","14:00","17:00","","","","","","","14:00","17:00","14:00","17:00","","","15:30","17:00","14:00","17:00","","","","","","",""
"3922393121050","01014","呼吸器内科","3","","","","","","","","","","","","","","","","","","","","","","","","","","","","","","","","",""
"3922393121050","01017","循環器内科","1","09:00","12:00","09:00","12:00","","","","","09:00","12:00","","","","","","","08:45","12:00","08:45","12:00","","","","","08:45","12:00","","","","","","",""
"3922393121050","01017","循環器内科","2","14:00","17:00","14:00","17:00","","","15:30","17:00","14:00","17:00","","","","","","","14:00","17:00","14:00","17:00","15:30","17:00","","","14:00","17:00","","","","","","",""
"3922393121050","01017","循環器内科","3","","","","","","","","","","","","","","","","","","","","","","","","","","","","","","","","",""
"3922393121050","01020","消化器内科","1","09:00","12:00","09:00","12:00","","","","","09:00","12:00","","","","","","","08:45","12:00","08:45","12:00","","","","","08:45","12:00","","","","","","",""
"3922393121050","01020","消化器内科","2","14:00","17:00","14:00","17:00","","","15:30","17:00","14:00","17:00","","","","","","","14:00","17:00","14:00","17:00","","","15:30","17:00","14:00","17:00","","","","","","",""
"3922393121050","01020","消化器内科","3","","","","","","","","","","","","","","","","","","","","","","","","","","","","","","","","",""
"3922393122250","01001","内科","1","09:00","12:30","09:00","12:30","09:00","12:30","09:00","12:30","09:00","12:30","09:00","12:30","","","","","09:00","12:30","09:00","12:30","09:00","12:30","09:00","12:30","09:00","12:30","09:00","12:30","","","","",""
"3922393122250","01001","内科","2","13:30","18:00","13:30","18:00","","","13:30","18:00","13:30","18:00","13:30","18:00","","","","","13:30","18:00","13:30","18:00","","","13:30","18:00","13:30","18:00","13:30","18:00","","","","",""
"3922393122250","01001","内科","3","","","","","","","","","","","","","","","","","","","","","","","","","","","","","","","","",""
"3922393122250","01020","消化器内科","1","09:00","12:30","09:00","12:30","09:00","12:30","09:00","12:30","09:00","12:30","09:00","12:30","","","","","09:00","12:30","09:00","12:30","09:00","12:30","09:00","12:30","09:00","12:30","09:00","12:30","","","","",""
"3922393122250","01020","消化器内科","2","13:30","18:00","13:30","18:00","","","13:30","18:00","13:30","18:00","13:30","18:00","","","","","13:30","18:00","13:30","18:00","","","13:30","18:00","13:30","18:00","13:30","18:00","","","","",""
"3922393122250","01020","消化器内科","3","","","","","","","","","","","","","","","","","","","","","","","","","","","","","","","","",""
"3922393122250","01021","胃腸内科","1","09:00","12:30","09:00","12:30","09:00","12:30","09:00","12:30","09:00","12:30","09:00","12:30","","","","","09:00","12:30","09:00","12:30","09:00","12:30","09:00","12:30","09:00","12:30","09:00","12:30","","","","",""
"3922393122250","01021","胃腸内科","2","13:30","18:00","13:30","18:00","","","13:30","18:00","13:30","18:00","13:30","18:00","","","","","13:30","18:00","13:30","18:00","","","13:30","18:00","13:30","18:00","13:30","18:00","","","","",""
"3922393122250","01021","胃腸内科","3","","","","","","","","","","","","","","","","","","","","","","","","","","","","","","","","",""
"3922393122250","01024","肝臓内科","1","09:00","12:30","09:00","12:30","09:00","12:30","09:00","12:30","09:00","12:30","09:00","12:30","","","","","09:00","12:30","09:00","12:30","09:00","12:30","09:00","12:30","09:00","12:30","09:00","12:30","","","","",""
"3922393122250","01024","肝臓内科","2","13:30","18:00","13:30","18:00","","","13:30","18:00","13:30","18:00","13:30","18:00","","","","","13:30","18:00","13:30","18:00","","","13:30","18:00","13:30","18:00","13:30","18:00","","","","",""
"3922393122250","01024","肝臓内科","3","","","","","","","","","","","","","","","","","","","","","","","","","","","","","","","","",""
"3922393122250","01030","内視鏡内科","1","09:00","12:30","09:00","12:30","09:00","12:30","09:00","12:30","09:00","12:30","09:00","12:30","","","","","09:00","12:30","09:00","12:30","09:00","12:30","09:00","12:30","09:00","12:30","09:00","12:30","","","","",""
"3922393122250","01030","内視鏡内科","2","13:30","18:00","13:30","18:00","","","13:30","18:00","13:30","18:00","13:30","18:00","","","","","13:30","18:00","13:30","18:00","","","13:30","18:00","13:30","18:00","13:30","18:00","","","","",""
"3922393122250","01030","内視鏡内科","3","","","","","","","","","","","","","","","","","","","","","","","","","","","","","","","","",""
"3922393122250","01991","腹部内科，食道内科，十二指腸内科，小腸内科，大腸内科，胆のう内科，膵臓内科，肛門内科","1","","","","","","","","","","","","","","","","","","","","","","","","","","","","","","","","",""
"3922393122250","01991","腹部内科，食道内科，十二指腸内科，小腸内科，大腸内科，胆のう内科，膵臓内科，肛門内科","2","","","","","","","","","","","","","","","","","","","","","","","","","","","","","","","","",""
"3922393122250","01991","腹部内科，食道内科，十二指腸内科，小腸内科，大腸内科，胆のう内科，膵臓内科，肛門内科","3","","","","","","","","","","","","","","","","","","","","","","","","","","","","","","","","",""
"3922393124790","01025","神経内科","1","09:00","12:30","09:00","12:30","","","09:00","12:30","09:00","12:30","09:00","12:30","","","","","09:00","12:00","09:00","12:00","","","09:00","12:00","09:00","12:00","09:00","12:00","","","","",""
"3922393124790","01025","神経内科","2","14:00","18:00","14:00","18:00","","","14:00","18:00","14:00","18:00","14:00","17:00","","","","","14:00","17:30","14:00","17:30","","","14:00","17:30","14:00","17:30","14:00","16:30","","","","",""
"3922393124790","01025","神経内科","3","","","","","","","","","","","","","","","","","","","","","","","","","","","","","","","","",""
"3922393124790","07001","精神科","1","09:00","12:30","09:00","12:30","","","09:00","12:30","09:00","12:30","09:00","12:30","","","","","09:00","12:00","09:00","12:00","","","09:00","12:00","09:00","12:00","09:00","12:00","","","","",""
"3922393124790","07001","精神科","2","14:00","18:30","14:00","18:30","","","14:00","18:30","14:00","18:30","14:00","17:00","","","","","14:00","18:00","14:00","18:00","","","14:00","18:00","14:00","18:00","14:00","16:30","","","","",""
"3922393124790","07001","精神科","3","","","","","","","","","","","","","","","","","","","","","","","","","","","","","","","","",""
"3922393124790","07003","心療内科","1","09:00","12:30","09:00","12:30","","","09:00","12:30","09:00","12:30","09:00","12:30","","","","","09:00","12:00","09:00","12:00","","","09:00","12:00","09:00","12:00","09:00","12:00","","","","",""
"3922393124790","07003","心療内科","2","14:00","18:30","14:00","18:30","","","14:00","18:30","14:00","18:30","14:00","17:00","","","","","14:00","18:00","14:00","18:00","","","14:00","18:00","14:00","18:00","14:00","16:30","","","","",""
"3922393124790","07003","心療内科","3","","","","","","","","","","","","","","","","","","","","","","","","","","","","","","","","",""
"3922393130270","01001","内科","1","09:00","13:00","09:00","13:00","09:00","13:00","09:00","13:00","09:00","13:00","09:00","13:00","","","","","08:45","12:45","08:45","12:45","08:45","12:45","08:45","12:45","08:45","12:45","08:45","12:45","","","","",""
"3922393130270","01001","内科","2","14:30","18:00","14:30","18:00","14:30","18:00","","","14:30","18:00","","","","","","","14:30","17:45","14:30","17:45","14:30","17:45","","","14:30","17:45","","","","","","",""
"3922393130270","01001","内科","3","","","","","","","","","","","","","","","","","","","","","","","","","","","","","","","","",""
"3922393130270","01020","消化器内科","1","09:00","13:00","09:00","13:00","09:00","13:00","09:00","13:00","09:00","13:00","09:00","13:00","","","","","08:45","12:45","08:45","12:45","08:45","12:45","08:45","12:45","08:45","12:45","08:45","12:45","","","","",""
"3922393130270","01020","消化器内科","2","14:30","18:00","14:30","18:00","14:30","18:00","","","14:30","18:00","","","","","","","14:30","17:45","14:30","17:45","14:30","17:45","","","14:30","17:45","","","","","","",""
"3922393130270","01020","消化器内科","3","","","","","","","","","","","","","","","","","","","","","","","","","","","","","","","","",""
"3922393130270","01021","胃腸内科","1","09:00","13:00","09:00","13:00","09:00","13:00","09:00","13:00","09:00","13:00","09:00","13:00","","","","","08:45","12:45","08:45","12:45","08:45","12:45","08:45","12:45","08:45","12:45","08:45","12:45","","","","",""
"3922393130270","01021","胃腸内科","2","14:30","18:00","14:30","18:00","14:30","18:00","","","14:30","18:00","","","","","","","14:30","17:45","14:30","17:45","14:30","17:45","","","14:30","17:45","","","","","","",""
"3922393130270","01021","胃腸内科","3","","","","","","","","","","","","","","","","","","","","","","","","","","","","","","","","",""
"3922393132160","01001","内科","1","","","09:00","13:00","09:00","13:00","09:00","13:00","09:00","13:00","08:30","13:00","","","","","","","09:00","12:45","09:00","12:45","09:00","12:45","09:00","12:45","08:30","12:45","","","","",""
"3922393132160","01001","内科","2","","","14:30","19:00","14:30","19:00","","","14:30","19:00","","","","","","","","","14:30","18:45","14:30","18:45","","","14:30","18:45","","","","","","",""
"3922393132160","01001","内科","3","","","","","","","","","","","","","","","","","","","","","","","","","","","","","","","","",""
"3922393132160","01017","循環器内科","1","","","09:00","13:00","09:00","13:00","09:00","13:00","09:00","13:00","08:30","13:00","","","","","","","09:00","12:45","09:00","12:45","09:00","12:45","09:00","12:45","08:30","12:45","","","","",""
"3922393132160","01017","循環器内科","2","","","14:30","19:00","14:30","19:00","","","14:30","19:00","","","","","","","","","14:30","18:45","14:30","18:45","","","14:30","18:45","","","","","","",""
"3922393132160","01017","循環器内科","3","","","","","","","","","","","","","","","","","","","","","","","","","","","","","","","","",""
"3922393132160","09003","リハビリテーション科","1","","","09:00","13:00","09:00","13:00","09:00","13:00","09:00","13:00","08:30","13:00","","","","","","","09:00","12:00","09:00","12:00","09:00","12:00","09:00","12:00","08:30","12:00","","","","",""
"3922393132160","09003","リハビリテーション科","2","","","14:30","19:00","14:30","19:00","","","14:30","19:00","","","","","","","","","14:30","18:00","14:30","18:00","","","14:30","18:00","","","","","","",""
"3922393132160","09003","リハビリテーション科","3","","","","","","","","","","","","","","","","","","","","","","","","","","","","","","","","",""
"3922393132740","05001","眼科","1","09:00","12:30","09:00","12:30","09:00","12:30","","","09:00","12:30","09:00","12:30","","","","","09:00","12:30","09:00","12:30","09:00","12:30","","","09:00","12:30","09:00","12:30","","","","",""
"3922393132740","05001","眼科","2","14:00","17:30","14:00","17:30","14:00","17:30","","","14:00","17:30","","","","","","","14:00","17:30","14:00","17:30","14:00","17:30","","","14:00","17:30","","","","","","",""
"3922393132740","05001","眼科","3","","","","","","","","","","","","","","","","","","","","","","","","","","","","","","","","",""
"3922393139000","01001","内科","1","09:00","12:30","09:00","12:30","09:00","12:30","09:00","12:30","09:00","12:30","09:00","12:30","","","","","09:00","12:00","09:00","12:00","09:00","12:00","09:00","12:00","09:00","12:00","09:00","12:00","","","","",""
"3922393139000","01001","内科","2","14:00","17:30","14:00","17:30","","","14:00","17:30","14:00","17:30","","","","","","","14:00","17:00","14:00","17:00","","","14:00","17:00","14:00","17:00","","","","","","",""
"3922393139000","01001","内科","3","","","","","","","","","","","","","","","","","","","","","","","","","","","","","","","","",""
"3922393139000","01017","循環器内科","1","09:00","12:30","09:00","12:30","09:00","12:30","09:00","12:30","09:00","12:30","09:00","12:30","","","","","09:00","12:00","09:00","12:00","09:00","12:00","09:00","12:00","09:00","12:00","09:00","12:00","","","","",""
"3922393139000","01017","循環器内科","2","14:00","17:30","14:00","17:30","","","14:00","17:30","14:00","17:30","","","","","","","14:00","17:00","14:00","17:00","","","14:00","17:00","14:00","17:00","","","","","","",""
"3922393139000","01017","循環器内科","3","","","","","","","","","","","","","","","","","","","","","","","","","","","","","","","","",""
"3922393139000","01018","心臓内科","1","09:00","12:30","09:00","12:30","09:00","12:30","09:00","12:30","09:00","12:30","09:00","12:30","","","","","09:00","12:00","09:00","12:00","09:00","12:00","09:00","12:00","09:00","12:00","09:00","12:00","","","","",""
"3922393139000","01018","心臓内科","2","14:00","17:30","14:00","17:30","","","14:00","17:30","14:00","17:30","","","","","","","14:00","17:00","14:00","17:00","","","14:00","17:00","14:00","17:00","","","","","","",""
"3922393139000","01018","心臓内科","3","","","","","","","","","","","","","","","","","","","","","","","","","","","","","","","","",""
"3922393139000","09003","リハビリテーション科","1","09:00","12:30","09:00","12:30","09:00","12:30","09:00","12:30","09:00","12:30","09:00","12:30","","","","","09:00","12:00","09:00","12:00","09:00","12:00","09:00","12:00","09:00","12:00","09:00","12:00","","","","",""
"3922393139000","09003","リハビリテーション科","2","14:00","17:30","14:00","17:30","","","14:00","17:30","14:00","17:30","","","","","","","14:00","17:00","14:00","17:00","","","14:00","17:00","14:00","17:00","","","","","","",""
"3922393139000","09003","リハビリテーション科","3","","","","","","","","","","","","","","","","","","","","","","","","","","","","","","","","",""
"3922393139130","01001","内科","1","","","","","14:00","19:30","14:00","19:30","","","14:00","19:00","","","","","","","","","12:00","18:00","12:00","18:00","","","12:00","15:00","","","","",""
"3922393139130","01001","内科","2","","","","","","","","","","","","","","","","","","","","","","","","","","","","","","","","",""
"3922393139130","01001","内科","3","","","","","","","","","","","","","","","","","","","","","","","","","","","","","","","","",""
"3922393139130","01025","神経内科","1","","","","","12:30","18:00","12:30","18:00","","","12:30","15:00","","","","","","","","","12:00","18:00","12:00","18:00","","","12:00","15:00","","","","",""
"3922393139130","01025","神経内科","2","","","","","","","","","","","","","","","","","","","","","","","","","","","","","","","","",""
"3922393139130","01025","神経内科","3","","","","","","","","","","","","","","","","","","","","","","","","","","","","","","","","",""
"3922393139130","01027","漢方内科","1","","","","","12:30","18:00","12:30","18:00","","","12:30","15:00","","","","","","","","","12:00","18:00","12:00","18:00","","","12:00","15:00","","","","",""
"3922393139130","01027","漢方内科","2","","","","","","","","","","","","","","","","","","","","","","","","","","","","","","","","",""
"3922393139130","01027","漢方内科","3","","","","","","","","","","","","","","","","","","","","","","","","","","","","","","","","",""
"3922393139130","07001","精神科","1","","","","","12:30","18:00","12:30","18:00","","","12:30","15:00","","","","","","","","","12:00","18:00","12:00","18:00","","","12:00","15:00","","","","",""
"3922393139130","07001","精神科","2","","","","","","","","","","","","","","","","","","","","","","","","","","","","","","","","",""
"3922393139130","07001","精神科","3","","","","","","","","","","","","","","","","","","","","","","","","","","","","","","","","",""
"3922393139130","07003","心療内科","1","","","","","12:30","18:00","12:30","18:00","","","12:30","15:00","","","","","","","","","12:00","18:00","12:00","18:00","","","12:00","15:00","","","","",""
"3922393139130","07003","心療内科","2","","","","","","","","","","","","","","","","","","","","","","","","","","","","","","","","",""
"3922393139130","07003","心療内科","3","","","","","","","","","","","","","","","","","","","","","","","","","","","","","","","","",""
"3922393139130","09001","アレルギー科","1","","","","","12:30","18:00","12:30","18:00","","","12:30","15:00","","","","","","","","","12:00","18:00","12:00","18:00","","","12:00","15:00","","","","",""
"3922393139130","09001","アレルギー科","2","","","","","","","","","","","","","","","","","","","","","","","","","","","","","","","","",""
"3922393139130","09001","アレルギー科","3","","","","","","","","","","","","","","","","","","","","","","","","","","","","","","","","",""
"3922393139390","06004","泌尿器科","1","09:00","12:30","09:00","12:30","09:00","12:30","","","09:00","12:30","09:00","12:30","","","","","09:00","12:00","09:00","12:00","09:00","12:00","","","09:00","12:00","09:00","12:00","","","","",""
"3922393139390","06004","泌尿器科","2","14:00","18:00","14:00","18:00","14:00","17:00","","","14:00","18:00","14:00","16:30","","","","","14:00","17:30","14:00","16:30","14:00","17:30","","","14:00","17:30","14:00","16:00","","","","",""
"3922393139390","06004","泌尿器科","3","","","","","","","","","","","","","","","","","","","","","","","","","","","","","","","","",""
"3922393146590","01001","内科","1","09:00","12:00","09:00","12:00","09:00","12:00","09:00","12:00","09:00","12:00","09:00","12:00","","","","","08:30","17:30","08:30","17:30","08:30","17:30","08:30","17:30","08:30","17:30","08:30","12:00","","","","",""
"3922393146590","01001","内科","2","14:00","18:00","14:00","18:00","14:00","18:00","14:00","18:00","14:00","18:00","","","","","","","","","","","","","","","","","","","","","","",""
"3922393146590","01001","内科","3","","","","","","","","","","","","","","","","","","","","","","","","","","","","","","","","",""
"3922393146590","01021","胃腸内科","1","09:00","12:00","09:00","12:00","09:00","12:00","09:00","12:00","09:00","12:00","09:00","12:00","","","","","08:30","17:30","08:30","17:30","08:30","17:30","08:30","17:30","08:30","17:30","08:30","12:00","","","","",""
"3922393146590","01021","胃腸内科","2","14:00","18:00","14:00","18:00","14:00","18:00","14:00","18:00","14:00","18:00","","","","","","","","","","","","","","","","","","","","","","",""
"3922393146590","01021","胃腸内科","3","","","","","","","","","","","","","","","","","","","","","","","","","","","","","","","","",""
"3922393146590","09004","放射線科","1","09:00","12:00","09:00","12:00","09:00","12:00","09:00","12:00","09:00","12:00","09:00","12:00","","","","","08:30","17:30","08:30","17:30","08:30","17:30","08:30","17:30","08:30","17:30","08:30","12:00","","","","",""
"3922393146590","09004","放射線科","2","14:00","18:00","14:00","18:00","14:00","18:00","14:00","18:00","14:00","18:00","","","","","","","","","","","","","","","","","","","","","","",""
"3922393146590","09004","放射線科","3","","","","","","","","","","","","","","","","","","","","","","","","","","","","","","","","",""
"3922393149780","01001","内科","1","10:00","17:15","10:00","17:15","10:00","17:15","10:00","17:15","10:00","17:15","10:00","17:15","","","","","09:00","10:00","09:00","10:00","09:00","10:00","09:00","10:00","09:00","10:00","09:00","10:00","","","","",""
"3922393149780","01001","内科","2","","","","","","","","","","","","","","","","","","","","","","","","","","","","","","","","",""
"3922393149780","01001","内科","3","","","","","","","","","","","","","","","","","","","","","","","","","","","","","","","","",""
"3922393149780","01020","消化器内科","1","10:00","17:15","10:00","17:15","10:00","17:15","10:00","17:15","10:00","17:15","10:00","17:15","","","","","09:00","10:00","09:00","10:00","09:00","10:00","09:00","10:00","09:00","10:00","09:00","10:00","","","","",""
"3922393149780","01020","消化器内科","2","","","","","","","","","","","","","","","","","","","","","","","","","","","","","","","","",""
"3922393149780","01020","消化器内科","3","","","","","","","","","","","","","","","","","","","","","","","","","","","","","","","","",""
"3922393149780","01021","胃腸内科","1","10:00","17:15","10:00","17:15","10:00","17:15","10:00","17:15","10:00","17:15","10:00","17:15","","","","","09:00","10:00","09:00","10:00","09:00","10:00","09:00","10:00","09:00","10:00","09:00","10:00","","","","",""
"3922393149780","01021","胃腸内科","2","","","","","","","","","","","","","","","","","","","","","","","","","","","","","","","","",""
"3922393149780","01021","胃腸内科","3","","","","","","","","","","","","","","","","","","","","","","","","","","","","","","","","",""
"3922393149780","01028","老年内科","1","10:00","17:15","10:00","17:15","10:00","17:15","10:00","17:15","10:00","17:15","10:00","17:15","","","","","09:00","10:00","09:00","10:00","09:00","10:00","09:00","10:00","09:00","10:00","09:00","10:00","","","","",""
"3922393149780","01028","老年内科","2","","","","","","","","","","","","","","","","","","","","","","","","","","","","","","","","",""
"3922393149780","01028","老年内科","3","","","","","","","","","","","","","","","","","","","","","","","","","","","","","","","","",""
"3922393149780","02001","外科","1","10:00","17:15","10:00","17:15","10:00","17:15","10:00","17:15","10:00","17:15","10:00","17:15","","","","","09:00","10:00","09:00","10:00","09:00","10:00","09:00","10:00","09:00","10:00","09:00","10:00","","","","",""
"3922393149780","02001","外科","2","","","","","","","","","","","","","","","","","","","","","","","","","","","","","","","","",""
"3922393149780","02001","外科","3","","","","","","","","","","","","","","","","","","","","","","","","","","","","","","","","",""
"3922393154410","02035","整形外科","1","09:00","12:30","09:00","12:30","09:00","12:30","09:00","13:00","09:00","12:30","09:00","13:00","","","","","09:00","12:00","09:00","12:00","09:00","12:00","09:00","12:30","09:00","12:00","09:00","12:30","","","","",""
"3922393154410","02035","整形外科","2","14:00","18:30","14:00","18:30","14:00","18:30","","","14:00","18:30","","","","","","","14:00","18:00","14:00","18:00","14:00","18:00","","","14:00","18:00","","","","","","",""
"3922393154410","02035","整形外科","3","","","","","","","","","","","","","","","","","","","","","","","","","","","","","","","","",""
"3922393154410","09003","リハビリテーション科","1","09:00","12:30","09:00","12:30","09:00","12:30","09:00","13:00","09:00","12:30","09:00","13:00","","","","","09:00","12:00","09:00","12:00","09:00","12:00","09:00","12:30","09:00","12:00","09:00","12:30","","","","",""
"3922393154410","09003","リハビリテーション科","2","14:00","18:30","14:00","18:30","14:00","18:30","","","14:00","18:30","","","","","","","14:00","18:00","14:00","18:00","14:00","18:00","","","14:00","18:00","","","","","","",""
"3922393154410","09003","リハビリテーション科","3","","","","","","","","","","","","","","","","","","","","","","","","","","","","","","","","",""
"3922393155260","01001","内科","1","09:00","12:30","09:00","12:30","09:00","12:30","09:00","12:30","09:00","12:30","","","","","","","09:00","12:30","09:00","12:30","09:00","12:30","09:00","12:30","09:00","12:30","","","","","","",""
"3922393155260","01001","内科","2","14:30","18:00","14:30","18:00","14:30","18:00","14:30","18:00","14:30","18:00","","","","","","","14:30","18:00","14:30","18:00","14:30","18:00","14:30","18:00","14:30","18:00","","","","","","",""
"3922393155260","01001","内科","3","","","","","","","","","","","","","","","","","","","","","","","","","","","","","","","","",""
"3922393155260","01020","消化器内科","1","09:00","12:30","09:00","12:30","09:00","12:30","09:00","12:30","09:00","12:30","","","","","","","09:00","12:30","09:00","12:30","09:00","12:30","09:00","12:30","09:00","12:30","","","","","","",""
"3922393155260","01020","消化器内科","2","14:30","18:00","14:30","18:00","14:30","18:00","14:30","18:00","14:30","18:00","","","","","","","14:30","18:00","14:30","18:00","14:30","18:00","14:30","18:00","14:30","18:00","","","","","","",""
"3922393155260","01020","消化器内科","3","","","","","","","","","","","","","","","","","","","","","","","","","","","","","","","","",""
"3922393155260","01027","漢方内科","1","09:00","12:30","09:00","12:30","09:00","12:30","09:00","12:30","09:00","12:30","","","","","","","09:00","12:30","09:00","12:30","09:00","12:30","09:00","12:30","09:00","12:30","","","","","","",""
"3922393155260","01027","漢方内科","2","14:30","18:00","14:30","18:00","14:30","18:00","14:30","18:00","14:30","18:00","","","","","","","14:30","18:00","14:30","18:00","14:30","18:00","14:30","18:00","14:30","18:00","","","","","","",""
"3922393155260","01027","漢方内科","3","","","","","","","","","","","","","","","","","","","","","","","","","","","","","","","","",""
"3922393155260","02001","外科","1","09:00","12:30","09:00","12:30","09:00","12:30","09:00","12:30","09:00","12:30","","","","","","","09:00","12:30","09:00","12:30","09:00","12:30","09:00","12:30","09:00","12:30","","","","","","",""
"3922393155260","02001","外科","2","14:30","18:00","14:30","18:00","14:30","18:00","14:30","18:00","14:30","18:00","","","","","","","14:30","18:00","14:30","18:00","14:30","18:00","14:30","18:00","14:30","18:00","","","","","","",""
"3922393155260","02001","外科","3","","","","","","","","","","","","","","","","","","","","","","","","","","","","","","","","",""
"3922393155260","03001","小児科","1","09:00","12:30","09:00","12:30","09:00","12:30","09:00","12:30","09:00","12:30","","","","","","","09:00","12:30","09:00","12:30","09:00","12:30","09:00","12:30","09:00","12:30","","","","","","",""
"3922393155260","03001","小児科","2","14:30","18:00","14:30","18:00","14:30","18:00","14:30","18:00","14:30","18:00","","","","","","","14:30","18:00","14:30","18:00","14:30","18:00","14:30","18:00","14:30","18:00","","","","","","",""
"3922393155260","03001","小児科","3","","","","","","","","","","","","","","","","","","","","","","","","","","","","","","","","",""
"3922393155260","06001","皮膚科","1","09:00","12:30","09:00","12:30","09:00","12:30","09:00","12:30","09:00","12:30","","","","","","","09:00","12:30","09:00","12:30","09:00","12:30","09:00","12:30","09:00","12:30","","","","","","",""
"3922393155260","06001","皮膚科","2","14:30","18:00","14:30","18:00","14:30","18:00","14:30","18:00","14:30","18:00","","","","","","","14:30","18:00","14:30","18:00","14:30","18:00","14:30","18:00","14:30","18:00","","","","","","",""
"3922393155260","06001","皮膚科","3","","","","","","","","","","","","","","","","","","","","","","","","","","","","","","","","",""
"3922393155840","01001","内科","1","08:30","17:00","08:30","17:00","08:30","17:00","08:30","17:00","08:30","17:00","","","","","","","","","","","","","","","","","","","","","","",""
"3922393155840","01001","内科","2","","","","","","","","","","","","","","","","","","","","","","","","","","","","","","","","",""
"3922393155840","01001","内科","3","","","","","","","","","","","","","","","","","","","","","","","","","","","","","","","","",""
"3922393160150","01001","内科","1","09:00","12:00","09:00","12:00","","","09:00","12:00","09:00","12:00","09:00","12:00","","","","","08:50","12:00","08:50","12:00","","","08:50","12:00","08:50","12:00","08:50","12:00","","","","",""
"3922393160150","01001","内科","2","13:30","14:30","13:30","14:30","","","13:30","14:30","13:30","14:30","13:30","14:30","","","","","","","","","","","","","","","","","","","","","空欄にした: 月_外来受付 13:30-13:30（開始と終了が同じ） / 空欄にした: 火_外来受付 13:30-13:30（開始と終了が同じ） / 空欄にした: 木_外来受付 13:30-13:30（開始と終了が同じ） / 空欄にした: 金_外来受付 13:30-13:30（開始と終了が同じ） / 空欄にした: 土_外来受付 13:30-13:30（開始と終了が同じ）"
"3922393160150","01001","内科","3","14:30","18:00","14:30","18:00","","","14:30","18:00","14:30","18:00","14:30","16:30","","","","","14:30","18:00","14:30","18:00","","","14:30","18:00","14:30","18:00","14:30","16:30","","","","",""
"3922393160150","03001","小児科","1","09:00","12:00","09:00","12:00","","","09:00","12:00","09:00","12:00","09:00","12:00","","","","","08:50","12:00","08:50","12:00","","","08:50","12:00","08:50","12:00","08:50","12:00","","","","",""
"3922393160150","03001","小児科","2","13:30","14:30","13:30","14:30","","","13:30","14:30","13:30","14:30","13:30","14:30","","","","","","","","","","","","","","","","","","","","","空欄にした: 月_外来受付 13:30-13:30（開始と終了が同じ） / 空欄にした: 火_外来受付 13:30-13:30（開始と終了が同じ） / 空欄にした: 木_外来受付 13:30-13:30（開始と終了が同じ） / 空欄にした: 金_外来受付 13:30-13:30（開始と終了が同じ） / 空欄にした: 土_外来受付 13:30-13:30（開始と終了が同じ）"
"3922393160150","03001","小児科","3","14:30","18:00","14:30","18:00","","","14:30","18:00","14:30","18:00","14:30","16:30","","","","","14:30","18:00","14:30","18:00","","","14:30","18:00","14:30","18:00","14:30","16:30","","","","",""
"3922393163500","06001","皮膚科","1","","","","","","","","","","","","","","","","","","","","","","","","","","","","","","","","",""
"3922393163500","06001","皮膚科","2","","","","","","","","","","","","","","","","","","","","","","","","","","","","","","","","",""
"3922393163500","06001","皮膚科","3","","","","","","","","","","","","","","","","","","","","","","","","","","","","","","","","",""
"3922393163630","09991","その他","1","","","","","","","","","","","","","","","","","","","","","","","","","","","","","","","","",""
"3922393163630","09991","その他","2","","","","","","","","","","","","","","","","","","","","","","","","","","","","","","","","",""
"3922393163630","09991","その他","3","","","","","","","","","","","","","","","","","","","","","","","","","","","","","","","","",""
"3922393163760","02035","整形外科","1","09:00","12:30","09:00","12:30","09:00","12:30","","","09:00","12:30","09:00","12:30","","","","","09:00","12:00","09:00","12:00","09:00","12:00","","","09:00","12:00","09:00","12:00","","","","",""
"3922393163760","02035","整形外科","2","14:00","18:30","14:00","18:30","14:00","18:30","","","14:00","18:30","14:00","16:00","","","","","14:00","18:00","14:00","18:00","14:00","18:00","","","14:00","18:00","14:00","15:30","","","","",""
"3922393163760","02035","整形外科","3","","","","","","","","","","","","","","","","","","","","","","","","","","","","","","","","",""
"3922393163760","09002","リウマチ科","1","09:00","12:30","09:00","12:30","09:00","12:30","","","09:00","12:30","09:00","12:30","","","","","09:00","12:00","09:00","12:00","09:00","12:00","","","09:00","12:00","09:00","12:00","","","","",""
"3922393163760","09002","リウマチ科","2","14:00","18:30","14:00","18:30","14:00","18:30","","","14:00","18:30","14:00","16:00","","","","","14:00","18:00","14:00","18:00","14:00","18:00","","","14:00","18:00","14:00","15:30","","","","",""
"3922393163760","09002","リウマチ科","3","","","","","","","","","","","","","","","","","","","","","","","","","","","","","","","","",""
"3922393163760","09003","リハビリテーション科","1","09:00","12:30","09:00","12:30","09:00","12:30","","","09:00","12:30","09:00","12:30","","","","","09:00","12:00","09:00","12:00","09:00","12:00","","","09:00","12:00","09:00","12:00","","","","",""
"3922393163760","09003","リハビリテーション科","2","14:00","18:30","14:00","18:30","14:00","18:30","","","14:00","18:30","14:00","16:00","","","","","14:00","18:00","14:00","18:00","14:00","18:00","","","14:00","18:00","14:00","15:30","","","","",""
"3922393163760","09003","リハビリテーション科","3","","","","","","","","","","","","","","","","","","","","","","","","","","","","","","","","",""
"3922393168550","02035","整形外科","1","09:00","12:30","09:00","12:30","09:00","12:30","","","09:00","12:30","09:00","12:30","","","","","09:00","12:00","09:00","12:00","09:00","12:00","","","09:00","12:00","09:00","12:00","","","","",""
"3922393168550","02035","整形外科","2","14:00","18:30","14:00","18:30","14:00","18:30","","","14:00","18:30","14:00","17:00","","","","","14:00","17:30","14:00","17:30","14:00","17:30","","","14:00","17:30","14:00","16:30","","","","",""
"3922393168550","02035","整形外科","3","","","","","","","","","","","","","","","","","","","","","","","","","","","","","","","","",""
"3922393168550","09002","リウマチ科","1","09:00","12:30","09:00","12:30","09:00","12:30","","","09:00","12:30","09:00","12:30","","","","","09:00","12:00","09:00","12:00","09:00","12:00","","","09:00","12:00","09:00","12:00","","","","",""
"3922393168550","09002","リウマチ科","2","14:00","18:30","14:00","18:30","14:00","18:30","","","14:00","18:30","14:00","17:30","","","","","14:00","17:30","14:00","17:30","14:00","17:30","","","14:00","17:30","14:00","16:30","","","","",""
"3922393168550","09002","リウマチ科","3","","","","","","","","","","","","","","","","","","","","","","","","","","","","","","","","",""
"3922393168550","09003","リハビリテーション科","1","09:00","12:30","09:00","12:30","09:00","12:30","","","09:00","12:30","09:00","12:30","","","","","09:00","12:00","09:00","12:00","09:00","12:00","","","09:00","12:00","09:00","12:00","","","","",""
"3922393168550","09003","リハビリテーション科","2","14:00","18:30","14:00","18:30","14:00","18:30","","","14:00","18:30","14:00","17:00","","","","","14:00","17:30","14:00","17:30","14:00","17:30","","","14:00","17:30","14:00","16:30","","","","",""
"3922393168550","09003","リハビリテーション科","3","","","","","","","","","","","","","","","","","","","","","","","","","","","","","","","","",""
"3922393169140","05001","眼科","1","10:00","13:00","10:00","13:00","10:00","13:00","","","","","10:00","13:00","10:00","13:00","10:00","13:00","10:00","12:30","10:00","12:30","10:00","12:30","","","","","10:00","12:30","10:00","12:30","10:00","12:30","疑い: 施設情報のファイルの「祝日に休診」が 0（休診）だが、この行に祝日の診療時間が入っている"
"3922393169140","05001","眼科","2","14:30","18:00","14:30","18:00","14:30","18:00","","","","","","","","","","","14:00","17:30","14:00","17:30","14:00","17:30","","","","","","","","","","",""
"3922393169140","05001","眼科","3","","","","","","","","","","","14:00","17:30","14:00","17:30","14:00","17:30","","","","","","","","","","","14:00","17:00","14:00","17:00","14:00","17:00","疑い: 施設情報のファイルの「祝日に休診」が 0（休診）だが、この行に祝日の診療時間が入っている"
"3922393169270","01001","内科","1","","","09:00","13:00","09:00","13:00","09:00","13:00","","","","","09:00","13:00","09:00","13:00","","","","","","","","","","","","","","","","",""
"3922393169270","01001","内科","2","15:00","21:00","15:00","21:00","15:00","21:00","15:00","21:00","","","15:00","21:00","15:00","21:00","15:00","21:00","","","","","","","","","","","","","","","","",""
"3922393169270","01001","内科","3","","","","","","","","","","","","","","","","","","","","","","","","","","","","","","","","",""
"3922393169270","07001","精神科","1","","","09:00","13:00","09:00","13:00","09:00","13:00","","","","","09:00","13:00","09:00","13:00","","","","","","","","","","","","","","","","",""
"3922393169270","07001","精神科","2","15:00","21:00","15:00","21:00","15:00","21:00","15:00","21:00","","","15:00","21:00","15:00","21:00","15:00","21:00","","","","","","","","","","","","","","","","",""
"3922393169270","07001","精神科","3","","","","","","","","","","","","","","","","","","","","","","","","","","","","","","","","",""
"3922393169270","07003","心療内科","1","","","09:00","13:00","09:00","13:00","09:00","13:00","","","","","09:00","13:00","09:00","13:00","","","","","","","","","","","","","","","","",""
"3922393169270","07003","心療内科","2","15:00","21:00","15:00","21:00","15:00","21:00","15:00","21:00","","","15:00","21:00","15:00","21:00","15:00","21:00","","","","","","","","","","","","","","","","",""
"3922393169270","07003","心療内科","3","","","","","","","","","","","","","","","","","","","","","","","","","","","","","","","","",""
"3922393170540","01001","内科","1","09:00","13:00","09:00","13:00","09:00","13:00","09:00","13:00","09:00","13:00","09:00","13:00","","","","","09:00","12:30","09:00","12:30","09:00","12:30","09:00","12:30","09:00","12:30","09:00","12:30","","","","",""
"3922393170540","01001","内科","2","14:00","18:00","14:00","18:00","14:00","18:00","14:00","18:00","14:00","18:00","","","","","","","14:00","17:30","14:00","17:30","14:00","17:30","14:00","17:30","14:00","17:30","","","","","","",""
"3922393170540","01001","内科","3","","","","","","","","","","","","","","","","","","","","","","","","","","","","","","","","",""
"3922393170540","01017","循環器内科","1","09:00","18:00","09:00","18:00","09:00","18:00","09:00","18:00","09:00","18:00","09:00","18:00","","","","","09:00","12:30","09:00","12:30","09:00","12:30","09:00","12:30","09:00","12:30","09:00","12:30","","","","",""
"3922393170540","01017","循環器内科","2","09:00","13:00","09:00","13:00","09:00","13:00","09:00","13:00","09:00","13:00","09:00","13:00","","","","","14:00","17:30","14:00","17:30","14:00","17:30","14:00","17:30","14:00","17:30","14:00","17:30","","","","",""
"3922393170540","01017","循環器内科","3","","","","","","","","","","","","","","","","","","","","","","","","","","","","","","","","",""
"3922393170540","07003","心療内科","1","","","","","09:00","13:00","","","","","","","","","","","","","","","09:00","12:30","","","","","","","","","","",""
"3922393170540","07003","心療内科","2","","","","","14:00","17:00","","","","","","","","","","","","","","","14:00","16:30","","","","","","","","","","",""
"3922393170540","07003","心療内科","3","","","","","","","","","","","","","","","","","","","","","","","","","","","","","","","","",""
"3922393175170","01001","内科","1","10:00","13:00","10:00","13:00","10:00","13:00","10:00","13:00","10:00","13:00","10:00","13:00","","","","","","","","","","","","","","","","","","","","",""
"3922393175170","01001","内科","2","14:30","18:30","14:30","18:30","","","14:30","18:30","14:30","18:30","14:30","18:00","","","","","","","","","","","","","","","","","","","","",""
"3922393175170","01001","内科","3","","","","","","","","","","","","","","","","","","","","","","","","","","","","","","","","",""
"3922393175170","02002","脳神経外科","1","10:00","13:00","10:00","13:00","10:00","13:00","10:00","13:00","10:00","13:00","10:00","13:00","","","","","","","","","","","","","","","","","","","","",""
"3922393175170","02002","脳神経外科","2","14:30","18:30","14:30","18:30","","","14:30","18:30","14:30","18:30","14:30","18:00","","","","","","","","","","","","","","","","","","","","",""
"3922393175170","02002","脳神経外科","3","","","","","","","","","","","","","","","","","","","","","","","","","","","","","","","","",""
"3922393180220","05002","耳鼻いんこう科","1","09:00","12:30","09:00","12:30","","","09:00","12:30","09:00","12:30","09:00","12:30","","","","","09:00","12:30","09:00","12:30","","","09:00","12:30","09:00","12:30","09:00","12:30","","","","",""
"3922393180220","05002","耳鼻いんこう科","2","14:30","18:00","14:30","18:00","","","14:30","18:00","14:30","18:00","14:00","17:00","","","","","14:30","18:00","14:30","18:00","","","14:30","18:00","14:30","18:00","14:00","17:00","","","","",""
"3922393180220","05002","耳鼻いんこう科","3","","","","","","","","","","","","","","","","","","","","","","","","","","","","","","","","",""
"3922393180640","02036","形成外科","1","09:00","12:30","09:00","12:30","09:00","12:30","09:00","13:00","09:00","12:30","09:00","13:00","","","","","","","","","","","","","","","","","","","","",""
"3922393180640","02036","形成外科","2","14:00","17:30","14:00","17:30","14:00","17:30","","","14:00","17:30","14:00","16:30","","","","","","","","","","","","","","","","","","","","",""
"3922393180640","02036","形成外科","3","","","","","","","","","","","","","","","","","","","","","","","","","","","","","","","","",""
"3922393180640","02037","美容外科","1","09:00","12:30","09:00","12:30","09:00","12:30","09:00","13:00","09:00","12:30","09:00","13:00","","","","","","","","","","","","","","","","","","","","",""
"3922393180640","02037","美容外科","2","14:00","17:30","14:00","17:30","14:00","17:30","","","14:00","17:30","14:00","16:30","","","","","","","","","","","","","","","","","","","","",""
"3922393180640","02037","美容外科","3","","","","","","","","","","","","","","","","","","","","","","","","","","","","","","","","",""
"3922393180640","04001","産婦人科","1","09:00","12:30","09:00","12:30","09:00","12:30","09:00","12:30","09:00","12:30","09:00","12:30","","","","","","","","","","","","","","","","","","","","",""
"3922393180640","04001","産婦人科","2","14:00","17:30","14:00","17:30","14:00","17:30","","","14:00","17:30","14:00","16:30","","","","","","","","","","","","","","","","","","","","",""
"3922393180640","04001","産婦人科","3","","","","","","","","","","","","","","","","","","","","","","","","","","","","","","","","",""
"3922393180640","06001","皮膚科","1","09:00","12:30","09:00","12:30","09:00","12:30","09:00","13:00","09:00","12:30","09:00","13:00","","","","","","","","","","","","","","","","","","","","",""
"3922393180640","06001","皮膚科","2","14:00","17:30","14:00","17:30","14:00","17:30","","","14:00","17:30","14:00","16:30","","","","","","","","","","","","","","","","","","","","",""
"3922393180640","06001","皮膚科","3","","","","","","","","","","","","","","","","","","","","","","","","","","","","","","","","",""
"3922393180800","06002","美容皮膚科","1","10:00","14:00","10:00","14:00","10:00","14:00","10:00","14:00","10:00","14:00","10:00","14:00","10:00","14:00","","","","","","","","","","","","","","","","","","",""
"3922393180800","06002","美容皮膚科","2","15:00","20:00","15:00","20:00","15:00","20:00","15:00","20:00","15:00","20:00","15:00","20:00","15:00","20:00","","","","","","","","","","","","","","","","","","",""
"3922393180800","06002","美容皮膚科","3","","","","","","","","","","","","","","","","","","","","","","","","","","","","","","","","",""
"3922393180930","02036","形成外科","1","09:00","19:00","09:00","19:00","09:00","19:00","09:00","19:00","09:00","19:00","09:00","19:00","09:00","19:00","09:00","19:00","09:00","19:00","09:00","19:00","09:00","19:00","09:00","19:00","09:00","19:00","09:00","19:00","09:00","19:00","09:00","19:00",""
"3922393180930","02036","形成外科","2","","","","","","","","","","","","","","","","","","","","","","","","","","","","","","","","",""
"3922393180930","02036","形成外科","3","","","","","","","","","","","","","","","","","","","","","","","","","","","","","","","","",""
"3922393180930","02037","美容外科","1","09:00","19:00","09:00","19:00","09:00","19:00","09:00","19:00","09:00","19:00","09:00","19:00","09:00","19:00","09:00","19:00","09:00","19:00","09:00","19:00","09:00","19:00","09:00","19:00","09:00","19:00","09:00","19:00","09:00","19:00","09:00","19:00",""
"3922393180930","02037","美容外科","2","","","","","","","","","","","","","","","","","","","","","","","","","","","","","","","","",""
"3922393180930","02037","美容外科","3","","","","","","","","","","","","","","","","","","","","","","","","","","","","","","","","",""
"3922393180930","06001","皮膚科","1","09:00","19:00","09:00","19:00","09:00","19:00","09:00","19:00","09:00","19:00","09:00","19:00","09:00","19:00","09:00","19:00","09:00","19:00","09:00","19:00","09:00","19:00","09:00","19:00","09:00","19:00","09:00","19:00","09:00","19:00","09:00","19:00",""
"3922393180930","06001","皮膚科","2","","","","","","","","","","","","","","","","","","","","","","","","","","","","","","","","",""
"3922393180930","06001","皮膚科","3","","","","","","","","","","","","","","","","","","","","","","","","","","","","","","","","",""
"3922393180930","06002","美容皮膚科","1","09:00","19:00","09:00","19:00","09:00","19:00","09:00","19:00","09:00","19:00","09:00","19:00","09:00","19:00","09:00","19:00","09:00","19:00","09:00","19:00","09:00","19:00","09:00","19:00","09:00","19:00","09:00","19:00","09:00","19:00","09:00","19:00",""
"3922393180930","06002","美容皮膚科","2","","","","","","","","","","","","","","","","","","","","","","","","","","","","","","","","",""
"3922393180930","06002","美容皮膚科","3","","","","","","","","","","","","","","","","","","","","","","","","","","","","","","","","",""
"3922393182790","01001","内科","1","","","","","11:00","14:00","11:00","14:00","11:00","14:00","","","","","","","","","","","","","","","","","","","","","","",""
"3922393182790","01001","内科","2","","","","","15:00","18:00","15:00","18:00","15:00","18:00","","","","","","","","","","","","","","","","","","","","","","",""
"3922393182790","01001","内科","3","","","","","","","","","","","","","","","","","","","","","","","","","","","","","","","","",""
"3922393182790","06001","皮膚科","1","","","","","11:00","14:00","11:00","14:00","11:00","14:00","","","","","","","","","","","","","","","","","","","","","","",""
"3922393182790","06001","皮膚科","2","","","","","15:00","18:00","15:00","18:00","15:00","18:00","","","","","","","","","","","","","","","","","","","","","","",""
"3922393182790","06001","皮膚科","3","","","","","","","","","","","","","","","","","","","","","","","","","","","","","","","","",""
"3922393182790","07001","精神科","1","","","","","11:00","14:00","11:00","14:00","11:00","14:00","","","","","","","","","","","","","","","","","","","","","","",""
"3922393182790","07001","精神科","2","","","","","15:00","18:00","15:00","18:00","15:00","18:00","","","","","","","","","","","","","","","","","","","","","","",""
"3922393182790","07001","精神科","3","","","","","","","","","","","","","","","","","","","","","","","","","","","","","","","","",""
"3922393182950","01001","内科","1","09:00","12:30","09:00","12:30","09:00","12:30","","","09:00","12:30","09:00","12:30","","","","","09:00","12:00","09:00","12:00","09:00","12:00","","","09:00","12:00","09:00","12:00","","","","",""
"3922393182950","01001","内科","2","14:30","18:00","14:30","18:00","14:30","18:00","","","14:30","18:00","","","","","","","14:30","17:30","14:30","17:30","14:30","17:30","","","14:30","17:30","","","","","","",""
"3922393182950","01001","内科","3","","","","","","","","","","","","","","","","","","","","","","","","","","","","","","","","",""
"3922393182950","01020","消化器内科","1","09:00","12:30","09:00","12:30","09:00","12:30","","","09:00","12:30","09:00","12:30","","","","","09:00","12:00","09:00","12:00","09:00","12:00","","","09:00","12:00","09:00","12:00","","","","",""
"3922393182950","01020","消化器内科","2","14:30","18:00","14:30","18:00","14:30","18:00","","","14:30","18:00","","","","","","","14:30","17:30","14:30","17:30","14:30","17:30","","","14:30","17:30","","","","","","",""
"3922393182950","01020","消化器内科","3","","","","","","","","","","","","","","","","","","","","","","","","","","","","","","","","",""
"3922393183090","01001","内科","1","09:00","13:00","09:00","13:00","09:00","13:00","","","09:00","13:00","09:00","13:00","","","","","09:00","12:00","09:00","12:00","09:00","12:00","","","09:00","12:00","09:00","12:00","","","","",""
"3922393183090","01001","内科","2","14:00","18:00","14:00","18:00","14:00","18:00","","","14:00","18:00","","","","","","","14:00","17:30","14:00","17:30","14:00","17:30","","","14:00","17:30","","","","","","",""
"3922393183090","01001","内科","3","","","","","","","","","","","","","","","","","","","","","","","","","","","","","","","","",""
"3922393183090","03001","小児科","1","09:00","13:00","09:00","13:00","09:00","13:00","","","09:00","13:00","09:00","13:00","","","","","09:00","12:00","09:00","12:00","09:00","12:00","","","09:00","12:00","09:00","12:00","","","","",""
"3922393183090","03001","小児科","2","14:00","18:00","14:00","18:00","14:00","18:00","","","14:00","18:00","","","","","","","14:00","17:30","14:00","17:30","14:00","17:30","","","14:00","17:30","","","","","","",""
"3922393183090","03001","小児科","3","","","","","","","","","","","","","","","","","","","","","","","","","","","","","","","","",""
"3922393183210","02037","美容外科","1","","","09:00","18:00","09:00","18:00","","","09:00","18:00","09:00","18:00","09:00","18:00","09:00","18:00","","","09:00","16:30","09:00","16:30","","","09:00","16:30","09:00","16:30","09:00","16:30","09:00","16:30",""
"3922393183210","02037","美容外科","2","","","","","","","","","","","","","","","","","","","","","","","","","","","","","","","","",""
"3922393183210","02037","美容外科","3","","","","","","","","","","","","","","","","","","","","","","","","","","","","","","","","",""
"3922393183210","06002","美容皮膚科","1","","","09:00","18:00","09:00","18:00","","","09:00","18:00","09:00","18:00","09:00","18:00","09:00","18:00","","","09:00","16:30","09:00","16:30","","","09:00","16:30","09:00","16:30","09:00","16:30","09:00","16:30",""
"3922393183210","06002","美容皮膚科","2","","","","","","","","","","","","","","","","","","","","","","","","","","","","","","","","",""
"3922393183210","06002","美容皮膚科","3","","","","","","","","","","","","","","","","","","","","","","","","","","","","","","","","",""
"3922393185300","01001","内科","1","09:30","12:30","09:30","12:30","09:30","12:30","09:30","12:30","09:30","12:30","","","","","","","","","","","","","","","","","","","","","","",""
"3922393185300","01001","内科","2","13:30","17:30","13:30","17:30","13:30","17:30","13:30","17:30","13:30","17:30","","","","","","","","","","","","","","","","","","","","","","",""
"3922393185300","01001","内科","3","","","","","","","","","","","","","","","","","","","","","","","","","","","","","","","","",""
"3922393187030","07001","精神科","1","09:00","12:30","09:00","12:30","","","09:00","12:30","09:00","12:30","09:00","12:30","","","","","09:00","12:00","09:00","12:00","09:00","12:00","","","09:00","12:00","09:00","12:00","","","","",""
"3922393187030","07001","精神科","2","13:30","18:00","13:30","18:00","","","13:30","18:00","13:30","18:00","13:30","18:00","","","","","13:30","17:30","13:30","17:30","13:30","17:30","","","13:30","17:30","13:30","17:30","","","","",""
"3922393187030","07001","精神科","3","","","","","","","","","","","","","","","","","","","","","","","","","","","","","","","","",""
"3922393187030","07002","神経科","1","","","","","","","","","","","","","","","","","","","","","","","","","","","","","","","","",""
"3922393187030","07002","神経科","2","","","","","","","","","","","","","","","","","","","","","","","","","","","","","","","","",""
"3922393187030","07002","神経科","3","","","","","","","","","","","","","","","","","","","","","","","","","","","","","","","","",""
"3922393187030","07003","心療内科","1","","","","","","","","","","","","","","","","","","","","","","","","","","","","","","","","",""
"3922393187030","07003","心療内科","2","","","","","","","","","","","","","","","","","","","","","","","","","","","","","","","","",""
"3922393187030","07003","心療内科","3","","","","","","","","","","","","","","","","","","","","","","","","","","","","","","","","",""
"3922393190870","01001","内科","1","09:00","12:00","09:00","12:00","09:00","12:00","09:00","12:00","09:00","12:00","","","","","","","09:00","12:00","09:00","12:00","09:00","12:00","09:00","12:00","09:00","12:00","","","","","","",""
"3922393190870","01001","内科","2","13:00","17:00","13:00","17:00","13:00","17:00","13:00","17:00","13:00","17:00","","","","","","","13:00","17:00","13:00","17:00","13:00","17:00","13:00","17:00","13:00","17:00","","","","","","",""
"3922393190870","01001","内科","3","","","","","","","","","","","","","","","","","","","","","","","","","","","","","","","","",""
"3922395100990","01001","内科","1","","","09:30","10:30","","","10:00","12:00","","","","","","","","","09:00","12:00","09:00","12:00","09:00","12:00","09:00","12:00","09:00","12:00","","","","","","","空欄にした: 月_診療 00:00-00:00（開始と終了が同じ） / 空欄にした: 金_診療 00:00-00:00（開始と終了が同じ）"
"3922395100990","01001","内科","2","15:30","16:30","","","","","","","14:30","16:30","","","","","","","13:00","16:00","13:00","16:00","13:00","16:00","13:00","16:00","13:00","16:00","","","","","","","空欄にした: 火_診療 00:00-00:00（開始と終了が同じ） / 空欄にした: 木_診療 00:00-00:00（開始と終了が同じ）"
"3922395100990","01001","内科","3","","","","","","","","","","","","","","","","","","","","","","","","","","","","","","","","","空欄にした: 月_診療 00:00-00:00（開始と終了が同じ） / 空欄にした: 火_診療 00:00-00:00（開始と終了が同じ） / 空欄にした: 水_診療 00:00-00:00（開始と終了が同じ） / 空欄にした: 木_診療 00:00-00:00（開始と終了が同じ） / 空欄にした: 金_診療 00:00-00:00（開始と終了が同じ） / 空欄にした: 月_外来受付 00:00-00:00（開始と終了が同じ） / 空欄にした: 火_外来受付 00:00-00:00（開始と終了が同じ） / 空欄にした: 水_外来受付 00:00-00:00（開始と終了が同じ） / 空欄にした: 木_外来受付 00:00-00:00（開始と終了が同じ） / 空欄にした: 金_外来受付 00:00-00:00（開始と終了が同じ）"
"3922395103050","06001","皮膚科","1","09:00","12:00","09:00","12:00","09:00","12:00","09:00","12:00","09:00","12:00","09:00","12:00","","","","","09:00","12:00","09:00","12:00","09:00","12:00","09:00","12:00","09:00","12:00","09:00","12:00","","","","",""
"3922395103050","06001","皮膚科","2","14:00","17:30","14:00","17:30","14:00","17:30","","","14:00","17:30","","","","","","","14:00","17:00","14:00","17:00","14:00","17:00","","","14:00","17:00","","","","","","","空欄にした: 木_診療 00:00-00:00（開始と終了が同じ） / 空欄にした: 土_診療 00:00-00:00（開始と終了が同じ） / 空欄にした: 木_外来受付 00:00-00:00（開始と終了が同じ） / 空欄にした: 土_外来受付 00:00-00:00（開始と終了が同じ）"
"3922395103050","06001","皮膚科","3","","","","","","","","","","","","","","","","","","","","","","","","","","","","","","","","","空欄にした: 月_診療 00:00-00:00（開始と終了が同じ） / 空欄にした: 火_診療 00:00-00:00（開始と終了が同じ） / 空欄にした: 水_診療 00:00-00:00（開始と終了が同じ） / 空欄にした: 木_診療 00:00-00:00（開始と終了が同じ） / 空欄にした: 金_診療 00:00-00:00（開始と終了が同じ） / 空欄にした: 土_診療 00:00-00:00（開始と終了が同じ） / 空欄にした: 月_外来受付 00:00-00:00（開始と終了が同じ） / 空欄にした: 火_外来受付 00:00-00:00（開始と終了が同じ） / 空欄にした: 水_外来受付 00:00-00:00（開始と終了が同じ） / 空欄にした: 木_外来受付 00:00-00:00（開始と終了が同じ） / 空欄にした: 金_外来受付 00:00-00:00（開始と終了が同じ） / 空欄にした: 土_外来受付 00:00-00:00（開始と終了が同じ）"
"3922395104930","04001","産婦人科","1","09:00","13:00","09:00","13:00","","","09:00","13:00","09:00","13:00","09:00","13:00","","","","","","","","","","","","","","","","","","","","","空欄にした: 月_外来受付 00:00-00:00（開始と終了が同じ） / 空欄にした: 火_外来受付 00:00-00:00（開始と終了が同じ） / 空欄にした: 木_外来受付 00:00-00:00（開始と終了が同じ） / 空欄にした: 金_外来受付 00:00-00:00（開始と終了が同じ） / 空欄にした: 土_外来受付 00:00-00:00（開始と終了が同じ）"
"3922395104930","04001","産婦人科","2","15:00","17:15","15:00","17:15","","","15:00","17:15","15:00","17:15","15:00","17:15","","","","","","","","","","","","","","","","","","","","","空欄にした: 月_外来受付 00:00-00:00（開始と終了が同じ） / 空欄にした: 火_外来受付 00:00-00:00（開始と終了が同じ） / 空欄にした: 木_外来受付 00:00-00:00（開始と終了が同じ） / 空欄にした: 金_外来受付 00:00-00:00（開始と終了が同じ） / 空欄にした: 土_外来受付 00:00-00:00（開始と終了が同じ）"
"3922395104930","04001","産婦人科","3","","","","","","","","","","","","","","","","","","","","","","","","","","","","","","","","","空欄にした: 月_診療 00:00-00:00（開始と終了が同じ） / 空欄にした: 火_診療 00:00-00:00（開始と終了が同じ） / 空欄にした: 木_診療 00:00-00:00（開始と終了が同じ） / 空欄にした: 金_診療 00:00-00:00（開始と終了が同じ） / 空欄にした: 土_診療 00:00-00:00（開始と終了が同じ） / 空欄にした: 月_外来受付 00:00-00:00（開始と終了が同じ） / 空欄にした: 火_外来受付 00:00-00:00（開始と終了が同じ） / 空欄にした: 木_外来受付 00:00-00:00（開始と終了が同じ） / 空欄にした: 金_外来受付 00:00-00:00（開始と終了が同じ） / 空欄にした: 土_外来受付 00:00-00:00（開始と終了が同じ）"
"3922395106110","06001","皮膚科","1","09:00","17:15","09:00","17:15","09:00","17:15","09:00","17:15","09:00","17:15","09:00","12:00","","","","","09:00","17:15","09:00","17:15","09:00","17:15","09:00","17:15","09:00","17:15","09:00","12:00","","","","",""
"3922395106110","06001","皮膚科","2","","","","","","","","","","","","","","","","","","","","","","","","","","","","","","","","",""
"3922395106110","06001","皮膚科","3","","","","","","","","","","","","","","","","","","","","","","","","","","","","","","","","",""
"3922395108000","01001","内科","1","09:00","12:00","09:00","12:00","09:00","12:00","09:00","12:00","09:00","12:00","09:00","12:00","","","","","09:00","12:00","09:00","12:00","09:00","12:00","09:00","12:00","09:00","12:00","09:00","12:00","","","","",""
"3922395108000","01001","内科","2","14:00","17:15","14:00","17:15","14:00","17:15","","","14:00","17:15","","","","","","","14:00","17:15","14:00","17:15","14:00","17:15","","","14:00","17:15","","","","","","",""
"3922395108000","01001","内科","3","","","","","","","","","","","","","","","","","","","","","","","","","","","","","","","","","空欄にした: 月_診療 00:00-00:00（開始と終了が同じ） / 空欄にした: 火_診療 00:00-00:00（開始と終了が同じ） / 空欄にした: 水_診療 00:00-00:00（開始と終了が同じ） / 空欄にした: 木_診療 00:00-00:00（開始と終了が同じ） / 空欄にした: 金_診療 00:00-00:00（開始と終了が同じ） / 空欄にした: 土_診療 00:00-00:00（開始と終了が同じ） / 空欄にした: 月_外来受付 00:00-00:00（開始と終了が同じ） / 空欄にした: 火_外来受付 00:00-00:00（開始と終了が同じ） / 空欄にした: 水_外来受付 00:00-00:00（開始と終了が同じ） / 空欄にした: 木_外来受付 00:00-00:00（開始と終了が同じ） / 空欄にした: 金_外来受付 00:00-00:00（開始と終了が同じ） / 空欄にした: 土_外来受付 00:00-00:00（開始と終了が同じ）"
"3922395108000","09011","麻酔科","1","09:00","12:00","09:00","12:00","09:00","12:00","09:00","12:00","09:00","12:00","09:00","12:00","","","","","09:00","12:00","09:00","12:00","09:00","12:00","09:00","12:00","09:00","12:00","09:00","12:00","","","","",""
"3922395108000","09011","麻酔科","2","14:00","17:15","14:00","17:15","14:00","17:15","","","14:00","17:15","","","","","","","14:00","17:15","14:00","17:15","14:00","17:15","","","14:00","17:15","","","","","","",""
"3922395108000","09011","麻酔科","3","","","","","","","","","","","","","","","","","","","","","","","","","","","","","","","","","空欄にした: 月_診療 00:00-00:00（開始と終了が同じ） / 空欄にした: 火_診療 00:00-00:00（開始と終了が同じ） / 空欄にした: 水_診療 00:00-00:00（開始と終了が同じ） / 空欄にした: 木_診療 00:00-00:00（開始と終了が同じ） / 空欄にした: 金_診療 00:00-00:00（開始と終了が同じ） / 空欄にした: 土_診療 00:00-00:00（開始と終了が同じ） / 空欄にした: 月_外来受付 00:00-00:00（開始と終了が同じ） / 空欄にした: 火_外来受付 00:00-00:00（開始と終了が同じ） / 空欄にした: 水_外来受付 00:00-00:00（開始と終了が同じ） / 空欄にした: 木_外来受付 00:00-00:00（開始と終了が同じ） / 空欄にした: 金_外来受付 00:00-00:00（開始と終了が同じ） / 空欄にした: 土_外来受付 00:00-00:00（開始と終了が同じ）"
"3922395109300","01001","内科","1","09:00","12:30","09:00","12:30","09:00","12:30","09:00","12:30","09:00","12:30","","","","","","","08:50","12:15","08:50","12:15","08:50","12:15","08:50","12:15","08:50","12:15","","","","","","",""
"3922395109300","01001","内科","2","14:00","17:30","14:00","17:30","14:00","17:30","14:00","17:30","14:00","17:30","","","","","","","13:50","17:15","13:50","17:15","13:50","17:15","13:50","17:15","13:50","17:15","","","","","","",""
"3922395109300","01001","内科","3","","","","","","","","","","","","","","","","","","","","","","","","","","","","","","","","",""
"3922395109300","02035","整形外科","1","09:00","12:30","09:00","12:30","09:00","12:30","09:00","12:30","09:00","12:30","","","","","","","08:50","12:15","08:50","12:15","08:50","12:15","08:50","12:15","08:50","12:15","","","","","","",""
"3922395109300","02035","整形外科","2","14:00","17:30","14:00","17:30","14:00","17:30","14:00","17:30","14:00","17:30","","","","","","","13:50","17:15","13:50","17:15","13:50","17:15","13:50","17:15","13:50","17:15","","","","","","",""
"3922395109300","02035","整形外科","3","","","","","","","","","","","","","","","","","","","","","","","","","","","","","","","","",""
"3922395112560","01001","内科","1","09:00","12:30","09:00","12:30","09:00","12:30","09:00","12:30","09:00","12:30","09:00","12:30","","","","","09:00","12:00","09:00","12:00","09:00","12:00","09:00","12:00","09:00","12:00","09:00","12:00","","","","",""
"3922395112560","01001","内科","2","14:00","17:30","14:00","17:30","14:00","17:30","","","14:00","17:30","","","","","","","14:00","17:00","14:00","17:00","14:00","17:00","","","14:00","17:00","","","","","","",""
"3922395112560","01001","内科","3","","","","","","","","","","","","","","","","","","","","","","","","","","","","","","","","",""
"3922395112560","02001","外科","1","09:00","12:30","09:00","12:30","09:00","12:30","09:00","12:30","09:00","12:30","09:00","12:30","","","","","09:00","12:00","09:00","12:00","09:00","12:00","09:00","12:00","09:00","12:00","09:00","12:00","","","","",""
"3922395112560","02001","外科","2","14:00","17:30","14:00","17:30","14:00","17:30","","","14:00","17:30","","","","","","","14:00","17:00","14:00","17:00","14:00","17:00","","","14:00","17:00","","","","","","",""
"3922395112560","02001","外科","3","","","","","","","","","","","","","","","","","","","","","","","","","","","","","","","","",""
"3922395112560","02035","整形外科","1","09:00","12:30","09:00","12:30","09:00","12:30","09:00","12:30","09:00","12:30","09:00","12:30","","","","","09:00","12:00","09:00","12:00","09:00","12:00","09:00","12:00","09:00","12:00","09:00","12:00","","","","",""
"3922395112560","02035","整形外科","2","14:00","17:30","14:00","17:30","14:00","17:30","","","14:00","17:30","","","","","","","14:00","17:00","14:00","17:00","14:00","17:00","","","14:00","17:00","","","","","","",""
"3922395112560","02035","整形外科","3","","","","","","","","","","","","","","","","","","","","","","","","","","","","","","","","",""
"3922395112560","09003","リハビリテーション科","1","09:00","12:30","09:00","12:30","09:00","12:30","09:00","12:30","09:00","12:30","09:00","12:30","","","","","09:00","12:00","09:00","12:00","09:00","12:00","09:00","12:00","09:00","12:00","09:00","12:00","","","","",""
"3922395112560","09003","リハビリテーション科","2","14:00","17:30","14:00","17:30","14:00","17:30","","","14:00","17:30","","","","","","","14:00","17:00","14:00","17:00","14:00","17:00","","","14:00","17:00","","","","","","",""
"3922395112560","09003","リハビリテーション科","3","","","","","","","","","","","","","","","","","","","","","","","","","","","","","","","","",""
"3922395112690","01001","内科","1","","","","","","","","","","","","","","","","","","","","","","","","","","","","","","","","",""
"3922395112690","01001","内科","2","","","","","","","","","","","","","","","","","","","","","","","","","","","","","","","","",""
"3922395112690","01001","内科","3","","","","","","","","","","","","","","","","","","","","","","","","","","","","","","","","",""
"3922395112690","03001","小児科","1","09:00","12:30","09:00","12:30","09:00","12:30","09:00","12:30","09:00","12:30","09:00","13:00","","","","","09:00","12:30","09:00","12:30","09:00","12:30","09:00","12:30","09:00","12:30","09:00","13:00","","","","",""
"3922395112690","03001","小児科","2","14:00","17:30","14:00","17:30","14:00","17:30","14:00","17:30","14:00","17:30","","","","","","","12:30","17:30","12:30","17:30","12:30","17:30","12:30","17:30","12:30","17:30","","","","","","",""
"3922395112690","03001","小児科","3","","","","","","","","","","","","","","","","","","","","","","","","","","","","","","","","",""
"3922395112690","09001","アレルギー科","1","09:00","12:30","09:00","12:30","09:00","12:30","","","09:00","12:30","09:00","13:00","","","","","09:00","12:30","09:00","12:30","09:00","12:30","","","09:00","12:30","09:00","13:00","","","","",""
"3922395112690","09001","アレルギー科","2","14:00","17:30","14:00","17:30","14:00","17:30","14:00","17:30","14:00","17:30","","","","","","","12:30","17:30","12:30","17:30","12:30","17:30","12:30","17:30","12:30","17:30","","","","","","",""
"3922395112690","09001","アレルギー科","3","","","","","","","","","","","","","","","","","","","","","","","","","","","","","","","","",""
"3922395113280","07001","精神科","1","09:00","12:00","09:00","12:00","09:00","12:00","09:00","12:00","09:00","12:00","","","","","","","","","","","","","","","","","","","","","","",""
"3922395113280","07001","精神科","2","13:30","19:00","13:30","19:00","13:30","19:00","13:30","17:00","","","","","","","","","","","","","","","","","","","","","","","","",""
"3922395113280","07001","精神科","3","","","","","","","","","","","","","","","","","","","","","","","","","","","","","","","","",""
"3922395113280","07003","心療内科","1","09:00","12:00","09:00","12:00","09:00","12:00","09:00","12:00","09:00","12:00","","","","","","","","","","","","","","","","","","","","","","",""
"3922395113280","07003","心療内科","2","13:30","19:00","13:30","19:00","13:30","19:00","13:30","17:00","","","","","","","","","","","","","","","","","","","","","","","","",""
"3922395113280","07003","心療内科","3","","","","","","","","","","","","","","","","","","","","","","","","","","","","","","","","",""
"3922395113440","05001","眼科","1","09:00","12:00","09:00","12:00","09:00","12:00","","","09:00","12:00","09:00","12:00","","","","","09:00","11:30","09:00","11:30","09:00","11:30","","","09:00","11:30","09:00","11:30","","","","",""
"3922395113440","05001","眼科","2","14:00","17:00","14:00","17:00","14:00","17:00","","","14:00","18:00","14:00","16:00","","","","","14:00","16:30","14:00","16:30","14:00","16:30","","","14:00","17:30","14:00","15:30","","","","",""
"3922395113440","05001","眼科","3","","","","","","","","","","","","","","","","","","","","","","","","","","","","","","","","",""
"3922395113600","01001","内科","1","09:00","12:00","09:00","12:00","09:00","12:00","","","09:00","12:00","09:00","12:00","","","","","09:00","12:00","09:00","12:00","09:00","12:00","","","09:00","12:00","09:00","12:00","","","","",""
"3922395113600","01001","内科","2","","","","","","","","","","","14:00","17:00","","","","","","","","","","","","","","","14:00","17:00","","","","",""
"3922395113600","01001","内科","3","16:00","19:00","16:00","19:00","16:00","19:00","","","16:00","19:00","","","","","","","16:00","19:00","16:00","19:00","16:00","19:00","","","16:00","19:00","","","","","","",""
"3922395113600","01020","消化器内科","1","09:00","12:00","09:00","12:00","09:00","12:00","","","09:00","12:00","09:00","12:00","","","","","09:00","12:00","09:00","12:00","09:00","12:00","","","09:00","12:00","09:00","12:00","","","","",""
"3922395113600","01020","消化器内科","2","","","","","","","","","","","14:00","17:00","","","","","","","","","","","","","","","14:00","17:00","","","","",""
"3922395113600","01020","消化器内科","3","16:00","19:00","16:00","19:00","16:00","19:00","","","16:00","19:00","","","","","","","16:00","19:00","16:00","19:00","16:00","19:00","","","16:00","19:00","","","","","","",""
"3922395114290","02035","整形外科","1","09:00","18:00","09:00","19:00","09:00","18:00","09:00","12:30","09:00","19:00","09:00","16:30","","","","","08:45","17:30","08:45","18:00","08:45","17:30","08:45","12:00","08:45","18:00","08:45","16:00","","","","",""
"3922395114290","02035","整形外科","2","","","","","","","","","","","","","","","","","","","","","","","","","","","","","","","","",""
"3922395114290","02035","整形外科","3","","","","","","","","","","","","","","","","","","","","","","","","","","","","","","","","",""
"3922395114290","09003","リハビリテーション科","1","","","","","","","","","","","","","","","","","","","","","","","","","","","","","","","","",""
"3922395114290","09003","リハビリテーション科","2","","","","","","","","","","","","","","","","","","","","","","","","","","","","","","","","",""
"3922395114290","09003","リハビリテーション科","3","","","","","","","","","","","","","","","","","","","","","","","","","","","","","","","","",""
"3922395115330","01001","内科","1","08:30","12:30","08:30","12:30","08:30","12:30","08:30","12:30","08:30","12:30","08:30","12:30","","","","","08:30","12:30","08:30","12:30","08:30","12:30","08:30","12:30","08:30","12:30","08:30","12:30","","","","",""
"3922395115330","01001","内科","2","14:00","17:30","14:00","17:30","","","14:00","17:30","14:00","17:30","14:00","16:00","","","","","14:00","17:30","14:00","17:30","","","14:00","17:30","14:00","17:30","14:00","16:00","","","","",""
"3922395115330","01001","内科","3","","","","","","","","","","","","","","","","","","","","","","","","","","","","","","","","",""
"3922395115330","01017","循環器内科","1","08:30","12:30","08:30","12:30","08:30","12:30","08:30","12:30","08:30","12:30","08:30","12:30","","","","","08:30","12:30","08:30","12:30","08:30","12:30","08:30","12:30","08:30","12:30","08:30","12:30","","","","",""
"3922395115330","01017","循環器内科","2","14:00","17:30","14:00","17:30","","","14:00","17:30","14:00","17:30","14:00","16:00","","","","","14:00","17:30","14:00","17:30","","","14:00","17:30","14:00","17:30","14:00","16:00","","","","",""
"3922395115330","01017","循環器内科","3","","","","","","","","","","","","","","","","","","","","","","","","","","","","","","","","",""
"3922395115330","01020","消化器内科","1","08:30","12:30","08:30","12:30","08:30","12:30","08:30","12:30","08:30","12:30","08:30","12:30","","","","","08:30","12:30","08:30","12:30","08:30","12:30","08:30","12:30","08:30","12:30","08:30","12:30","","","","",""
"3922395115330","01020","消化器内科","2","14:00","17:30","14:00","17:30","","","14:00","17:30","14:00","17:30","14:00","16:00","","","","","14:00","17:30","14:00","17:30","","","14:00","17:30","14:00","17:30","14:00","16:00","","","","",""
"3922395115330","01020","消化器内科","3","","","","","","","","","","","","","","","","","","","","","","","","","","","","","","","","",""
"3922395115330","02001","外科","1","08:30","12:30","08:30","12:30","08:30","12:30","08:30","12:30","08:30","12:30","08:30","12:30","","","","","08:30","12:30","08:30","12:30","08:30","12:30","08:30","12:30","08:30","12:30","08:30","12:30","","","","",""
"3922395115330","02001","外科","2","14:00","17:30","14:00","17:30","","","14:00","17:30","14:00","17:30","14:00","16:00","","","","","14:00","17:30","14:00","17:30","","","14:00","17:30","14:00","17:30","14:00","16:00","","","","",""
"3922395115330","02001","外科","3","","","","","","","","","","","","","","","","","","","","","","","","","","","","","","","","",""
"3922395115330","02023","乳腺・内分泌外科","1","08:30","12:30","08:30","12:30","08:30","12:30","08:30","12:30","08:30","12:30","08:30","12:30","","","","","08:30","12:30","08:30","12:30","08:30","12:30","08:30","12:30","08:30","12:30","08:30","12:30","","","","",""
"3922395115330","02023","乳腺・内分泌外科","2","14:00","17:30","14:00","17:30","","","14:00","17:30","14:00","17:30","14:00","16:00","","","","","14:00","17:30","14:00","17:30","","","14:00","17:30","14:00","17:30","14:00","16:00","","","","",""
"3922395115330","02023","乳腺・内分泌外科","3","","","","","","","","","","","","","","","","","","","","","","","","","","","","","","","","",""
"3922395115330","09003","リハビリテーション科","1","08:30","12:00","08:30","12:00","08:30","12:00","08:30","12:00","08:30","12:00","08:30","12:00","","","","","","","","","","","","","","","","","","","","",""
"3922395115330","09003","リハビリテーション科","2","","","","","","","","","","","","","","","","","","","","","","","","","","","","","","","","",""
"3922395115330","09003","リハビリテーション科","3","","","","","","","","","","","","","","","","","","","","","","","","","","","","","","","","",""
"3922395115330","09004","放射線科","1","08:30","12:30","08:30","12:30","08:30","12:30","08:30","12:30","08:30","12:30","08:30","12:30","","","","","","","","","","","","","","","","","","","","",""
"3922395115330","09004","放射線科","2","14:00","17:30","14:00","17:30","","","14:00","17:30","14:00","17:30","14:00","16:00","","","","","","","","","","","","","","","","","","","","",""
"3922395115330","09004","放射線科","3","","","","","","","","","","","","","","","","","","","","","","","","","","","","","","","","",""
"3922395115750","01001","内科","1","09:00","12:30","09:00","12:30","09:00","12:30","","","09:00","12:30","09:00","12:30","","","","","09:00","12:00","09:00","12:00","09:00","12:00","","","09:00","12:00","09:00","12:00","","","","",""
"3922395115750","01001","内科","2","15:00","19:00","15:00","19:00","15:00","19:00","","","15:00","19:00","14:00","16:00","","","","","15:00","18:00","15:00","18:00","15:00","18:00","","","15:00","18:00","14:00","15:30","","","","",""
"3922395115750","01001","内科","3","","","","","","","","","","","","","","","","","","","","","","","","","","","","","","","","",""
"3922395115750","02035","整形外科","1","09:00","12:30","09:00","12:30","09:00","12:30","","","09:00","12:30","09:00","12:30","","","","","09:00","12:00","09:00","12:00","09:00","12:00","","","09:00","12:00","09:00","12:00","","","","",""
"3922395115750","02035","整形外科","2","15:00","19:00","15:00","19:00","15:00","19:00","","","15:00","19:00","14:00","16:00","","","","","15:00","18:00","15:00","18:00","15:00","18:00","","","15:00","18:00","14:00","15:30","","","","",""
"3922395115750","02035","整形外科","3","","","","","","","","","","","","","","","","","","","","","","","","","","","","","","","","",""
"3922395115750","09003","リハビリテーション科","1","09:00","12:30","09:00","12:30","09:00","12:30","","","09:00","12:30","09:00","12:30","","","","","09:00","12:00","09:00","12:00","09:00","12:00","","","09:00","12:00","09:00","12:00","","","","",""
"3922395115750","09003","リハビリテーション科","2","15:00","19:00","15:00","19:00","15:00","19:00","","","15:00","19:00","14:00","16:00","","","","","15:00","18:00","15:00","18:00","15:00","18:00","","","15:00","18:00","14:00","15:30","","","","",""
"3922395115750","09003","リハビリテーション科","3","","","","","","","","","","","","","","","","","","","","","","","","","","","","","","","","",""
"3922395117480","01001","内科","1","09:00","13:00","09:00","13:00","09:00","13:00","09:00","13:00","09:00","13:00","09:00","13:00","","","","","09:00","13:00","09:00","13:00","09:00","13:00","09:00","13:00","09:00","13:00","09:00","13:00","","","","",""
"3922395117480","01001","内科","2","14:00","18:00","14:00","18:00","","","14:00","18:00","14:00","18:00","","","","","","","14:00","18:00","14:00","18:00","","","14:00","18:00","14:00","18:00","","","","","","",""
"3922395117480","01001","内科","3","","","","","","","","","","","","","","","","","","","","","","","","","","","","","","","","",""
"3922395117480","01021","胃腸内科","1","09:00","13:00","09:00","13:00","09:00","13:00","09:00","13:00","09:00","13:00","09:00","13:00","","","","","09:00","13:00","09:00","13:00","09:00","13:00","09:00","13:00","09:00","13:00","09:00","13:00","","","","",""
"3922395117480","01021","胃腸内科","2","14:00","18:00","14:00","18:00","","","14:00","18:00","14:00","18:00","","","","","","","14:00","18:00","14:00","18:00","","","14:00","18:00","14:00","18:00","","","","","","",""
"3922395117480","01021","胃腸内科","3","","","","","","","","","","","","","","","","","","","","","","","","","","","","","","","","",""
"3922395117480","02001","外科","1","09:00","13:00","09:00","13:00","09:00","13:00","09:00","13:00","09:00","13:00","09:00","13:00","","","","","09:00","13:00","09:00","13:00","09:00","13:00","09:00","13:00","09:00","13:00","09:00","13:00","","","","",""
"3922395117480","02001","外科","2","14:00","18:00","14:00","18:00","","","14:00","18:00","14:00","18:00","","","","","","","14:00","18:00","14:00","18:00","","","14:00","18:00","14:00","18:00","","","","","","",""
"3922395117480","02001","外科","3","","","","","","","","","","","","","","","","","","","","","","","","","","","","","","","","",""
"3922395117480","02025","肛門外科","1","09:00","13:00","09:00","13:00","09:00","13:00","09:00","13:00","09:00","13:00","09:00","13:00","","","","","09:00","13:00","09:00","13:00","09:00","13:00","09:00","13:00","09:00","13:00","09:00","13:00","","","","",""
"3922395117480","02025","肛門外科","2","14:00","18:00","14:00","18:00","","","14:00","18:00","14:00","18:00","","","","","","","14:00","18:00","14:00","18:00","","","14:00","18:00","14:00","18:00","","","","","","",""
"3922395117480","02025","肛門外科","3","","","","","","","","","","","","","","","","","","","","","","","","","","","","","","","","",""
"3922395117480","02035","整形外科","1","09:00","13:00","09:00","13:00","09:00","13:00","09:00","13:00","09:00","13:00","09:00","13:00","","","","","09:00","13:00","09:00","13:00","09:00","13:00","09:00","13:00","09:00","13:00","09:00","13:00","","","","",""
"3922395117480","02035","整形外科","2","14:00","18:00","14:00","18:00","","","14:00","18:00","14:00","18:00","","","","","","","14:00","18:00","14:00","18:00","","","14:00","18:00","14:00","18:00","","","","","","",""
"3922395117480","02035","整形外科","3","","","","","","","","","","","","","","","","","","","","","","","","","","","","","","","","",""
"3922395117480","09003","リハビリテーション科","1","09:00","13:00","09:00","13:00","09:00","13:00","09:00","13:00","09:00","13:00","09:00","13:00","","","","","09:00","13:00","09:00","13:00","09:00","13:00","09:00","13:00","09:00","13:00","09:00","13:00","","","","",""
"3922395117480","09003","リハビリテーション科","2","14:00","18:00","14:00","18:00","","","14:00","18:00","14:00","18:00","","","","","","","14:00","18:00","14:00","18:00","","","14:00","18:00","14:00","18:00","","","","","","",""
"3922395117480","09003","リハビリテーション科","3","","","","","","","","","","","","","","","","","","","","","","","","","","","","","","","","",""
"3922395117480","09004","放射線科","1","09:00","13:00","09:00","13:00","09:00","13:00","09:00","13:00","09:00","13:00","09:00","13:00","","","","","09:00","13:00","09:00","13:00","09:00","13:00","09:00","13:00","09:00","13:00","09:00","13:00","","","","",""
"3922395117480","09004","放射線科","2","14:00","18:00","14:00","18:00","","","14:00","18:00","14:00","18:00","","","","","","","14:00","18:00","14:00","18:00","","","14:00","18:00","14:00","18:00","","","","","","",""
"3922395117480","09004","放射線科","3","","","","","","","","","","","","","","","","","","","","","","","","","","","","","","","","",""
"3922395118070","06001","皮膚科","1","09:00","17:30","09:00","17:30","09:00","17:30","09:00","17:30","09:00","17:30","09:00","17:30","","","","","08:30","17:30","08:30","17:30","08:30","17:30","08:30","17:30","08:30","17:30","08:30","17:30","","","","",""
"3922395118070","06001","皮膚科","2","","","","","","","","","","","","","","","","","","","","","","","","","","","","","","","","","空欄にした: 月_診療 00:00-00:00（開始と終了が同じ） / 空欄にした: 火_診療 00:00-00:00（開始と終了が同じ） / 空欄にした: 水_診療 00:00-00:00（開始と終了が同じ） / 空欄にした: 木_診療 00:00-00:00（開始と終了が同じ） / 空欄にした: 金_診療 00:00-00:00（開始と終了が同じ） / 空欄にした: 土_診療 00:00-00:00（開始と終了が同じ） / 空欄にした: 月_外来受付 00:00-00:00（開始と終了が同じ） / 空欄にした: 火_外来受付 00:00-00:00（開始と終了が同じ） / 空欄にした: 水_外来受付 00:00-00:00（開始と終了が同じ） / 空欄にした: 木_外来受付 00:00-00:00（開始と終了が同じ） / 空欄にした: 金_外来受付 00:00-00:00（開始と終了が同じ） / 空欄にした: 土_外来受付 00:00-00:00（開始と終了が同じ）"
"3922395118070","06001","皮膚科","3","","","","","","","","","","","","","","","","","","","","","","","","","","","","","","","","","空欄にした: 月_診療 00:00-00:00（開始と終了が同じ） / 空欄にした: 火_診療 00:00-00:00（開始と終了が同じ） / 空欄にした: 水_診療 00:00-00:00（開始と終了が同じ） / 空欄にした: 木_診療 00:00-00:00（開始と終了が同じ） / 空欄にした: 金_診療 00:00-00:00（開始と終了が同じ） / 空欄にした: 土_診療 00:00-00:00（開始と終了が同じ） / 空欄にした: 月_外来受付 00:00-00:00（開始と終了が同じ） / 空欄にした: 火_外来受付 00:00-00:00（開始と終了が同じ） / 空欄にした: 水_外来受付 00:00-00:00（開始と終了が同じ） / 空欄にした: 木_外来受付 00:00-00:00（開始と終了が同じ） / 空欄にした: 金_外来受付 00:00-00:00（開始と終了が同じ） / 空欄にした: 土_外来受付 00:00-00:00（開始と終了が同じ）"
"3922395119820","01001","内科","1","08:50","12:30","08:50","12:30","08:50","12:30","08:50","12:30","08:50","12:30","08:50","12:30","","","","","09:00","12:00","09:00","12:00","09:00","12:00","09:00","12:00","09:00","12:00","09:00","12:00","","","","",""
"3922395119820","01001","内科","2","14:10","18:00","14:10","18:00","","","15:30","18:00","14:10","18:00","","","","","","","14:15","17:45","14:15","17:45","","","15:30","17:45","14:15","17:45","","","","","","",""
"3922395119820","01001","内科","3","","","","","","","","","","","","","","","","","","","","","","","","","","","","","","","","",""
"3922395119820","01020","消化器内科","1","08:50","12:30","08:50","12:30","08:50","12:30","08:50","12:30","08:50","12:30","08:50","12:30","","","","","09:00","12:00","09:00","12:00","09:00","12:00","09:00","12:00","09:00","12:00","09:00","12:00","","","","",""
"3922395119820","01020","消化器内科","2","14:10","18:00","14:10","18:00","","","15:30","18:00","14:10","18:00","","","","","","","14:15","17:45","14:15","17:45","","","15:30","17:45","14:15","17:45","","","","","","",""
"3922395119820","01020","消化器内科","3","","","","","","","","","","","","","","","","","","","","","","","","","","","","","","","","",""
"3922395119820","09004","放射線科","1","08:50","12:30","08:50","12:30","08:50","12:30","08:50","12:30","08:50","12:30","08:50","12:30","","","","","09:00","12:00","09:00","12:00","09:00","12:00","09:00","12:00","09:00","12:00","09:00","12:00","","","","",""
"3922395119820","09004","放射線科","2","14:10","18:00","14:10","18:00","","","15:30","18:00","14:10","18:00","","","","","","","14:15","17:45","14:15","17:45","","","15:30","17:45","14:15","17:45","","","","","","",""
"3922395119820","09004","放射線科","3","15:30","18:00","15:30","18:00","15:30","18:00","15:30","18:00","15:30","18:00","15:30","18:00","","","","","","","","","","","","","","","","","","","","",""
"3922395120510","01001","内科","1","09:00","12:00","09:00","12:00","09:00","12:00","09:00","12:00","09:00","12:00","09:00","13:00","","","","","08:45","11:30","08:45","11:30","08:45","11:30","08:45","11:30","08:45","11:30","08:45","12:30","","","","",""
"3922395120510","01001","内科","2","15:30","18:30","15:30","18:30","15:30","18:30","14:00","17:00","15:30","18:30","","","","","","","15:15","18:15","15:15","18:15","15:15","18:15","13:45","16:45","15:15","18:15","","","","","","",""
"3922395120510","01001","内科","3","","","","","","","","","","","","","","","","","","","","","","","","","","","","","","","","",""
"3922395120510","02001","外科","1","09:00","12:00","09:00","12:00","09:00","12:00","09:00","12:00","09:00","12:00","09:00","13:00","","","","","08:45","11:30","08:45","11:30","08:45","11:30","08:45","11:30","08:45","11:30","08:45","12:30","","","","",""
"3922395120510","02001","外科","2","15:30","18:30","15:30","18:30","15:30","18:30","14:00","17:00","15:30","18:30","","","","","","","15:15","18:15","15:15","18:15","15:15","18:15","13:45","16:45","15:15","18:15","","","","","","",""
"3922395120510","02001","外科","3","","","","","","","","","","","","","","","","","","","","","","","","","","","","","","","","",""
"3922395120510","02025","肛門外科","1","09:00","12:00","09:00","12:00","09:00","12:00","09:00","12:00","09:00","12:00","09:00","13:00","","","","","08:45","11:30","08:45","11:30","08:45","11:30","08:45","11:30","08:45","11:30","08:45","12:30","","","","",""
"3922395120510","02025","肛門外科","2","15:30","18:30","15:30","18:30","15:30","18:30","14:00","17:00","15:30","18:30","","","","","","","15:15","18:15","15:15","18:15","15:15","18:15","13:45","16:45","15:15","18:15","","","","","","",""
"3922395120510","02025","肛門外科","3","","","","","","","","","","","","","","","","","","","","","","","","","","","","","","","","",""
"3922395121070","04001","産婦人科","1","09:00","13:00","09:00","13:00","09:00","13:00","","","09:00","13:00","09:00","13:00","09:00","12:00","","","09:00","13:00","09:00","13:00","09:00","13:00","","","09:00","13:00","09:00","13:00","09:00","11:50","","",""
"3922395121070","04001","産婦人科","2","14:30","18:00","14:30","18:00","14:30","18:00","","","14:30","18:00","14:30","18:00","","","","","14:30","17:50","14:30","17:50","14:30","18:00","","","14:30","18:00","14:30","17:50","","","","",""
"3922395121070","04001","産婦人科","3","","","","","18:00","19:00","","","18:00","19:00","18:00","19:00","","","","","","","","","18:00","18:50","","","18:00","18:50","","","","","","",""
"3922395121100","01001","内科","1","","","","","","","","","","","","","09:00","12:00","09:00","12:00","","","","","","","","","","","","","09:00","12:00","09:00","12:00",""
"3922395121100","01001","内科","2","","","","","","","","","","","","","","","","","","","","","","","","","","","","","","","","",""
"3922395121100","01001","内科","3","","","","","","","","","","","","","","","","","","","","","","","","","","","","","","","","",""
"3922395121100","03001","小児科","1","","","","","","","","","","","","","","","","","","","","","","","","","","","","","","","","",""
"3922395121100","03001","小児科","2","","","","","","","","","","","","","13:00","17:00","13:00","17:00","","","","","","","","","","","","","13:00","17:00","13:00","17:00",""
"3922395121100","03001","小児科","3","20:00","23:00","20:00","23:00","20:00","23:00","20:00","23:00","20:00","23:00","20:00","08:00","18:00","22:00","18:00","22:00","20:00","23:00","20:00","23:00","20:00","23:00","20:00","23:00","20:00","23:00","20:00","08:00","18:00","22:00","18:00","22:00",""
"3922395121100","05001","眼科","1","","","","","","","","","","","","","09:00","12:00","","","","","","","","","","","","","","","09:00","12:00","","",""
"3922395121100","05001","眼科","2","","","","","","","","","","","","","","","","","","","","","","","","","","","","","","","","",""
"3922395121100","05001","眼科","3","","","","","","","","","","","","","","","","","","","","","","","","","","","","","","","","",""
"3922395121100","05002","耳鼻いんこう科","1","","","","","","","","","","","","","09:00","12:00","","","","","","","","","","","","","","","09:00","12:00","","",""
"3922395121100","05002","耳鼻いんこう科","2","","","","","","","","","","","","","","","","","","","","","","","","","","","","","","","","",""
"3922395121100","05002","耳鼻いんこう科","3","","","","","","","","","","","","","","","","","","","","","","","","","","","","","","","","",""
"3922395121230","01001","内科","1","09:00","13:00","09:00","13:00","09:00","13:00","09:00","13:00","09:00","13:00","09:00","12:30","","","","","","","","","","","","","","","","","","","","",""
"3922395121230","01001","内科","2","14:00","17:30","14:00","17:30","14:00","17:30","14:00","17:30","14:00","17:30","","","","","","","","","","","","","","","","","","","","","","",""
"3922395121230","01001","内科","3","","","","","","","","","","","","","","","","","","","","","","","","","","","","","","","","",""
"3922395121230","02035","整形外科","1","09:00","13:00","09:00","13:00","09:00","13:00","09:00","13:00","09:00","13:00","09:00","12:30","","","","","","","","","","","","","","","","","","","","",""
"3922395121230","02035","整形外科","2","14:00","17:30","14:00","17:30","14:00","17:30","14:00","17:30","14:00","17:30","","","","","","","","","","","","","","","","","","","","","","",""
"3922395121230","02035","整形外科","3","","","","","","","","","","","","","","","","","","","","","","","","","","","","","","","","",""
"3922395121230","09003","リハビリテーション科","1","09:00","13:00","09:00","13:00","09:00","13:00","09:00","13:00","09:00","13:00","09:00","12:30","","","","","","","","","","","","","","","","","","","","",""
"3922395121230","09003","リハビリテーション科","2","14:00","17:30","14:00","17:30","14:00","17:30","14:00","17:30","14:00","17:30","","","","","","","","","","","","","","","","","","","","","","",""
"3922395121230","09003","リハビリテーション科","3","","","","","","","","","","","","","","","","","","","","","","","","","","","","","","","","",""
"3922395121230","09011","麻酔科","1","09:00","13:00","09:00","13:00","09:00","13:00","09:00","13:00","09:00","13:00","09:00","12:30","","","","","","","","","","","","","","","","","","","","",""
"3922395121230","09011","麻酔科","2","14:00","17:30","14:00","17:30","14:00","17:30","14:00","17:30","14:00","17:30","","","","","","","","","","","","","","","","","","","","","","",""
"3922395121230","09011","麻酔科","3","","","","","","","","","","","","","","","","","","","","","","","","","","","","","","","","",""
"3922395121650","01001","内科","1","09:00","12:15","09:00","12:15","09:00","12:15","09:00","12:15","09:00","12:15","09:00","12:15","","","","","08:45","11:30","08:45","11:30","08:45","11:30","08:45","11:30","08:45","11:30","08:45","11:30","","","","",""
"3922395121650","01001","内科","2","14:00","17:30","14:00","17:30","14:00","17:30","14:00","17:30","14:00","17:30","","","","","","","14:00","16:30","14:00","17:00","14:00","16:30","14:00","17:00","14:00","16:30","","","","","","",""
"3922395121650","01001","内科","3","","","","","","","","","","","","","","","","","","","","","","","","","","","","","","","","",""
"3922395121650","01009","脂質代謝内科","1","09:00","12:15","09:00","12:15","09:00","12:15","09:00","12:15","09:00","12:15","09:00","12:15","","","","","08:45","11:30","08:45","11:30","08:45","11:30","08:45","11:30","08:45","11:30","08:45","11:30","","","","",""
"3922395121650","01009","脂質代謝内科","2","14:00","17:30","14:00","17:30","14:00","17:30","14:00","17:30","14:00","17:30","","","","","","","14:00","16:30","14:00","17:00","14:00","16:30","14:00","17:00","14:00","16:30","","","","","","",""
"3922395121650","01009","脂質代謝内科","3","","","","","","","","","","","","","","","","","","","","","","","","","","","","","","","","",""
"3922395121650","01011","糖尿病・代謝内科","1","09:00","12:15","09:00","12:15","09:00","12:15","09:00","12:15","09:00","12:15","09:00","12:15","","","","","08:45","11:30","08:45","11:30","08:45","11:30","08:45","11:30","08:45","11:30","08:45","11:30","","","","",""
"3922395121650","01011","糖尿病・代謝内科","2","14:00","17:30","14:00","17:30","14:00","17:30","14:00","17:30","14:00","17:30","","","","","","","14:00","16:30","14:00","17:00","14:00","16:30","14:00","17:00","14:00","16:30","","","","","","",""
"3922395121650","01011","糖尿病・代謝内科","3","","","","","","","","","","","","","","","","","","","","","","","","","","","","","","","","",""
"3922395121650","01020","消化器内科","1","09:00","12:15","09:00","12:15","09:00","12:15","09:00","12:15","09:00","12:15","09:00","12:15","","","","","08:45","11:30","08:45","11:30","08:45","11:30","08:45","11:30","08:45","11:30","08:45","11:30","","","","",""
"3922395121650","01020","消化器内科","2","14:00","17:30","14:00","17:30","14:00","17:30","14:00","17:30","14:00","17:30","","","","","","","14:00","16:30","14:00","17:00","14:00","16:30","14:00","17:00","14:00","16:30","","","","","","",""
"3922395121650","01020","消化器内科","3","","","","","","","","","","","","","","","","","","","","","","","","","","","","","","","","",""
"3922395121650","01021","胃腸内科","1","09:00","12:15","09:00","12:15","09:00","12:15","09:00","12:15","09:00","12:15","09:00","12:15","","","","","08:45","11:30","08:45","11:30","08:45","11:30","08:45","11:30","08:45","11:30","08:45","11:30","","","","",""
"3922395121650","01021","胃腸内科","2","14:00","17:30","14:00","17:30","14:00","17:30","14:00","17:30","14:00","17:30","","","","","","","14:00","16:30","14:00","17:00","14:00","16:30","14:00","17:00","14:00","16:30","","","","","","",""
"3922395121650","01021","胃腸内科","3","","","","","","","","","","","","","","","","","","","","","","","","","","","","","","","","",""
"3922395121650","01030","内視鏡内科","1","09:00","12:15","09:00","12:15","09:00","12:15","09:00","12:15","09:00","12:15","09:00","12:15","","","","","09:00","11:00","09:00","11:00","09:00","11:00","09:00","11:00","09:00","11:00","09:00","11:00","","","","",""
"3922395121650","01030","内視鏡内科","2","","","","","","","","","","","","","","","","","","","","","","","","","","","","","","","","",""
"3922395121650","01030","内視鏡内科","3","","","","","","","","","","","","","","","","","","","","","","","","","","","","","","","","",""
"3922395121650","01033","アレルギー疾患内科","1","09:00","12:15","09:00","12:15","09:00","12:15","09:00","12:15","09:00","12:15","09:00","12:15","","","","","08:45","11:30","08:45","11:30","08:45","11:30","08:45","11:30","08:45","11:30","08:45","11:30","","","","",""
"3922395121650","01033","アレルギー疾患内科","2","14:00","17:30","14:00","17:30","14:00","17:30","14:00","17:30","14:00","17:30","","","","","","","14:00","16:30","14:00","17:00","14:00","16:30","14:00","17:00","14:00","16:30","","","","","","",""
"3922395121650","01033","アレルギー疾患内科","3","","","","","","","","","","","","","","","","","","","","","","","","","","","","","","","","",""
"3922395121650","03001","小児科","1","09:00","12:15","09:00","12:15","09:00","12:15","09:00","12:15","09:00","12:15","09:00","12:15","","","","","08:45","11:30","08:45","11:30","08:45","11:30","08:45","11:30","08:45","11:30","08:45","11:30","","","","",""
"3922395121650","03001","小児科","2","14:00","17:30","14:00","17:30","14:00","17:30","14:00","17:30","14:00","17:30","","","","","","","14:00","16:30","14:00","17:00","14:00","16:30","14:00","17:00","14:00","16:30","","","","","","",""
"3922395121650","03001","小児科","3","","","","","","","","","","","","","","","","","","","","","","","","","","","","","","","","",""
"3922395121650","06004","泌尿器科","1","09:00","12:15","09:00","12:15","09:00","12:15","09:00","12:15","09:00","12:15","09:00","12:15","","","","","08:45","11:30","08:45","11:30","08:45","11:30","08:45","11:30","08:45","11:30","08:45","11:30","","","","",""
"3922395121650","06004","泌尿器科","2","14:00","17:30","14:00","17:30","14:00","17:30","14:00","17:30","14:00","17:30","","","","","","","14:00","16:30","14:00","17:00","14:00","16:30","14:00","17:00","14:00","16:30","","","","","","",""
"3922395121650","06004","泌尿器科","3","","","","","","","","","","","","","","","","","","","","","","","","","","","","","","","","",""
"3922395121650","09004","放射線科","1","09:00","12:15","09:00","12:15","09:00","12:15","09:00","12:15","09:00","12:15","09:00","12:15","","","","","08:45","11:30","08:45","11:30","08:45","11:30","08:45","11:30","08:45","11:30","08:45","11:30","","","","",""
"3922395121650","09004","放射線科","2","14:00","17:30","14:00","17:30","14:00","17:30","14:00","17:30","14:00","17:30","","","","","","","14:00","16:30","14:00","17:00","14:00","16:30","14:00","17:00","14:00","16:30","","","","","","",""
"3922395121650","09004","放射線科","3","","","","","","","","","","","","","","","","","","","","","","","","","","","","","","","","",""
"3922395121810","05001","眼科","1","09:00","13:00","09:00","13:00","09:00","13:00","09:00","13:00","09:00","13:00","09:00","13:00","","","","","09:00","12:00","09:00","12:00","09:00","12:00","09:00","12:00","09:00","12:00","09:00","12:00","","","","",""
"3922395121810","05001","眼科","2","14:00","18:00","14:00","18:00","14:00","18:00","14:00","18:00","14:00","18:00","","","","","","","14:00","17:00","14:00","17:00","14:00","17:00","14:00","17:00","14:00","17:00","","","","","","",""
"3922395121810","05001","眼科","3","","","","","","","","","","","","","","","","","","","","","","","","","","","","","","","","",""
"3922395121940","01001","内科","1","09:00","13:00","09:00","13:00","09:00","13:00","09:00","13:00","09:00","13:00","09:00","13:00","","","","","08:30","12:45","08:30","12:45","08:30","12:45","08:30","12:45","08:30","12:45","08:30","12:45","","","","",""
"3922395121940","01001","内科","2","14:30","17:30","14:30","17:30","14:30","17:30","","","14:30","17:30","","","","","","","14:30","17:15","14:30","17:15","14:30","17:15","","","14:30","17:15","","","","","","",""
"3922395121940","01001","内科","3","","","","","","","","","","","","","","","","","","","","","","","","","","","","","","","","",""
"3922395121940","01017","循環器内科","1","09:00","13:00","09:00","13:00","09:00","13:00","09:00","13:00","09:00","13:00","09:00","13:00","","","","","08:30","12:45","08:30","12:45","08:30","12:45","08:30","12:45","08:30","12:45","08:30","12:45","","","","",""
"3922395121940","01017","循環器内科","2","14:30","17:30","14:30","17:30","14:30","17:30","","","14:30","17:30","","","","","","","14:30","17:15","14:30","17:15","14:30","17:15","","","14:30","17:15","","","","","","",""
"3922395121940","01017","循環器内科","3","","","","","","","","","","","","","","","","","","","","","","","","","","","","","","","","",""
"3922395124000","01001","内科","1","08:30","12:00","08:30","12:00","08:30","12:00","08:30","12:00","08:30","12:00","08:30","12:00","","","","","08:30","12:00","08:30","12:00","08:30","12:00","08:30","12:00","08:30","12:00","08:30","12:00","","","","",""
"3922395124000","01001","内科","2","13:30","18:00","13:30","18:00","13:30","18:00","13:30","18:00","13:30","18:00","","","","","","","13:30","18:00","13:30","18:00","13:30","18:00","13:30","18:00","13:30","18:00","","","","","","",""
"3922395124000","01001","内科","3","","","","","","","","","","","","","","","","","","","","","","","","","","","","","","","","","空欄にした: 月_診療 00:00-00:00（開始と終了が同じ） / 空欄にした: 火_診療 00:00-00:00（開始と終了が同じ） / 空欄にした: 水_診療 00:00-00:00（開始と終了が同じ） / 空欄にした: 木_診療 00:00-00:00（開始と終了が同じ） / 空欄にした: 金_診療 00:00-00:00（開始と終了が同じ） / 空欄にした: 月_外来受付 00:00-00:00（開始と終了が同じ） / 空欄にした: 火_外来受付 00:00-00:00（開始と終了が同じ） / 空欄にした: 水_外来受付 00:00-00:00（開始と終了が同じ） / 空欄にした: 木_外来受付 00:00-00:00（開始と終了が同じ） / 空欄にした: 金_外来受付 00:00-00:00（開始と終了が同じ）"
"3922395124000","01017","循環器内科","1","08:30","12:00","08:30","12:00","08:30","12:00","08:30","12:00","08:30","12:00","08:30","12:00","","","","","08:30","12:00","08:30","12:00","08:30","12:00","08:30","12:00","08:30","12:00","08:30","12:00","","","","",""
"3922395124000","01017","循環器内科","2","13:30","18:00","13:30","18:00","13:30","18:00","13:30","18:00","13:30","18:00","","","","","","","13:30","18:00","13:30","18:00","13:30","18:00","13:30","18:00","13:30","18:00","","","","","","",""
"3922395124000","01017","循環器内科","3","","","","","","","","","","","","","","","","","","","","","","","","","","","","","","","","","空欄にした: 月_診療 00:00-00:00（開始と終了が同じ） / 空欄にした: 火_診療 00:00-00:00（開始と終了が同じ） / 空欄にした: 水_診療 00:00-00:00（開始と終了が同じ） / 空欄にした: 木_診療 00:00-00:00（開始と終了が同じ） / 空欄にした: 金_診療 00:00-00:00（開始と終了が同じ） / 空欄にした: 月_外来受付 00:00-00:00（開始と終了が同じ） / 空欄にした: 火_外来受付 00:00-00:00（開始と終了が同じ） / 空欄にした: 水_外来受付 00:00-00:00（開始と終了が同じ） / 空欄にした: 木_外来受付 00:00-00:00（開始と終了が同じ） / 空欄にした: 金_外来受付 00:00-00:00（開始と終了が同じ）"
"3922395124000","05001","眼科","1","08:30","12:00","","","08:30","12:00","","","08:30","12:00","08:30","12:00","","","","","08:30","12:00","","","08:30","12:00","","","08:30","12:00","08:30","12:00","","","","",""
"3922395124000","05001","眼科","2","13:30","18:00","13:30","18:00","13:30","18:00","16:30","18:00","13:30","18:00","","","","","","","13:30","18:00","13:30","18:00","13:30","18:00","16:30","18:00","13:30","18:00","","","","","","",""
"3922395124000","05001","眼科","3","","","","","","","","","","","","","","","","","","","","","","","","","","","","","","","","","空欄にした: 月_診療 00:00-00:00（開始と終了が同じ） / 空欄にした: 火_診療 00:00-00:00（開始と終了が同じ） / 空欄にした: 水_診療 00:00-00:00（開始と終了が同じ） / 空欄にした: 木_診療 00:00-00:00（開始と終了が同じ） / 空欄にした: 金_診療 00:00-00:00（開始と終了が同じ） / 空欄にした: 月_外来受付 00:00-00:00（開始と終了が同じ） / 空欄にした: 火_外来受付 00:00-00:00（開始と終了が同じ） / 空欄にした: 水_外来受付 00:00-00:00（開始と終了が同じ） / 空欄にした: 木_外来受付 00:00-00:00（開始と終了が同じ） / 空欄にした: 金_外来受付 00:00-00:00（開始と終了が同じ）"
"3922395124000","09004","放射線科","1","","","","","","","","","","","","","","","","","","","","","","","","","","","","","","","","",""
"3922395124000","09004","放射線科","2","","","","","","","","","","","","","","","","","","","","","","","","","","","","","","","","",""
"3922395124000","09004","放射線科","3","","","","","","","","","","","","","","","","","","","","","","","","","","","","","","","","",""
"3922395124420","06001","皮膚科","1","09:00","12:30","09:00","12:30","09:00","12:30","","","09:00","12:30","09:00","12:30","","","","","08:30","18:00","08:30","18:00","08:30","18:00","","","08:30","18:00","08:30","18:00","","","","",""
"3922395124420","06001","皮膚科","2","14:30","18:00","14:30","18:00","14:30","18:00","","","14:30","18:00","14:30","18:00","","","","","","","","","","","","","","","","","","","","",""
"3922395124420","06001","皮膚科","3","","","","","","","","","","","","","","","","","","","","","","","","","","","","","","","","",""
"3922395124680","05002","耳鼻いんこう科","1","","","09:00","13:00","09:00","13:00","09:00","13:00","09:00","13:00","09:00","13:00","","","","","","","09:00","12:30","09:00","12:30","09:00","12:30","09:00","12:30","09:00","12:30","","","","",""
"3922395124680","05002","耳鼻いんこう科","2","","","14:30","17:30","14:30","17:30","14:30","17:30","14:30","17:30","14:00","16:00","","","","","","","14:30","17:20","14:30","17:20","14:30","17:20","14:30","17:20","14:00","15:30","","","","",""
"3922395124680","05002","耳鼻いんこう科","3","","","","","18:00","20:00","","","18:00","20:00","","","","","","","","","","","18:00","19:30","","","18:00","19:30","","","","","","",""
"3922395124840","06001","皮膚科","1","09:00","13:00","09:00","13:00","09:00","13:00","09:00","13:00","09:00","13:00","09:00","13:00","","","","","","","","","","","","","","","","","","","","",""
"3922395124840","06001","皮膚科","2","14:00","18:00","14:00","18:00","","","14:00","18:00","14:00","18:00","14:00","16:00","","","","","","","","","","","","","","","","","","","","",""
"3922395124840","06001","皮膚科","3","","","","","","","","","","","","","","","","","","","","","","","","","","","","","","","","",""
"3922395125980","05002","耳鼻いんこう科","1","09:00","12:30","09:00","12:30","09:00","12:30","","","09:00","12:30","09:00","13:00","","","","","08:00","12:20","08:00","12:20","08:00","12:20","","","08:00","12:20","08:00","12:50","","","","",""
"3922395125980","05002","耳鼻いんこう科","2","14:00","18:00","14:00","18:00","14:00","18:00","","","14:00","18:00","","","","","","","13:00","17:50","13:00","17:50","13:00","17:50","","","13:00","17:50","","","","","","",""
"3922395125980","05002","耳鼻いんこう科","3","","","","","","","","","","","","","","","","","","","","","","","","","","","","","","","","",""
"3922395126310","01001","内科","1","09:00","12:00","09:00","12:00","09:00","12:00","09:00","12:00","09:00","12:00","09:00","12:00","","","","","08:30","12:00","08:30","12:00","08:30","12:00","08:30","12:00","08:30","12:00","08:30","12:00","","","","",""
"3922395126310","01001","内科","2","13:00","18:00","13:00","18:00","","","13:00","18:00","13:00","18:00","","","","","","","13:00","18:00","13:00","18:00","","","13:00","18:00","13:00","18:00","","","","","","",""
"3922395126310","01001","内科","3","","","","","","","","","","","","","","","","","","","","","","","","","","","","","","","","",""
"3922395126310","01017","循環器内科","1","09:00","12:00","09:00","12:00","09:00","12:00","09:00","12:00","09:00","12:00","09:00","12:00","","","","","08:30","12:00","08:30","12:00","08:30","12:00","08:30","12:00","08:30","12:00","08:30","12:00","","","","",""
"3922395126310","01017","循環器内科","2","13:00","18:00","13:00","18:00","","","13:00","18:00","13:00","18:00","","","","","","","13:00","18:00","13:00","18:00","","","13:00","18:00","13:00","18:00","","","","","","",""
"3922395126310","01017","循環器内科","3","","","","","","","","","","","","","","","","","","","","","","","","","","","","","","","","",""
"3922395126310","01020","消化器内科","1","09:00","12:00","09:00","12:00","09:00","12:00","09:00","12:00","09:00","12:00","09:00","12:00","","","","","08:30","12:00","08:30","12:00","08:30","12:00","08:30","12:00","08:30","12:00","08:30","12:00","","","","",""
"3922395126310","01020","消化器内科","2","13:00","18:00","13:00","18:00","","","13:00","18:00","13:00","18:00","","","","","","","13:00","18:00","13:00","18:00","","","13:00","18:00","13:00","18:00","","","","","","",""
"3922395126310","01020","消化器内科","3","","","","","","","","","","","","","","","","","","","","","","","","","","","","","","","","",""
"3922395126310","03001","小児科","1","09:00","12:00","09:00","12:00","09:00","12:00","09:00","12:00","09:00","12:00","09:00","12:00","","","","","08:30","12:00","08:30","12:00","08:30","12:00","08:30","12:00","08:30","12:00","08:30","12:00","","","","",""
"3922395126310","03001","小児科","2","13:00","18:00","13:00","18:00","","","13:00","18:00","13:00","18:00","","","","","","","13:00","18:00","13:00","18:00","","","13:00","18:00","13:00","18:00","","","","","","",""
"3922395126310","03001","小児科","3","","","","","","","","","","","","","","","","","","","","","","","","","","","","","","","","",""
"3922395126310","09004","放射線科","1","","","","","","","","","","","","","","","","","","","","","","","","","","","","","","","","",""
"3922395126310","09004","放射線科","2","","","","","","","","","","","","","","","","","","","","","","","","","","","","","","","","",""
"3922395126310","09004","放射線科","3","","","","","","","","","","","","","","","","","","","","","","","","","","","","","","","","",""
"3922395127030","01001","内科","1","09:00","12:00","09:00","12:00","09:00","12:00","","","09:00","12:00","","","","","","","09:00","12:00","09:00","12:00","09:00","12:00","09:00","12:00","09:00","12:00","","","","","","",""
"3922395127030","01001","内科","2","13:00","15:30","13:00","15:30","13:00","15:30","","","13:00","15:30","","","","","","","13:00","15:30","13:00","15:30","13:00","15:30","","","13:00","15:30","","","","","","",""
"3922395127030","01001","内科","3","","","","","","","","","","","","","","","","","","","","","","","","","","","","","","","","",""
"3922395127160","01001","内科","1","10:15","12:00","10:15","12:00","10:15","12:00","10:15","12:00","10:15","12:00","10:15","12:00","","","","","10:15","11:30","10:15","11:30","10:15","11:30","10:15","11:30","10:15","11:30","10:15","11:30","","","","",""
"3922395127160","01001","内科","2","13:30","15:00","","","13:30","15:00","","","13:30","15:00","","","","","","","13:30","14:30","","","13:30","14:30","","","13:30","14:30","","","","","","",""
"3922395127160","01001","内科","3","","","","","","","","","","","","","","","","","","","","","","","","","","","","","","","","",""
"3922395127740","01001","内科","1","09:00","12:30","09:00","12:30","09:00","12:30","09:00","12:30","09:00","12:30","09:00","12:00","","","","","08:30","12:30","08:30","12:30","08:30","12:30","08:30","12:30","08:30","12:30","08:30","12:00","","","","",""
"3922395127740","01001","内科","2","13:30","18:00","13:30","18:00","13:30","18:00","13:30","18:00","16:00","18:00","","","","","","","13:30","18:00","13:30","18:00","13:30","18:00","13:30","18:00","16:00","18:00","","","","","","",""
"3922395127740","01001","内科","3","","","","","","","","","","","","","","","","","","","","","","","","","","","","","","","","",""
"3922395127740","01017","循環器内科","1","09:00","12:30","09:00","12:30","09:00","12:30","09:00","12:30","09:00","12:30","09:00","12:00","","","","","08:30","12:30","08:30","12:30","08:30","12:30","08:30","12:30","16:00","12:30","08:30","12:00","","","","","疑い: 金_外来受付 16:00-12:30（日跨ぎとしても 18時間以上）"
"3922395127740","01017","循環器内科","2","13:30","18:00","13:30","18:00","13:30","18:00","13:30","18:00","16:00","18:00","","","","","","","13:30","18:00","13:30","18:00","13:30","18:00","13:30","18:00","16:00","18:00","","","","","","",""
"3922395127740","01017","循環器内科","3","","","","","","","","","","","","","","","","","","","","","","","","","","","","","","","","",""
"3922395127740","01020","消化器内科","1","09:00","12:30","09:00","12:30","09:00","12:30","09:00","12:30","09:00","12:30","09:00","12:00","","","","","08:30","12:30","08:30","12:30","08:30","12:30","08:30","12:30","08:30","12:30","08:30","12:00","","","","",""
"3922395127740","01020","消化器内科","2","13:30","18:00","13:30","18:00","13:30","18:00","13:30","18:00","16:00","18:00","","","","","","","13:30","18:00","13:30","18:00","13:30","18:00","13:30","18:00","16:00","18:00","","","","","","",""
"3922395127740","01020","消化器内科","3","","","","","","","","","","","","","","","","","","","","","","","","","","","","","","","","",""
"3922395127740","07001","精神科","1","09:00","12:30","","","09:00","12:30","","","10:00","12:30","","","","","","","08:30","12:15","","","08:30","12:15","","","08:30","12:15","","","","","","",""
"3922395127740","07001","精神科","2","13:30","18:00","","","13:30","18:00","","","13:30","18:00","","","","","","","13:30","17:45","","","13:30","17:45","","","13:30","17:45","","","","","","",""
"3922395127740","07001","精神科","3","","","","","","","","","","","","","","","","","","","","","","","","","","","","","","","","",""
"3922395127740","07003","心療内科","1","09:00","12:30","","","09:00","12:30","","","10:00","12:30","","","","","","","08:30","12:15","","","08:30","12:15","","","08:30","12:15","","","","","","",""
"3922395127740","07003","心療内科","2","13:30","18:00","","","13:30","18:00","","","13:30","18:00","","","","","","","13:30","17:45","","","13:30","17:45","","","13:30","17:45","","","","","","",""
"3922395127740","07003","心療内科","3","","","","","","","","","","","","","","","","","","","","","","","","","","","","","","","","",""
"3922395127870","01001","内科","1","08:40","17:30","08:40","17:30","08:40","17:30","08:40","12:30","08:40","17:30","08:40","13:00","","","","","08:40","17:00","08:40","17:00","08:40","17:00","08:40","12:00","08:40","17:00","08:40","12:30","","","","",""
"3922395127870","01001","内科","2","","","","","","","","","","","","","","","","","","","","","","","","","","","","","","","","",""
"3922395127870","01001","内科","3","","","","","","","","","","","","","","","","","","","","","","","","","","","","","","","","",""
"3922395127870","01017","循環器内科","1","08:40","17:30","08:40","17:30","08:40","17:30","08:40","12:30","08:40","17:30","08:40","13:00","","","","","08:40","17:00","08:40","17:00","08:40","17:00","08:40","12:00","08:40","17:00","08:40","12:30","","","","",""
"3922395127870","01017","循環器内科","2","","","","","","","","","","","","","","","","","","","","","","","","","","","","","","","","",""
"3922395127870","01017","循環器内科","3","","","","","","","","","","","","","","","","","","","","","","","","","","","","","","","","",""
"3922395127870","03001","小児科","1","08:40","17:30","08:40","17:30","08:40","17:30","08:40","12:30","08:40","17:30","08:40","13:00","","","","","08:40","17:00","08:40","17:00","08:40","17:00","08:40","12:00","08:40","17:00","08:40","12:30","","","","",""
"3922395127870","03001","小児科","2","","","","","","","","","","","","","","","","","","","","","","","","","","","","","","","","",""
"3922395127870","03001","小児科","3","","","","","","","","","","","","","","","","","","","","","","","","","","","","","","","","",""
"3922395128200","01001","内科","1","08:30","12:30","08:30","12:30","08:30","12:30","","","08:30","12:30","08:30","12:30","","","","","08:20","12:00","08:20","12:00","08:20","12:00","","","08:20","12:00","08:20","12:00","","","","",""
"3922395128200","01001","内科","2","14:30","18:00","15:30","18:00","14:30","18:00","","","14:30","18:00","14:00","16:00","","","","","14:30","17:30","15:30","17:30","14:30","17:30","","","14:30","17:30","14:00","15:30","","","","",""
"3922395128200","01001","内科","3","","","","","","","","","","","","","","","","","","","","","","","","","","","","","","","","",""
"3922395128200","03001","小児科","1","08:30","12:30","08:30","12:30","08:30","12:30","","","08:30","12:30","08:30","12:30","","","","","08:20","12:00","08:20","12:00","08:20","12:00","","","08:20","12:00","08:20","12:00","","","","",""
"3922395128200","03001","小児科","2","14:30","18:00","15:30","18:00","14:30","18:00","","","14:30","18:00","14:00","16:00","","","","","14:30","17:30","15:30","17:30","14:30","17:30","","","14:30","17:30","14:00","15:30","","","","",""
"3922395128200","03001","小児科","3","","","","","","","","","","","","","","","","","","","","","","","","","","","","","","","","",""
"3922395128590","05002","耳鼻いんこう科","1","09:00","12:30","09:00","12:30","09:00","12:30","","","09:00","12:30","09:00","12:30","","","","","08:00","12:30","08:00","12:30","08:00","12:30","","","08:00","12:30","08:00","12:30","","","","",""
"3922395128590","05002","耳鼻いんこう科","2","14:00","18:00","14:00","18:00","14:00","18:00","","","14:00","18:00","14:00","16:00","","","","","13:00","18:00","13:00","18:00","13:00","18:00","","","13:00","18:00","13:00","16:00","","","","",""
"3922395128590","05002","耳鼻いんこう科","3","","","","","","","","","","","","","","","","","","","","","","","","","","","","","","","","",""
"3922395128620","01001","内科","1","09:00","12:00","09:00","12:00","09:00","12:00","09:00","12:00","09:00","12:00","","","","","","","09:00","11:30","09:00","11:30","09:00","11:30","09:00","11:30","09:00","11:30","","","","","","",""
"3922395128620","01001","内科","2","13:30","17:00","13:30","17:00","","","13:30","17:00","13:30","17:00","","","","","","","13:30","16:30","13:30","16:30","","","13:30","16:30","13:30","16:30","","","","","","",""
"3922395128620","01001","内科","3","","","","","","","","","","","","","","","","","","","","","","","","","","","","","","","","",""
"3922395129760","01001","内科","1","09:00","18:00","09:00","18:00","09:00","18:00","09:00","18:00","09:00","18:00","09:00","12:30","","","","","08:30","17:30","08:30","17:30","08:30","17:30","08:30","17:30","08:30","17:30","08:30","12:00","","","","",""
"3922395129760","01001","内科","2","","","","","","","","","","","","","","","","","","","","","","","","","","","","","","","","","空欄にした: 月_診療 00:00-00:00（開始と終了が同じ） / 空欄にした: 火_診療 00:00-00:00（開始と終了が同じ） / 空欄にした: 水_診療 00:00-00:00（開始と終了が同じ） / 空欄にした: 木_診療 00:00-00:00（開始と終了が同じ） / 空欄にした: 金_診療 00:00-00:00（開始と終了が同じ） / 空欄にした: 土_診療 00:00-00:00（開始と終了が同じ） / 空欄にした: 月_外来受付 00:00-00:00（開始と終了が同じ） / 空欄にした: 火_外来受付 00:00-00:00（開始と終了が同じ） / 空欄にした: 水_外来受付 00:00-00:00（開始と終了が同じ） / 空欄にした: 木_外来受付 00:00-00:00（開始と終了が同じ） / 空欄にした: 金_外来受付 00:00-00:00（開始と終了が同じ） / 空欄にした: 土_外来受付 00:00-00:00（開始と終了が同じ）"
"3922395129760","01001","内科","3","","","","","","","","","","","","","","","","","","","","","","","","","","","","","","","","","空欄にした: 月_診療 00:00-00:00（開始と終了が同じ） / 空欄にした: 火_診療 00:00-00:00（開始と終了が同じ） / 空欄にした: 水_診療 00:00-00:00（開始と終了が同じ） / 空欄にした: 木_診療 00:00-00:00（開始と終了が同じ） / 空欄にした: 金_診療 00:00-00:00（開始と終了が同じ） / 空欄にした: 土_診療 00:00-00:00（開始と終了が同じ） / 空欄にした: 月_外来受付 00:00-00:00（開始と終了が同じ） / 空欄にした: 火_外来受付 00:00-00:00（開始と終了が同じ） / 空欄にした: 水_外来受付 00:00-00:00（開始と終了が同じ） / 空欄にした: 木_外来受付 00:00-00:00（開始と終了が同じ） / 空欄にした: 金_外来受付 00:00-00:00（開始と終了が同じ） / 空欄にした: 土_外来受付 00:00-00:00（開始と終了が同じ）"
"3922395129760","01017","循環器内科","1","09:00","18:00","09:00","18:00","09:00","18:00","09:00","18:00","09:00","12:30","09:00","12:30","","","","","08:30","17:30","08:30","17:30","08:30","17:30","08:30","17:30","08:30","12:00","08:30","12:00","","","","",""
"3922395129760","01017","循環器内科","2","","","","","","","","","","","","","","","","","","","","","","","","","","","","","","","","","空欄にした: 月_診療 00:00-00:00（開始と終了が同じ） / 空欄にした: 火_診療 00:00-00:00（開始と終了が同じ） / 空欄にした: 水_診療 00:00-00:00（開始と終了が同じ） / 空欄にした: 木_診療 00:00-00:00（開始と終了が同じ） / 空欄にした: 金_診療 00:00-00:00（開始と終了が同じ） / 空欄にした: 土_診療 00:00-00:00（開始と終了が同じ） / 空欄にした: 月_外来受付 00:00-00:00（開始と終了が同じ） / 空欄にした: 火_外来受付 00:00-00:00（開始と終了が同じ） / 空欄にした: 水_外来受付 00:00-00:00（開始と終了が同じ） / 空欄にした: 木_外来受付 00:00-00:00（開始と終了が同じ） / 空欄にした: 金_外来受付 00:00-00:00（開始と終了が同じ） / 空欄にした: 土_外来受付 00:00-00:00（開始と終了が同じ）"
"3922395129760","01017","循環器内科","3","","","","","","","","","","","","","","","","","","","","","","","","","","","","","","","","","空欄にした: 月_診療 00:00-00:00（開始と終了が同じ） / 空欄にした: 火_診療 00:00-00:00（開始と終了が同じ） / 空欄にした: 水_診療 00:00-00:00（開始と終了が同じ） / 空欄にした: 木_診療 00:00-00:00（開始と終了が同じ） / 空欄にした: 金_診療 00:00-00:00（開始と終了が同じ） / 空欄にした: 土_診療 00:00-00:00（開始と終了が同じ） / 空欄にした: 月_外来受付 00:00-00:00（開始と終了が同じ） / 空欄にした: 火_外来受付 00:00-00:00（開始と終了が同じ） / 空欄にした: 水_外来受付 00:00-00:00（開始と終了が同じ） / 空欄にした: 木_外来受付 00:00-00:00（開始と終了が同じ） / 空欄にした: 金_外来受付 00:00-00:00（開始と終了が同じ） / 空欄にした: 土_外来受付 00:00-00:00（開始と終了が同じ）"
"3922395129760","02001","外科","1","09:00","18:00","09:00","18:00","09:00","12:30","09:00","18:00","09:00","18:00","09:00","12:30","","","","","08:30","17:30","08:30","17:30","08:30","12:00","08:30","17:30","08:30","17:30","08:30","12:00","","","","",""
"3922395129760","02001","外科","2","","","","","","","","","","","","","","","","","","","","","","","","","","","","","","","","","空欄にした: 月_診療 00:00-00:00（開始と終了が同じ） / 空欄にした: 火_診療 00:00-00:00（開始と終了が同じ） / 空欄にした: 水_診療 00:00-00:00（開始と終了が同じ） / 空欄にした: 木_診療 00:00-00:00（開始と終了が同じ） / 空欄にした: 金_診療 00:00-00:00（開始と終了が同じ） / 空欄にした: 土_診療 00:00-00:00（開始と終了が同じ） / 空欄にした: 月_外来受付 00:00-00:00（開始と終了が同じ） / 空欄にした: 火_外来受付 00:00-00:00（開始と終了が同じ） / 空欄にした: 水_外来受付 00:00-00:00（開始と終了が同じ） / 空欄にした: 木_外来受付 00:00-00:00（開始と終了が同じ） / 空欄にした: 金_外来受付 00:00-00:00（開始と終了が同じ） / 空欄にした: 土_外来受付 00:00-00:00（開始と終了が同じ）"
"3922395129760","02001","外科","3","","","","","","","","","","","","","","","","","","","","","","","","","","","","","","","","","空欄にした: 月_診療 00:00-00:00（開始と終了が同じ） / 空欄にした: 火_診療 00:00-00:00（開始と終了が同じ） / 空欄にした: 水_診療 00:00-00:00（開始と終了が同じ） / 空欄にした: 木_診療 00:00-00:00（開始と終了が同じ） / 空欄にした: 金_診療 00:00-00:00（開始と終了が同じ） / 空欄にした: 土_診療 00:00-00:00（開始と終了が同じ） / 空欄にした: 月_外来受付 00:00-00:00（開始と終了が同じ） / 空欄にした: 火_外来受付 00:00-00:00（開始と終了が同じ） / 空欄にした: 水_外来受付 00:00-00:00（開始と終了が同じ） / 空欄にした: 木_外来受付 00:00-00:00（開始と終了が同じ） / 空欄にした: 金_外来受付 00:00-00:00（開始と終了が同じ） / 空欄にした: 土_外来受付 00:00-00:00（開始と終了が同じ）"
"3922395129760","02035","整形外科","1","09:00","18:00","09:00","18:00","09:00","12:30","09:00","18:00","09:00","18:00","09:00","12:30","","","","","08:30","17:30","08:30","17:30","08:30","12:00","08:30","17:30","08:30","17:30","08:30","12:00","","","","",""
"3922395129760","02035","整形外科","2","","","","","","","","","","","","","","","","","","","","","","","","","","","","","","","","","空欄にした: 月_診療 00:00-00:00（開始と終了が同じ） / 空欄にした: 火_診療 00:00-00:00（開始と終了が同じ） / 空欄にした: 水_診療 00:00-00:00（開始と終了が同じ） / 空欄にした: 木_診療 00:00-00:00（開始と終了が同じ） / 空欄にした: 金_診療 00:00-00:00（開始と終了が同じ） / 空欄にした: 土_診療 00:00-00:00（開始と終了が同じ） / 空欄にした: 月_外来受付 00:00-00:00（開始と終了が同じ） / 空欄にした: 火_外来受付 00:00-00:00（開始と終了が同じ） / 空欄にした: 水_外来受付 00:00-00:00（開始と終了が同じ） / 空欄にした: 木_外来受付 00:00-00:00（開始と終了が同じ） / 空欄にした: 金_外来受付 00:00-00:00（開始と終了が同じ） / 空欄にした: 土_外来受付 00:00-00:00（開始と終了が同じ）"
"3922395129760","02035","整形外科","3","","","","","","","","","","","","","","","","","","","","","","","","","","","","","","","","","空欄にした: 月_診療 00:00-00:00（開始と終了が同じ） / 空欄にした: 火_診療 00:00-00:00（開始と終了が同じ） / 空欄にした: 水_診療 00:00-00:00（開始と終了が同じ） / 空欄にした: 木_診療 00:00-00:00（開始と終了が同じ） / 空欄にした: 金_診療 00:00-00:00（開始と終了が同じ） / 空欄にした: 土_診療 00:00-00:00（開始と終了が同じ） / 空欄にした: 月_外来受付 00:00-00:00（開始と終了が同じ） / 空欄にした: 火_外来受付 00:00-00:00（開始と終了が同じ） / 空欄にした: 水_外来受付 00:00-00:00（開始と終了が同じ） / 空欄にした: 木_外来受付 00:00-00:00（開始と終了が同じ） / 空欄にした: 金_外来受付 00:00-00:00（開始と終了が同じ） / 空欄にした: 土_外来受付 00:00-00:00（開始と終了が同じ）"
"3922395129920","02035","整形外科","1","09:00","12:00","09:00","12:00","","","09:00","12:00","09:00","12:00","09:00","12:00","","","","","09:00","11:50","09:00","11:50","","","09:00","11:50","09:00","11:50","09:00","11:50","","","","",""
"3922395129920","02035","整形外科","2","13:30","17:30","13:30","17:30","","","13:30","17:30","13:30","17:30","","","","","","","13:30","17:20","13:30","17:20","","","13:30","17:20","13:30","17:20","","","","","","",""
"3922395129920","02035","整形外科","3","","","","","","","","","","","","","","","","","","","","","","","","","","","","","","","","",""
"3922395129920","09003","リハビリテーション科","1","","","","","","","","","","","","","","","","","","","","","","","","","","","","","","","","",""
"3922395129920","09003","リハビリテーション科","2","","","","","","","","","","","","","","","","","","","","","","","","","","","","","","","","",""
"3922395129920","09003","リハビリテーション科","3","","","","","","","","","","","","","","","","","","","","","","","","","","","","","","","","",""
"3922395130320","06001","皮膚科","1","09:00","12:30","09:00","12:30","09:00","12:30","09:00","12:30","09:00","12:30","09:00","12:30","","","","","09:00","12:30","09:00","12:30","09:00","12:30","09:00","12:30","09:00","12:30","09:00","12:30","","","","",""
"3922395130320","06001","皮膚科","2","13:30","18:00","13:30","18:00","13:30","18:00","13:30","18:00","13:30","18:00","13:30","18:00","","","","","13:30","18:00","13:30","18:00","13:30","18:00","13:30","18:00","13:30","18:00","13:30","18:00","","","","",""
"3922395130320","06001","皮膚科","3","","","","","","","","","","","","","","","","","","","","","","","","","","","","","","","","",""
"3922395130750","06001","皮膚科","1","09:00","12:00","09:00","12:00","09:00","12:00","09:00","12:00","09:00","12:00","09:00","12:00","","","","","09:00","12:00","09:00","12:00","09:00","12:00","09:00","12:00","09:00","12:00","09:00","12:00","","","","",""
"3922395130750","06001","皮膚科","2","13:00","17:30","13:00","17:30","13:00","17:30","13:00","17:30","13:00","17:30","","","","","","","13:00","17:30","13:00","17:30","13:00","17:30","13:00","17:30","13:00","17:30","","","","","","",""
"3922395130750","06001","皮膚科","3","","","","","","","","","","","","","","","","","","","","","","","","","","","","","","","","",""
"3922395130750","06004","泌尿器科","1","09:00","12:00","09:00","12:00","09:00","12:00","09:00","12:00","09:00","12:00","09:00","12:00","","","","","09:00","12:00","09:00","12:00","09:00","12:00","09:00","12:00","09:00","12:00","09:00","12:00","","","","",""
"3922395130750","06004","泌尿器科","2","13:00","17:30","13:00","17:30","13:00","17:30","13:00","17:30","13:00","17:30","","","","","","","13:00","17:30","13:00","17:30","13:00","17:30","13:00","17:30","13:00","17:30","","","","","","",""
"3922395130750","06004","泌尿器科","3","","","","","","","","","","","","","","","","","","","","","","","","","","","","","","","","",""
"3922395130900","04001","産婦人科","1","09:00","12:30","09:00","12:30","09:00","12:30","09:00","12:30","09:00","12:30","09:00","12:30","","","","","09:00","11:30","09:00","11:30","09:00","11:30","09:00","11:30","09:00","11:30","09:00","11:30","","","","",""
"3922395130900","04001","産婦人科","2","14:00","16:00","14:00","16:00","","","14:00","16:00","14:00","16:00","14:00","16:00","","","","","14:00","15:30","14:00","15:30","","","14:00","15:30","14:00","15:30","14:00","15:30","","","","",""
"3922395130900","04001","産婦人科","3","","","17:00","18:00","","","17:00","18:00","","","","","","","","","","","17:00","17:30","","","17:00","17:30","","","","","","","","",""
"3922395130900","04002","産科","1","09:00","12:30","09:00","12:30","09:00","12:30","09:00","12:30","09:00","12:30","09:00","12:30","","","","","09:00","11:30","09:00","11:30","09:00","11:30","09:00","11:30","09:00","11:30","09:00","11:30","","","","",""
"3922395130900","04002","産科","2","14:00","16:00","14:00","16:00","14:00","16:00","14:00","16:00","14:00","16:00","14:00","16:00","","","","","14:00","15:30","14:00","15:30","14:00","15:30","14:00","15:30","14:00","15:30","14:00","15:30","","","","",""
"3922395130900","04002","産科","3","","","17:00","18:00","","","17:00","18:00","","","","","","","","","","","17:00","17:30","","","17:00","17:30","","","","","","","","",""
"3922395130900","04003","婦人科","1","09:00","12:30","09:00","12:30","09:00","12:30","09:00","12:30","09:00","12:30","09:00","12:30","","","","","09:00","11:30","09:00","11:30","09:00","11:30","09:00","11:30","09:00","11:30","09:00","11:30","","","","",""
"3922395130900","04003","婦人科","2","14:00","16:00","14:00","16:00","14:00","16:00","14:00","16:00","14:00","16:00","14:00","16:00","","","","","14:00","15:30","14:00","15:30","14:00","15:30","14:00","15:30","14:00","15:30","14:00","15:30","","","","",""
"3922395130900","04003","婦人科","3","17:00","18:00","17:00","18:00","17:00","18:00","17:00","18:00","17:00","18:00","17:00","18:00","","","","","","","17:00","17:30","","","17:00","17:30","","","","","","","","",""
"3922395131170","01001","内科","1","08:30","12:00","08:30","12:00","08:30","12:00","08:30","12:00","08:30","12:00","","","","","","","08:30","12:00","08:30","12:00","08:30","12:00","08:30","12:00","08:30","12:00","","","","","","",""
"3922395131170","01001","内科","2","13:00","16:30","13:00","16:30","13:00","16:30","13:00","16:30","13:00","16:30","","","","","","","13:00","16:30","13:00","16:30","13:00","16:30","13:00","16:30","13:00","16:30","","","","","","",""
"3922395131170","01001","内科","3","","","","","","","","","","","","","","","","","","","","","","","","","","","","","","","","",""
"3922395131170","01020","消化器内科","1","08:30","12:00","08:30","12:00","08:30","12:00","08:30","12:00","08:30","12:00","","","","","","","08:30","12:00","08:30","12:00","08:30","12:00","08:30","12:00","08:30","12:00","","","","","","",""
"3922395131170","01020","消化器内科","2","13:00","16:30","13:00","16:30","13:00","16:30","13:00","16:30","13:00","16:30","","","","","","","13:00","16:30","13:00","16:30","13:00","16:30","13:00","16:30","13:00","16:30","","","","","","",""
"3922395131170","01020","消化器内科","3","","","","","","","","","","","","","","","","","","","","","","","","","","","","","","","","",""
"3922395131170","01024","肝臓内科","1","08:30","12:00","08:30","12:00","08:30","12:00","08:30","12:00","08:30","12:00","","","","","","","08:30","12:00","08:30","12:00","08:30","12:00","08:30","12:00","08:30","12:00","","","","","","",""
"3922395131170","01024","肝臓内科","2","13:00","16:30","13:00","16:30","13:00","16:30","13:00","16:30","13:00","16:30","","","","","","","13:00","16:30","13:00","16:30","13:00","16:30","13:00","16:30","13:00","16:30","","","","","","",""
"3922395131170","01024","肝臓内科","3","","","","","","","","","","","","","","","","","","","","","","","","","","","","","","","","",""
"3922395131170","06001","皮膚科","1","08:30","12:00","08:30","12:00","08:30","12:00","08:30","12:00","08:30","12:00","","","","","","","08:30","12:00","08:30","12:00","08:30","12:00","08:30","12:00","08:30","12:00","","","","","","",""
"3922395131170","06001","皮膚科","2","13:00","16:30","13:00","16:30","13:00","16:30","13:00","16:30","13:00","16:30","","","","","","","13:00","16:30","13:00","16:30","13:00","16:30","13:00","16:30","13:00","16:30","","","","","","",""
"3922395131170","06001","皮膚科","3","","","","","","","","","","","","","","","","","","","","","","","","","","","","","","","","",""
"3922395131460","01001","内科","1","09:00","12:30","09:00","12:30","09:00","12:30","09:00","12:30","09:00","12:30","09:00","12:30","","","","","","","","","","","","","","","","","","","","",""
"3922395131460","01001","内科","2","14:00","18:00","14:00","18:00","14:00","18:00","","","14:00","18:00","13:30","16:00","","","","","","","","","","","","","","","","","","","","",""
"3922395131460","01001","内科","3","","","","","","","","","","","","","","","","","","","","","","","","","","","","","","","","",""
"3922395131460","04001","産婦人科","1","09:00","12:30","09:00","12:30","09:00","12:30","09:00","12:30","09:00","12:30","09:00","12:30","","","","","","","","","","","","","","","","","","","","",""
"3922395131460","04001","産婦人科","2","14:00","18:00","14:00","18:00","14:00","18:00","","","14:00","18:00","13:30","16:00","","","","","","","","","","","","","","","","","","","","",""
"3922395131460","04001","産婦人科","3","","","","","","","","","","","","","","","","","","","","","","","","","","","","","","","","",""
"3922395131590","01001","内科","1","08:30","12:30","08:30","12:30","08:30","12:30","08:30","12:30","08:30","12:30","08:30","12:00","","","","","08:30","12:30","08:30","12:30","08:30","12:30","08:30","12:00","08:30","12:30","08:30","12:00","","","","",""
"3922395131590","01001","内科","2","14:00","17:00","14:00","17:00","14:00","17:00","14:00","17:00","14:00","17:00","","","","","","","14:00","16:30","14:00","16:30","14:00","16:30","14:00","16:30","14:00","16:30","","","","","","",""
"3922395131590","01001","内科","3","","","","","","","","","","","","","","","","","","","","","","","","","","","","","","","","",""
"3922395131590","01006","糖尿病内科","1","","","","","","","","","","","","","","","","","","","","","","","","","","","","","","","","",""
"3922395131590","01006","糖尿病内科","2","","","","","","","","","","","","","","","","","","","","","","","","","","","","","","","","",""
"3922395131590","01006","糖尿病内科","3","","","","","","","","","","","","","","","","","","","","","","","","","","","","","","","","",""
"3922395131590","01008","内分泌内科","1","","","","","","","","","","","","","","","","","","","","","","","","","","","","","","","","",""
"3922395131590","01008","内分泌内科","2","","","","","","","","","","","","","","","","","","","","","","","","","","","","","","","","",""
"3922395131590","01008","内分泌内科","3","","","","","","","","","","","","","","","","","","","","","","","","","","","","","","","","",""
"3922395131590","01009","脂質代謝内科","1","","","","","","","","","","","","","","","","","","","","","","","","","","","","","","","","",""
"3922395131590","01009","脂質代謝内科","2","","","","","","","","","","","","","","","","","","","","","","","","","","","","","","","","",""
"3922395131590","01009","脂質代謝内科","3","","","","","","","","","","","","","","","","","","","","","","","","","","","","","","","","",""
"3922395131590","01010","糖尿病・内分泌内科","1","","","","","","","","","","","","","","","","","","","","","","","","","","","","","","","","",""
"3922395131590","01010","糖尿病・内分泌内科","2","","","","","","","","","","","","","","","","","","","","","","","","","","","","","","","","",""
"3922395131590","01010","糖尿病・内分泌内科","3","","","","","","","","","","","","","","","","","","","","","","","","","","","","","","","","",""
"3922395131590","01011","糖尿病・代謝内科","1","","","","","","","","","","","","","","","","","","","","","","","","","","","","","","","","",""
"3922395131590","01011","糖尿病・代謝内科","2","","","","","","","","","","","","","","","","","","","","","","","","","","","","","","","","",""
"3922395131590","01011","糖尿病・代謝内科","3","","","","","","","","","","","","","","","","","","","","","","","","","","","","","","","","",""
"3922395131590","01014","呼吸器内科","1","","","","","","","","","","","","","","","","","","","","","","","","","","","","","","","","",""
"3922395131590","01014","呼吸器内科","2","","","","","","","","","","","","","","","","","","","","","","","","","","","","","","","","",""
"3922395131590","01014","呼吸器内科","3","","","","","","","","","","","","","","","","","","","","","","","","","","","","","","","","",""
"3922395131590","01017","循環器内科","1","","","","","","","","","","","","","","","","","","","","","","","","","","","","","","","","",""
"3922395131590","01017","循環器内科","2","","","","","","","","","","","","","","","","","","","","","","","","","","","","","","","","",""
"3922395131590","01017","循環器内科","3","","","","","","","","","","","","","","","","","","","","","","","","","","","","","","","","",""
"3922395131590","01020","消化器内科","1","","","","","","","","","","","","","","","","","","","","","","","","","","","","","","","","",""
"3922395131590","01020","消化器内科","2","","","","","","","","","","","","","","","","","","","","","","","","","","","","","","","","",""
"3922395131590","01020","消化器内科","3","","","","","","","","","","","","","","","","","","","","","","","","","","","","","","","","",""
"3922395131590","01022","腎臓内科","1","","","","","","","","","","","","","","","","","","","","","","","","","","","","","","","","",""
"3922395131590","01022","腎臓内科","2","","","","","","","","","","","","","","","","","","","","","","","","","","","","","","","","",""
"3922395131590","01022","腎臓内科","3","","","","","","","","","","","","","","","","","","","","","","","","","","","","","","","","",""
"3922395131880","01001","内科","1","09:00","12:00","09:00","12:00","09:00","12:00","","","09:00","12:00","09:00","12:00","","","","","09:00","12:00","09:00","12:00","09:00","12:00","","","09:00","12:00","09:00","12:00","","","","",""
"3922395131880","01001","内科","2","14:30","17:00","14:30","17:00","14:30","17:00","14:30","17:00","14:30","17:00","","","","","","","14:30","17:00","14:30","17:00","14:30","17:00","14:30","17:00","14:30","17:30","","","","","","",""
"3922395131880","01001","内科","3","","","","","","","","","","","","","","","","","","","","","","","","","","","","","","","","",""
"3922395131880","03001","小児科","1","09:00","12:30","09:00","12:30","09:00","12:30","15:00","18:00","09:00","12:30","09:00","12:30","","","","","09:00","12:00","09:00","12:00","09:00","12:00","15:30","18:00","09:00","12:00","09:00","12:00","","","","",""
"3922395131880","03001","小児科","2","15:00","18:00","15:00","18:00","15:00","18:00","","","15:00","18:00","","","","","","","15:30","18:00","15:30","18:00","15:30","18:00","","","15:30","18:00","","","","","","",""
"3922395131880","03001","小児科","3","","","","","","","","","","","","","","","","","","","","","","","","","","","","","","","","",""
"3922395131910","02035","整形外科","1","09:00","12:00","09:00","12:00","09:00","12:00","09:00","12:00","09:00","12:00","09:00","12:00","","","","","08:00","12:00","08:00","12:00","08:00","12:00","08:00","12:00","08:00","12:00","08:00","12:00","","","","",""
"3922395131910","02035","整形外科","2","14:00","17:30","14:00","17:30","14:00","17:30","","","14:00","17:30","","","","","","","08:00","17:30","08:00","17:30","08:00","17:30","","","08:00","17:30","","","","","","",""
"3922395131910","02035","整形外科","3","","","","","","","","","","","","","","","","","","","","","","","","","","","","","","","","",""
"3922395131910","09002","リウマチ科","1","09:00","12:00","09:00","12:00","09:00","12:00","09:00","12:00","09:00","12:00","09:00","12:00","","","","","08:00","12:00","08:00","12:00","08:00","12:00","08:00","12:00","08:00","12:00","08:00","12:00","","","","",""
"3922395131910","09002","リウマチ科","2","14:00","17:30","14:00","17:30","14:00","17:30","","","14:00","17:30","","","","","","","08:00","17:30","08:00","17:30","08:00","17:30","","","08:00","17:30","","","","","","",""
"3922395131910","09002","リウマチ科","3","","","","","","","","","","","","","","","","","","","","","","","","","","","","","","","","",""
"3922395131910","09003","リハビリテーション科","1","09:00","12:00","09:00","12:00","09:00","12:00","09:00","12:00","09:00","12:00","09:00","12:00","","","","","08:00","12:00","08:00","12:00","08:00","12:00","08:00","12:00","08:00","12:00","08:00","12:00","","","","",""
"3922395131910","09003","リハビリテーション科","2","14:00","17:30","14:00","17:30","14:00","17:30","","","14:00","17:30","","","","","","","08:00","17:30","08:00","17:30","08:00","17:30","","","08:00","17:30","","","","","","",""
"3922395131910","09003","リハビリテーション科","3","","","","","","","","","","","","","","","","","","","","","","","","","","","","","","","","",""
"3922395132100","01001","内科","1","09:00","12:00","09:00","12:00","09:00","12:00","09:00","13:00","09:00","12:00","09:00","13:00","","","","","09:00","12:00","09:00","12:00","09:00","12:00","09:00","13:00","09:00","12:00","09:00","13:00","","","","",""
"3922395132100","01001","内科","2","14:00","18:00","14:00","18:00","14:00","18:00","","","14:00","18:00","","","","","","","14:00","18:00","14:00","18:00","14:00","18:00","","","14:00","18:00","","","","","","",""
"3922395132100","01001","内科","3","","","","","","","","","","","","","","","","","","","","","","","","","","","","","","","","",""
"3922395132100","01017","循環器内科","1","09:00","12:00","09:00","12:00","09:00","12:00","09:00","12:00","09:00","12:00","09:00","13:00","","","","","09:00","12:00","09:00","12:00","09:00","12:00","09:00","12:00","09:00","12:00","09:00","13:00","","","","",""
"3922395132100","01017","循環器内科","2","14:00","18:00","14:00","18:00","14:00","18:00","","","14:00","18:00","","","","","","","14:00","18:00","14:00","18:00","14:00","18:00","","","14:00","18:00","","","","","","",""
"3922395132100","01017","循環器内科","3","","","","","","","","","","","","","","","","","","","","","","","","","","","","","","","","",""
"3922395132100","01020","消化器内科","1","09:00","12:00","09:00","12:00","09:00","12:00","09:00","13:00","09:00","12:00","09:00","13:00","","","","","09:00","12:00","09:00","12:00","09:00","12:00","09:00","13:00","09:00","12:00","09:00","13:00","","","","",""
"3922395132100","01020","消化器内科","2","14:00","18:00","14:00","18:00","14:00","18:00","","","14:00","18:00","","","","","","","14:00","18:00","14:00","18:00","14:00","18:00","","","14:00","18:00","","","","","","",""
"3922395132100","01020","消化器内科","3","","","","","","","","","","","","","","","","","","","","","","","","","","","","","","","","",""
"3922395132760","05002","耳鼻いんこう科","1","09:30","12:30","09:30","12:30","09:30","12:30","","","09:30","12:30","09:30","12:30","","","","","09:30","12:00","09:30","12:00","09:30","12:00","","","09:30","12:00","09:30","12:00","","","","",""
"3922395132760","05002","耳鼻いんこう科","2","15:00","18:30","15:00","18:30","15:00","18:30","","","15:00","18:30","15:00","17:30","","","","","15:00","18:00","15:00","18:00","15:00","18:00","","","15:00","18:00","","","","","","",""
"3922395132760","05002","耳鼻いんこう科","3","","","","","","","","","","","","","","","","","","","","","","","","","","","15:00","17:00","","","","",""
"3922395132890","01001","内科","1","09:00","12:30","09:00","12:30","09:00","12:30","09:00","12:30","09:00","12:30","09:00","12:30","","","","","09:00","12:10","09:00","12:10","09:00","12:10","09:00","12:10","09:00","12:10","09:00","12:10","","","","",""
"3922395132890","01001","内科","2","14:00","18:00","14:00","18:00","","","14:00","18:00","14:00","18:00","","","","","","","14:00","17:40","14:00","17:40","","","14:00","17:40","14:00","17:40","","","","","","",""
"3922395132890","01001","内科","3","","","","","","","","","","","","","","","","","","","","","","","","","","","","","","","","","空欄にした: 月_診療 00:00-00:00（開始と終了が同じ） / 空欄にした: 火_診療 00:00-00:00（開始と終了が同じ） / 空欄にした: 木_診療 00:00-00:00（開始と終了が同じ） / 空欄にした: 金_診療 00:00-00:00（開始と終了が同じ） / 空欄にした: 月_外来受付 00:00-00:00（開始と終了が同じ） / 空欄にした: 火_外来受付 00:00-00:00（開始と終了が同じ） / 空欄にした: 木_外来受付 00:00-00:00（開始と終了が同じ） / 空欄にした: 金_外来受付 00:00-00:00（開始と終了が同じ）"
"3922395132890","01014","呼吸器内科","1","09:00","12:30","09:00","12:30","09:00","12:30","09:00","12:30","09:00","12:30","09:00","12:30","","","","","09:00","12:10","09:00","12:10","09:00","12:10","09:00","12:10","09:00","12:10","09:00","12:10","","","","",""
"3922395132890","01014","呼吸器内科","2","14:00","18:00","14:00","18:00","","","14:00","18:00","14:00","18:00","","","","","","","14:00","17:40","14:00","17:40","","","14:00","17:40","14:00","17:40","","","","","","",""
"3922395132890","01014","呼吸器内科","3","","","","","","","","","","","","","","","","","","","","","","","","","","","","","","","","","空欄にした: 月_診療 00:00-00:00（開始と終了が同じ） / 空欄にした: 火_診療 00:00-00:00（開始と終了が同じ） / 空欄にした: 木_診療 00:00-00:00（開始と終了が同じ） / 空欄にした: 金_診療 00:00-00:00（開始と終了が同じ） / 空欄にした: 月_外来受付 00:00-00:00（開始と終了が同じ） / 空欄にした: 火_外来受付 00:00-00:00（開始と終了が同じ） / 空欄にした: 木_外来受付 00:00-00:00（開始と終了が同じ） / 空欄にした: 金_外来受付 00:00-00:00（開始と終了が同じ）"
"3922395132890","01017","循環器内科","1","09:00","12:30","09:00","12:30","09:00","12:30","09:00","12:30","09:00","12:30","09:00","12:30","","","","","09:00","12:10","09:00","12:10","09:00","12:10","09:00","12:10","09:00","12:10","09:00","12:10","","","","",""
"3922395132890","01017","循環器内科","2","14:00","18:00","14:00","18:00","","","14:00","18:00","14:00","18:00","","","","","","","14:00","17:40","14:00","17:40","","","14:00","17:40","14:00","17:40","","","","","","",""
"3922395132890","01017","循環器内科","3","","","","","","","","","","","","","","","","","","","","","","","","","","","","","","","","","空欄にした: 月_診療 00:00-00:00（開始と終了が同じ） / 空欄にした: 火_診療 00:00-00:00（開始と終了が同じ） / 空欄にした: 木_診療 00:00-00:00（開始と終了が同じ） / 空欄にした: 金_診療 00:00-00:00（開始と終了が同じ） / 空欄にした: 月_外来受付 00:00-00:00（開始と終了が同じ） / 空欄にした: 火_外来受付 00:00-00:00（開始と終了が同じ） / 空欄にした: 木_外来受付 00:00-00:00（開始と終了が同じ） / 空欄にした: 金_外来受付 00:00-00:00（開始と終了が同じ）"
"3922395132890","01020","消化器内科","1","09:00","12:30","09:00","12:30","09:00","12:30","09:00","12:30","09:00","12:30","09:00","12:30","","","","","09:00","12:10","09:00","12:10","09:00","12:10","09:00","12:10","09:00","12:10","09:00","12:10","","","","",""
"3922395132890","01020","消化器内科","2","14:00","18:00","14:00","18:00","","","14:00","18:00","14:00","18:00","","","","","","","14:00","17:40","14:00","17:40","","","14:00","17:40","14:00","17:40","","","","","","",""
"3922395132890","01020","消化器内科","3","","","","","","","","","","","","","","","","","","","","","","","","","","","","","","","","","空欄にした: 月_診療 00:00-00:00（開始と終了が同じ） / 空欄にした: 火_診療 00:00-00:00（開始と終了が同じ） / 空欄にした: 木_診療 00:00-00:00（開始と終了が同じ） / 空欄にした: 金_診療 00:00-00:00（開始と終了が同じ） / 空欄にした: 月_外来受付 00:00-00:00（開始と終了が同じ） / 空欄にした: 火_外来受付 00:00-00:00（開始と終了が同じ） / 空欄にした: 木_外来受付 00:00-00:00（開始と終了が同じ） / 空欄にした: 金_外来受付 00:00-00:00（開始と終了が同じ）"
"3922395132920","04001","産婦人科","1","09:00","12:30","09:00","12:30","09:00","12:30","09:00","12:30","09:00","12:30","09:00","12:30","","","","","09:00","12:00","09:00","12:00","09:00","12:00","09:00","12:00","09:00","12:00","09:00","12:00","","","","",""
"3922395132920","04001","産婦人科","2","14:00","17:00","14:00","17:00","14:00","17:00","","","14:00","17:00","","","","","","","14:00","16:30","14:00","16:30","14:00","16:30","","","14:00","16:30","","","","","","",""
"3922395132920","04001","産婦人科","3","","","","","","","","","","","","","","","","","","","","","","","","","","","","","","","","","空欄にした: 月_診療 00:00-00:00（開始と終了が同じ） / 空欄にした: 火_診療 00:00-00:00（開始と終了が同じ） / 空欄にした: 水_診療 00:00-00:00（開始と終了が同じ） / 空欄にした: 金_診療 00:00-00:00（開始と終了が同じ） / 空欄にした: 月_外来受付 00:00-00:00（開始と終了が同じ） / 空欄にした: 火_外来受付 00:00-00:00（開始と終了が同じ） / 空欄にした: 水_外来受付 00:00-00:00（開始と終了が同じ） / 空欄にした: 金_外来受付 00:00-00:00（開始と終了が同じ）"
"3922395133190","02001","外科","1","09:00","12:30","09:00","12:30","09:00","12:30","09:00","12:30","09:00","12:30","09:00","12:30","","","","","09:00","12:00","09:00","12:00","09:00","12:00","09:00","12:00","09:00","12:00","09:00","12:00","","","","",""
"3922395133190","02001","外科","2","14:00","17:30","","","14:00","17:30","","","14:00","17:30","14:00","17:30","","","","","14:00","17:00","","","14:00","17:00","","","14:00","17:00","14:00","17:00","","","","",""
"3922395133190","02001","外科","3","","","","","","","","","","","","","","","","","","","","","","","","","","","","","","","","",""
"3922395133190","02022","乳腺外科","1","09:00","12:30","09:00","12:30","09:00","12:30","09:00","12:30","09:00","12:30","09:00","12:30","","","","","09:00","12:00","09:00","12:00","09:00","12:00","09:00","12:00","09:00","12:00","09:00","12:00","","","","",""
"3922395133190","02022","乳腺外科","2","14:00","17:30","","","14:00","17:30","","","14:00","17:30","14:00","17:30","","","","","14:00","17:00","","","14:00","17:00","","","14:00","17:00","14:00","17:00","","","","",""
"3922395133190","02022","乳腺外科","3","","","","","","","","","","","","","","","","","","","","","","","","","","","","","","","","",""
"3922395133480","01001","内科","1","09:00","13:00","09:00","13:00","09:00","13:00","09:00","13:00","09:00","13:00","09:00","13:00","","","","","08:30","13:00","08:30","13:00","08:30","13:00","08:30","13:00","08:30","13:00","08:30","13:00","","","","",""
"3922395133480","01001","内科","2","14:00","18:00","14:00","18:00","14:00","18:00","14:00","18:00","14:00","18:00","","","","","","","14:00","18:00","14:00","18:00","14:00","18:00","14:00","18:00","14:00","18:00","","","","","","",""
"3922395133480","01001","内科","3","","","","","","","","","","","","","","","","","","","","","","","","","","","","","","","","",""
"3922395133480","03001","小児科","1","09:00","13:00","09:00","13:00","09:00","13:00","09:00","13:00","09:00","13:00","09:00","13:00","","","","","08:30","13:00","08:30","13:00","08:30","13:00","08:30","13:00","08:30","13:00","08:30","13:00","","","","",""
"3922395133480","03001","小児科","2","14:00","18:00","14:00","18:00","14:00","18:00","14:00","18:00","14:00","18:00","","","","","","","14:00","18:00","14:00","18:00","14:00","18:00","14:00","18:00","14:00","18:00","","","","","","",""
"3922395133480","03001","小児科","3","","","","","","","","","","","","","","","","","","","","","","","","","","","","","","","","",""
"3922395133510","02035","整形外科","1","09:00","12:30","09:00","12:30","09:00","12:30","09:00","12:30","09:00","12:30","09:00","13:00","","","","","09:00","12:00","09:00","12:00","09:00","12:00","09:00","12:00","09:00","12:00","09:00","12:30","","","","",""
"3922395133510","02035","整形外科","2","14:00","18:00","14:00","18:00","14:00","17:00","14:00","18:00","14:00","18:00","","","","","","","14:00","17:00","14:00","17:00","14:00","16:30","14:00","17:00","14:00","17:00","","","","","","",""
"3922395133510","02035","整形外科","3","","","","","","","","","","","","","","","","","","","","","","","","","","","","","","","","",""
"3922395133510","09002","リウマチ科","1","09:00","12:30","09:00","12:30","09:00","12:30","09:00","12:30","09:00","12:30","09:00","13:00","","","","","09:00","12:00","09:00","12:00","09:00","12:00","09:00","12:00","09:00","12:00","09:00","12:30","","","","",""
"3922395133510","09002","リウマチ科","2","14:00","18:00","14:00","18:00","14:00","17:00","14:00","18:00","14:00","18:00","","","","","","","14:00","17:00","14:00","17:00","14:00","16:30","14:00","17:00","14:00","17:00","","","","","","",""
"3922395133510","09002","リウマチ科","3","","","","","","","","","","","","","","","","","","","","","","","","","","","","","","","","",""
"3922395133510","09003","リハビリテーション科","1","09:00","12:30","09:00","12:30","09:00","12:30","09:00","12:30","09:00","12:30","09:00","13:00","","","","","09:00","12:00","09:00","12:00","09:00","12:00","09:00","12:00","09:00","12:00","09:00","12:30","","","","",""
"3922395133510","09003","リハビリテーション科","2","14:00","18:00","14:00","18:00","14:00","17:00","14:00","18:00","14:00","18:00","","","","","","","14:00","17:00","14:00","17:00","14:00","16:30","14:00","17:00","14:00","17:00","","","","","","",""
"3922395133510","09003","リハビリテーション科","3","","","","","","","","","","","","","","","","","","","","","","","","","","","","","","","","",""
"3922395133770","01001","内科","1","08:30","13:00","08:30","13:00","08:30","13:00","08:30","12:00","08:30","13:00","08:30","12:00","","","","","08:30","13:00","08:30","13:00","08:30","13:00","08:30","13:00","08:30","13:00","08:30","13:00","","","","",""
"3922395133770","01001","内科","2","14:00","18:00","14:00","18:00","14:00","18:00","","","14:00","18:00","","","","","","","14:00","18:00","14:00","18:00","14:00","18:00","","","14:00","18:00","","","","","","",""
"3922395133770","01001","内科","3","","","","","","","","","","","","","","","","","","","","","","","","","","","","","","","","",""
"3922395133770","01014","呼吸器内科","1","08:30","13:00","08:30","13:00","08:30","13:00","08:30","13:00","08:30","13:00","08:30","13:00","","","","","08:30","13:00","08:30","13:00","08:30","13:00","08:30","13:00","08:30","13:00","08:30","13:00","","","","",""
"3922395133770","01014","呼吸器内科","2","14:00","18:00","14:00","18:00","14:00","18:00","","","14:00","18:00","","","","","","","14:00","18:00","14:00","18:00","14:00","18:00","","","14:00","18:00","","","","","","",""
"3922395133770","01014","呼吸器内科","3","","","","","","","","","","","","","","","","","","","","","","","","","","","","","","","","",""
"3922395133770","01017","循環器内科","1","08:30","13:00","08:30","13:00","08:30","13:00","08:30","13:00","08:30","13:00","08:30","13:00","","","","","08:30","13:00","08:30","13:00","08:30","13:00","08:30","13:00","08:30","13:00","08:30","13:00","","","","",""
"3922395133770","01017","循環器内科","2","14:00","18:00","14:00","18:00","14:00","18:00","","","14:00","18:00","","","","","","","14:00","18:00","14:00","18:00","14:00","18:00","","","14:00","18:00","","","","","","",""
"3922395133770","01017","循環器内科","3","","","","","","","","","","","","","","","","","","","","","","","","","","","","","","","","",""
"3922395133770","01020","消化器内科","1","08:30","13:00","08:30","13:00","08:30","13:00","08:30","13:00","08:30","13:00","08:30","13:00","","","","","08:30","13:00","08:30","13:00","08:30","13:00","08:30","13:00","08:30","13:00","08:30","13:00","","","","",""
"3922395133770","01020","消化器内科","2","14:00","18:00","14:00","18:00","14:00","18:00","","","14:00","18:00","","","","","","","14:00","18:00","14:00","18:00","14:00","18:00","","","14:00","18:00","","","","","","",""
"3922395133770","01020","消化器内科","3","","","","","","","","","","","","","","","","","","","","","","","","","","","","","","","","",""
"3922395134070","01001","内科","1","09:15","11:45","09:15","11:45","09:15","11:45","09:15","11:45","09:15","11:45","09:15","11:45","","","","","09:20","11:30","09:20","11:30","09:20","11:30","09:20","11:30","09:20","11:30","09:20","11:30","","","","",""
"3922395134070","01001","内科","2","14:00","17:15","14:00","17:15","14:00","17:15","","","14:00","17:15","","","","","","","14:00","17:00","14:00","17:00","14:00","17:00","","","14:00","17:00","","","","","","",""
"3922395134070","01001","内科","3","","","","","","","","","","","","","","","","","","","","","","","","","","","","","","","","",""
"3922395134360","01001","内科","1","09:00","12:30","09:00","12:30","09:00","12:30","09:00","12:30","09:00","12:30","09:00","12:30","","","","","08:30","12:30","08:30","12:30","08:30","12:30","08:30","12:30","08:30","12:30","08:30","12:30","","","","",""
"3922395134360","01001","内科","2","14:00","18:00","14:00","18:00","14:00","18:00","","","14:00","18:00","","","","","","","14:00","18:00","14:00","18:00","14:00","18:00","","","14:00","18:00","","","","","","",""
"3922395134360","01001","内科","3","","","","","","","","","","","","","","","","","","","","","","","","","","","","","","","","",""
"3922395134360","01011","糖尿病・代謝内科","1","09:00","12:30","09:00","12:30","09:00","12:30","09:00","12:30","09:00","12:30","09:00","12:30","","","","","08:30","12:30","08:30","12:30","08:30","12:30","08:30","12:30","08:30","12:30","08:30","12:30","","","","",""
"3922395134360","01011","糖尿病・代謝内科","2","14:00","18:00","14:00","18:00","14:00","18:00","","","14:00","18:00","","","","","","","14:00","18:00","14:00","18:00","14:00","18:00","","","14:00","18:00","","","","","","",""
"3922395134360","01011","糖尿病・代謝内科","3","","","","","","","","","","","","","","","","","","","","","","","","","","","","","","","","",""
"3922395134360","01014","呼吸器内科","1","09:00","12:30","09:00","12:30","09:00","12:30","09:00","12:30","09:00","12:30","09:00","12:30","","","","","08:30","12:30","08:30","12:30","08:30","12:30","08:30","12:30","08:30","12:30","08:30","12:30","","","","",""
"3922395134360","01014","呼吸器内科","2","14:00","18:00","14:00","18:00","14:00","18:00","","","14:00","18:00","","","","","","","14:00","18:00","14:00","18:00","14:00","18:00","","","14:00","18:00","","","","","","",""
"3922395134360","01014","呼吸器内科","3","","","","","","","","","","","","","","","","","","","","","","","","","","","","","","","","",""
"3922395134360","01017","循環器内科","1","09:00","12:30","09:00","12:30","09:00","12:30","09:00","12:30","09:00","12:30","09:00","12:30","","","","","08:30","12:30","08:30","12:30","08:30","12:30","08:30","12:30","08:30","12:30","08:30","12:30","","","","",""
"3922395134360","01017","循環器内科","2","14:00","18:00","14:00","18:00","14:00","18:00","","","14:00","18:00","","","","","","","14:00","18:00","14:00","18:00","14:00","18:00","","","14:00","18:00","","","","","","",""
"3922395134360","01017","循環器内科","3","","","","","","","","","","","","","","","","","","","","","","","","","","","","","","","","",""
"3922395134360","01020","消化器内科","1","09:00","12:30","09:00","12:30","09:00","12:30","09:00","12:30","09:00","12:30","09:00","12:30","","","","","08:30","12:30","08:30","12:30","08:30","12:30","08:30","12:30","08:30","12:30","08:30","12:30","","","","",""
"3922395134360","01020","消化器内科","2","14:00","18:00","14:00","18:00","14:00","18:00","","","14:00","18:00","","","","","","","14:00","18:00","14:00","18:00","14:00","18:00","","","14:00","18:00","","","","","","",""
"3922395134360","01020","消化器内科","3","","","","","","","","","","","","","","","","","","","","","","","","","","","","","","","","",""
"3922395134360","02001","外科","1","09:00","12:30","09:00","12:30","09:00","12:30","09:00","12:30","09:00","12:30","09:00","12:30","","","","","08:30","12:30","08:30","12:30","08:30","12:30","08:30","12:30","08:30","12:30","08:30","12:30","","","","",""
"3922395134360","02001","外科","2","14:00","18:00","","","14:00","18:00","","","14:00","18:00","","","","","","","14:00","18:00","","","14:00","18:00","","","14:00","18:00","","","","","","",""
"3922395134360","02001","外科","3","","","","","","","","","","","","","","","","","","","","","","","","","","","","","","","","",""
"3922395134360","02025","肛門外科","1","","","","","","","","","","","","","","","","","","","","","","","","","","","","","","","","",""
"3922395134360","02025","肛門外科","2","","","","","","","","","","","","","","","","","","","","","","","","","","","","","","","","",""
"3922395134360","02025","肛門外科","3","","","","","","","","","","","","","","","","","","","","","","","","","","","","","","","","",""
"3922395134360","09003","リハビリテーション科","1","09:00","12:30","09:00","12:30","09:00","12:30","09:00","12:30","09:00","12:30","09:00","12:30","","","","","08:30","12:30","08:30","12:30","08:30","12:30","08:30","12:30","08:30","12:30","08:30","12:30","","","","",""
"3922395134360","09003","リハビリテーション科","2","14:00","18:00","","","14:00","18:00","","","14:00","18:00","","","","","","","14:00","18:00","","","14:00","18:00","","","14:00","18:00","","","","","","",""
"3922395134360","09003","リハビリテーション科","3","","","","","","","","","","","","","","","","","","","","","","","","","","","","","","","","",""
"3922395134520","01001","内科","1","09:00","12:30","09:00","12:30","09:00","12:30","09:00","12:30","09:00","12:30","09:00","12:30","","","","","09:00","12:30","09:00","12:30","09:00","12:30","09:00","12:30","09:00","12:30","09:00","12:30","","","","",""
"3922395134520","01001","内科","2","13:30","17:30","13:30","17:30","13:30","17:30","13:30","17:30","13:30","17:30","09:00","12:30","","","","","13:30","17:30","13:30","17:30","13:30","17:30","13:30","17:30","13:30","17:30","","","","","","",""
"3922395134520","01001","内科","3","","","","","","","","","","","","","","","","","","","","","","","","","","","","","","","","",""
"3922395134520","01020","消化器内科","1","09:00","12:30","09:00","12:30","09:00","12:30","09:00","12:30","09:00","12:30","09:00","12:30","","","","","09:00","12:30","09:00","12:30","09:00","12:30","09:00","12:30","09:00","12:30","09:00","12:30","","","","",""
"3922395134520","01020","消化器内科","2","13:30","17:30","13:30","17:30","13:30","17:30","13:30","17:30","13:30","17:30","","","","","","","13:30","17:30","13:30","17:30","13:30","17:30","13:30","17:30","13:30","17:30","","","","","","",""
"3922395134520","01020","消化器内科","3","","","","","","","","","","","","","","","","","","","","","","","","","","","","","","","","",""
"3922395134520","09011","麻酔科","1","09:00","12:30","09:00","12:30","09:00","12:30","09:00","12:30","09:00","12:30","09:00","12:30","","","","","09:00","12:30","09:00","12:30","09:00","12:30","09:00","12:30","09:00","12:30","09:00","12:30","","","","",""
"3922395134520","09011","麻酔科","2","13:30","17:30","13:30","17:30","13:30","17:30","13:30","17:30","13:30","17:30","","","","","","","13:30","17:30","13:30","17:30","13:30","17:30","13:30","17:30","13:30","17:30","","","","","","",""
"3922395134520","09011","麻酔科","3","","","","","","","","","","","","","","","","","","","","","","","","","","","","","","","","",""
"3922395134650","05001","眼科","1","09:00","12:30","09:00","12:30","09:00","12:30","09:00","12:30","09:00","12:30","09:00","14:00","","","","","","","","","","","","","","","","","","","","",""
"3922395134650","05001","眼科","2","14:30","18:30","14:30","18:30","14:30","18:30","14:30","18:30","14:30","18:30","","","","","","","","","","","","","","","","","","","","","","",""
"3922395134650","05001","眼科","3","","","","","","","","","","","","","","","","","","","","","","","","","","","","","","","","",""
"3922395134780","01001","内科","1","09:00","12:00","09:00","12:00","09:00","12:00","09:00","12:00","09:00","12:00","09:00","12:00","","","","","09:00","12:00","09:00","12:00","09:00","12:00","09:00","12:00","09:00","12:00","09:00","12:00","","","","",""
"3922395134780","01001","内科","2","13:30","17:30","13:30","17:30","13:30","17:30","","","13:30","17:30","","","","","","","13:30","17:00","13:30","17:00","13:30","17:00","","","13:30","17:00","","","","","","",""
"3922395134780","01001","内科","3","","","","","","","","","","","","","","","","","","","","","","","","","","","","","","","","","空欄にした: 月_診療 00:00-00:00（開始と終了が同じ） / 空欄にした: 火_診療 00:00-00:00（開始と終了が同じ） / 空欄にした: 水_診療 00:00-00:00（開始と終了が同じ） / 空欄にした: 金_診療 00:00-00:00（開始と終了が同じ） / 空欄にした: 月_外来受付 00:00-00:00（開始と終了が同じ） / 空欄にした: 火_外来受付 00:00-00:00（開始と終了が同じ） / 空欄にした: 水_外来受付 00:00-00:00（開始と終了が同じ） / 空欄にした: 金_外来受付 00:00-00:00（開始と終了が同じ）"
"3922395134780","01014","呼吸器内科","1","09:00","12:00","09:00","12:00","09:00","12:00","09:00","12:00","09:00","12:00","09:00","12:00","","","","","09:00","12:00","09:00","12:00","09:00","12:00","09:00","12:00","09:00","12:00","09:00","12:00","","","","",""
"3922395134780","01014","呼吸器内科","2","13:30","17:30","13:30","17:30","13:30","17:30","","","13:30","17:30","","","","","","","13:30","17:00","13:30","17:00","13:30","17:00","","","13:30","17:00","","","","","","",""
"3922395134780","01014","呼吸器内科","3","","","","","","","","","","","","","","","","","","","","","","","","","","","","","","","","","空欄にした: 月_診療 00:00-00:00（開始と終了が同じ） / 空欄にした: 火_診療 00:00-00:00（開始と終了が同じ） / 空欄にした: 水_診療 00:00-00:00（開始と終了が同じ） / 空欄にした: 金_診療 00:00-00:00（開始と終了が同じ） / 空欄にした: 月_外来受付 00:00-00:00（開始と終了が同じ） / 空欄にした: 火_外来受付 00:00-00:00（開始と終了が同じ） / 空欄にした: 水_外来受付 00:00-00:00（開始と終了が同じ） / 空欄にした: 金_外来受付 00:00-00:00（開始と終了が同じ）"
"3922395134810","01001","内科","1","09:00","12:30","09:00","12:30","09:00","12:30","","","09:00","12:30","09:00","12:30","","","","","08:30","12:15","08:30","12:15","08:30","12:15","","","08:30","12:15","08:30","12:15","","","","",""
"3922395134810","01001","内科","2","15:00","17:30","","","","","","","15:00","17:30","","","","","","","15:00","17:15","","","","","","","15:00","17:15","","","","","","",""
"3922395134810","01001","内科","3","","","","","","","","","","","","","","","","","","","","","","","","","","","","","","","","",""
"3922395134810","01014","呼吸器内科","1","09:00","12:30","09:00","12:30","09:00","12:30","","","09:00","12:30","09:00","12:30","","","","","08:30","12:15","08:30","12:15","08:30","12:15","","","08:30","12:15","08:30","12:15","","","","",""
"3922395134810","01014","呼吸器内科","2","15:00","17:30","","","","","","","15:00","17:30","","","","","","","15:00","17:15","","","","","","","15:00","17:15","","","","","","",""
"3922395134810","01014","呼吸器内科","3","","","","","","","","","","","","","","","","","","","","","","","","","","","","","","","","",""
"3922395134810","01020","消化器内科","1","09:00","12:30","09:00","12:30","09:00","12:30","","","09:00","12:30","09:00","12:30","","","","","08:30","12:15","08:30","12:15","08:30","12:15","","","08:30","12:15","08:30","12:15","","","","",""
"3922395134810","01020","消化器内科","2","15:00","17:30","","","","","","","15:00","17:30","","","","","","","15:00","17:15","","","","","","","15:00","17:15","","","","","","",""
"3922395134810","01020","消化器内科","3","","","","","","","","","","","","","","","","","","","","","","","","","","","","","","","","",""
"3922395135080","01001","内科","1","09:00","13:00","09:00","13:00","09:00","13:00","09:00","13:00","09:00","13:00","09:00","13:00","","","","","","","","","","","","","","","","","","","","",""
"3922395135080","01001","内科","2","14:00","18:00","14:00","18:00","14:00","18:00","14:00","18:00","14:00","18:00","","","","","","","","","","","","","","","","","","","","","","",""
"3922395135080","01001","内科","3","","","","","","","","","","","","","","","","","","","","","","","","","","","","","","","","",""
"3922395135080","01021","胃腸内科","1","09:00","13:00","09:00","13:00","09:00","13:00","09:00","13:00","09:00","13:00","09:00","13:00","","","","","","","","","","","","","","","","","","","","",""
"3922395135080","01021","胃腸内科","2","14:00","18:00","14:00","18:00","14:00","18:00","14:00","18:00","14:00","18:00","","","","","","","","","","","","","","","","","","","","","","",""
"3922395135080","01021","胃腸内科","3","","","","","","","","","","","","","","","","","","","","","","","","","","","","","","","","",""
"3922395135080","02035","整形外科","1","09:00","13:00","09:00","13:00","09:00","13:00","09:00","13:00","09:00","13:00","09:00","13:00","","","","","","","","","","","","","","","","","","","","",""
"3922395135080","02035","整形外科","2","14:00","18:00","14:00","18:00","14:00","18:00","14:00","18:00","14:00","18:00","","","","","","","","","","","","","","","","","","","","","","",""
"3922395135080","02035","整形外科","3","","","","","","","","","","","","","","","","","","","","","","","","","","","","","","","","",""
"3922395135080","08001","歯科","1","09:00","13:00","09:00","13:00","09:00","13:00","09:00","13:00","09:00","13:00","09:00","13:00","","","","","","","","","","","","","","","","","","","","",""
"3922395135080","08001","歯科","2","14:00","18:00","14:00","18:00","14:00","18:00","14:00","18:00","14:00","18:00","","","","","","","","","","","","","","","","","","","","","","",""
"3922395135080","08001","歯科","3","","","","","","","","","","","","","","","","","","","","","","","","","","","","","","","","",""
"3922395135080","08003","歯科口腔外科","1","09:00","13:00","09:00","13:00","09:00","13:00","09:00","13:00","09:00","13:00","09:00","13:00","","","","","","","","","","","","","","","","","","","","",""
"3922395135080","08003","歯科口腔外科","2","14:00","18:00","14:00","18:00","14:00","18:00","14:00","18:00","14:00","18:00","","","","","","","","","","","","","","","","","","","","","","",""
"3922395135080","08003","歯科口腔外科","3","","","","","","","","","","","","","","","","","","","","","","","","","","","","","","","","",""
"3922395135080","08004","小児歯科","1","09:00","13:00","09:00","13:00","09:00","13:00","09:00","13:00","09:00","13:00","09:00","13:00","","","","","","","","","","","","","","","","","","","","",""
"3922395135080","08004","小児歯科","2","14:00","18:00","14:00","18:00","14:00","18:00","14:00","18:00","14:00","18:00","","","","","","","","","","","","","","","","","","","","","","",""
"3922395135080","08004","小児歯科","3","","","","","","","","","","","","","","","","","","","","","","","","","","","","","","","","",""
"3922395135080","09002","リウマチ科","1","09:00","13:00","09:00","13:00","09:00","13:00","09:00","13:00","09:00","13:00","09:00","13:00","","","","","","","","","","","","","","","","","","","","",""
"3922395135080","09002","リウマチ科","2","14:00","18:00","14:00","18:00","14:00","18:00","14:00","18:00","14:00","18:00","","","","","","","","","","","","","","","","","","","","","","",""
"3922395135080","09002","リウマチ科","3","","","","","","","","","","","","","","","","","","","","","","","","","","","","","","","","",""
"3922395135080","09003","リハビリテーション科","1","09:00","13:00","09:00","13:00","09:00","13:00","09:00","13:00","09:00","13:00","09:00","13:00","","","","","","","","","","","","","","","","","","","","",""
"3922395135080","09003","リハビリテーション科","2","14:00","18:00","14:00","18:00","14:00","18:00","14:00","18:00","14:00","18:00","","","","","","","","","","","","","","","","","","","","","","",""
"3922395135080","09003","リハビリテーション科","3","","","","","","","","","","","","","","","","","","","","","","","","","","","","","","","","",""
"3922395135080","09004","放射線科","1","09:00","13:00","09:00","13:00","09:00","13:00","09:00","13:00","09:00","13:00","09:00","13:00","","","","","","","","","","","","","","","","","","","","",""
"3922395135080","09004","放射線科","2","14:00","18:00","14:00","18:00","14:00","18:00","14:00","18:00","14:00","18:00","","","","","","","","","","","","","","","","","","","","","","",""
"3922395135080","09004","放射線科","3","","","","","","","","","","","","","","","","","","","","","","","","","","","","","","","","",""
"3922395135240","01001","内科","1","09:00","11:50","09:00","11:50","09:00","11:50","09:00","11:50","09:00","11:50","09:00","11:50","","","","","09:00","11:40","09:00","11:40","09:00","11:40","09:00","11:40","09:00","11:40","09:00","11:40","","","","",""
"3922395135240","01001","内科","2","14:00","16:50","14:00","16:50","14:00","16:50","","","14:00","16:50","","","","","","","14:00","16:40","14:00","16:40","14:00","16:40","","","14:00","16:40","","","","","","",""
"3922395135240","01001","内科","3","","","","","","","15:00","16:50","","","","","","","","","","","","","","","15:00","16:40","","","","","","","","",""
"3922395135240","06001","皮膚科","1","09:00","11:50","09:00","11:50","09:00","11:50","09:00","11:50","09:00","11:50","09:00","11:50","","","","","09:00","11:40","09:00","11:40","09:00","11:40","09:00","11:40","09:00","11:40","09:00","11:40","","","","",""
"3922395135240","06001","皮膚科","2","14:00","16:50","14:00","16:50","14:00","16:50","","","14:00","16:50","","","","","","","14:00","16:40","14:00","16:40","14:00","16:40","","","14:00","16:40","","","","","","",""
"3922395135240","06001","皮膚科","3","","","","","","","15:00","16:50","","","","","","","","","","","","","","","15:00","16:40","","","","","","","","",""
"3922395135370","06001","皮膚科","1","09:00","17:30","09:00","17:30","","","09:00","17:30","09:00","17:30","","","","","","","09:00","17:30","09:00","17:30","","","09:00","17:30","09:00","17:30","","","","","","",""
"3922395135370","06001","皮膚科","2","","","","","","","","","","","09:00","15:00","","","","","","","","","","","","","","","09:00","15:00","","","","",""
"3922395135370","06001","皮膚科","3","","","","","","","","","","","","","","","","","","","","","","","","","","","","","","","","",""
"3922395135530","01001","内科","1","09:00","13:00","09:00","13:00","09:00","13:00","09:00","13:00","09:00","13:00","09:00","13:00","","","","","08:30","12:30","08:30","12:30","08:30","12:30","08:30","12:30","08:30","12:30","08:30","12:30","","","","",""
"3922395135530","01001","内科","2","14:30","18:30","14:30","18:30","14:30","18:30","","","14:30","18:30","","","","","","","14:30","18:00","14:30","18:00","14:30","18:00","","","14:30","18:00","","","","","","",""
"3922395135530","01001","内科","3","","","","","","","","","","","","","","","","","","","","","","","","","","","","","","","","",""
"3922395135530","01020","消化器内科","1","09:00","13:00","09:00","13:00","09:00","13:00","09:00","13:00","09:00","13:00","09:00","13:00","","","","","08:30","12:30","08:30","12:30","08:30","12:30","08:30","12:30","08:30","12:30","08:30","12:30","","","","",""
"3922395135530","01020","消化器内科","2","14:30","18:30","14:30","18:30","14:30","18:30","","","14:30","18:30","","","","","","","14:30","18:00","14:30","18:00","14:30","18:00","","","14:30","18:00","","","","","","",""
"3922395135530","01020","消化器内科","3","","","","","","","","","","","","","","","","","","","","","","","","","","","","","","","","",""
"3922395135530","01024","肝臓内科","1","09:00","13:00","09:00","13:00","09:00","13:00","09:00","13:00","09:00","13:00","09:00","13:00","","","","","08:30","12:30","08:30","12:30","08:30","12:30","08:30","12:30","08:30","12:30","08:30","12:30","","","","",""
"3922395135530","01024","肝臓内科","2","14:30","18:30","14:30","18:30","14:30","18:30","","","14:30","18:30","","","","","","","14:30","18:00","14:30","18:00","14:30","18:00","","","14:30","18:00","","","","","","",""
"3922395135530","01024","肝臓内科","3","","","","","","","","","","","","","","","","","","","","","","","","","","","","","","","","",""
"3922395135530","03001","小児科","1","09:00","13:00","09:00","13:00","09:00","13:00","09:00","13:00","09:00","13:00","09:00","13:00","","","","","08:30","12:30","08:30","12:30","08:30","12:30","08:30","12:30","08:30","12:30","08:30","12:30","","","","",""
"3922395135530","03001","小児科","2","14:30","18:30","14:30","18:30","14:30","18:30","","","14:30","18:30","","","","","","","14:30","18:00","14:30","18:00","14:30","18:00","","","14:30","18:00","","","","","","",""
"3922395135530","03001","小児科","3","","","","","","","","","","","","","","","","","","","","","","","","","","","","","","","","",""
"3922395135660","01001","内科","1","08:30","11:00","","","13:30","15:30","08:30","11:00","","","","","","","","","08:00","10:30","","","13:00","15:30","08:00","10:30","","","","","","","","",""
"3922395135660","01001","内科","2","","","","","","","","","","","","","","","","","","","","","","","","","","","","","","","","",""
"3922395135660","01001","内科","3","","","","","","","","","","","","","","","","","","","","","","","","","","","","","","","","",""
"3922395135660","01017","循環器内科","1","08:30","12:00","","","13:30","17:00","08:30","12:00","","","","","","","","","08:00","11:00","","","13:00","16:00","08:00","11:00","","","","","","","","",""
"3922395135660","01017","循環器内科","2","","","","","","","","","","","","","","","","","","","","","","","","","","","","","","","","",""
"3922395135660","01017","循環器内科","3","","","","","","","","","","","","","","","","","","","","","","","","","","","","","","","","",""
"3922395135660","02002","脳神経外科","1","08:00","17:00","08:00","17:00","08:30","12:30","08:00","17:00","08:30","12:30","08:30","12:30","08:30","12:30","08:30","12:30","08:00","17:00","08:00","17:00","08:00","16:30","08:00","17:00","08:00","16:30","08:00","16:30","08:00","16:30","08:00","16:30",""
"3922395135660","02002","脳神経外科","2","08:30","12:30","08:30","12:30","14:00","17:00","08:30","12:30","13:30","17:00","13:30","17:00","13:30","17:00","13:30","17:00","","","","","","","","","","","","","","","","",""
"3922395135660","02002","脳神経外科","3","13:30","17:00","13:30","17:00","","","13:30","17:00","","","","","","","","","","","","","","","","","","","","","","","","",""
"3922395135660","09003","リハビリテーション科","1","08:00","17:00","08:00","17:00","08:30","12:30","08:00","17:00","08:30","12:30","08:30","12:30","08:30","12:30","08:30","12:30","08:00","17:00","08:00","17:00","08:00","16:30","08:00","17:00","08:00","17:00","08:00","16:30","08:00","16:30","08:00","16:30",""
"3922395135660","09003","リハビリテーション科","2","08:30","12:30","08:30","12:30","14:00","17:00","08:30","12:30","13:30","17:00","13:30","17:00","13:30","17:00","13:30","17:00","","","","","","","","","","","","","","","","",""
"3922395135660","09003","リハビリテーション科","3","13:30","17:00","13:30","17:00","","","13:30","17:00","","","","","","","","","","","","","","","","","","","","","","","","",""
"3922395135660","09004","放射線科","1","","","","","","","","","","","","","","","","","","","","","","","","","","","","","","","","",""
"3922395135660","09004","放射線科","2","","","","","","","","","","","","","","","","","","","","","","","","","","","","","","","","",""
"3922395135660","09004","放射線科","3","","","","","","","","","","","","","","","","","","","","","","","","","","","","","","","","",""
"3922395135820","01001","内科","1","09:00","12:30","09:00","12:30","09:00","12:30","09:00","12:30","09:00","12:30","09:00","12:30","","","","","09:00","12:30","09:00","12:30","09:00","12:30","09:00","12:30","09:00","12:30","09:00","12:30","","","","",""
"3922395135820","01001","内科","2","14:00","17:30","14:00","17:30","14:00","17:30","","","14:00","17:30","","","","","","","14:00","17:30","14:00","17:30","14:00","17:30","","","14:00","17:30","","","","","","",""
"3922395135820","01001","内科","3","","","","","","","","","","","","","","","","","","","","","","","","","","","","","","","","",""
"3922395135820","01017","循環器内科","1","09:00","12:30","09:00","12:30","09:00","12:30","09:00","12:30","09:00","12:30","09:00","12:30","","","","","09:00","12:30","09:00","12:30","09:00","12:30","09:00","12:30","09:00","12:30","09:00","12:30","","","","",""
"3922395135820","01017","循環器内科","2","14:00","17:30","14:00","17:30","14:00","17:30","","","14:00","17:30","","","","","","","14:00","17:30","14:00","17:30","14:00","17:30","","","14:00","17:30","","","","","","",""
"3922395135820","01017","循環器内科","3","","","","","","","","","","","","","","","","","","","","","","","","","","","","","","","","",""
"3922395135820","03001","小児科","1","09:00","12:30","09:00","12:30","09:00","12:30","09:00","12:30","09:00","12:30","09:00","12:30","","","","","09:00","12:30","09:00","12:30","09:00","12:30","09:00","12:30","09:00","12:30","09:00","12:30","","","","",""
"3922395135820","03001","小児科","2","14:00","17:30","14:00","17:30","14:00","17:30","14:00","17:30","14:00","17:30","","","","","","","14:00","17:30","14:00","17:30","14:00","17:30","","","14:00","17:30","","","","","","",""
"3922395135820","03001","小児科","3","","","","","","","","","","","","","","","","","","","","","","","","","","","","","","","","",""
"3922395136380","01001","内科","1","09:00","12:00","09:00","12:00","09:00","12:00","09:00","12:00","09:00","12:00","09:00","12:00","","","","","09:00","12:00","09:00","12:00","09:00","12:00","09:00","12:00","09:00","12:00","09:00","12:00","","","","",""
"3922395136380","01001","内科","2","14:00","18:00","14:00","18:00","14:00","18:00","14:00","18:00","14:00","18:00","","","","","","","14:00","18:00","14:00","18:00","14:00","18:00","14:00","18:00","14:00","18:00","","","","","","",""
"3922395136380","01001","内科","3","","","","","","","","","","","","","","","","","","","","","","","","","","","","","","","","",""
"3922395136380","01017","循環器内科","1","09:00","12:00","09:00","12:00","09:00","12:00","09:00","12:00","09:00","12:00","09:00","12:00","","","","","09:00","12:00","09:00","12:00","09:00","12:00","09:00","12:00","09:00","12:00","09:00","12:00","","","","",""
"3922395136380","01017","循環器内科","2","14:00","18:00","14:00","18:00","14:00","18:00","14:00","18:00","14:00","18:00","","","","","","","14:00","18:00","14:00","18:00","14:00","18:00","14:00","18:00","14:00","18:00","","","","","","",""
"3922395136380","01017","循環器内科","3","","","","","","","","","","","","","","","","","","","","","","","","","","","","","","","","",""
"3922395136380","01020","消化器内科","1","09:00","12:00","09:00","12:00","09:00","12:00","09:00","12:00","09:00","12:00","09:00","12:00","","","","","09:00","12:00","09:00","12:00","09:00","12:00","09:00","12:00","09:00","12:00","09:00","12:00","","","","",""
"3922395136380","01020","消化器内科","2","14:00","18:00","14:00","18:00","14:00","18:00","14:00","18:00","14:00","18:00","","","","","","","14:00","18:00","14:00","18:00","14:00","18:00","14:00","18:00","14:00","18:00","","","","","","",""
"3922395136380","01020","消化器内科","3","","","","","","","","","","","","","","","","","","","","","","","","","","","","","","","","",""
"3922395136380","03001","小児科","1","09:00","12:00","09:00","12:00","09:00","12:00","09:00","12:00","09:00","12:00","09:00","12:00","","","","","09:00","12:00","09:00","12:00","09:00","12:00","09:00","12:00","09:00","12:00","09:00","12:00","","","","",""
"3922395136380","03001","小児科","2","14:00","18:00","14:00","18:00","14:00","18:00","14:00","18:00","14:00","18:00","","","","","","","14:00","18:00","14:00","18:00","14:00","18:00","14:00","18:00","14:00","18:00","","","","","","",""
"3922395136380","03001","小児科","3","","","","","","","","","","","","","","","","","","","","","","","","","","","","","","","","",""
"3922395136670","03001","小児科","1","09:00","12:00","09:00","12:00","","","09:00","12:00","09:00","12:00","09:00","12:00","","","","","09:00","12:00","09:00","12:00","","","09:00","12:00","09:00","12:00","09:00","11:30","","","","",""
"3922395136670","03001","小児科","2","14:30","18:30","14:30","18:30","","","14:30","18:30","14:30","18:30","","","","","","","14:30","17:30","14:30","17:30","","","14:30","17:30","14:30","17:30","","","","","","",""
"3922395136670","03001","小児科","3","","","","","","","","","","","","","","","","","","","","","","","","","","","","","","","","",""
"3922395137000","01001","内科","1","08:30","12:30","08:30","12:30","08:30","12:30","08:30","12:30","08:30","12:30","08:30","12:30","","","","","08:30","12:30","08:30","12:30","08:30","12:30","08:30","12:30","08:30","12:30","08:30","12:30","","","","",""
"3922395137000","01001","内科","2","14:30","17:30","14:30","17:30","14:30","17:30","14:30","17:30","14:30","17:30","","","","","","","14:30","17:00","14:30","17:00","14:30","17:00","14:30","17:00","14:30","17:00","","","","","","",""
"3922395137000","01001","内科","3","","","","","","","","","","","","","","","","","","","","","","","","","","","","","","","","",""
"3922395137000","01017","循環器内科","1","","","","","","","","","","","","","","","","","","","","","","","","","","","","","","","","",""
"3922395137000","01017","循環器内科","2","","","","","","","","","","","","","","","","","","","","","","","","","","","","","","","","",""
"3922395137000","01017","循環器内科","3","","","","","","","","","","","","","","","","","","","","","","","","","","","","","","","","",""
"3922395137000","02002","脳神経外科","1","08:30","12:30","08:30","12:30","08:30","12:30","08:30","12:30","08:30","12:30","08:30","12:30","","","","","08:30","12:30","08:30","12:30","08:30","12:30","08:30","12:30","08:30","12:30","08:30","12:30","","","","",""
"3922395137000","02002","脳神経外科","2","14:30","17:30","14:30","17:30","14:30","17:30","14:30","17:30","14:30","17:30","","","","","","","14:30","17:00","14:30","17:00","14:30","17:00","14:30","17:00","14:30","17:00","","","","","","",""
"3922395137000","02002","脳神経外科","3","","","","","","","","","","","","","","","","","","","","","","","","","","","","","","","","",""
"3922395137000","02009","循環器外科","1","","","","","","","","","","","","","","","","","","","","","","","","","","","","","","","","",""
"3922395137000","02009","循環器外科","2","","","","","","","","","","","","","","","","","","","","","","","","","","","","","","","","",""
"3922395137000","02009","循環器外科","3","","","","","","","","","","","","","","","","","","","","","","","","","","","","","","","","",""
"3922395137000","02036","形成外科","1","09:00","13:00","09:00","13:00","09:00","13:00","09:00","13:00","09:00","13:00","09:00","13:00","","","","","08:30","13:00","08:30","13:00","08:30","13:00","08:30","13:00","08:30","13:00","08:30","13:00","","","","",""
"3922395137000","02036","形成外科","2","14:00","18:00","14:00","18:00","14:00","18:00","14:00","18:00","14:00","18:00","","","","","","","14:00","17:30","14:00","17:30","14:00","17:30","14:00","17:30","14:00","17:30","","","","","","",""
"3922395137000","02036","形成外科","3","","","","","","","","","","","","","","","","","","","","","","","","","","","","","","","","",""
"3922395137000","06001","皮膚科","1","09:00","13:00","09:00","13:00","09:00","13:00","09:00","13:00","09:00","13:00","09:00","13:00","","","","","08:30","13:00","08:30","13:00","08:30","13:00","08:30","13:00","08:30","13:00","08:30","13:00","","","","",""
"3922395137000","06001","皮膚科","2","14:00","18:00","14:00","18:00","14:00","18:00","14:00","18:00","14:00","18:00","","","","","","","14:00","17:00","14:00","17:00","14:00","17:00","14:00","17:00","14:00","17:00","","","","","","",""
"3922395137000","06001","皮膚科","3","","","","","","","","","","","","","","","","","","","","","","","","","","","","","","","","",""
"3922395137000","09003","リハビリテーション科","1","08:30","12:30","08:30","12:30","08:30","12:30","08:30","12:30","08:30","12:30","08:30","12:30","","","","","08:30","12:30","08:30","12:30","08:30","12:30","08:30","12:30","08:30","12:30","08:30","12:30","","","","",""
"3922395137000","09003","リハビリテーション科","2","14:30","17:30","14:30","17:30","14:30","17:30","14:30","17:30","14:30","17:30","","","","","","","14:30","17:00","14:30","17:00","14:30","17:00","14:30","17:00","14:30","17:00","","","","","","",""
"3922395137000","09003","リハビリテーション科","3","","","","","","","","","","","","","","","","","","","","","","","","","","","","","","","","",""
"3922395137390","01001","内科","1","09:00","12:00","09:00","12:00","09:00","12:00","","","09:00","12:00","09:00","12:00","","","","","09:00","12:00","09:00","12:00","09:00","12:00","","","09:00","12:00","09:00","12:00","","","","",""
"3922395137390","01001","内科","2","14:30","17:00","14:30","17:00","14:30","17:00","","","14:30","17:00","13:30","15:00","","","","","14:30","17:00","14:30","17:00","14:30","17:00","","","14:30","17:00","13:30","15:00","","","","",""
"3922395137390","01001","内科","3","","","","","","","","","","","","","","","","","","","","","","","","","","","","","","","","",""
"3922395137390","01020","消化器内科","1","09:00","12:00","09:00","12:00","09:00","12:00","","","09:00","12:00","09:00","12:00","","","","","09:00","12:00","09:00","12:00","09:00","12:00","","","09:00","12:00","09:00","12:00","","","","",""
"3922395137390","01020","消化器内科","2","14:30","17:00","14:30","17:00","14:30","17:00","","","14:30","17:00","13:30","15:00","","","","","14:30","17:00","14:30","17:00","14:30","17:00","","","14:30","17:00","13:30","15:00","","","","",""
"3922395137390","01020","消化器内科","3","","","","","","","","","","","","","","","","","","","","","","","","","","","","","","","","",""
"3922395137390","01030","内視鏡内科","1","09:00","12:00","09:00","12:00","09:00","12:00","","","09:00","12:00","09:00","12:00","","","","","09:00","12:00","09:00","12:00","09:00","12:00","","","09:00","12:00","09:00","12:00","","","","",""
"3922395137390","01030","内視鏡内科","2","14:30","17:00","14:30","17:00","14:30","17:00","","","14:30","17:00","13:30","15:00","","","","","14:30","17:00","14:30","17:00","14:30","17:00","","","14:30","17:00","13:30","15:00","","","","",""
"3922395137390","01030","内視鏡内科","3","","","","","","","","","","","","","","","","","","","","","","","","","","","","","","","","",""
"3922395137390","04003","婦人科","1","09:00","12:00","09:00","12:00","09:00","12:00","","","09:00","12:00","09:00","12:00","","","","","09:00","12:00","09:00","12:00","09:00","12:00","","","09:00","12:00","09:00","12:00","","","","",""
"3922395137390","04003","婦人科","2","14:30","17:00","14:30","17:00","14:30","17:00","","","14:30","17:00","13:30","15:00","","","","","14:30","17:00","14:30","17:00","14:30","17:00","","","14:30","17:00","13:30","15:00","","","","",""
"3922395137390","04003","婦人科","3","","","","","","","","","","","","","","","","","","","","","","","","","","","","","","","","",""
"3922395137420","01001","内科","1","09:00","17:30","09:00","17:30","09:00","17:30","","","09:00","17:30","","","","","","","","","","","","","","","","","","","","","","","空欄にした: 木_診療 00:00-00:00（開始と終了が同じ） / 空欄にした: 土_診療 00:00-00:00（開始と終了が同じ） / 空欄にした: 月_外来受付 00:00-00:00（開始と終了が同じ） / 空欄にした: 火_外来受付 00:00-00:00（開始と終了が同じ） / 空欄にした: 水_外来受付 00:00-00:00（開始と終了が同じ） / 空欄にした: 木_外来受付 00:00-00:00（開始と終了が同じ） / 空欄にした: 金_外来受付 00:00-00:00（開始と終了が同じ） / 空欄にした: 土_外来受付 00:00-00:00（開始と終了が同じ）"
"3922395137420","01001","内科","2","","","","","","","","","","","09:00","12:30","","","","","","","","","","","","","","","","","","","","","空欄にした: 月_診療 00:00-00:00（開始と終了が同じ） / 空欄にした: 火_診療 00:00-00:00（開始と終了が同じ） / 空欄にした: 水_診療 00:00-00:00（開始と終了が同じ） / 空欄にした: 木_診療 00:00-00:00（開始と終了が同じ） / 空欄にした: 金_診療 00:00-00:00（開始と終了が同じ） / 空欄にした: 月_外来受付 00:00-00:00（開始と終了が同じ） / 空欄にした: 火_外来受付 00:00-00:00（開始と終了が同じ） / 空欄にした: 水_外来受付 00:00-00:00（開始と終了が同じ） / 空欄にした: 木_外来受付 00:00-00:00（開始と終了が同じ） / 空欄にした: 金_外来受付 00:00-00:00（開始と終了が同じ） / 空欄にした: 土_外来受付 00:00-00:00（開始と終了が同じ）"
"3922395137420","01001","内科","3","","","","","","","09:00","12:00","","","","","","","","","","","","","","","","","","","","","","","","","空欄にした: 月_診療 00:00-00:00（開始と終了が同じ） / 空欄にした: 火_診療 00:00-00:00（開始と終了が同じ） / 空欄にした: 水_診療 00:00-00:00（開始と終了が同じ） / 空欄にした: 金_診療 00:00-00:00（開始と終了が同じ） / 空欄にした: 土_診療 00:00-00:00（開始と終了が同じ） / 空欄にした: 月_外来受付 00:00-00:00（開始と終了が同じ） / 空欄にした: 火_外来受付 00:00-00:00（開始と終了が同じ） / 空欄にした: 水_外来受付 00:00-00:00（開始と終了が同じ） / 空欄にした: 木_外来受付 00:00-00:00（開始と終了が同じ） / 空欄にした: 金_外来受付 00:00-00:00（開始と終了が同じ） / 空欄にした: 土_外来受付 00:00-00:00（開始と終了が同じ）"
"3922395137420","01020","消化器内科","1","09:00","17:30","09:00","17:30","09:00","17:30","","","09:00","17:30","","","","","","","","","","","","","","","","","","","","","","","空欄にした: 木_診療 00:00-00:00（開始と終了が同じ） / 空欄にした: 土_診療 00:00-00:00（開始と終了が同じ） / 空欄にした: 月_外来受付 00:00-00:00（開始と終了が同じ） / 空欄にした: 火_外来受付 00:00-00:00（開始と終了が同じ） / 空欄にした: 水_外来受付 00:00-00:00（開始と終了が同じ） / 空欄にした: 木_外来受付 00:00-00:00（開始と終了が同じ） / 空欄にした: 金_外来受付 00:00-00:00（開始と終了が同じ） / 空欄にした: 土_外来受付 00:00-00:00（開始と終了が同じ）"
"3922395137420","01020","消化器内科","2","","","","","","","","","","","09:00","12:30","","","","","","","","","","","","","","","","","","","","","空欄にした: 月_診療 00:00-00:00（開始と終了が同じ） / 空欄にした: 火_診療 00:00-00:00（開始と終了が同じ） / 空欄にした: 水_診療 00:00-00:00（開始と終了が同じ） / 空欄にした: 木_診療 00:00-00:00（開始と終了が同じ） / 空欄にした: 金_診療 00:00-00:00（開始と終了が同じ） / 空欄にした: 月_外来受付 00:00-00:00（開始と終了が同じ） / 空欄にした: 火_外来受付 00:00-00:00（開始と終了が同じ） / 空欄にした: 水_外来受付 00:00-00:00（開始と終了が同じ） / 空欄にした: 木_外来受付 00:00-00:00（開始と終了が同じ） / 空欄にした: 金_外来受付 00:00-00:00（開始と終了が同じ） / 空欄にした: 土_外来受付 00:00-00:00（開始と終了が同じ）"
"3922395137420","01020","消化器内科","3","","","","","","","09:00","12:00","","","","","","","","","","","","","","","","","","","","","","","","","空欄にした: 月_診療 00:00-00:00（開始と終了が同じ） / 空欄にした: 火_診療 00:00-00:00（開始と終了が同じ） / 空欄にした: 水_診療 00:00-00:00（開始と終了が同じ） / 空欄にした: 金_診療 00:00-00:00（開始と終了が同じ） / 空欄にした: 土_診療 00:00-00:00（開始と終了が同じ） / 空欄にした: 月_外来受付 00:00-00:00（開始と終了が同じ） / 空欄にした: 火_外来受付 00:00-00:00（開始と終了が同じ） / 空欄にした: 水_外来受付 00:00-00:00（開始と終了が同じ） / 空欄にした: 木_外来受付 00:00-00:00（開始と終了が同じ） / 空欄にした: 金_外来受付 00:00-00:00（開始と終了が同じ） / 空欄にした: 土_外来受付 00:00-00:00（開始と終了が同じ）"
"3922395137420","02001","外科","1","09:00","17:30","09:00","17:30","09:00","17:30","","","09:00","17:30","","","","","","","","","","","","","","","","","","","","","","","空欄にした: 木_診療 00:00-00:00（開始と終了が同じ） / 空欄にした: 土_診療 00:00-00:00（開始と終了が同じ） / 空欄にした: 月_外来受付 00:00-00:00（開始と終了が同じ） / 空欄にした: 火_外来受付 00:00-00:00（開始と終了が同じ） / 空欄にした: 水_外来受付 00:00-00:00（開始と終了が同じ） / 空欄にした: 木_外来受付 00:00-00:00（開始と終了が同じ） / 空欄にした: 金_外来受付 00:00-00:00（開始と終了が同じ） / 空欄にした: 土_外来受付 00:00-00:00（開始と終了が同じ）"
"3922395137420","02001","外科","2","","","","","","","","","","","09:00","12:30","","","","","","","","","","","","","","","","","","","","","空欄にした: 月_診療 00:00-00:00（開始と終了が同じ） / 空欄にした: 火_診療 00:00-00:00（開始と終了が同じ） / 空欄にした: 水_診療 00:00-00:00（開始と終了が同じ） / 空欄にした: 木_診療 00:00-00:00（開始と終了が同じ） / 空欄にした: 金_診療 00:00-00:00（開始と終了が同じ） / 空欄にした: 月_外来受付 00:00-00:00（開始と終了が同じ） / 空欄にした: 火_外来受付 00:00-00:00（開始と終了が同じ） / 空欄にした: 水_外来受付 00:00-00:00（開始と終了が同じ） / 空欄にした: 木_外来受付 00:00-00:00（開始と終了が同じ） / 空欄にした: 金_外来受付 00:00-00:00（開始と終了が同じ） / 空欄にした: 土_外来受付 00:00-00:00（開始と終了が同じ）"
"3922395137420","02001","外科","3","","","","","","","09:00","12:00","","","","","","","","","","","","","","","","","","","","","","","","","空欄にした: 月_診療 00:00-00:00（開始と終了が同じ） / 空欄にした: 火_診療 00:00-00:00（開始と終了が同じ） / 空欄にした: 水_診療 00:00-00:00（開始と終了が同じ） / 空欄にした: 金_診療 00:00-00:00（開始と終了が同じ） / 空欄にした: 土_診療 00:00-00:00（開始と終了が同じ） / 空欄にした: 月_外来受付 00:00-00:00（開始と終了が同じ） / 空欄にした: 火_外来受付 00:00-00:00（開始と終了が同じ） / 空欄にした: 水_外来受付 00:00-00:00（開始と終了が同じ） / 空欄にした: 木_外来受付 00:00-00:00（開始と終了が同じ） / 空欄にした: 金_外来受付 00:00-00:00（開始と終了が同じ） / 空欄にした: 土_外来受付 00:00-00:00（開始と終了が同じ）"
"3922395137680","01001","内科","1","09:30","13:00","09:30","13:00","09:30","13:00","09:30","13:00","09:30","13:00","09:30","13:00","","","","","09:00","13:00","09:00","13:00","09:00","13:00","09:00","13:00","09:00","13:00","09:00","13:00","","","","",""
"3922395137680","01001","内科","2","14:00","17:30","14:00","17:30","14:00","17:30","14:00","17:30","14:00","17:30","","","","","","","14:00","17:30","14:00","17:30","14:00","17:30","14:00","17:30","14:00","17:30","","","","","","",""
"3922395137680","01001","内科","3","","","","","","","","","","","14:00","15:00","","","","","","","","","","","","","","","14:00","15:00","","","","",""
"3922395137680","01006","糖尿病内科","1","","","","","","","","","","","","","","","","","","","","","","","","","","","","","","","","",""
"3922395137680","01006","糖尿病内科","2","","","","","","","","","","","","","","","","","","","","","","","","","","","","","","","","",""
"3922395137680","01006","糖尿病内科","3","","","","","","","","","","","","","","","","","","","","","","","","","","","","","","","","",""
"3922395137680","01014","呼吸器内科","1","09:30","13:00","09:30","13:00","09:30","13:00","09:30","13:00","09:30","13:00","09:30","13:00","","","","","09:00","13:00","09:00","13:00","09:00","13:00","09:00","13:00","09:00","13:00","09:00","13:00","","","","",""
"3922395137680","01014","呼吸器内科","2","14:00","17:30","14:00","17:30","14:00","17:30","14:00","17:30","14:00","17:30","","","","","","","14:00","17:30","14:00","17:30","14:00","17:30","14:00","17:30","14:00","17:30","","","","","","",""
"3922395137680","01014","呼吸器内科","3","","","","","","","","","","","14:00","15:00","","","","","","","","","","","","","","","14:00","15:00","","","","",""
"3922395137680","01017","循環器内科","1","","","","","","","","","","","","","","","","","","","","","","","","","","","","","","","","",""
"3922395137680","01017","循環器内科","2","","","","","","","","","","","","","","","","","","","","","","","","","","","","","","","","",""
"3922395137680","01017","循環器内科","3","","","","","","","","","","","","","","","","","","","","","","","","","","","","","","","","",""
"3922395137680","01020","消化器内科","1","","","","","","","","","","","","","","","","","","","","","","","","","","","","","","","","",""
"3922395137680","01020","消化器内科","2","","","","","","","","","","","","","","","","","","","","","","","","","","","","","","","","",""
"3922395137680","01020","消化器内科","3","","","","","","","","","","","","","","","","","","","","","","","","","","","","","","","","",""
"3922395137680","01022","腎臓内科","1","","","","","","","","","","","","","","","","","","","","","","","","","","","","","","","","",""
"3922395137680","01022","腎臓内科","2","","","","","","","","","","","","","","","","","","","","","","","","","","","","","","","","",""
"3922395137680","01022","腎臓内科","3","","","","","","","","","","","","","","","","","","","","","","","","","","","","","","","","",""
"3922395137680","01025","神経内科","1","09:30","13:00","09:30","13:00","09:30","13:00","09:30","13:00","09:30","13:00","09:30","13:00","","","","","09:00","13:00","09:00","13:00","09:00","13:00","09:00","13:00","09:00","13:00","09:00","13:00","","","","",""
"3922395137680","01025","神経内科","2","14:00","17:30","14:00","17:30","14:00","17:30","14:00","17:30","14:00","17:30","","","","","","","14:00","17:30","14:00","17:30","14:00","17:30","14:00","17:30","14:00","17:30","","","","","","",""
"3922395137680","01025","神経内科","3","","","","","","","","","","","14:00","15:00","","","","","","","","","","","","","","","14:00","15:00","","","","",""
"3922395137680","03001","小児科","1","09:30","13:00","09:30","13:00","09:30","13:00","09:30","13:00","09:30","13:00","09:30","13:00","","","","","09:00","13:00","09:00","13:00","09:00","13:00","09:00","13:00","09:00","13:00","09:00","13:00","","","","",""
"3922395137680","03001","小児科","2","14:00","17:30","14:00","17:30","14:00","17:30","14:00","17:30","14:00","17:30","","","","","","","14:00","17:30","14:00","17:30","14:00","17:30","14:00","17:30","14:00","17:30","","","","","","",""
"3922395137680","03001","小児科","3","","","","","","","","","","","14:00","15:00","","","","","","","","","","","","","","","14:00","15:00","","","","",""
"3922395137680","07003","心療内科","1","","","","","","","","","","","","","","","","","","","","","","","","","","","","","","","","",""
"3922395137680","07003","心療内科","2","","","","","","","","","","","","","","","","","","","","","","","","","","","","","","","","",""
"3922395137680","07003","心療内科","3","","","","","","","","","","","","","","","","","","","","","","","","","","","","","","","","",""
"3922395137680","09001","アレルギー科","1","","","","","","","","","","","","","","","","","","","","","","","","","","","","","","","","",""
"3922395137680","09001","アレルギー科","2","","","","","","","","","","","","","","","","","","","","","","","","","","","","","","","","",""
"3922395137680","09001","アレルギー科","3","","","","","","","","","","","","","","","","","","","","","","","","","","","","","","","","",""
"3922395137680","09002","リウマチ科","1","","","","","","","","","","","","","","","","","","","","","","","","","","","","","","","","",""
"3922395137680","09002","リウマチ科","2","","","","","","","","","","","","","","","","","","","","","","","","","","","","","","","","",""
"3922395137680","09002","リウマチ科","3","","","","","","","","","","","","","","","","","","","","","","","","","","","","","","","","",""
"3922395137680","09004","放射線科","1","09:30","13:00","09:30","13:00","09:30","13:00","09:30","13:00","09:30","13:00","09:30","13:00","","","","","09:00","13:00","09:00","13:00","09:00","13:00","09:00","13:00","09:00","13:00","09:00","13:00","","","","",""
"3922395137680","09004","放射線科","2","14:00","17:30","14:00","17:30","14:00","17:30","14:00","17:30","14:00","17:30","","","","","","","14:00","17:30","14:00","17:30","14:00","17:30","14:00","17:30","14:00","17:30","","","","","","",""
"3922395137680","09004","放射線科","3","","","","","","","","","","","14:00","15:00","","","","","","","","","","","","","","","14:00","15:00","","","","",""
"3922395137840","01001","内科","1","09:00","12:00","09:00","12:00","09:00","12:00","09:00","12:00","09:00","12:00","09:00","12:00","","","","","","","","","","","","","","","","","","","","",""
"3922395137840","01001","内科","2","13:30","17:30","","","","","","","13:30","17:30","","","","","","","","","","","","","","","","","","","","","","",""
"3922395137840","01001","内科","3","","","13:30","16:00","","","13:30","16:00","","","","","","","","","","","","","","","","","","","","","","","","",""
"3922395137840","02035","整形外科","1","09:00","12:00","09:00","12:00","09:00","12:00","09:00","12:00","09:00","12:00","09:00","12:00","","","","","","","","","","","","","","","","","","","","",""
"3922395137840","02035","整形外科","2","13:30","17:30","","","","","","","13:30","17:30","","","","","","","","","","","","","","","","","","","","","","",""
"3922395137840","02035","整形外科","3","","","13:30","16:00","","","13:30","16:00","","","","","","","","","","","","","","","","","","","","","","","","",""
"3922395137840","09003","リハビリテーション科","1","09:00","12:00","09:00","12:00","09:00","12:00","09:00","12:00","09:00","12:00","09:00","12:00","","","","","","","","","","","","","","","","","","","","",""
"3922395137840","09003","リハビリテーション科","2","13:30","17:30","13:30","17:30","","","13:30","17:30","13:30","17:30","","","","","","","","","","","","","","","","","","","","","","",""
"3922395137840","09003","リハビリテーション科","3","","","","","","","","","","","","","","","","","","","","","","","","","","","","","","","","",""
"3922395137970","05001","眼科","1","09:00","12:00","09:00","12:00","09:00","12:00","09:00","12:00","09:00","12:00","09:00","12:00","","","","","08:50","11:30","08:50","11:30","08:50","11:30","08:50","11:30","08:50","11:30","08:50","11:30","","","","",""
"3922395137970","05001","眼科","2","13:30","17:00","13:30","17:00","14:30","17:00","13:30","17:00","13:30","17:00","","","","","","","13:30","16:30","13:30","16:30","14:30","16:30","13:30","16:30","13:30","16:30","","","","","","",""
"3922395137970","05001","眼科","3","","","","","","","","","","","","","","","","","","","","","","","","","","","","","","","","",""
"3922395138270","01001","内科","1","09:00","18:00","09:00","18:00","09:00","18:00","09:00","18:00","09:00","18:00","","","","","","","","","","","","","","","","","","","","","","",""
"3922395138270","01001","内科","2","","","","","","","","","","","09:00","13:00","","","","","","","","","","","","","","","","","","","","",""
"3922395138270","01001","内科","3","","","","","","","","","","","","","","","","","","","","","","","","","","","","","","","","",""
"3922395138270","01014","呼吸器内科","1","09:00","18:00","09:00","18:00","09:00","18:00","09:00","18:00","09:00","18:00","","","","","","","","","","","","","","","","","","","","","","",""
"3922395138270","01014","呼吸器内科","2","","","","","","","","","","","09:00","13:00","","","","","","","","","","","","","","","","","","","","",""
"3922395138270","01014","呼吸器内科","3","","","","","","","","","","","","","","","","","","","","","","","","","","","","","","","","",""
"3922395138270","01021","胃腸内科","1","09:00","18:00","09:00","18:00","09:00","18:00","09:00","18:00","09:00","18:00","","","","","","","","","","","","","","","","","","","","","","",""
"3922395138270","01021","胃腸内科","2","","","","","","","","","","","09:00","13:00","","","","","","","","","","","","","","","","","","","","",""
"3922395138270","01021","胃腸内科","3","","","","","","","","","","","","","","","","","","","","","","","","","","","","","","","","",""
"3922395138270","09003","リハビリテーション科","1","09:00","18:00","09:00","18:00","09:00","18:00","09:00","18:00","09:00","18:00","","","","","","","","","","","","","","","","","","","","","","",""
"3922395138270","09003","リハビリテーション科","2","","","","","","","","","","","09:00","13:00","","","","","","","","","","","","","","","","","","","","",""
"3922395138270","09003","リハビリテーション科","3","","","","","","","","","","","","","","","","","","","","","","","","","","","","","","","","",""
"3922395138430","04001","産婦人科","1","09:00","12:00","09:00","12:00","09:00","12:00","09:00","12:00","09:00","12:00","09:00","12:00","","","","","09:00","12:00","09:00","12:00","09:00","12:00","09:00","12:00","09:00","12:00","09:00","12:00","","","","",""
"3922395138430","04001","産婦人科","2","14:30","17:30","14:30","17:30","14:30","17:30","14:30","17:30","14:30","17:30","14:30","17:00","","","","","14:30","17:20","14:30","17:20","14:30","17:20","14:30","17:20","14:30","17:20","14:30","17:00","","","","",""
"3922395138430","04001","産婦人科","3","","","","","","","","","","","","","","","","","","","","","","","","","","","","","","","","",""
"3922395138930","01001","内科","1","09:00","13:00","09:00","13:00","09:00","13:00","09:00","13:00","09:00","13:00","09:00","13:00","","","","","","","","","","","","","","","","","","","","",""
"3922395138930","01001","内科","2","14:30","17:30","14:30","17:30","14:30","17:30","14:30","17:30","14:30","17:30","","","","","","","","","","","","","","","","","","","","","","",""
"3922395138930","01001","内科","3","","","","","","","","","","","","","","","","","","","","","","","","","","","","","","","","",""
"3922395138930","01017","循環器内科","1","09:00","13:00","09:00","13:00","09:00","13:00","09:00","13:00","09:00","13:00","09:00","13:00","","","","","","","","","","","","","","","","","","","","",""
"3922395138930","01017","循環器内科","2","14:30","17:30","14:30","17:30","14:30","17:30","14:30","17:30","14:30","17:30","","","","","","","","","","","","","","","","","","","","","","",""
"3922395138930","01017","循環器内科","3","","","","","","","","","","","","","","","","","","","","","","","","","","","","","","","","",""
"3922395139150","02035","整形外科","1","09:00","12:30","09:00","12:30","09:00","12:30","09:00","12:30","09:00","12:30","09:00","12:30","","","","","08:30","11:30","08:30","11:30","08:30","11:30","08:30","11:30","08:30","11:30","08:30","11:30","","","","",""
"3922395139150","02035","整形外科","2","14:00","18:00","14:00","18:00","14:00","18:00","14:00","17:00","14:00","18:00","14:00","17:00","","","","","13:30","16:30","13:30","16:30","13:30","16:30","13:30","16:30","13:30","16:30","13:30","16:30","","","","",""
"3922395139150","02035","整形外科","3","","","","","","","","","","","","","","","","","","","","","","","","","","","","","","","","","空欄にした: 月_診療 00:00-00:00（開始と終了が同じ） / 空欄にした: 火_診療 00:00-00:00（開始と終了が同じ） / 空欄にした: 水_診療 00:00-00:00（開始と終了が同じ） / 空欄にした: 木_診療 00:00-00:00（開始と終了が同じ） / 空欄にした: 金_診療 00:00-00:00（開始と終了が同じ） / 空欄にした: 土_診療 00:00-00:00（開始と終了が同じ） / 空欄にした: 月_外来受付 00:00-00:00（開始と終了が同じ） / 空欄にした: 火_外来受付 00:00-00:00（開始と終了が同じ） / 空欄にした: 水_外来受付 00:00-00:00（開始と終了が同じ） / 空欄にした: 木_外来受付 00:00-00:00（開始と終了が同じ） / 空欄にした: 金_外来受付 00:00-00:00（開始と終了が同じ） / 空欄にした: 土_外来受付 00:00-00:00（開始と終了が同じ）"
"3922395139150","09002","リウマチ科","1","09:00","12:30","09:00","12:30","09:00","12:30","09:00","12:30","09:00","12:30","09:00","12:30","","","","","08:30","11:30","08:30","11:30","08:30","11:30","08:30","11:30","08:30","11:30","08:30","11:30","","","","",""
"3922395139150","09002","リウマチ科","2","14:00","18:00","14:00","18:00","14:00","18:00","14:00","17:00","14:00","18:00","14:00","17:00","","","","","13:30","16:30","13:30","16:30","13:30","16:30","13:30","16:30","13:30","16:30","13:30","16:30","","","","",""
"3922395139150","09002","リウマチ科","3","","","","","","","","","","","","","","","","","","","","","","","","","","","","","","","","","空欄にした: 月_診療 00:00-00:00（開始と終了が同じ） / 空欄にした: 火_診療 00:00-00:00（開始と終了が同じ） / 空欄にした: 水_診療 00:00-00:00（開始と終了が同じ） / 空欄にした: 木_診療 00:00-00:00（開始と終了が同じ） / 空欄にした: 金_診療 00:00-00:00（開始と終了が同じ） / 空欄にした: 土_診療 00:00-00:00（開始と終了が同じ） / 空欄にした: 月_外来受付 00:00-00:00（開始と終了が同じ） / 空欄にした: 火_外来受付 00:00-00:00（開始と終了が同じ） / 空欄にした: 水_外来受付 00:00-00:00（開始と終了が同じ） / 空欄にした: 木_外来受付 00:00-00:00（開始と終了が同じ） / 空欄にした: 金_外来受付 00:00-00:00（開始と終了が同じ） / 空欄にした: 土_外来受付 00:00-00:00（開始と終了が同じ）"
"3922395139150","09003","リハビリテーション科","1","09:00","12:30","09:00","12:30","09:00","12:30","09:00","12:30","09:00","12:30","09:00","12:30","","","","","08:30","11:30","08:30","11:30","08:30","11:30","08:30","11:30","08:30","11:30","08:30","11:30","","","","",""
"3922395139150","09003","リハビリテーション科","2","14:00","18:00","14:00","18:00","14:00","18:00","14:00","17:00","14:00","18:00","14:00","17:00","","","","","13:30","16:30","13:30","16:30","13:30","16:30","13:30","16:30","13:30","16:30","13:30","16:30","","","","",""
"3922395139150","09003","リハビリテーション科","3","","","","","","","","","","","","","","","","","","","","","","","","","","","","","","","","","空欄にした: 月_診療 00:00-00:00（開始と終了が同じ） / 空欄にした: 火_診療 00:00-00:00（開始と終了が同じ） / 空欄にした: 水_診療 00:00-00:00（開始と終了が同じ） / 空欄にした: 木_診療 00:00-00:00（開始と終了が同じ） / 空欄にした: 金_診療 00:00-00:00（開始と終了が同じ） / 空欄にした: 土_診療 00:00-00:00（開始と終了が同じ） / 空欄にした: 月_外来受付 00:00-00:00（開始と終了が同じ） / 空欄にした: 火_外来受付 00:00-00:00（開始と終了が同じ） / 空欄にした: 水_外来受付 00:00-00:00（開始と終了が同じ） / 空欄にした: 木_外来受付 00:00-00:00（開始と終了が同じ） / 空欄にした: 金_外来受付 00:00-00:00（開始と終了が同じ） / 空欄にした: 土_外来受付 00:00-00:00（開始と終了が同じ）"
"3922395139150","09011","麻酔科","1","","","","","","","","","","","","","","","","","","","","","","","","","","","","","","","","",""
"3922395139150","09011","麻酔科","2","","","","","","","","","","","","","","","","","","","","","","","","","","","","","","","","",""
"3922395139150","09011","麻酔科","3","","","","","","","","","","","","","","","","","","","","","","","","","","","","","","","","",""
"3922395139280","01001","内科","1","09:00","12:30","09:00","12:30","09:00","12:30","09:00","12:30","09:00","12:30","09:00","12:30","","","","","08:30","12:00","08:30","12:00","08:30","12:00","08:30","12:00","08:30","12:00","08:30","12:00","","","","",""
"3922395139280","01001","内科","2","14:00","18:00","14:00","18:00","14:00","18:00","","","14:00","18:00","","","","","","","13:30","17:30","13:30","17:30","13:30","17:30","","","13:30","17:30","","","","","","",""
"3922395139280","01001","内科","3","","","","","","","","","","","","","","","","","","","","","","","","","","","","","","","","",""
"3922395139280","01014","呼吸器内科","1","09:00","12:30","09:00","12:30","09:00","12:30","09:00","12:30","09:00","12:30","09:00","12:30","","","","","08:30","12:00","08:30","12:00","08:30","12:00","08:30","12:00","08:30","12:00","08:30","12:00","","","","",""
"3922395139280","01014","呼吸器内科","2","14:00","18:00","14:00","18:00","14:00","18:00","","","14:00","18:00","","","","","","","13:30","17:30","13:30","17:30","13:30","17:30","","","13:30","17:30","","","","","","",""
"3922395139280","01014","呼吸器内科","3","","","","","","","","","","","","","","","","","","","","","","","","","","","","","","","","",""
"3922395139310","01001","内科","1","09:00","15:00","09:00","15:00","09:00","15:00","09:00","12:00","09:00","15:00","09:00","15:00","","","","","08:30","15:00","08:30","15:00","08:30","15:00","08:30","12:00","08:30","15:00","08:30","15:00","","","","",""
"3922395139310","01001","内科","2","","","","","","","","","","","","","","","","","","","","","","","","","","","","","","","","",""
"3922395139310","01001","内科","3","","","","","","","","","","","","","","","","","","","","","","","","","","","","","","","","",""
"3922395139310","01002","感染症内科","1","","","","","","","","","","","","","","","","","","","","","","","","","","","","","","","","",""
"3922395139310","01002","感染症内科","2","","","","","","","","","","","","","","","","","","","","","","","","","","","","","","","","",""
"3922395139310","01002","感染症内科","3","","","","","","","","","","","","","","","","","","","","","","","","","","","","","","","","",""
"3922395139310","01009","脂質代謝内科","1","","","","","","","","","","","","","","","","","","","","","","","","","","","","","","","","",""
"3922395139310","01009","脂質代謝内科","2","","","","","","","","","","","","","","","","","","","","","","","","","","","","","","","","",""
"3922395139310","01009","脂質代謝内科","3","","","","","","","","","","","","","","","","","","","","","","","","","","","","","","","","",""
"3922395139310","01010","糖尿病・内分泌内科","1","09:00","15:00","09:00","15:00","09:00","15:00","09:00","12:00","09:00","15:00","09:00","15:00","","","","","08:30","15:00","08:30","15:00","08:30","15:00","08:30","12:00","08:30","15:00","08:30","15:00","","","","",""
"3922395139310","01010","糖尿病・内分泌内科","2","","","","","","","","","","","","","","","","","","","","","","","","","","","","","","","","",""
"3922395139310","01010","糖尿病・内分泌内科","3","","","","","","","","","","","","","","","","","","","","","","","","","","","","","","","","",""
"3922395139310","01011","糖尿病・代謝内科","1","09:00","15:00","09:00","15:00","09:00","15:00","09:00","12:00","09:00","15:00","09:00","15:00","","","","","08:30","15:00","08:30","15:00","08:30","15:00","08:30","12:00","08:30","15:00","08:30","15:00","","","","",""
"3922395139310","01011","糖尿病・代謝内科","2","","","","","","","","","","","","","","","","","","","","","","","","","","","","","","","","",""
"3922395139310","01011","糖尿病・代謝内科","3","","","","","","","","","","","","","","","","","","","","","","","","","","","","","","","","",""
"3922395139310","01017","循環器内科","1","09:00","15:00","09:00","15:00","09:00","15:00","09:00","12:00","09:00","15:00","09:00","15:00","","","","","08:30","15:00","08:30","15:00","08:30","15:00","08:30","12:00","08:30","15:00","08:30","15:00","","","","",""
"3922395139310","01017","循環器内科","2","","","","","","","","","","","","","","","","","","","","","","","","","","","","","","","","",""
"3922395139310","01017","循環器内科","3","","","","","","","","","","","","","","","","","","","","","","","","","","","","","","","","",""
"3922395139310","01022","腎臓内科","1","","","","","","","","","","","","","","","","","","","","","","","","","","","","","","","","",""
"3922395139310","01022","腎臓内科","2","","","","","","","","","","","","","","","","","","","","","","","","","","","","","","","","",""
"3922395139310","01022","腎臓内科","3","","","","","","","","","","","","","","","","","","","","","","","","","","","","","","","","",""
"3922395139310","01027","漢方内科","1","","","","","","","","","","","","","","","","","","","","","","","","","","","","","","","","",""
"3922395139310","01027","漢方内科","2","","","","","","","","","","","","","","","","","","","","","","","","","","","","","","","","",""
"3922395139310","01027","漢方内科","3","","","","","","","","","","","","","","","","","","","","","","","","","","","","","","","","",""
"3922395139310","03001","小児科","1","09:00","15:00","09:00","15:00","09:00","15:00","09:00","12:00","09:00","15:00","09:00","15:00","","","","","08:30","15:00","08:30","15:00","08:30","15:00","08:30","12:00","08:30","15:00","08:30","15:00","","","","",""
"3922395139310","03001","小児科","2","","","","","","","","","","","","","","","","","","","","","","","","","","","","","","","","",""
"3922395139310","03001","小児科","3","","","","","","","","","","","","","","","","","","","","","","","","","","","","","","","","",""
"3922395139310","03004","小児皮膚科","1","09:00","15:00","09:00","15:00","09:00","15:00","09:00","12:00","09:00","15:00","09:00","15:00","","","","","08:30","15:00","08:30","15:00","08:30","15:00","08:30","12:00","08:30","15:00","08:30","15:00","","","","",""
"3922395139310","03004","小児皮膚科","2","","","","","","","","","","","","","","","","","","","","","","","","","","","","","","","","",""
"3922395139310","03004","小児皮膚科","3","","","","","","","","","","","","","","","","","","","","","","","","","","","","","","","","",""
"3922395139310","04001","産婦人科","1","09:00","13:00","09:00","13:00","09:00","13:00","09:00","12:00","09:00","13:00","09:00","15:00","","","","","08:30","17:00","08:30","17:00","08:30","17:00","08:30","12:00","08:30","17:00","08:30","15:00","","","","",""
"3922395139310","04001","産婦人科","2","14:00","17:00","14:00","17:00","14:00","17:00","","","14:00","17:00","","","","","","","","","","","","","","","","","","","","","","",""
"3922395139310","04001","産婦人科","3","","","","","","","","","","","","","","","","","","","","","","","","","","","","","","","","",""
"3922395139310","06001","皮膚科","1","","","","","","","","","","","","","","","","","","","","","","","","","","","","","","","","",""
"3922395139310","06001","皮膚科","2","","","","","","","","","","","","","","","","","","","","","","","","","","","","","","","","",""
"3922395139310","06001","皮膚科","3","","","","","","","","","","","","","","","","","","","","","","","","","","","","","","","","",""
"3922395140260","01001","内科","1","09:00","12:00","09:00","12:00","09:00","12:00","09:00","12:00","09:00","12:00","09:00","12:00","","","","","08:00","12:00","08:00","12:00","08:00","12:00","08:00","12:00","08:00","12:00","08:00","12:00","","","","",""
"3922395140260","01001","内科","2","01:00","05:30","01:00","05:30","01:00","05:30","","","01:00","05:30","01:00","05:30","","","","","12:00","05:00","12:00","05:00","12:00","05:00","","","12:00","05:00","12:00","05:00","","","","","疑い: 月_診療 01:00-05:30（開始が 06:00 より前） / 疑い: 火_診療 01:00-05:30（開始が 06:00 より前） / 疑い: 水_診療 01:00-05:30（開始が 06:00 より前） / 疑い: 金_診療 01:00-05:30（開始が 06:00 より前） / 疑い: 土_診療 01:00-05:30（開始が 06:00 より前）"
"3922395140260","01001","内科","3","","","","","","","","","","","","","","","","","","","","","","","","","","","","","","","","",""
"3922395140260","01020","消化器内科","1","","","","","","","","","","","","","","","","","","","","","","","","","","","","","","","","",""
"3922395140260","01020","消化器内科","2","","","","","","","","","","","","","","","","","","","","","","","","","","","","","","","","",""
"3922395140260","01020","消化器内科","3","","","","","","","","","","","","","","","","","","","","","","","","","","","","","","","","",""
"3922395140260","01030","内視鏡内科","1","09:00","12:00","09:00","12:00","09:00","12:00","09:00","12:00","09:00","12:00","09:00","12:00","","","","","09:00","12:00","09:00","12:00","09:00","12:00","09:00","12:00","09:00","12:00","09:00","12:00","","","","",""
"3922395140260","01030","内視鏡内科","2","01:00","05:30","01:00","05:30","01:00","05:30","","","01:00","05:30","01:00","05:30","","","","","01:00","05:30","01:00","05:30","01:00","05:30","","","01:00","05:30","01:00","05:30","","","","","疑い: 月_診療 01:00-05:30（開始が 06:00 より前） / 疑い: 火_診療 01:00-05:30（開始が 06:00 より前） / 疑い: 水_診療 01:00-05:30（開始が 06:00 より前） / 疑い: 金_診療 01:00-05:30（開始が 06:00 より前） / 疑い: 土_診療 01:00-05:30（開始が 06:00 より前） / 疑い: 月_外来受付 01:00-05:30（開始が 06:00 より前） / 疑い: 火_外来受付 01:00-05:30（開始が 06:00 より前） / 疑い: 水_外来受付 01:00-05:30（開始が 06:00 より前） / 疑い: 金_外来受付 01:00-05:30（開始が 06:00 より前） / 疑い: 土_外来受付 01:00-05:30（開始が 06:00 より前）"
"3922395140260","01030","内視鏡内科","3","","","","","","","","","","","","","","","","","","","","","","","","","","","","","","","","",""
"3922395140260","02001","外科","1","","","","","","","","","","","","","","","","","","","","","","","","","","","","","","","","",""
"3922395140260","02001","外科","2","","","","","","","","","","","","","","","","","","","","","","","","","","","","","","","","",""
"3922395140260","02001","外科","3","","","","","","","","","","","","","","","","","","","","","","","","","","","","","","","","",""
"3922395140260","02025","肛門外科","1","09:00","12:00","09:00","12:00","09:00","12:00","09:00","12:00","09:00","12:00","09:00","12:00","","","","","09:00","12:00","09:00","12:00","09:00","12:00","09:00","12:00","09:00","12:00","09:00","12:00","","","","",""
"3922395140260","02025","肛門外科","2","01:00","05:30","01:00","05:30","01:00","05:30","","","01:00","05:30","01:00","05:30","","","","","01:00","05:30","01:00","05:30","01:00","05:30","","","01:00","05:30","01:00","05:30","","","","","疑い: 月_診療 01:00-05:30（開始が 06:00 より前） / 疑い: 火_診療 01:00-05:30（開始が 06:00 より前） / 疑い: 水_診療 01:00-05:30（開始が 06:00 より前） / 疑い: 金_診療 01:00-05:30（開始が 06:00 より前） / 疑い: 土_診療 01:00-05:30（開始が 06:00 より前） / 疑い: 月_外来受付 01:00-05:30（開始が 06:00 より前） / 疑い: 火_外来受付 01:00-05:30（開始が 06:00 より前） / 疑い: 水_外来受付 01:00-05:30（開始が 06:00 より前） / 疑い: 金_外来受付 01:00-05:30（開始が 06:00 より前） / 疑い: 土_外来受付 01:00-05:30（開始が 06:00 より前）"
"3922395140260","02025","肛門外科","3","","","","","","","","","","","","","","","","","","","","","","","","","","","","","","","","",""
"3922395140260","09004","放射線科","1","","","","","","","","","","","","","","","","","","","","","","","","","","","","","","","","",""
"3922395140260","09004","放射線科","2","","","","","","","","","","","","","","","","","","","","","","","","","","","","","","","","",""
"3922395140260","09004","放射線科","3","","","","","","","","","","","","","","","","","","","","","","","","","","","","","","","","",""
"3922395140680","01001","内科","1","09:00","12:30","","","09:00","12:30","","","","","09:00","12:30","","","","","08:30","12:00","","","08:30","12:00","","","","","08:30","12:00","","","","",""
"3922395140680","01001","内科","2","","","","","","","","","","","","","","","","","","","","","","","","","","","","","","","","",""
"3922395140680","01001","内科","3","","","","","","","","","","","","","","","","","","","","","","","","","","","","","","","","",""
"3922395140680","01014","呼吸器内科","1","09:00","12:30","","","09:00","12:30","","","","","09:00","12:30","","","","","08:30","12:00","","","08:30","12:00","","","","","08:30","12:00","","","","",""
"3922395140680","01014","呼吸器内科","2","","","","","","","","","","","","","","","","","","","","","","","","","","","","","","","","",""
"3922395140680","01014","呼吸器内科","3","","","","","","","","","","","","","","","","","","","","","","","","","","","","","","","","",""
"3922395140680","01017","循環器内科","1","09:00","12:30","","","09:00","12:30","","","","","09:00","12:30","","","","","08:30","12:00","","","08:30","12:00","","","","","08:30","12:00","","","","",""
"3922395140680","01017","循環器内科","2","","","","","","","","","","","","","","","","","","","","","","","","","","","","","","","","",""
"3922395140680","01017","循環器内科","3","","","","","","","","","","","","","","","","","","","","","","","","","","","","","","","","",""
"3922395140680","01021","胃腸内科","1","09:00","12:30","","","09:00","12:30","","","","","09:00","12:30","","","","","08:30","12:00","","","08:30","12:00","","","","","08:30","12:00","","","","",""
"3922395140680","01021","胃腸内科","2","","","","","","","","","","","","","","","","","","","","","","","","","","","","","","","","",""
"3922395140680","01021","胃腸内科","3","","","","","","","","","","","","","","","","","","","","","","","","","","","","","","","","",""
"3922395140710","03001","小児科","1","08:30","12:00","08:30","12:00","08:30","12:00","08:30","12:00","08:30","12:00","08:30","12:00","","","","","08:30","17:30","08:30","15:00","08:30","17:30","08:30","17:30","08:30","17:30","08:30","12:00","","","","",""
"3922395140710","03001","小児科","2","15:00","17:30","13:00","15:00","13:30","17:30","15:00","17:30","12:00","17:30","","","","","","","","","","","","","","","","","","","","","","",""
"3922395140710","03001","小児科","3","","","","","","","","","","","","","","","","","","","","","","","","","","","","","","","","",""
"3922395140970","05002","耳鼻いんこう科","1","09:00","12:30","09:00","12:30","09:00","12:30","","","09:00","12:30","09:00","12:30","","","","","09:00","12:30","09:00","12:30","09:00","12:30","","","09:00","12:30","09:00","12:30","","","","",""
"3922395140970","05002","耳鼻いんこう科","2","14:00","18:00","14:00","18:00","14:00","18:00","","","14:00","18:00","","","","","","","14:00","18:00","14:00","18:00","14:00","18:00","","","14:00","18:00","","","","","","",""
"3922395140970","05002","耳鼻いんこう科","3","","","","","","","","","","","14:00","17:00","","","","","","","","","","","","","","","14:00","17:00","","","","",""
"3922395140970","05003","気管食道・耳鼻いんこう科","1","","","","","","","","","","","","","","","","","","","","","","","","","","","","","","","","",""
"3922395140970","05003","気管食道・耳鼻いんこう科","2","","","","","","","","","","","","","","","","","","","","","","","","","","","","","","","","",""
"3922395140970","05003","気管食道・耳鼻いんこう科","3","","","","","","","","","","","","","","","","","","","","","","","","","","","","","","","","",""
"3922395141010","01001","内科","1","08:30","12:30","08:30","12:30","08:30","12:30","08:30","12:00","08:30","12:30","08:30","12:00","","","","","08:30","12:20","08:30","12:20","08:30","12:20","08:30","11:50","08:30","12:20","08:30","11:50","","","","",""
"3922395141010","01001","内科","2","14:00","18:00","14:30","18:00","14:00","18:00","","","14:30","18:00","","","","","","","14:00","17:50","14:00","17:50","14:00","17:50","","","14:00","17:50","","","","","","",""
"3922395141010","01001","内科","3","","","","","","","","","","","","","","","","","","","","","","","","","","","","","","","","",""
"3922395141140","05001","眼科","1","09:00","12:30","09:00","12:30","09:00","12:30","","","09:00","12:30","08:30","12:30","","","","","08:30","11:30","08:30","11:30","08:30","11:30","","","08:30","11:30","08:00","11:00","","","","",""
"3922395141140","05001","眼科","2","14:00","17:30","14:00","17:30","14:00","17:30","","","14:00","17:30","12:30","16:30","","","","","13:30","16:30","13:30","16:30","13:30","16:30","","","13:30","16:30","12:30","15:30","","","","",""
"3922395141140","05001","眼科","3","","","","","","","","","","","","","","","","","","","","","","","","","","","","","","","","",""
"3922395141270","02035","整形外科","1","09:00","12:30","09:00","12:30","","","09:00","12:30","09:00","12:30","09:00","12:30","","","","","07:00","12:00","07:00","12:00","","","07:00","12:00","07:00","12:00","07:00","12:00","","","","",""
"3922395141270","02035","整形外科","2","14:00","18:30","14:00","18:30","","","14:00","18:30","14:00","18:30","14:00","17:00","","","","","07:00","18:00","07:00","18:00","","","07:00","18:00","07:00","18:00","07:00","16:30","","","","",""
"3922395141270","02035","整形外科","3","","","","","","","","","","","","","","","","","","","","","","","","","","","","","","","","",""
"3922395141270","09002","リウマチ科","1","09:00","12:30","09:00","12:30","","","09:00","12:30","09:00","12:30","09:00","12:30","","","","","07:00","12:00","07:00","12:00","","","07:00","12:00","07:00","12:00","07:00","12:00","","","","",""
"3922395141270","09002","リウマチ科","2","14:00","18:30","14:00","18:30","","","14:00","18:30","14:00","18:30","14:00","17:00","","","","","07:00","18:00","07:00","18:00","","","07:00","18:00","07:00","18:00","07:00","16:30","","","","",""
"3922395141270","09002","リウマチ科","3","","","","","","","","","","","","","","","","","","","","","","","","","","","","","","","","",""
"3922395141270","09003","リハビリテーション科","1","09:00","12:30","09:00","12:30","","","09:00","12:30","09:00","12:30","09:00","12:30","","","","","07:00","12:00","07:00","12:00","","","07:00","12:00","07:00","12:00","07:00","12:00","","","","",""
"3922395141270","09003","リハビリテーション科","2","14:00","18:30","14:00","18:30","","","14:00","18:30","14:00","18:30","14:00","17:00","","","","","07:00","18:00","07:00","18:00","","","07:00","18:00","07:00","18:00","07:00","16:30","","","","",""
"3922395141270","09003","リハビリテーション科","3","","","","","","","","","","","","","","","","","","","","","","","","","","","","","","","","",""
"3922395141300","01001","内科","1","09:00","12:30","09:00","12:30","09:00","12:30","","","09:00","12:30","09:00","12:30","","","","","08:30","12:30","08:30","12:30","08:30","12:30","","","08:30","12:30","08:30","12:30","","","","",""
"3922395141300","01001","内科","2","15:00","18:00","15:00","17:00","","","","","15:00","18:00","","","","","","","13:30","18:00","13:30","17:00","","","","","13:30","18:00","","","","","","",""
"3922395141300","01001","内科","3","","","","","","","","","","","","","","","","","","","","","","","","","","","","","","","","",""
"3922395141300","01017","循環器内科","1","09:00","12:30","09:00","12:30","09:00","12:30","","","09:00","12:30","09:00","12:30","","","","","08:30","12:30","08:30","12:30","08:30","12:30","","","08:30","12:30","08:30","12:30","","","","",""
"3922395141300","01017","循環器内科","2","15:00","18:00","15:00","17:00","","","","","15:00","18:00","","","","","","","13:30","18:00","13:30","17:00","","","","","13:30","18:00","","","","","","",""
"3922395141300","01017","循環器内科","3","","","","","","","","","","","","","","","","","","","","","","","","","","","","","","","","",""
"3922395141300","02001","外科","1","09:00","12:30","09:00","12:30","09:00","12:30","","","09:00","12:30","09:00","12:30","","","","","08:30","12:30","08:30","12:30","08:30","12:30","","","08:30","12:30","08:30","12:30","","","","",""
"3922395141300","02001","外科","2","15:00","18:00","15:00","17:00","","","","","15:00","18:00","","","","","","","13:30","18:00","13:30","17:00","","","","","13:30","18:00","","","","","","",""
"3922395141300","02001","外科","3","","","","","","","","","","","","","","","","","","","","","","","","","","","","","","","","",""
"3922395141430","01001","内科","1","09:00","12:00","09:00","12:00","09:00","12:00","09:00","12:00","09:00","12:00","09:00","12:00","","","","","08:30","11:30","08:30","11:30","08:30","11:30","08:30","11:30","08:30","11:30","08:30","11:30","","","","",""
"3922395141430","01001","内科","2","13:30","17:00","13:30","17:00","","","13:30","17:00","13:30","17:00","","","","","","","13:00","16:30","13:00","16:30","","","13:00","16:30","13:00","16:30","","","","","","",""
"3922395141430","01001","内科","3","","","","","","","","","","","","","","","","","","","","","","","","","","","","","","","","",""
"3922395141430","03001","小児科","1","09:00","12:00","09:00","12:00","09:00","12:00","09:00","12:00","09:00","12:00","09:00","12:00","","","","","08:30","11:30","08:30","11:30","08:30","11:30","08:30","11:30","08:30","11:30","08:30","11:30","","","","",""
"3922395141430","03001","小児科","2","13:30","17:00","13:30","17:00","","","13:30","17:00","13:30","17:00","","","","","","","13:00","16:30","13:00","16:30","","","13:00","16:30","13:00","16:30","","","","","","",""
"3922395141430","03001","小児科","3","","","","","","","","","","","","","","","","","","","","","","","","","","","","","","","","",""
"3922395141690","01001","内科","1","09:00","12:30","09:00","12:30","09:00","12:30","09:00","12:30","09:00","12:30","09:00","12:30","","","","","09:00","12:30","09:00","12:30","09:00","12:30","09:00","12:30","09:00","12:30","09:00","12:30","","","","",""
"3922395141690","01001","内科","2","14:00","18:00","14:00","18:00","","","14:00","18:00","14:00","18:00","","","","","","","14:00","18:00","14:00","18:00","","","14:00","18:00","14:00","18:00","","","","","","",""
"3922395141690","01001","内科","3","","","","","","","","","","","14:00","17:00","","","","","","","","","","","","","","","14:00","17:00","","","","",""
"3922395141690","01017","循環器内科","1","09:00","12:30","09:00","12:30","09:00","12:30","09:00","12:30","09:00","12:30","09:00","12:30","","","","","09:00","12:30","09:00","12:30","09:00","12:30","09:00","12:30","09:00","12:30","09:00","12:30","","","","",""
"3922395141690","01017","循環器内科","2","14:00","18:00","14:00","18:00","","","14:00","18:00","14:00","18:00","","","","","","","14:00","18:00","14:00","18:00","","","14:00","18:00","14:00","18:00","","","","","","",""
"3922395141690","01017","循環器内科","3","","","","","","","","","","","14:00","17:00","","","","","","","","","","","","","","","14:00","17:00","","","","",""
"3922395141690","01020","消化器内科","1","09:00","12:30","09:00","12:30","09:00","12:30","09:00","12:30","09:00","12:30","09:00","12:30","","","","","09:00","12:30","09:00","12:30","09:00","12:30","09:00","12:30","09:00","12:30","09:00","12:30","","","","",""
"3922395141690","01020","消化器内科","2","14:00","18:00","14:00","18:00","","","14:00","18:00","14:00","18:00","","","","","","","14:00","18:00","14:00","18:00","","","14:00","18:00","14:00","18:00","","","","","","",""
"3922395141690","01020","消化器内科","3","","","","","","","","","","","14:00","17:00","","","","","","","","","","","","","","","14:00","17:00","","","","",""
"3922395141720","01001","内科","1","08:30","12:30","08:30","12:30","08:30","12:30","08:30","12:30","08:30","12:30","08:30","12:30","","","","","08:30","12:00","08:30","12:00","08:30","12:00","08:30","12:00","08:30","12:00","08:30","12:00","","","","",""
"3922395141720","01001","内科","2","14:30","18:30","14:30","18:30","14:30","18:30","","","14:30","18:30","","","","","","","14:30","18:00","14:30","18:00","14:30","18:00","","","14:30","18:00","","","","","","",""
"3922395141720","01001","内科","3","","","","","","","","","","","","","","","","","","","","","","","","","","","","","","","","",""
"3922395141720","01014","呼吸器内科","1","08:30","12:30","08:30","12:30","08:30","12:30","08:30","12:30","08:30","12:30","08:30","12:30","","","","","08:30","12:00","08:30","12:00","08:30","12:00","08:30","12:00","08:30","12:00","08:30","12:00","","","","",""
"3922395141720","01014","呼吸器内科","2","14:30","18:30","14:30","18:30","14:30","18:30","","","14:30","18:30","","","","","","","14:30","18:00","14:30","18:00","14:30","18:00","","","14:30","18:00","","","","","","",""
"3922395141720","01014","呼吸器内科","3","","","","","","","","","","","","","","","","","","","","","","","","","","","","","","","","",""
"3922395141720","01017","循環器内科","1","08:30","12:30","08:30","12:30","08:30","12:30","08:30","12:30","08:30","12:30","08:30","12:30","","","","","08:30","12:00","08:30","12:00","08:30","12:00","08:30","12:00","08:30","12:00","08:30","12:00","","","","",""
"3922395141720","01017","循環器内科","2","14:30","18:30","14:30","18:30","14:30","18:30","","","14:30","18:30","","","","","","","14:30","18:00","14:30","18:00","14:30","18:00","","","14:30","18:00","","","","","","",""
"3922395141720","01017","循環器内科","3","","","","","","","","","","","","","","","","","","","","","","","","","","","","","","","","",""
"3922395141720","01021","胃腸内科","1","08:30","12:30","08:30","12:30","08:30","12:30","08:30","12:30","08:30","12:30","08:30","12:30","","","","","08:30","12:00","08:30","12:00","08:30","12:00","08:30","12:00","08:30","12:00","08:30","12:00","","","","",""
"3922395141720","01021","胃腸内科","2","14:30","18:30","14:30","18:30","14:30","18:30","","","14:30","18:30","","","","","","","14:30","18:00","14:30","18:00","14:30","18:00","","","14:30","18:00","","","","","","",""
"3922395141720","01021","胃腸内科","3","","","","","","","","","","","","","","","","","","","","","","","","","","","","","","","","",""
"3922395141850","02035","整形外科","1","09:00","12:30","09:00","12:30","09:00","12:30","09:00","12:30","09:00","12:30","09:00","12:30","","","","","08:30","12:30","08:30","12:30","08:30","12:30","08:30","12:30","08:30","12:30","08:30","12:30","","","","",""
"3922395141850","02035","整形外科","2","12:30","17:30","12:30","17:30","12:30","17:30","","","","","12:30","17:30","","","","","12:30","17:30","12:30","17:30","12:30","17:30","","","","","12:30","17:30","","","","",""
"3922395141850","02035","整形外科","3","18:00","18:30","18:00","18:30","18:00","18:30","","","","","","","","","","","17:30","18:00","17:30","18:00","17:30","18:00","","","","","","","","","","",""
"3922395141850","09002","リウマチ科","1","09:00","12:30","09:00","12:30","09:00","12:30","09:00","12:30","09:00","12:30","09:00","12:30","","","","","08:30","12:30","08:30","12:30","08:30","12:30","08:30","12:30","08:30","12:30","08:30","12:30","","","","",""
"3922395141850","09002","リウマチ科","2","12:30","17:30","12:30","17:30","12:30","17:30","","","","","12:30","17:30","","","","","12:30","17:30","12:30","17:30","12:30","17:30","","","","","12:30","17:30","","","","",""
"3922395141850","09002","リウマチ科","3","18:00","18:30","18:00","18:30","18:00","18:30","","","","","","","","","","","17:30","18:00","17:30","18:00","17:30","18:00","","","","","","","","","","",""
"3922395141850","09003","リハビリテーション科","1","09:00","12:30","09:00","12:30","09:00","12:30","09:00","12:30","09:00","12:30","09:00","12:30","","","","","08:30","12:30","08:30","12:30","08:30","12:30","08:30","12:30","08:30","12:30","08:30","12:30","","","","",""
"3922395141850","09003","リハビリテーション科","2","12:30","17:30","12:30","17:30","12:30","17:30","","","","","12:30","17:30","","","","","12:30","17:30","12:30","17:30","12:30","17:30","","","","","12:30","17:30","","","","",""
"3922395141850","09003","リハビリテーション科","3","18:00","18:30","18:00","18:30","18:00","18:30","","","","","","","","","","","17:30","18:00","17:30","18:00","17:30","18:00","","","","","","","","","","",""
"3922395142020","01001","内科","1","09:00","12:30","09:00","12:30","09:00","12:30","09:00","13:30","09:00","12:30","09:00","12:30","","","","","08:00","12:15","08:00","12:15","08:00","12:15","08:00","13:15","08:00","12:15","08:00","12:15","","","","",""
"3922395142020","01001","内科","2","14:00","18:00","14:00","18:00","14:00","18:00","","","14:00","18:00","14:00","16:30","","","","","12:15","17:45","12:15","17:45","12:15","17:45","","","12:15","17:45","12:15","16:15","","","","",""
"3922395142020","01001","内科","3","","","","","","","","","","","","","","","","","","","","","","","","","","","","","","","","",""
"3922395142020","01006","糖尿病内科","1","09:00","12:30","09:00","12:30","09:00","12:30","09:00","13:30","09:00","12:30","09:00","12:30","","","","","08:00","12:15","08:00","12:15","08:00","12:15","08:00","13:15","08:00","12:15","08:00","12:15","","","","",""
"3922395142020","01006","糖尿病内科","2","14:00","18:00","14:00","18:00","14:00","18:00","","","14:00","18:00","14:00","16:30","","","","","12:15","17:45","12:15","17:45","12:15","17:45","","","12:15","17:45","12:15","16:15","","","","",""
"3922395142020","01006","糖尿病内科","3","","","","","","","","","","","","","","","","","","","","","","","","","","","","","","","","",""
"3922395142020","01007","代謝内科","1","09:00","12:30","09:00","12:30","09:00","12:15","09:00","13:30","09:00","12:30","09:00","12:30","","","","","08:00","12:15","08:00","12:15","08:00","12:15","08:00","13:15","08:00","12:15","08:00","12:15","","","","",""
"3922395142020","01007","代謝内科","2","14:00","18:00","14:00","18:00","14:00","18:00","","","14:00","18:00","14:00","16:30","","","","","12:15","17:45","12:15","17:45","12:15","17:45","","","12:15","17:45","12:15","16:15","","","","",""
"3922395142020","01007","代謝内科","3","","","","","","","","","","","","","","","","","","","","","","","","","","","","","","","","",""
"3922395142020","01008","内分泌内科","1","09:00","12:30","09:00","12:30","09:00","12:30","09:00","13:30","09:00","12:30","09:00","12:30","","","","","08:00","12:15","08:00","12:15","08:00","12:15","08:00","13:15","08:00","12:15","08:00","12:15","","","","",""
"3922395142020","01008","内分泌内科","2","14:00","18:00","14:00","18:00","14:00","18:00","","","14:00","18:00","14:00","18:00","","","","","12:15","17:45","12:15","17:45","12:15","17:45","","","12:15","17:45","12:15","16:15","","","","",""
"3922395142020","01008","内分泌内科","3","","","","","","","","","","","","","","","","","","","","","","","","","","","","","","","","",""
"3922395142020","01009","脂質代謝内科","1","09:00","12:30","09:00","12:30","09:00","12:30","09:00","13:30","09:00","12:30","09:00","12:30","","","","","08:00","12:15","08:00","12:15","08:00","12:15","08:00","13:15","08:00","12:15","08:00","12:15","","","","",""
"3922395142020","01009","脂質代謝内科","2","14:00","18:00","14:00","18:00","14:00","18:00","","","14:00","18:00","14:00","16:30","","","","","12:15","17:45","12:15","17:45","12:15","17:45","","","12:15","17:45","12:15","16:15","","","","",""
"3922395142020","01009","脂質代謝内科","3","","","","","","","","","","","","","","","","","","","","","","","","","","","","","","","","",""
"3922395142020","01010","糖尿病・内分泌内科","1","09:00","12:30","09:00","12:30","09:00","12:30","09:00","13:30","09:00","12:30","09:00","12:30","","","","","08:00","12:15","08:00","12:15","08:00","12:15","08:00","13:15","08:00","12:15","08:00","12:15","","","","",""
"3922395142020","01010","糖尿病・内分泌内科","2","14:00","18:00","14:00","18:00","14:00","18:00","","","14:00","18:00","14:00","16:30","","","","","12:15","17:45","12:15","17:45","12:15","17:45","","","12:15","17:45","12:15","16:15","","","","",""
"3922395142020","01010","糖尿病・内分泌内科","3","","","","","","","","","","","","","","","","","","","","","","","","","","","","","","","","",""
"3922395142020","01011","糖尿病・代謝内科","1","09:00","12:30","09:00","12:30","09:00","12:30","09:00","13:30","09:00","12:30","09:00","12:30","","","","","08:00","12:15","08:00","12:15","08:00","12:15","08:00","13:15","08:00","12:15","08:00","12:15","","","","",""
"3922395142020","01011","糖尿病・代謝内科","2","14:00","18:00","14:00","18:00","14:00","18:00","","","14:00","18:00","14:00","16:30","","","","","12:15","17:45","12:15","17:45","12:15","17:45","","","12:15","17:45","12:15","16:15","","","","",""
"3922395142020","01011","糖尿病・代謝内科","3","","","","","","","","","","","","","","","","","","","","","","","","","","","","","","","","",""
"3922395142020","01012","代謝・内分泌内科","1","09:00","12:30","09:00","12:30","09:00","12:30","09:00","13:30","09:00","12:30","09:00","12:30","","","","","08:00","12:15","08:00","12:15","08:00","12:15","08:00","13:15","08:00","12:15","08:00","12:15","","","","",""
"3922395142020","01012","代謝・内分泌内科","2","14:00","18:00","14:00","18:00","14:00","18:00","","","14:00","18:00","14:00","16:30","","","","","12:15","17:45","12:15","17:45","12:15","17:45","","","12:15","17:45","12:15","16:15","","","","",""
"3922395142020","01012","代謝・内分泌内科","3","","","","","","","","","","","","","","","","","","","","","","","","","","","","","","","","",""
"3922395142020","01014","呼吸器内科","1","09:00","12:30","09:00","12:30","09:00","12:30","09:00","13:30","09:00","12:30","09:00","12:30","","","","","08:00","12:15","08:00","12:15","08:00","12:15","08:00","13:15","08:00","12:15","08:00","12:15","","","","",""
"3922395142020","01014","呼吸器内科","2","14:00","18:00","14:00","18:00","14:00","18:00","","","14:00","18:00","14:00","16:30","","","","","12:15","17:45","12:15","17:45","12:15","17:45","","","12:15","17:45","12:15","16:15","","","","",""
"3922395142020","01014","呼吸器内科","3","","","","","","","","","","","","","","","","","","","","","","","","","","","","","","","","",""
"3922395142020","01015","老年・呼吸器内科","1","09:00","12:30","09:00","12:30","09:00","12:30","09:00","13:30","09:00","12:30","09:00","12:30","","","","","08:00","12:15","08:00","12:15","08:00","12:15","08:00","13:15","08:00","12:15","08:00","12:15","","","","",""
"3922395142020","01015","老年・呼吸器内科","2","14:00","18:00","14:00","18:00","14:00","18:00","","","14:00","18:00","14:00","16:30","","","","","12:15","17:45","12:15","17:45","12:15","17:45","","","12:15","17:45","12:15","16:15","","","","",""
"3922395142020","01015","老年・呼吸器内科","3","","","","","","","","","","","","","","","","","","","","","","","","","","","","","","","","",""
"3922395142020","01017","循環器内科","1","09:00","12:30","09:00","12:30","09:00","12:30","09:00","13:30","09:00","12:30","09:00","12:30","","","","","08:00","12:15","08:00","12:15","08:00","12:15","08:00","13:15","08:00","12:15","08:00","12:15","","","","",""
"3922395142020","01017","循環器内科","2","14:00","18:00","14:00","18:00","14:00","18:00","","","14:00","18:00","14:00","16:30","","","","","12:15","17:45","12:15","17:45","12:15","17:45","","","12:15","17:45","12:15","16:15","","","","",""
"3922395142020","01017","循環器内科","3","","","","","","","","","","","","","","","","","","","","","","","","","","","","","","","","",""
"3922395142020","01018","心臓内科","1","09:00","12:30","09:00","12:30","09:00","12:30","09:00","13:30","09:00","12:30","09:00","12:30","","","","","08:00","12:15","08:00","12:15","08:00","12:15","08:00","13:15","08:00","12:15","08:00","12:15","","","","",""
"3922395142020","01018","心臓内科","2","14:00","18:00","14:00","18:00","14:00","18:00","","","14:00","18:00","14:00","16:30","","","","","12:15","17:45","12:15","17:45","12:15","17:45","","","12:15","17:45","12:15","16:15","","","","",""
"3922395142020","01018","心臓内科","3","","","","","","","","","","","","","","","","","","","","","","","","","","","","","","","","",""
"3922395142020","01020","消化器内科","1","09:00","12:30","09:00","12:30","09:00","12:30","09:00","13:30","09:00","12:30","09:00","12:30","","","","","08:00","12:15","08:00","12:15","08:00","12:15","08:00","13:15","08:00","12:15","08:00","12:15","","","","",""
"3922395142020","01020","消化器内科","2","14:00","18:00","14:00","18:00","14:00","18:00","","","14:00","18:00","14:00","16:30","","","","","12:15","17:45","12:15","17:45","12:15","17:45","","","12:15","17:45","12:15","16:15","","","","",""
"3922395142020","01020","消化器内科","3","","","","","","","","","","","","","","","","","","","","","","","","","","","","","","","","",""
"3922395142020","01021","胃腸内科","1","09:00","12:30","09:00","12:30","09:00","12:30","09:00","13:30","09:00","12:30","09:00","12:30","","","","","08:00","12:15","08:00","12:15","08:00","12:15","08:00","13:15","08:00","12:15","08:00","12:15","","","","",""
"3922395142020","01021","胃腸内科","2","14:00","18:00","14:00","18:00","14:00","18:00","","","14:00","18:00","14:00","16:30","","","","","12:15","17:45","12:15","17:45","12:15","17:45","","","12:15","17:45","12:15","16:15","","","","",""
"3922395142020","01021","胃腸内科","3","","","","","","","","","","","","","","","","","","","","","","","","","","","","","","","","",""
"3922395142020","01022","腎臓内科","1","09:00","12:30","09:00","12:30","09:00","12:30","09:00","13:30","09:00","12:30","09:00","12:30","","","","","08:00","12:15","08:00","12:15","08:00","12:15","08:00","13:15","08:00","12:15","08:00","12:15","","","","",""
"3922395142020","01022","腎臓内科","2","14:00","18:00","14:00","18:00","14:00","18:00","","","14:00","18:00","14:00","16:30","","","","","12:15","17:45","12:15","17:45","12:15","17:45","","","12:15","17:45","12:15","16:15","","","","",""
"3922395142020","01022","腎臓内科","3","","","","","","","","","","","","","","","","","","","","","","","","","","","","","","","","",""
"3922395142020","01024","肝臓内科","1","09:00","12:30","09:00","12:30","09:00","12:30","09:00","13:30","09:00","12:30","09:00","12:30","","","","","08:00","12:15","08:00","12:15","08:00","12:15","08:00","13:15","08:00","12:15","08:00","12:15","","","","",""
"3922395142020","01024","肝臓内科","2","14:00","18:00","14:00","18:00","14:00","18:00","","","14:00","18:00","14:00","16:30","","","","","12:15","17:45","12:15","17:45","12:15","17:45","","","12:15","17:45","12:15","16:15","","","","",""
"3922395142020","01024","肝臓内科","3","","","","","","","","","","","","","","","","","","","","","","","","","","","","","","","","",""
"3922395142020","01028","老年内科","1","09:00","12:30","09:00","12:30","09:00","12:30","09:00","13:30","09:00","12:30","09:00","12:30","","","","","08:00","12:15","08:00","12:15","08:00","12:15","08:00","13:15","08:00","12:15","08:00","12:15","","","","",""
"3922395142020","01028","老年内科","2","14:00","18:00","14:00","18:00","14:00","18:00","","","14:00","18:00","14:00","16:30","","","","","12:15","17:45","12:15","17:45","12:15","17:45","","","12:15","17:45","12:15","16:15","","","","",""
"3922395142020","01028","老年内科","3","","","","","","","","","","","","","","","","","","","","","","","","","","","","","","","","",""
"3922395142020","01030","内視鏡内科","1","09:00","12:30","09:00","12:30","09:00","12:30","09:00","13:30","09:00","12:30","09:00","12:30","","","","","08:00","12:15","08:00","12:15","08:00","12:15","08:00","12:15","08:00","12:15","08:00","12:15","","","","",""
"3922395142020","01030","内視鏡内科","2","14:00","16:00","14:00","16:00","14:00","16:00","","","14:00","16:00","14:00","15:00","","","","","12:15","15:45","12:15","15:45","12:15","15:45","","","12:15","15:45","12:15","14:45","","","","",""
"3922395142020","01030","内視鏡内科","3","","","","","","","","","","","","","","","","","","","","","","","","","","","","","","","","",""
"3922395142020","01033","アレルギー疾患内科","1","09:00","12:30","09:00","12:30","09:00","12:30","09:00","13:30","09:00","12:30","09:00","12:30","","","","","08:00","12:15","08:00","12:15","08:00","12:15","08:00","13:15","08:00","12:15","08:00","12:15","","","","",""
"3922395142020","01033","アレルギー疾患内科","2","14:00","18:00","14:00","18:00","14:00","18:00","","","14:00","18:00","14:00","16:30","","","","","12:15","17:45","12:15","17:45","12:15","17:45","","","12:15","17:45","12:15","16:15","","","","",""
"3922395142020","01033","アレルギー疾患内科","3","","","","","","","","","","","","","","","","","","","","","","","","","","","","","","","","",""
"3922395142020","03001","小児科","1","09:00","12:30","09:00","12:30","09:00","12:30","09:00","13:30","09:00","12:30","09:00","12:30","","","","","08:00","12:15","08:00","12:15","08:00","12:15","08:00","13:15","08:00","12:15","08:00","12:15","","","","",""
"3922395142020","03001","小児科","2","14:00","18:00","14:00","18:00","14:00","18:00","","","14:00","18:00","14:00","16:30","","","","","12:15","17:45","12:15","17:45","12:15","17:45","","","12:15","17:45","12:15","16:15","","","","",""
"3922395142020","03001","小児科","3","","","","","","","","","","","","","","","","","","","","","","","","","","","","","","","","",""
"3922395142020","07003","心療内科","1","09:00","12:30","09:00","12:30","09:00","12:30","09:00","13:30","09:00","12:30","09:00","12:30","","","","","08:00","12:15","08:00","12:15","08:00","12:15","08:00","13:15","08:00","12:15","08:00","12:15","","","","",""
"3922395142020","07003","心療内科","2","14:00","18:00","14:00","18:00","14:00","18:00","","","14:00","18:00","14:00","16:30","","","","","12:15","17:45","12:15","17:45","12:15","17:45","","","12:15","17:45","12:15","16:15","","","","",""
"3922395142020","07003","心療内科","3","","","","","","","","","","","","","","","","","","","","","","","","","","","","","","","","",""
"3922395142020","09001","アレルギー科","1","09:00","12:30","09:00","12:30","09:00","12:30","09:00","13:30","09:00","12:30","09:00","12:30","","","","","08:00","12:15","08:00","12:15","08:00","12:15","08:00","13:15","08:00","12:15","08:00","12:15","","","","",""
"3922395142020","09001","アレルギー科","2","14:00","18:00","14:00","18:00","14:00","18:00","","","14:00","18:00","14:00","16:30","","","","","12:15","17:45","12:15","17:45","12:15","17:45","","","12:15","17:45","12:15","16:15","","","","",""
"3922395142020","09001","アレルギー科","3","","","","","","","","","","","","","","","","","","","","","","","","","","","","","","","","",""
"3922395142020","09002","リウマチ科","1","09:00","12:30","09:00","12:30","09:00","12:30","09:00","12:30","09:00","12:30","09:00","12:30","","","","","08:00","12:15","08:00","12:15","08:00","12:15","08:00","13:15","08:00","12:15","08:00","12:15","","","","",""
"3922395142020","09002","リウマチ科","2","14:00","18:00","14:00","18:00","14:00","18:00","","","14:00","18:00","14:00","16:30","","","","","12:15","17:45","12:15","17:45","12:15","17:45","","","12:15","17:45","12:15","16:15","","","","",""
"3922395142020","09002","リウマチ科","3","","","","","","","","","","","","","","","","","","","","","","","","","","","","","","","","",""
"3922395142020","09003","リハビリテーション科","1","09:00","12:30","09:00","12:30","09:00","12:30","09:00","13:30","09:00","12:30","09:00","12:30","","","","","08:00","12:15","08:00","12:15","08:00","12:15","08:00","13:15","08:00","12:15","08:00","12:15","","","","",""
"3922395142020","09003","リハビリテーション科","2","14:00","18:00","14:00","18:00","14:00","18:00","","","14:00","18:00","14:00","16:30","","","","","12:15","17:45","12:15","17:45","12:15","17:45","","","12:15","17:45","12:15","16:15","","","","",""
"3922395142020","09003","リハビリテーション科","3","","","","","","","","","","","","","","","","","","","","","","","","","","","","","","","","",""
"3922395142020","09004","放射線科","1","09:00","12:30","09:00","12:30","09:00","12:30","09:00","13:30","09:00","12:30","09:00","12:30","","","","","08:00","12:15","08:00","12:15","08:00","12:15","08:00","13:15","08:00","12:15","08:00","12:15","","","","",""
"3922395142020","09004","放射線科","2","14:00","18:00","14:00","18:00","14:00","18:00","","","14:00","18:00","14:00","16:30","","","","","12:15","17:45","12:15","17:45","12:15","17:45","","","12:15","17:45","12:15","16:15","","","","",""
"3922395142020","09004","放射線科","3","","","","","","","","","","","","","","","","","","","","","","","","","","","","","","","","",""
"3922395142280","05001","眼科","1","09:00","12:00","09:00","12:00","09:00","12:00","","","09:00","12:00","09:00","12:00","","","","","08:30","12:00","08:30","12:00","08:30","12:00","","","08:30","12:00","08:30","12:00","","","","",""
"3922395142280","05001","眼科","2","14:00","18:00","14:00","18:00","14:00","18:00","","","14:00","18:00","14:00","17:00","","","","","14:00","18:00","14:00","18:00","14:00","18:00","","","14:00","18:00","14:00","17:00","","","","",""
"3922395142280","05001","眼科","3","","","","","","","","","","","","","","","","","","","","","","","","","","","","","","","","",""
"3922395142310","01001","内科","1","08:30","13:00","08:30","13:00","08:30","13:00","08:30","13:00","08:30","13:00","08:30","13:00","","","","","08:30","12:30","08:30","12:30","08:30","12:30","08:30","12:30","08:30","12:30","08:30","12:30","","","","",""
"3922395142310","01001","内科","2","14:00","18:00","14:00","18:00","14:00","18:00","14:00","18:00","14:00","18:00","14:00","16:00","","","","","14:00","17:30","14:00","17:30","14:00","17:30","14:00","17:30","14:00","17:30","14:00","15:30","","","","",""
"3922395142310","01001","内科","3","","","","","","","","","","","","","","","","","","","","","","","","","","","","","","","","",""
"3922395142310","01017","循環器内科","1","08:30","13:00","08:30","13:00","08:30","13:00","08:30","13:00","08:30","13:00","08:30","13:00","","","","","08:30","12:30","08:30","12:30","08:30","12:30","08:30","12:30","08:30","12:30","08:30","12:30","","","","",""
"3922395142310","01017","循環器内科","2","14:00","18:00","","","14:00","18:00","14:00","18:00","","","","","","","","","14:00","17:30","","","14:00","17:30","14:00","17:30","","","","","","","","",""
"3922395142310","01017","循環器内科","3","","","","","","","","","","","","","","","","","","","","","","","","","","","","","","","","",""
"3922395142310","01020","消化器内科","1","08:30","13:00","08:30","13:00","08:30","13:00","08:30","13:00","08:30","13:00","08:30","13:00","","","","","08:30","12:30","08:30","12:30","08:30","12:30","08:30","12:30","08:30","12:30","08:30","12:30","","","","",""
"3922395142310","01020","消化器内科","2","14:00","18:00","14:00","18:00","14:00","18:00","14:00","18:00","14:00","18:00","14:00","16:00","","","","","14:00","17:30","14:00","17:30","14:00","17:30","14:00","17:30","14:00","17:30","14:00","15:30","","","","",""
"3922395142310","01020","消化器内科","3","","","","","","","","","","","","","","","","","","","","","","","","","","","","","","","","",""
"3922395142310","02001","外科","1","08:30","13:00","08:30","13:00","08:30","13:00","08:30","13:00","08:30","13:00","08:30","13:00","","","","","08:30","12:30","08:30","12:30","08:30","12:30","08:30","12:30","08:30","12:30","08:30","12:30","","","","",""
"3922395142310","02001","外科","2","14:00","18:00","14:00","18:00","14:00","18:00","14:00","18:00","14:00","18:00","14:00","16:00","","","","","14:00","17:30","14:00","17:30","14:00","17:30","14:00","17:30","14:00","17:30","14:00","15:30","","","","",""
"3922395142310","02001","外科","3","","","","","","","","","","","","","","","","","","","","","","","","","","","","","","","","",""
"3922395142310","02011","心臓血管外科","1","08:30","13:00","08:30","13:00","08:30","13:00","08:30","13:00","08:30","13:00","08:30","13:00","","","","","08:30","12:30","08:30","12:30","08:30","12:30","08:30","12:30","08:30","12:30","08:30","12:30","","","","",""
"3922395142310","02011","心臓血管外科","2","14:00","18:00","","","14:00","18:00","14:00","18:00","","","","","","","","","14:00","17:30","","","14:00","17:30","14:00","17:30","","","","","","","","",""
"3922395142310","02011","心臓血管外科","3","","","","","","","","","","","","","","","","","","","","","","","","","","","","","","","","",""
"3922395142310","02036","形成外科","1","08:30","13:00","08:30","13:00","","","","","","","","","","","","","08:30","12:30","08:30","12:30","","","","","","","","","","","","",""
"3922395142310","02036","形成外科","2","","","","","","","14:00","18:00","14:00","18:00","","","","","","","","","","","","","14:00","17:30","14:00","17:30","","","","","","",""
"3922395142310","02036","形成外科","3","","","","","","","","","","","","","","","","","","","","","","","","","","","","","","","","",""
"3922395142310","03001","小児科","1","08:30","13:00","08:30","13:00","08:30","13:00","08:30","13:00","08:30","13:00","","","","","","","08:30","12:30","08:30","12:30","08:30","12:30","08:30","12:30","08:30","12:30","","","","","","",""
"3922395142310","03001","小児科","2","14:00","18:00","","","14:00","18:00","14:00","18:00","","","","","","","","","14:00","17:30","","","14:00","17:30","14:00","17:30","","","","","","","","",""
"3922395142310","03001","小児科","3","","","","","","","","","","","","","","","","","","","","","","","","","","","","","","","","",""
"3922395142310","06001","皮膚科","1","08:30","13:00","08:30","13:00","","","","","","","","","","","","","08:30","12:30","08:30","12:30","","","","","","","","","","","","",""
"3922395142310","06001","皮膚科","2","","","","","","","14:00","18:00","14:00","18:00","","","","","","","","","","","","","14:00","17:30","14:00","17:30","","","","","","",""
"3922395142310","06001","皮膚科","3","","","","","","","","","","","","","","","","","","","","","","","","","","","","","","","","",""
"3922395142310","09003","リハビリテーション科","1","","","","","","","","","","","","","","","","","","","","","","","","","","","","","","","","",""
"3922395142310","09003","リハビリテーション科","2","14:00","17:30","14:00","17:30","14:00","17:30","14:00","17:30","14:00","17:30","","","","","","","14:00","17:00","14:00","17:00","14:00","17:00","14:00","17:00","14:00","17:00","","","","","","",""
"3922395142310","09003","リハビリテーション科","3","","","","","","","","","","","","","","","","","","","","","","","","","","","","","","","","",""
"3922395142570","07001","精神科","1","09:00","12:30","09:00","12:30","09:00","12:30","09:00","12:30","09:00","12:30","09:00","12:30","","","","","09:00","12:00","09:00","12:00","09:00","12:00","09:00","12:00","09:00","12:00","09:00","12:00","","","","",""
"3922395142570","07001","精神科","2","14:00","17:30","14:00","17:30","14:00","17:30","14:00","17:30","14:00","17:30","","","","","","","13:30","17:00","13:30","17:00","13:30","17:00","13:30","17:00","13:30","17:00","","","","","","",""
"3922395142570","07001","精神科","3","","","","","","","","","","","","","","","","","","","","","","","","","","","","","","","","",""
"3922395142570","07002","神経科","1","09:00","12:30","09:00","12:30","09:00","12:30","09:00","12:30","09:00","12:30","09:00","12:30","","","","","09:00","12:00","09:00","12:00","09:00","12:00","09:00","12:00","09:00","12:00","09:00","12:00","","","","",""
"3922395142570","07002","神経科","2","14:00","17:30","14:00","17:30","14:00","17:30","14:00","17:30","14:00","17:30","","","","","","","13:30","17:00","13:30","17:00","13:30","17:00","13:30","17:00","13:30","17:00","","","","","","",""
"3922395142570","07002","神経科","3","","","","","","","","","","","","","","","","","","","","","","","","","","","","","","","","",""
"3922395142600","05002","耳鼻いんこう科","1","09:00","12:00","09:00","12:00","","","09:00","12:00","09:00","12:00","09:00","12:00","","","","","","","","","","","","","","","","","","","","",""
"3922395142600","05002","耳鼻いんこう科","2","14:30","18:00","14:30","18:00","","","14:30","18:00","14:30","18:00","14:30","16:30","","","","","","","","","","","","","","","","","","","","",""
"3922395142600","05002","耳鼻いんこう科","3","","","","","","","","","","","","","","","","","","","","","","","","","","","","","","","","",""
"3922395142860","03001","小児科","1","09:00","12:30","09:00","12:30","09:00","12:30","09:00","12:30","09:00","12:30","09:00","12:30","","","","","09:00","12:30","09:00","12:30","09:00","12:30","09:00","12:30","09:00","12:30","09:00","12:30","","","","",""
"3922395142860","03001","小児科","2","14:00","17:30","14:00","17:30","14:00","17:30","","","14:00","17:30","","","","","","","14:00","17:30","14:00","17:30","14:00","17:30","","","14:00","17:30","","","","","","",""
"3922395142860","03001","小児科","3","","","","","","","","","","","","","","","","","","","","","","","","","","","","","","","","",""
"3922395142990","01001","内科","1","09:00","12:30","09:00","12:30","09:00","12:30","09:00","12:30","09:00","12:30","09:00","14:00","","","","","08:30","12:15","08:30","12:15","08:30","12:15","08:30","12:15","08:30","12:15","08:30","13:00","","","","",""
"3922395142990","01001","内科","2","14:00","17:30","14:00","17:30","14:00","17:30","14:00","17:30","14:00","17:30","","","","","","","13:30","17:30","13:30","17:30","13:30","17:30","13:30","17:30","13:30","17:30","","","","","","",""
"3922395142990","01001","内科","3","","","","","","","","","","","","","","","","","","","","","","","","","","","","","","","","",""
"3922395142990","01014","呼吸器内科","1","09:00","12:30","09:00","12:30","09:00","12:30","09:00","12:30","09:00","12:30","09:00","14:00","","","","","08:30","12:15","08:30","12:15","08:30","12:15","08:30","12:15","08:30","12:15","08:30","13:00","","","","",""
"3922395142990","01014","呼吸器内科","2","14:00","17:30","14:00","17:30","14:00","17:30","14:00","17:30","14:00","17:30","","","","","","","13:30","17:30","13:30","17:30","13:30","17:30","13:30","17:30","13:30","17:30","","","","","","",""
"3922395142990","01014","呼吸器内科","3","","","","","","","","","","","","","","","","","","","","","","","","","","","","","","","","",""
"3922395142990","01017","循環器内科","1","09:00","12:30","09:00","12:30","09:00","12:30","09:00","12:30","09:00","12:30","09:00","14:00","","","","","08:30","12:15","08:30","12:15","08:30","12:15","08:30","12:15","08:30","12:15","08:30","13:00","","","","",""
"3922395142990","01017","循環器内科","2","14:00","17:30","14:00","17:30","14:00","17:30","14:00","17:30","14:00","17:30","","","","","","","13:30","17:30","13:30","17:30","13:30","17:30","13:30","17:30","13:30","17:30","","","","","","",""
"3922395142990","01017","循環器内科","3","","","","","","","","","","","","","","","","","","","","","","","","","","","","","","","","",""
"3922395142990","01021","胃腸内科","1","09:00","12:30","09:00","12:30","09:00","12:30","09:00","12:30","09:00","12:30","09:00","14:00","","","","","08:30","12:15","08:30","12:15","08:30","12:15","08:30","12:15","08:30","12:15","08:30","13:00","","","","",""
"3922395142990","01021","胃腸内科","2","14:00","17:30","14:00","17:30","14:00","17:30","14:00","17:30","14:00","17:30","","","","","","","13:30","17:30","13:30","17:30","13:30","17:30","13:30","17:30","13:30","17:30","","","","","","",""
"3922395142990","01021","胃腸内科","3","","","","","","","","","","","","","","","","","","","","","","","","","","","","","","","","",""
"3922395143160","01001","内科","1","09:00","13:00","09:00","13:00","09:00","13:00","09:00","13:00","09:00","13:00","09:00","13:00","","","","","08:00","18:00","08:00","13:00","08:00","18:00","08:00","18:00","08:00","18:00","08:00","13:00","","","","",""
"3922395143160","01001","内科","2","15:00","18:00","","","15:00","18:00","15:00","18:00","15:00","18:00","","","","","","","","","","","","","","","","","","","","","","",""
"3922395143160","01001","内科","3","","","","","","","","","","","","","","","","","","","","","","","","","","","","","","","","",""
"3922395143160","01014","呼吸器内科","1","09:00","13:00","09:00","13:00","09:00","13:00","09:00","13:00","09:00","13:00","09:00","13:00","","","","","08:00","18:00","08:00","13:00","08:00","18:00","08:00","18:00","08:00","18:00","08:00","13:00","","","","",""
"3922395143160","01014","呼吸器内科","2","15:00","18:00","","","15:00","18:00","15:00","18:00","15:00","18:00","","","","","","","","","","","","","","","","","","","","","","",""
"3922395143160","01014","呼吸器内科","3","","","","","","","","","","","","","","","","","","","","","","","","","","","","","","","","",""
"3922395143160","01017","循環器内科","1","09:00","13:00","09:00","13:00","09:00","13:00","09:00","13:00","09:00","13:00","09:00","13:00","","","","","08:00","18:00","08:00","13:00","08:00","18:00","08:00","18:00","08:00","18:00","08:00","13:00","","","","",""
"3922395143160","01017","循環器内科","2","15:00","18:00","","","15:00","18:00","15:00","18:00","15:00","18:00","","","","","","","","","","","","","","","","","","","","","","",""
"3922395143160","01017","循環器内科","3","","","","","","","","","","","","","","","","","","","","","","","","","","","","","","","","",""
"3922395143160","01021","胃腸内科","1","09:00","13:00","09:00","13:00","09:00","13:00","09:00","13:00","09:00","13:00","09:00","13:00","","","","","08:00","18:00","08:00","13:00","08:00","18:00","08:00","18:00","08:00","18:00","08:00","13:00","","","","",""
"3922395143160","01021","胃腸内科","2","15:00","18:00","","","15:00","18:00","15:00","18:00","15:00","18:00","","","","","","","","","","","","","","","","","","","","","","",""
"3922395143160","01021","胃腸内科","3","","","","","","","","","","","","","","","","","","","","","","","","","","","","","","","","",""
"3922395143160","09001","アレルギー科","1","09:00","13:00","09:00","13:00","09:00","13:00","09:00","13:00","09:00","13:00","09:00","13:00","","","","","08:00","18:00","08:00","13:00","08:00","18:00","08:00","18:00","08:00","18:00","08:00","13:00","","","","",""
"3922395143160","09001","アレルギー科","2","15:00","18:00","","","15:00","18:00","15:00","18:00","15:00","18:00","","","","","","","","","","","","","","","","","","","","","","",""
"3922395143160","09001","アレルギー科","3","","","","","","","","","","","","","","","","","","","","","","","","","","","","","","","","",""
"3922395143290","05001","眼科","1","09:00","12:30","09:00","12:30","09:00","12:00","09:00","12:30","09:00","12:30","09:00","12:30","","","","","09:00","12:15","09:00","12:15","09:00","11:45","09:00","12:15","09:00","12:15","09:00","12:15","","","","",""
"3922395143290","05001","眼科","2","14:00","17:30","14:00","17:30","","","14:00","17:30","14:00","17:30","14:00","16:00","","","","","14:00","17:15","14:00","17:15","","","14:00","17:15","14:00","17:15","14:00","15:45","","","","",""
"3922395143290","05001","眼科","3","","","","","","","","","","","","","","","","","","","","","","","","","","","","","","","","",""
"3922395143740","05001","眼科","1","09:00","17:30","09:00","17:30","09:00","12:00","09:00","17:30","09:00","17:30","09:00","12:30","","","","","09:00","12:30","09:00","12:30","09:00","12:00","09:00","12:30","09:00","12:30","09:00","12:30","","","","",""
"3922395143740","05001","眼科","2","","","","","14:00","16:00","","","","","","","","","","","14:00","17:30","14:00","17:30","14:00","16:00","14:00","17:30","14:00","17:30","","","","","","",""
"3922395143740","05001","眼科","3","","","","","","","","","","","","","","","","","","","","","","","","","","","","","","","","",""
"3922395143900","05002","耳鼻いんこう科","1","09:00","12:30","09:00","12:30","09:00","12:30","","","09:00","12:30","09:00","12:30","","","","","08:30","12:30","08:30","12:30","08:30","12:30","","","08:30","12:30","08:30","12:30","","","","",""
"3922395143900","05002","耳鼻いんこう科","2","15:00","18:30","15:00","18:30","15:00","18:30","","","15:00","18:30","15:00","17:30","","","","","14:30","18:30","14:30","18:30","14:30","18:30","","","14:30","18:30","14:30","17:30","","","","",""
"3922395143900","05002","耳鼻いんこう科","3","","","","","","","","","","","","","","","","","","","","","","","","","","","","","","","","",""
"3922395144170","01001","内科","1","08:30","12:30","08:30","12:30","08:30","12:30","08:30","12:30","08:30","12:30","08:30","12:30","","","","","08:30","12:30","08:30","12:30","08:30","12:30","08:30","12:30","08:30","12:30","08:30","12:30","","","","",""
"3922395144170","01001","内科","2","14:30","18:30","14:30","18:30","14:30","18:30","","","14:30","18:30","","","","","","","14:30","18:30","14:30","18:30","14:30","18:30","","","14:30","18:30","","","","","","",""
"3922395144170","01001","内科","3","","","","","","","","","","","","","","","","","","","","","","","","","","","","","","","","",""
"3922395144170","01014","呼吸器内科","1","08:30","12:30","08:30","12:30","08:30","12:30","08:30","12:30","08:30","12:30","08:30","12:30","","","","","08:30","12:30","08:30","12:30","08:30","12:30","08:30","12:30","08:30","12:30","08:30","12:30","","","","",""
"3922395144170","01014","呼吸器内科","2","14:30","18:30","14:30","18:30","14:30","18:30","","","14:30","18:30","","","","","","","14:30","18:30","14:30","18:30","14:30","18:30","","","14:30","18:30","","","","","","",""
"3922395144170","01014","呼吸器内科","3","","","","","","","","","","","","","","","","","","","","","","","","","","","","","","","","",""
"3922395144170","01021","胃腸内科","1","08:30","12:30","08:30","12:30","08:30","12:30","08:30","12:30","08:30","12:30","08:30","12:30","","","","","08:30","12:30","08:30","12:30","08:30","12:30","08:30","12:30","08:30","12:30","08:30","12:30","","","","",""
"3922395144170","01021","胃腸内科","2","14:30","18:30","14:30","18:30","14:30","18:30","","","14:30","18:30","","","","","","","14:30","18:30","14:30","18:30","14:30","18:30","","","14:30","18:30","","","","","","",""
"3922395144170","01021","胃腸内科","3","","","","","","","","","","","","","","","","","","","","","","","","","","","","","","","","",""
"3922395144170","01022","腎臓内科","1","","","","","","","","","","","","","","","","","","","","","","","","","","","","","","","","",""
"3922395144170","01022","腎臓内科","2","","","","","","","","","","","","","","","","","","","","","","","","","","","","","","","","",""
"3922395144170","01022","腎臓内科","3","","","","","","","","","","","","","","","","","","","","","","","","","","","","","","","","",""
"3922395144170","03001","小児科","1","08:30","12:30","08:30","12:30","08:30","12:30","08:30","12:30","08:30","12:30","08:30","12:30","","","","","08:30","12:30","08:30","12:30","08:30","12:30","08:30","12:30","08:30","12:30","08:30","12:30","","","","",""
"3922395144170","03001","小児科","2","14:30","18:30","14:30","18:30","14:30","18:30","","","14:30","18:30","","","","","","","14:30","18:30","14:30","18:30","14:30","18:30","","","14:30","18:30","","","","","","",""
"3922395144170","03001","小児科","3","","","","","","","","","","","","","","","","","","","","","","","","","","","","","","","","",""
"3922395144170","09003","リハビリテーション科","1","08:30","12:30","08:30","12:30","08:30","12:30","08:30","12:30","08:30","12:30","08:30","12:30","","","","","08:30","12:30","08:30","12:30","08:30","12:30","08:30","12:30","08:30","12:30","08:30","12:30","","","","",""
"3922395144170","09003","リハビリテーション科","2","14:30","18:30","14:30","18:30","14:30","18:30","","","14:30","18:30","","","","","","","14:30","18:30","14:30","18:30","14:30","18:30","","","14:30","18:30","","","","","","",""
"3922395144170","09003","リハビリテーション科","3","","","","","","","","","","","","","","","","","","","","","","","","","","","","","","","","",""
"3922395144170","09004","放射線科","1","08:30","12:30","08:30","12:30","08:30","12:30","08:30","12:30","08:30","12:30","08:30","12:30","","","","","08:30","12:30","08:30","12:30","08:30","12:30","08:30","12:30","08:30","12:30","08:30","12:30","","","","",""
"3922395144170","09004","放射線科","2","14:30","18:30","14:30","18:30","14:30","18:30","","","14:30","18:30","","","","","","","14:30","18:30","14:30","18:30","14:30","18:30","","","14:30","18:30","","","","","","",""
"3922395144170","09004","放射線科","3","","","","","","","","","","","","","","","","","","","","","","","","","","","","","","","","",""
"3922395144200","05001","眼科","1","09:00","12:00","09:00","12:00","09:00","12:00","09:00","12:00","09:00","12:00","09:00","12:00","","","","","09:00","12:00","09:00","12:00","09:00","12:00","09:00","11:30","09:00","12:00","09:00","11:00","","","","",""
"3922395144200","05001","眼科","2","14:00","17:00","14:00","17:00","14:00","17:00","","","14:00","17:00","","","","","","","14:00","17:00","14:00","17:00","14:00","17:00","","","14:00","17:00","","","","","","",""
"3922395144200","05001","眼科","3","","","","","","","","","","","","","","","","","","","","","","","","","","","","","","","","",""
"3922395144330","01027","漢方内科","1","","","09:30","12:30","","","","","09:30","12:30","09:30","12:30","","","","","","","","","","","","","","","","","","","","",""
"3922395144330","01027","漢方内科","2","14:00","17:30","14:30","17:30","14:00","17:30","","","","","","","","","","","","","","","","","","","","","","","","","","",""
"3922395144330","01027","漢方内科","3","","","","","","","","","","","14:00","16:00","","","","","","","","","","","","","","","","","","","","",""
"3922395144460","02035","整形外科","1","08:30","12:30","08:30","12:30","08:30","12:30","08:30","12:30","08:30","12:30","08:30","12:30","","","","","","","","","","","","","","","","","","","","",""
"3922395144460","02035","整形外科","2","13:30","17:30","13:30","17:30","13:30","17:30","","","13:30","17:30","","","","","","","","","","","","","","","","","","","","","","",""
"3922395144460","02035","整形外科","3","","","","","","","","","","","","","","","","","","","","","","","","","","","","","","","","",""
"3922395144460","09002","リウマチ科","1","08:30","12:30","08:30","12:30","08:30","12:30","08:30","12:30","08:30","12:30","08:30","12:30","","","","","","","","","","","","","","","","","","","","",""
"3922395144460","09002","リウマチ科","2","13:30","17:30","13:30","17:30","13:30","17:30","","","13:30","17:30","","","","","","","","","","","","","","","","","","","","","","",""
"3922395144460","09002","リウマチ科","3","","","","","","","","","","","","","","","","","","","","","","","","","","","","","","","","",""
"3922395144460","09003","リハビリテーション科","1","08:30","12:30","08:30","12:30","08:30","12:30","08:30","12:30","08:30","12:30","08:30","12:30","","","","","","","","","","","","","","","","","","","","",""
"3922395144460","09003","リハビリテーション科","2","13:30","17:30","13:30","17:30","13:30","17:30","","","13:30","17:30","","","","","","","","","","","","","","","","","","","","","","",""
"3922395144460","09003","リハビリテーション科","3","","","","","","","","","","","","","","","","","","","","","","","","","","","","","","","","",""
"3922395144590","01001","内科","1","08:30","12:30","08:30","12:30","08:30","12:30","08:30","12:30","08:30","12:30","08:30","12:30","","","","","08:30","12:30","08:30","12:30","08:30","12:30","08:30","12:30","08:30","12:30","08:30","12:30","","","","",""
"3922395144590","01001","内科","2","14:30","18:00","15:30","18:00","","","14:30","18:00","14:30","18:00","","","","","","","14:30","18:00","14:30","18:00","14:30","18:00","","","14:30","18:00","","","","","","",""
"3922395144590","01001","内科","3","","","","","","","","","","","","","","","","","","","","","","","","","","","","","","","","",""
"3922395144590","01020","消化器内科","1","08:30","12:30","08:30","12:30","08:30","12:30","08:30","12:30","08:30","12:30","08:30","12:30","","","","","08:30","12:30","08:30","12:30","08:30","12:30","08:30","12:30","08:30","12:30","08:30","12:30","","","","",""
"3922395144590","01020","消化器内科","2","14:30","18:00","15:30","18:00","15:30","18:00","","","14:30","18:00","","","","","","","14:30","18:00","14:30","18:00","14:30","18:00","","","14:30","18:00","","","","","","",""
"3922395144590","01020","消化器内科","3","","","","","","","","","","","","","","","","","","","","","","","","","","","","","","","","",""
"3922395144590","01021","胃腸内科","1","08:30","12:30","08:30","12:30","08:30","12:30","08:30","12:30","08:30","12:30","08:30","12:30","","","","","08:30","12:30","08:30","12:30","08:30","12:30","08:30","12:30","08:30","12:30","08:30","12:30","","","","",""
"3922395144590","01021","胃腸内科","2","14:30","18:00","15:30","18:00","15:30","18:00","","","14:30","18:00","","","","","","","14:30","18:00","14:30","18:00","14:30","18:00","","","14:30","18:00","","","","","","",""
"3922395144590","01021","胃腸内科","3","","","","","","","","","","","","","","","","","","","","","","","","","","","","","","","","",""
"3922395144620","01001","内科","1","10:00","16:30","10:00","16:30","10:00","16:30","10:00","16:30","10:00","16:30","10:00","12:30","","","","","10:00","16:30","10:00","16:30","10:00","16:30","10:00","16:30","10:00","16:30","10:00","12:30","","","","",""
"3922395144620","01001","内科","2","","","","","","","","","","","","","","","","","","","","","","","","","","","","","","","","",""
"3922395144620","01001","内科","3","","","","","","","","","","","","","","","","","","","","","","","","","","","","","","","","",""
"3922395144620","03001","小児科","1","10:00","16:30","10:00","16:30","10:00","16:30","10:00","16:30","10:00","16:30","10:00","12:30","","","","","10:00","16:30","10:00","16:30","10:00","16:30","10:00","16:30","10:00","16:30","10:00","12:30","","","","",""
"3922395144620","03001","小児科","2","","","","","","","","","","","","","","","","","","","","","","","","","","","","","","","","",""
"3922395144620","03001","小児科","3","","","","","","","","","","","","","","","","","","","","","","","","","","","","","","","","",""
"3922395144620","07001","精神科","1","10:00","16:30","10:00","16:30","10:00","16:30","10:00","16:30","10:00","16:30","","","","","","","10:00","16:30","10:00","16:30","10:00","16:30","10:00","16:30","10:00","16:30","","","","","","",""
"3922395144620","07001","精神科","2","","","","","","","","","","","","","","","","","","","","","","","","","","","","","","","","",""
"3922395144620","07001","精神科","3","","","","","","","","","","","","","","","","","","","","","","","","","","","","","","","","",""
"3922395144620","07003","心療内科","1","10:00","16:30","10:00","16:30","10:00","16:30","10:00","16:30","10:00","16:30","","","","","","","10:00","16:30","10:00","16:30","10:00","16:30","10:00","16:30","10:00","16:30","","","","","","",""
"3922395144620","07003","心療内科","2","","","","","","","","","","","","","","","","","","","","","","","","","","","","","","","","",""
"3922395144620","07003","心療内科","3","","","","","","","","","","","","","","","","","","","","","","","","","","","","","","","","",""
"3922395144910","01001","内科","1","09:00","12:00","09:00","12:00","09:00","12:00","09:00","12:00","09:00","12:00","09:00","12:00","","","","","09:00","12:00","09:00","12:00","09:00","12:00","09:00","12:00","09:00","12:00","09:00","12:00","","","","",""
"3922395144910","01001","内科","2","14:00","18:00","14:00","18:00","","","14:00","18:00","14:00","18:00","","","","","","","14:00","18:00","14:00","18:00","","","14:00","18:00","14:00","18:00","","","","","","",""
"3922395144910","01001","内科","3","","","","","","","","","","","14:00","17:00","","","","","","","","","","","","","","","14:00","17:00","","","","",""
"3922395144910","01014","呼吸器内科","1","09:00","12:00","09:00","12:00","09:00","12:00","09:00","12:00","09:00","12:00","09:00","12:00","","","","","09:00","12:00","09:00","12:00","09:00","12:00","09:00","12:00","09:00","12:00","09:00","12:00","","","","",""
"3922395144910","01014","呼吸器内科","2","14:00","18:00","14:00","18:00","","","14:00","18:00","14:00","18:00","","","","","","","14:00","18:00","14:00","18:00","","","14:00","18:00","14:00","18:00","","","","","","",""
"3922395144910","01014","呼吸器内科","3","","","","","","","","","","","14:00","17:00","","","","","","","","","","","","","","","14:00","17:00","","","","",""
"3922395144910","01017","循環器内科","1","09:00","12:00","09:00","12:00","09:00","12:00","09:00","12:00","09:00","12:00","09:00","12:00","","","","","09:00","12:00","09:00","12:00","09:00","12:00","09:00","12:00","09:00","12:00","09:00","12:00","","","","",""
"3922395144910","01017","循環器内科","2","14:00","18:00","14:00","18:00","","","14:00","18:00","14:00","18:00","","","","","","","14:00","18:00","14:00","18:00","","","14:00","18:00","14:00","18:00","","","","","","",""
"3922395144910","01017","循環器内科","3","","","","","","","","","","","14:00","17:00","","","","","","","","","","","","","","","14:00","17:00","","","","",""
"3922395144910","01020","消化器内科","1","09:00","12:00","09:00","12:00","09:00","12:00","09:00","12:00","09:00","12:00","09:00","12:00","","","","","09:00","12:00","09:00","12:00","09:00","12:00","09:00","12:00","09:00","12:00","09:00","12:00","","","","",""
"3922395144910","01020","消化器内科","2","14:00","18:00","14:00","18:00","","","14:00","18:00","14:00","18:00","","","","","","","14:00","18:00","14:00","18:00","","","14:00","18:00","14:00","18:00","","","","","","",""
"3922395144910","01020","消化器内科","3","","","","","","","","","","","14:00","17:00","","","","","","","","","","","","","","","14:00","17:00","","","","",""
"3922395144910","09004","放射線科","1","09:00","12:00","09:00","12:00","09:00","12:00","09:00","12:00","09:00","12:00","09:00","12:00","","","","","09:00","12:00","09:00","12:00","09:00","12:00","09:00","12:00","09:00","12:00","09:00","12:00","","","","",""
"3922395144910","09004","放射線科","2","14:00","18:00","14:00","18:00","","","14:00","18:00","14:00","18:00","","","","","","","14:00","18:00","14:00","18:00","","","14:00","18:00","14:00","18:00","","","","","","",""
"3922395144910","09004","放射線科","3","","","","","","","","","","","14:00","17:00","","","","","","","","","","","","","","","14:00","17:00","","","","",""
"3922395145340","01001","内科","1","09:00","12:30","09:00","12:30","09:00","12:30","09:00","12:30","09:00","12:30","09:00","13:30","","","","","08:40","12:30","08:40","12:30","08:40","12:30","08:40","12:30","08:40","12:30","08:40","13:00","","","","",""
"3922395145340","01001","内科","2","14:30","18:30","14:30","18:30","","","14:30","18:30","14:30","18:30","","","","","","","14:30","18:00","14:30","18:00","","","14:30","18:00","14:30","18:00","","","","","","",""
"3922395145340","01001","内科","3","","","","","","","","","","","","","","","","","","","","","","","","","","","","","","","","",""
"3922395145340","01022","腎臓内科","1","09:00","12:30","09:00","12:30","09:00","12:30","09:00","12:30","09:00","12:30","09:00","13:30","","","","","08:40","12:30","08:40","12:30","08:40","12:30","08:40","12:30","08:40","12:30","08:40","13:00","","","","",""
"3922395145340","01022","腎臓内科","2","14:30","18:30","14:30","18:30","","","14:30","18:30","14:30","18:30","","","","","","","14:30","18:00","14:30","18:00","","","14:30","18:00","14:30","18:00","","","","","","",""
"3922395145340","01022","腎臓内科","3","","","","","","","","","","","","","","","","","","","","","","","","","","","","","","","","",""
"3922395145340","06001","皮膚科","1","09:00","12:30","09:00","12:30","09:00","12:30","09:00","12:30","09:00","12:30","09:00","13:30","","","","","08:40","12:30","08:40","12:30","08:40","12:30","08:40","12:30","08:40","12:30","08:40","13:00","","","","",""
"3922395145340","06001","皮膚科","2","14:30","18:30","14:30","18:30","","","14:30","18:30","14:30","18:30","","","","","","","14:30","18:00","14:30","18:00","","","14:30","18:00","14:30","18:00","","","","","","",""
"3922395145340","06001","皮膚科","3","","","","","","","","","","","","","","","","","","","","","","","","","","","","","","","","",""
"3922395145340","06004","泌尿器科","1","09:00","12:30","09:00","12:30","09:00","12:30","09:00","12:30","09:00","12:30","09:00","13:30","","","","","08:40","12:30","08:40","12:30","08:40","12:30","08:40","12:30","08:40","12:30","08:40","13:00","","","","",""
"3922395145340","06004","泌尿器科","2","14:30","18:30","14:30","18:30","","","14:30","18:30","14:30","18:30","","","","","","","14:30","18:00","14:30","18:00","","","14:30","18:00","14:30","18:00","","","","","","",""
"3922395145340","06004","泌尿器科","3","","","","","","","","","","","","","","","","","","","","","","","","","","","","","","","","",""
"3922395145500","06001","皮膚科","1","09:00","12:30","09:00","12:30","09:00","12:30","","","09:00","12:30","09:00","15:00","","","","","09:00","12:30","09:00","12:30","09:00","12:30","09:00","12:30","09:00","12:30","09:00","15:00","","","","",""
"3922395145500","06001","皮膚科","2","13:30","18:00","13:30","18:00","13:30","18:00","","","13:30","18:00","","","","","","","13:30","18:00","13:30","18:00","13:30","18:00","","","13:30","18:00","","","","","","","空欄にした: 木_診療 00:00-00:00（開始と終了が同じ） / 空欄にした: 土_診療 00:00-00:00（開始と終了が同じ） / 空欄にした: 木_外来受付 00:00-00:00（開始と終了が同じ） / 空欄にした: 土_外来受付 00:00-00:00（開始と終了が同じ）"
"3922395145500","06001","皮膚科","3","","","","","","","","","","","","","","","","","","","","","","","","","","","","","","","","","空欄にした: 月_診療 00:00-00:00（開始と終了が同じ） / 空欄にした: 火_診療 00:00-00:00（開始と終了が同じ） / 空欄にした: 水_診療 00:00-00:00（開始と終了が同じ） / 空欄にした: 木_診療 00:00-00:00（開始と終了が同じ） / 空欄にした: 金_診療 00:00-00:00（開始と終了が同じ） / 空欄にした: 土_診療 00:00-00:00（開始と終了が同じ） / 空欄にした: 月_外来受付 00:00-00:00（開始と終了が同じ） / 空欄にした: 火_外来受付 00:00-00:00（開始と終了が同じ） / 空欄にした: 水_外来受付 00:00-00:00（開始と終了が同じ） / 空欄にした: 木_外来受付 00:00-00:00（開始と終了が同じ） / 空欄にした: 金_外来受付 00:00-00:00（開始と終了が同じ） / 空欄にした: 土_外来受付 00:00-00:00（開始と終了が同じ）"
"3922395145920","01001","内科","1","08:30","12:30","08:30","12:30","08:30","12:30","08:30","12:30","08:30","12:30","08:30","12:30","","","","","08:30","12:00","08:30","12:00","08:30","12:00","08:30","12:00","08:30","12:00","08:30","12:00","","","","",""
"3922395145920","01001","内科","2","14:00","18:00","14:00","18:00","16:00","18:00","14:00","18:00","14:00","18:00","","","","","","","14:00","17:30","14:00","17:30","16:00","17:30","14:00","17:30","14:00","17:30","","","","","","",""
"3922395145920","01001","内科","3","","","","","","","","","","","","","","","","","","","","","","","","","","","","","","","","",""
"3922395145920","01017","循環器内科","1","08:30","12:30","08:30","12:30","08:30","12:30","08:30","12:30","08:30","12:30","08:30","12:30","","","","","08:30","12:00","08:30","12:00","08:30","12:00","08:30","12:00","08:30","12:00","08:30","12:00","","","","",""
"3922395145920","01017","循環器内科","2","14:00","18:00","14:00","18:00","16:00","18:00","14:00","18:00","14:00","18:00","","","","","","","14:00","17:30","14:00","17:30","16:00","17:30","14:00","17:30","14:00","17:30","","","","","","",""
"3922395145920","01017","循環器内科","3","","","","","","","","","","","","","","","","","","","","","","","","","","","","","","","","",""
"3922395145920","01028","老年内科","1","08:30","12:30","08:30","12:30","08:30","12:30","08:30","12:30","08:30","12:30","08:30","12:30","","","","","08:30","12:00","08:30","12:00","08:30","12:00","08:30","12:00","08:30","12:00","08:30","12:00","","","","",""
"3922395145920","01028","老年内科","2","14:00","18:00","14:00","18:00","16:00","18:00","14:00","18:00","14:00","18:00","","","","","","","14:00","17:30","14:00","17:30","16:00","17:30","14:00","17:30","14:00","17:30","","","","","","",""
"3922395145920","01028","老年内科","3","","","","","","","","","","","","","","","","","","","","","","","","","","","","","","","","",""
"3922395145920","03001","小児科","1","08:30","12:30","08:30","12:30","08:30","12:30","08:30","12:30","08:30","12:30","08:30","12:30","","","","","08:30","12:00","08:30","12:00","08:30","12:00","08:30","12:00","08:30","12:00","08:30","12:00","","","","",""
"3922395145920","03001","小児科","2","14:00","18:00","14:00","18:00","16:00","18:00","14:00","18:00","14:00","18:00","","","","","","","14:00","17:30","14:00","17:30","16:00","17:30","14:00","17:30","14:00","17:30","","","","","","",""
"3922395145920","03001","小児科","3","","","","","","","","","","","","","","","","","","","","","","","","","","","","","","","","",""
"3922395146220","05002","耳鼻いんこう科","1","09:00","12:00","09:00","12:00","09:00","12:00","","","09:00","12:00","09:00","12:30","","","","","08:30","12:00","08:30","12:00","08:30","12:00","","","08:30","12:00","08:30","12:30","","","","",""
"3922395146220","05002","耳鼻いんこう科","2","14:00","17:30","14:00","17:30","14:00","17:30","","","14:00","17:30","14:00","16:30","","","","","13:45","17:30","13:45","17:30","13:45","17:30","","","13:45","17:30","13:45","16:30","","","","",""
"3922395146220","05002","耳鼻いんこう科","3","","","","","","","","","","","","","","","","","","","","","","","","","","","","","","","","",""
"3922395201060","05001","眼科","1","","","09:00","13:00","09:00","13:00","09:00","13:00","09:00","13:00","09:00","12:00","","","","","08:30","12:45","08:30","12:45","08:30","12:45","08:30","12:45","08:30","12:45","08:30","11:45","","","","",""
"3922395201060","05001","眼科","2","14:30","18:00","14:30","18:00","14:30","18:00","","","14:30","18:00","13:00","15:00","","","","","14:30","17:45","14:30","17:45","14:30","17:45","","","14:30","17:45","13:00","14:45","","","","",""
"3922395201060","05001","眼科","3","","","","","","","","","","","","","","","","","","","","","","","","","","","","","","","","",""
"3922395201220","01001","内科","1","","","","","","","","","","","","","","","","","","","","","","","","","","","","","","","","",""
"3922395201220","01001","内科","2","13:30","16:00","13:30","16:00","13:30","16:00","13:30","16:00","","","","","","","","","13:30","15:30","13:30","15:30","13:30","15:30","13:30","15:30","","","","","","","","",""
"3922395201220","01001","内科","3","","","","","","","","","","","","","","","","","","","","","","","","","","","","","","","","",""
"3922395201220","01022","腎臓内科","1","","","","","","","","","","","","","","","","","","","","","","","","","","","","","","","","",""
"3922395201220","01022","腎臓内科","2","13:30","16:00","13:30","16:00","","","13:30","16:00","","","","","","","","","13:30","15:30","13:30","15:30","","","13:30","15:30","","","","","","","","",""
"3922395201220","01022","腎臓内科","3","","","","","","","","","","","","","","","","","","","","","","","","","","","","","","","","",""
"3922395201220","01023","人工透析内科","1","09:00","21:00","09:00","15:00","09:00","21:00","09:00","15:00","09:00","21:00","09:00","15:00","","","","","","","","","","","","","","","","","","","","","疑い: 施設情報のファイルの「毎週決まった曜日に休診（金）」が 0（休診）だが、この行に金曜の診療時間が入っている"
"3922395201220","01023","人工透析内科","2","","","","","","","","","","","","","","","","","","","","","","","","","","","","","","","","",""
"3922395201220","01023","人工透析内科","3","","","","","","","","","","","","","","","","","","","","","","","","","","","","","","","","",""
"3922395201220","06004","泌尿器科","1","","","","","09:00","12:00","09:00","12:00","","","09:00","12:00","","","","","","","","","08:30","11:30","08:30","15:30","","","08:30","11:30","","","","",""
"3922395201220","06004","泌尿器科","2","","","","","","","13:30","16:00","","","","","","","","","","","","","","","","","","","","","","","","",""
"3922395201220","06004","泌尿器科","3","","","","","","","","","","","","","","","","","","","","","","","","","","","","","","","","",""
"3922395201640","01001","内科","1","08:30","12:00","08:30","12:00","08:30","12:00","","","08:30","12:00","08:00","13:00","","","","","08:00","12:00","08:00","12:00","08:00","12:00","","","08:00","12:00","08:00","12:30","","","","",""
"3922395201640","01001","内科","2","14:00","17:30","14:00","17:30","14:00","17:30","","","14:00","17:30","","","","","","","14:00","17:00","14:00","17:00","14:00","17:00","","","14:00","17:00","","","","","","",""
"3922395201640","01001","内科","3","","","","","","","","","","","","","","","","","","","","","","","","","","","","","","","","",""
"3922395202520","01001","内科","1","09:00","12:30","09:00","12:30","09:00","12:30","09:00","12:30","09:00","12:30","09:00","12:30","","","","","09:00","12:30","09:00","12:30","09:00","12:30","09:00","12:30","09:00","12:30","09:00","12:30","","","","",""
"3922395202520","01001","内科","2","14:00","17:30","14:00","17:30","","","14:00","17:30","14:00","17:30","","","","","","","14:00","17:30","14:00","17:30","","","14:00","17:30","14:00","17:30","","","","","","",""
"3922395202520","01001","内科","3","","","","","","","","","","","","","","","","","","","","","","","","","","","","","","","","","空欄にした: 月_診療 00:00-00:00（開始と終了が同じ） / 空欄にした: 火_診療 00:00-00:00（開始と終了が同じ） / 空欄にした: 木_診療 00:00-00:00（開始と終了が同じ） / 空欄にした: 金_診療 00:00-00:00（開始と終了が同じ） / 空欄にした: 土_診療 00:00-00:00（開始と終了が同じ） / 空欄にした: 月_外来受付 00:00-00:00（開始と終了が同じ） / 空欄にした: 火_外来受付 00:00-00:00（開始と終了が同じ） / 空欄にした: 木_外来受付 00:00-00:00（開始と終了が同じ） / 空欄にした: 金_外来受付 00:00-00:00（開始と終了が同じ） / 空欄にした: 土_外来受付 00:00-00:00（開始と終了が同じ）"
"3922395202520","01020","消化器内科","1","","","","","","","","","","","","","","","","","","","","","","","","","","","","","","","","",""
"3922395202520","01020","消化器内科","2","","","","","","","","","","","","","","","","","","","","","","","","","","","","","","","","",""
"3922395202520","01020","消化器内科","3","","","","","","","","","","","","","","","","","","","","","","","","","","","","","","","","",""
"3922395202520","09004","放射線科","1","","","","","","","","","","","","","","","","","","","","","","","","","","","","","","","","",""
"3922395202520","09004","放射線科","2","","","","","","","","","","","","","","","","","","","","","","","","","","","","","","","","",""
"3922395202520","09004","放射線科","3","","","","","","","","","","","","","","","","","","","","","","","","","","","","","","","","",""
"3922395202780","01001","内科","1","","","09:30","12:00","10:00","12:00","15:00","17:00","09:00","12:00","","","","","","","","","09:30","12:00","10:00","12:00","15:00","17:00","09:00","12:00","","","","","","",""
"3922395202780","01001","内科","2","","","13:00","16:00","13:00","15:00","","","13:00","15:00","","","","","","","","","13:00","16:00","13:00","15:00","","","13:00","15:00","","","","","","",""
"3922395202780","01001","内科","3","","","","","","","","","","","","","","","","","","","","","","","","","","","","","","","","",""
"3922395202780","08001","歯科","1","","","14:00","16:00","","","","","","","","","","","","","","","14:00","16:00","","","","","","","","","","","","","空欄にした: 月_診療 00:00-00:00（開始と終了が同じ） / 空欄にした: 木_診療 00:00-00:00（開始と終了が同じ） / 空欄にした: 金_診療 00:00-00:00（開始と終了が同じ） / 空欄にした: 月_外来受付 00:00-00:00（開始と終了が同じ） / 空欄にした: 木_外来受付 00:00-00:00（開始と終了が同じ） / 空欄にした: 金_外来受付 00:00-00:00（開始と終了が同じ）"
"3922395202780","08001","歯科","2","","","","","","","","","","","","","","","","","","","","","","","","","","","","","","","","","空欄にした: 月_診療 00:00-00:00（開始と終了が同じ） / 空欄にした: 火_診療 00:00-00:00（開始と終了が同じ） / 空欄にした: 木_診療 00:00-00:00（開始と終了が同じ） / 空欄にした: 金_診療 00:00-00:00（開始と終了が同じ） / 空欄にした: 月_外来受付 00:00-00:00（開始と終了が同じ） / 空欄にした: 火_外来受付 00:00-00:00（開始と終了が同じ） / 空欄にした: 木_外来受付 00:00-00:00（開始と終了が同じ） / 空欄にした: 金_外来受付 00:00-00:00（開始と終了が同じ）"
"3922395202780","08001","歯科","3","","","","","","","","","","","","","","","","","","","","","","","","","","","","","","","","","空欄にした: 月_診療 00:00-00:00（開始と終了が同じ） / 空欄にした: 火_診療 00:00-00:00（開始と終了が同じ） / 空欄にした: 木_診療 00:00-00:00（開始と終了が同じ） / 空欄にした: 金_診療 00:00-00:00（開始と終了が同じ） / 空欄にした: 月_外来受付 00:00-00:00（開始と終了が同じ） / 空欄にした: 火_外来受付 00:00-00:00（開始と終了が同じ） / 空欄にした: 水_外来受付 00:00-00:00（開始と終了が同じ） / 空欄にした: 木_外来受付 00:00-00:00（開始と終了が同じ） / 空欄にした: 金_外来受付 00:00-00:00（開始と終了が同じ）"
"3922395203110","01001","内科","1","09:00","12:00","09:00","12:00","09:00","12:00","09:00","12:00","09:00","12:00","09:00","12:00","","","","","","","","","","","","","","","","","","","","",""
"3922395203110","01001","内科","2","13:30","17:00","13:30","17:00","","","13:30","17:00","13:30","17:00","","","","","","","","","","","","","","","","","","","","","","",""
"3922395203110","01001","内科","3","","","","","","","","","","","","","","","","","","","","","","","","","","","","","","","","",""
"3922395203240","01001","内科","1","","","","","","","","","09:00","12:00","","","","","","","","","","","","","","","09:00","12:00","","","","","","",""
"3922395203240","01001","内科","2","","","","","","","","","13:00","15:00","","","","","","","","","","","","","","","13:00","15:00","","","","","","",""
"3922395203240","01001","内科","3","","","","","","","","","","","","","","","","","","","","","","","","","","","","","","","","",""
"3922395203950","01001","内科","1","08:30","12:00","08:30","12:00","08:30","12:00","08:30","12:00","08:30","12:00","08:30","12:00","","","","","08:30","11:30","08:30","11:30","08:30","11:30","08:30","11:30","08:30","11:30","08:30","11:30","","","","",""
"3922395203950","01001","内科","2","14:00","18:00","","","14:00","18:00","14:00","18:00","14:00","18:00","","","","","","","14:00","17:30","","","14:00","17:30","14:00","17:30","14:00","17:30","","","","","","",""
"3922395203950","01001","内科","3","","","","","","","","","","","","","","","","","","","","","","","","","","","","","","","","",""
"3922395203950","03001","小児科","1","08:30","12:00","08:30","12:00","08:30","12:00","08:30","12:00","08:30","12:00","08:30","12:00","","","","","08:30","11:30","08:30","11:30","08:30","11:30","08:30","11:30","08:30","11:30","08:30","11:30","","","","",""
"3922395203950","03001","小児科","2","14:00","18:00","","","14:00","18:00","14:00","18:00","14:00","18:00","","","","","","","14:00","17:30","","","14:00","17:30","14:00","17:30","14:00","17:30","","","","","","",""
"3922395203950","03001","小児科","3","","","","","","","","","","","","","","","","","","","","","","","","","","","","","","","","",""
"3922395204250","01001","内科","1","08:30","13:00","08:30","13:00","08:30","12:30","08:30","13:00","08:30","13:00","08:30","12:30","","","","","08:30","12:30","08:30","12:30","08:30","12:00","08:30","12:30","08:30","12:30","08:30","12:00","","","","",""
"3922395204250","01001","内科","2","14:00","17:30","14:00","17:30","","","14:00","17:30","14:00","17:30","","","","","","","14:00","17:00","14:00","17:00","","","14:00","17:00","14:00","17:00","","","","","","",""
"3922395204250","01001","内科","3","","","","","","","","","","","","","","","","","","","","","","","","","","","","","","","","",""
"3922395204250","06004","泌尿器科","1","08:30","13:00","08:30","13:00","08:30","12:30","08:30","13:00","08:30","13:00","08:30","12:30","","","","","08:30","12:30","08:30","12:30","08:30","12:00","08:30","12:30","08:30","12:30","08:30","12:00","","","","",""
"3922395204250","06004","泌尿器科","2","14:00","17:30","14:00","17:30","","","14:00","17:30","14:00","17:30","","","","","","","14:00","17:00","14:00","17:00","","","14:00","17:00","14:00","17:00","","","","","","",""
"3922395204250","06004","泌尿器科","3","","","","","","","","","","","","","","","","","","","","","","","","","","","","","","","","",""
"3922395204380","01001","内科","1","08:30","12:30","08:30","12:30","08:30","12:30","09:00","12:30","09:00","12:30","09:00","13:00","","","","","08:30","12:00","08:30","12:00","08:30","12:00","08:30","12:00","08:30","12:00","08:30","12:00","","","","",""
"3922395204380","01001","内科","2","13:30","17:30","13:30","17:30","13:30","17:30","","","13:30","17:30","","","","","","","13:30","17:00","13:30","17:00","13:30","17:00","","","13:30","17:00","","","","","","",""
"3922395204380","01001","内科","3","","","","","","","","","","","","","","","","","","","","","","","","","","","","","","","","",""
"3922395204380","01002","感染症内科","1","","","","","","","","","","","","","","","","","","","","","","","","","","","","","","","","",""
"3922395204380","01002","感染症内科","2","","","","","","","","","","","","","","","","","","","","","","","","","","","","","","","","",""
"3922395204380","01002","感染症内科","3","","","","","","","","","","","","","","","","","","","","","","","","","","","","","","","","",""
"3922395204380","01008","内分泌内科","1","","","","","","","","","","","","","","","","","","","","","","","","","","","","","","","","",""
"3922395204380","01008","内分泌内科","2","","","","","","","","","","","","","","","","","","","","","","","","","","","","","","","","",""
"3922395204380","01008","内分泌内科","3","","","","","","","","","","","","","","","","","","","","","","","","","","","","","","","","",""
"3922395204380","01009","脂質代謝内科","1","","","","","","","","","","","","","","","","","","","","","","","","","","","","","","","","",""
"3922395204380","01009","脂質代謝内科","2","","","","","","","","","","","","","","","","","","","","","","","","","","","","","","","","",""
"3922395204380","01009","脂質代謝内科","3","","","","","","","","","","","","","","","","","","","","","","","","","","","","","","","","",""
"3922395204380","01011","糖尿病・代謝内科","1","","","","","","","","","","","","","","","","","","","","","","","","","","","","","","","","",""
"3922395204380","01011","糖尿病・代謝内科","2","","","","","","","","","","","","","","","","","","","","","","","","","","","","","","","","",""
"3922395204380","01011","糖尿病・代謝内科","3","","","","","","","","","","","","","","","","","","","","","","","","","","","","","","","","",""
"3922395204380","01020","消化器内科","1","","","","","","","","","","","","","","","","","","","","","","","","","","","","","","","","",""
"3922395204380","01020","消化器内科","2","","","","","","","","","","","","","","","","","","","","","","","","","","","","","","","","",""
"3922395204380","01020","消化器内科","3","","","","","","","","","","","","","","","","","","","","","","","","","","","","","","","","",""
"3922395204380","01024","肝臓内科","1","","","","","","","","","","","","","","","","","","","","","","","","","","","","","","","","",""
"3922395204380","01024","肝臓内科","2","","","","","","","","","","","","","","","","","","","","","","","","","","","","","","","","",""
"3922395204380","01024","肝臓内科","3","","","","","","","","","","","","","","","","","","","","","","","","","","","","","","","","",""
"3922395204380","01028","老年内科","1","","","","","","","","","","","","","","","","","","","","","","","","","","","","","","","","",""
"3922395204380","01028","老年内科","2","","","","","","","","","","","","","","","","","","","","","","","","","","","","","","","","",""
"3922395204380","01028","老年内科","3","","","","","","","","","","","","","","","","","","","","","","","","","","","","","","","","",""
"3922395204380","01033","アレルギー疾患内科","1","","","","","","","","","","","","","","","","","","","","","","","","","","","","","","","","",""
"3922395204380","01033","アレルギー疾患内科","2","","","","","","","","","","","","","","","","","","","","","","","","","","","","","","","","",""
"3922395204380","01033","アレルギー疾患内科","3","","","","","","","","","","","","","","","","","","","","","","","","","","","","","","","","",""
"3922395204700","01001","内科","1","08:30","12:30","08:30","12:30","08:30","12:30","08:30","12:30","08:30","12:30","08:30","12:30","","","","","08:30","12:30","08:30","12:30","08:30","12:30","08:30","12:30","08:30","12:30","08:30","12:30","","","","",""
"3922395204700","01001","内科","2","14:00","18:00","14:00","18:00","14:00","18:00","","","14:00","18:00","14:00","18:00","","","","","14:00","18:00","14:00","18:00","14:00","18:00","","","14:00","18:00","14:00","18:00","","","","",""
"3922395204700","01001","内科","3","","","","","","","","","","","","","","","","","","","","","","","","","","","","","","","","","空欄にした: 月_診療 00:00-00:00（開始と終了が同じ） / 空欄にした: 火_診療 00:00-00:00（開始と終了が同じ） / 空欄にした: 水_診療 00:00-00:00（開始と終了が同じ） / 空欄にした: 木_診療 00:00-00:00（開始と終了が同じ） / 空欄にした: 金_診療 00:00-00:00（開始と終了が同じ） / 空欄にした: 土_診療 00:00-00:00（開始と終了が同じ） / 空欄にした: 月_外来受付 00:00-00:00（開始と終了が同じ） / 空欄にした: 火_外来受付 00:00-00:00（開始と終了が同じ） / 空欄にした: 水_外来受付 00:00-00:00（開始と終了が同じ） / 空欄にした: 木_外来受付 00:00-00:00（開始と終了が同じ） / 空欄にした: 金_外来受付 00:00-00:00（開始と終了が同じ） / 空欄にした: 土_外来受付 00:00-00:00（開始と終了が同じ）"
"3922395204700","01014","呼吸器内科","1","08:30","12:30","08:30","12:30","08:30","12:30","08:30","12:30","08:30","12:30","08:30","12:30","","","","","08:30","12:30","08:30","12:30","08:30","12:30","08:30","12:30","08:30","12:30","08:30","12:30","","","","",""
"3922395204700","01014","呼吸器内科","2","14:00","18:00","14:00","18:00","14:00","18:00","","","14:00","18:00","14:00","18:00","","","","","14:00","18:00","14:00","18:00","14:00","18:00","","","14:00","18:00","14:00","18:00","","","","",""
"3922395204700","01014","呼吸器内科","3","","","","","","","","","","","","","","","","","","","","","","","","","","","","","","","","","空欄にした: 月_診療 00:00-00:00（開始と終了が同じ） / 空欄にした: 火_診療 00:00-00:00（開始と終了が同じ） / 空欄にした: 水_診療 00:00-00:00（開始と終了が同じ） / 空欄にした: 木_診療 00:00-00:00（開始と終了が同じ） / 空欄にした: 金_診療 00:00-00:00（開始と終了が同じ） / 空欄にした: 土_診療 00:00-00:00（開始と終了が同じ） / 空欄にした: 月_外来受付 00:00-00:00（開始と終了が同じ） / 空欄にした: 火_外来受付 00:00-00:00（開始と終了が同じ） / 空欄にした: 水_外来受付 00:00-00:00（開始と終了が同じ） / 空欄にした: 木_外来受付 00:00-00:00（開始と終了が同じ） / 空欄にした: 金_外来受付 00:00-00:00（開始と終了が同じ） / 空欄にした: 土_外来受付 00:00-00:00（開始と終了が同じ）"
"3922395204700","01020","消化器内科","1","08:30","12:30","08:30","12:30","08:30","12:30","08:30","12:30","08:30","12:30","08:30","12:30","","","","","08:30","12:30","08:30","12:30","08:30","12:30","08:30","12:30","08:30","12:30","08:30","12:30","","","","",""
"3922395204700","01020","消化器内科","2","14:00","18:00","14:00","18:00","14:00","18:00","","","14:00","18:00","14:00","18:00","","","","","14:00","18:00","14:00","18:00","14:00","18:00","","","14:00","18:00","14:00","18:00","","","","",""
"3922395204700","01020","消化器内科","3","","","","","","","","","","","","","","","","","","","","","","","","","","","","","","","","","空欄にした: 月_診療 00:00-00:00（開始と終了が同じ） / 空欄にした: 火_診療 00:00-00:00（開始と終了が同じ） / 空欄にした: 水_診療 00:00-00:00（開始と終了が同じ） / 空欄にした: 木_診療 00:00-00:00（開始と終了が同じ） / 空欄にした: 金_診療 00:00-00:00（開始と終了が同じ） / 空欄にした: 土_診療 00:00-00:00（開始と終了が同じ） / 空欄にした: 月_外来受付 00:00-00:00（開始と終了が同じ） / 空欄にした: 火_外来受付 00:00-00:00（開始と終了が同じ） / 空欄にした: 水_外来受付 00:00-00:00（開始と終了が同じ） / 空欄にした: 木_外来受付 00:00-00:00（開始と終了が同じ） / 空欄にした: 金_外来受付 00:00-00:00（開始と終了が同じ） / 空欄にした: 土_外来受付 00:00-00:00（開始と終了が同じ）"
"3922395204700","03001","小児科","1","08:30","12:30","08:30","12:30","08:30","12:30","08:30","12:30","08:30","12:30","08:30","12:30","","","","","08:30","12:30","08:30","12:30","08:30","12:30","08:30","12:30","08:30","12:30","08:30","12:30","","","","",""
"3922395204700","03001","小児科","2","14:00","18:00","14:00","18:00","14:00","18:00","","","14:00","18:00","14:00","18:00","","","","","14:00","18:00","14:00","18:00","14:00","18:00","","","14:00","18:00","14:00","18:00","","","","",""
"3922395204700","03001","小児科","3","","","","","","","","","","","","","","","","","","","","","","","","","","","","","","","","","空欄にした: 月_診療 00:00-00:00（開始と終了が同じ） / 空欄にした: 火_診療 00:00-00:00（開始と終了が同じ） / 空欄にした: 水_診療 00:00-00:00（開始と終了が同じ） / 空欄にした: 木_診療 00:00-00:00（開始と終了が同じ） / 空欄にした: 金_診療 00:00-00:00（開始と終了が同じ） / 空欄にした: 土_診療 00:00-00:00（開始と終了が同じ） / 空欄にした: 月_外来受付 00:00-00:00（開始と終了が同じ） / 空欄にした: 火_外来受付 00:00-00:00（開始と終了が同じ） / 空欄にした: 水_外来受付 00:00-00:00（開始と終了が同じ） / 空欄にした: 木_外来受付 00:00-00:00（開始と終了が同じ） / 空欄にした: 金_外来受付 00:00-00:00（開始と終了が同じ） / 空欄にした: 土_外来受付 00:00-00:00（開始と終了が同じ）"
"3922395204700","09003","リハビリテーション科","1","08:30","12:30","08:30","12:30","08:30","12:30","08:30","12:30","08:30","12:30","08:30","12:30","","","","","08:30","12:30","08:30","12:30","08:30","12:30","08:30","12:30","08:30","12:30","08:30","12:30","","","","",""
"3922395204700","09003","リハビリテーション科","2","14:00","18:00","14:00","18:00","14:00","18:00","","","14:00","18:00","14:00","18:00","","","","","14:00","18:00","14:00","18:00","14:00","18:00","","","14:00","18:00","14:00","18:00","","","","",""
"3922395204700","09003","リハビリテーション科","3","","","","","","","","","","","","","","","","","","","","","","","","","","","","","","","","","空欄にした: 月_診療 00:00-00:00（開始と終了が同じ） / 空欄にした: 火_診療 00:00-00:00（開始と終了が同じ） / 空欄にした: 水_診療 00:00-00:00（開始と終了が同じ） / 空欄にした: 木_診療 00:00-00:00（開始と終了が同じ） / 空欄にした: 金_診療 00:00-00:00（開始と終了が同じ） / 空欄にした: 土_診療 00:00-00:00（開始と終了が同じ） / 空欄にした: 月_外来受付 00:00-00:00（開始と終了が同じ） / 空欄にした: 火_外来受付 00:00-00:00（開始と終了が同じ） / 空欄にした: 水_外来受付 00:00-00:00（開始と終了が同じ） / 空欄にした: 木_外来受付 00:00-00:00（開始と終了が同じ） / 空欄にした: 金_外来受付 00:00-00:00（開始と終了が同じ） / 空欄にした: 土_外来受付 00:00-00:00（開始と終了が同じ）"
"3922395204960","05001","眼科","1","09:00","12:30","09:00","12:30","09:00","12:30","09:00","12:30","09:00","12:30","09:00","12:30","","","","","08:30","17:30","08:30","17:30","08:30","17:30","08:30","17:30","08:30","17:30","08:30","12:30","","","","",""
"3922395204960","05001","眼科","2","14:00","17:30","14:00","17:30","14:00","17:30","15:00","17:30","14:00","17:30","","","","","","","","","","","","","","","","","","","","","","",""
"3922395204960","05001","眼科","3","","","","","","","","","","","","","","","","","","","","","","","","","","","","","","","","",""
"3922395205000","01001","内科","1","09:00","12:00","09:00","12:00","09:00","12:00","09:00","12:00","09:00","12:00","09:00","12:00","","","","","08:30","12:00","08:30","12:00","08:30","12:00","08:30","12:00","08:30","12:00","08:30","12:00","","","","",""
"3922395205000","01001","内科","2","14:00","17:00","14:00","17:00","14:00","17:00","14:00","17:00","14:00","17:00","","","","","","","12:00","17:00","12:00","17:00","12:00","17:00","12:00","17:00","12:00","17:00","","","","","","",""
"3922395205000","01001","内科","3","","","","","","","","","","","","","","","","","","","","","","","","","","","","","","","","",""
"3922395205000","01021","胃腸内科","1","09:00","12:00","09:00","12:00","","","09:00","12:00","","","09:00","12:00","","","","","08:30","12:00","08:30","12:00","","","08:30","12:00","","","08:30","12:00","","","","",""
"3922395205000","01021","胃腸内科","2","14:00","17:00","14:00","17:00","","","14:00","17:00","","","","","","","","","12:00","17:00","12:00","17:00","","","12:00","17:00","","","","","","","","",""
"3922395205000","01021","胃腸内科","3","","","","","","","","","","","","","","","","","","","","","","","","","","","","","","","","",""
"3922395205000","03001","小児科","1","09:00","12:00","09:00","12:00","09:00","12:00","09:00","12:00","09:00","12:00","","","","","","","08:30","12:00","08:30","12:00","08:30","12:00","08:30","12:00","08:30","12:00","","","","","","",""
"3922395205000","03001","小児科","2","","","14:00","17:00","14:00","17:00","","","14:00","17:00","","","","","","","","","12:00","17:00","12:00","17:00","","","12:00","17:00","","","","","","",""
"3922395205000","03001","小児科","3","","","","","","","","","","","","","","","","","","","","","","","","","","","","","","","","",""
"3922395205000","06001","皮膚科","1","09:00","12:00","09:00","12:00","09:00","12:00","09:00","12:00","09:00","12:00","09:00","12:00","","","","","08:30","12:00","08:30","12:00","08:30","12:00","08:30","12:00","08:30","12:00","08:30","12:00","","","","",""
"3922395205000","06001","皮膚科","2","14:00","17:00","14:00","17:00","14:00","17:00","14:00","17:00","14:00","17:00","","","","","","","12:00","17:00","12:00","17:00","12:00","17:00","12:00","17:00","12:00","17:00","","","","","","",""
"3922395205000","06001","皮膚科","3","","","","","","","","","","","","","","","","","","","","","","","","","","","","","","","","",""
"3922395205000","09003","リハビリテーション科","1","09:00","12:00","09:00","12:00","09:00","12:00","09:00","12:00","09:00","12:00","","","","","","","08:30","12:00","08:30","12:00","08:30","12:00","08:30","12:00","08:30","12:00","","","","","","",""
"3922395205000","09003","リハビリテーション科","2","14:00","17:00","14:00","17:00","14:00","17:00","14:00","17:00","14:00","17:00","","","","","","","12:00","17:00","12:00","17:00","12:00","17:00","12:00","17:00","12:00","17:00","","","","","","",""
"3922395205000","09003","リハビリテーション科","3","","","","","","","","","","","","","","","","","","","","","","","","","","","","","","","","",""
"3922395300400","01001","内科","1","08:30","12:30","08:30","12:30","08:30","12:30","08:30","12:30","08:30","12:30","08:30","12:30","","","","","08:30","12:30","08:30","12:30","08:30","12:30","08:30","12:30","08:30","12:30","08:30","12:30","","","","",""
"3922395300400","01001","内科","2","13:30","17:30","13:30","17:30","13:30","17:30","","","13:30","17:30","","","","","","","13:30","17:30","13:30","17:30","13:30","17:30","","","13:30","17:30","","","","","","",""
"3922395300400","01001","内科","3","","","","","","","","","","","","","","","","","","","","","","","","","","","","","","","","",""
"3922395300400","01017","循環器内科","1","08:30","12:30","08:30","12:30","08:30","12:30","08:30","12:30","08:30","12:30","08:30","12:30","","","","","08:30","12:30","08:30","12:30","08:30","12:30","08:30","12:30","08:30","12:30","08:30","12:30","","","","",""
"3922395300400","01017","循環器内科","2","13:30","17:30","13:30","17:30","13:30","17:30","","","13:30","17:30","","","","","","","13:30","17:30","13:30","17:30","13:30","17:30","","","13:30","17:30","","","","","","",""
"3922395300400","01017","循環器内科","3","","","","","","","","","","","","","","","","","","","","","","","","","","","","","","","","",""
"3922395300400","01020","消化器内科","1","08:30","12:30","08:30","12:30","08:30","12:30","08:30","12:30","08:30","12:30","08:30","12:30","","","","","08:30","12:30","08:30","12:30","08:30","12:30","08:30","12:30","08:30","12:30","08:30","12:30","","","","",""
"3922395300400","01020","消化器内科","2","13:30","17:30","13:30","17:30","13:30","17:30","","","13:30","17:30","","","","","","","13:30","17:30","13:30","17:30","13:30","17:30","","","13:30","17:30","","","","","","",""
"3922395300400","01020","消化器内科","3","","","","","","","","","","","","","","","","","","","","","","","","","","","","","","","","",""
"3922395301380","01001","内科","1","09:00","12:30","09:00","12:30","09:00","12:30","09:00","12:30","09:00","12:30","09:00","12:30","","","","","","","","","","","","","","","","","","","","",""
"3922395301380","01001","内科","2","14:00","17:00","","","14:00","17:00","","","14:00","17:00","","","","","","","","","","","","","","","","","","","","","","",""
"3922395301380","01001","内科","3","","","","","","","","","","","","","","","","","","","","","","","","","","","","","","","","",""
"3922395301380","01014","呼吸器内科","1","09:00","12:30","09:00","12:30","09:00","12:30","09:00","12:30","09:00","12:30","09:00","12:30","","","","","","","","","","","","","","","","","","","","",""
"3922395301380","01014","呼吸器内科","2","14:00","17:00","","","14:00","17:00","","","14:00","17:00","","","","","","","","","","","","","","","","","","","","","","",""
"3922395301380","01014","呼吸器内科","3","","","","","","","","","","","","","","","","","","","","","","","","","","","","","","","","",""
"3922395301380","01017","循環器内科","1","09:00","12:30","09:00","12:30","09:00","12:30","09:00","12:30","09:00","12:30","09:00","12:30","","","","","","","","","","","","","","","","","","","","",""
"3922395301380","01017","循環器内科","2","14:00","17:00","","","14:00","17:00","","","14:00","17:00","","","","","","","","","","","","","","","","","","","","","","",""
"3922395301380","01017","循環器内科","3","","","","","","","","","","","","","","","","","","","","","","","","","","","","","","","","",""
"3922395301380","01020","消化器内科","1","09:00","12:30","09:00","12:30","09:00","12:30","09:00","12:30","09:00","12:30","09:00","12:30","","","","","","","","","","","","","","","","","","","","",""
"3922395301380","01020","消化器内科","2","14:00","17:00","","","14:00","17:00","","","14:00","17:00","","","","","","","","","","","","","","","","","","","","","","",""
"3922395301380","01020","消化器内科","3","","","","","","","","","","","","","","","","","","","","","","","","","","","","","","","","",""
"3922395301410","02035","整形外科","1","08:30","12:30","08:30","12:30","08:30","12:30","08:30","12:30","08:30","12:30","08:30","12:30","","","","","08:30","12:30","08:30","12:30","08:30","12:30","08:30","12:30","08:30","12:30","08:30","12:30","","","","",""
"3922395301410","02035","整形外科","2","13:30","17:30","13:30","17:30","13:30","17:30","13:30","17:30","13:30","17:30","","","","","","","13:30","17:30","13:30","17:30","13:30","17:30","13:30","17:30","13:30","17:30","","","","","","",""
"3922395301410","02035","整形外科","3","","","","","","","","","","","","","","","","","","","","","","","","","","","","","","","","",""
"3922395301410","09003","リハビリテーション科","1","08:30","12:30","08:30","12:30","08:30","12:30","08:30","12:30","08:30","12:30","08:30","12:30","","","","","08:30","12:30","08:30","12:30","08:30","12:30","08:30","12:30","08:30","12:30","08:30","12:30","","","","",""
"3922395301410","09003","リハビリテーション科","2","13:30","17:30","13:30","17:30","13:30","17:30","13:30","17:30","13:30","17:30","","","","","","","13:30","17:30","13:30","17:30","13:30","17:30","13:30","17:30","13:30","17:30","","","","","","",""
"3922395301410","09003","リハビリテーション科","3","","","","","","","","","","","","","","","","","","","","","","","","","","","","","","","","",""
"3922395301410","09011","麻酔科","1","","","08:30","12:30","","","08:30","12:30","","","","","","","","","","","","","","","","","","","","","","","","",""
"3922395301410","09011","麻酔科","2","","","13:30","17:30","","","13:30","17:30","","","","","","","","","","","","","","","","","","","","","","","","",""
"3922395301410","09011","麻酔科","3","","","","","","","","","","","","","","","","","","","","","","","","","","","","","","","","",""
"3922395303010","01001","内科","1","08:30","12:30","08:30","12:30","08:30","12:30","08:30","12:30","08:30","12:30","08:30","12:30","","","","","08:30","12:15","08:30","12:15","08:30","12:15","08:30","12:15","08:30","12:15","08:30","12:15","","","","",""
"3922395303010","01001","内科","2","14:00","18:00","14:00","18:00","14:00","18:00","14:00","18:00","14:00","18:00","","","","","","","14:00","17:45","14:00","17:45","14:00","17:45","14:00","17:45","14:00","17:45","","","","","","",""
"3922395303010","01001","内科","3","","","","","","","","","","","","","","","","","","","","","","","","","","","","","","","","",""
"3922395303010","01020","消化器内科","1","08:30","12:30","08:30","12:30","08:30","12:30","08:30","12:30","08:30","12:30","08:30","12:30","","","","","08:30","12:15","08:30","12:15","08:30","12:15","08:30","12:15","08:30","12:15","08:30","12:15","","","","",""
"3922395303010","01020","消化器内科","2","14:00","18:00","14:00","18:00","14:00","18:00","14:00","18:00","14:00","18:00","","","","","","","14:00","17:45","14:00","17:45","14:00","17:45","14:00","17:45","14:00","17:45","","","","","","",""
"3922395303010","01020","消化器内科","3","","","","","","","","","","","","","","","","","","","","","","","","","","","","","","","","",""
"3922395303720","01001","内科","1","","","","","","","09:00","12:00","","","","","","","","","","","","","","","08:30","12:00","","","","","","","","",""
"3922395303720","01001","内科","2","","","","","","","","","","","","","","","","","","","","","","","","","","","","","","","","","空欄にした: 木_診療 00:00-00:00（開始と終了が同じ） / 空欄にした: 木_外来受付 00:00-00:00（開始と終了が同じ）"
"3922395303720","01001","内科","3","","","","","","","","","","","","","","","","","","","","","","","","","","","","","","","","","空欄にした: 木_診療 00:00-00:00（開始と終了が同じ） / 空欄にした: 木_外来受付 00:00-00:00（開始と終了が同じ）"
"3922395304310","01001","内科","1","09:00","12:00","09:00","12:00","09:00","12:00","09:00","12:00","09:00","12:00","","","","","","","09:00","12:00","09:00","12:00","09:00","12:00","09:00","12:00","09:00","12:00","","","","","","",""
"3922395304310","01001","内科","2","","","","","","","","","","","","","","","","","","","","","","","","","","","","","","","","",""
"3922395304310","01001","内科","3","","","","","","","","","","","","","","","","","","","","","","","","","","","","","","","","",""
"3922395304730","01001","内科","1","08:30","12:00","08:30","12:00","08:30","12:00","08:30","11:00","08:30","12:00","","","","","","","08:30","11:00","08:30","11:00","08:30","11:00","08:30","10:30","08:30","11:00","","","","","","",""
"3922395304730","01001","内科","2","14:00","17:15","","","15:30","17:15","","","14:00","17:15","","","","","","","14:00","16:30","","","15:30","16:30","","","14:00","16:30","","","","","","",""
"3922395304730","01001","内科","3","","","","","","","","","","","","","","","","","","","","","","","","","","","","","","","","",""
"3922395304860","01001","内科","1","","","13:30","17:00","","","","","","","","","","","","","","","13:00","16:30","","","","","","","","","","","","",""
"3922395304860","01001","内科","2","","","","","","","","","","","","","","","","","","","","","","","","","","","","","","","","",""
"3922395304860","01001","内科","3","","","","","","","","","","","","","","","","","","","","","","","","","","","","","","","","",""
"3922395305290","01001","内科","1","","","","","","","09:00","12:00","","","","","","","","","","","","","","","09:00","11:30","","","","","","","","",""
"3922395305290","01001","内科","2","","","","","","","","","","","","","","","","","","","","","","","","","","","","","","","","",""
"3922395305290","01001","内科","3","","","","","","","","","","","","","","","","","","","","","","","","","","","","","","","","",""
"3922395305450","01001","内科","1","09:00","12:00","","","","","","","09:00","12:00","","","","","","","08:30","12:00","","","","","","","08:30","12:00","","","","","","",""
"3922395305450","01001","内科","2","","","","","","","","","","","","","","","","","","","","","","","","","","","","","","","","",""
"3922395305450","01001","内科","3","","","","","","","","","","","","","","","","","","","","","","","","","","","","","","","","",""
"3922395305610","02035","整形外科","1","09:00","12:00","09:00","12:00","09:00","12:00","09:00","12:00","09:00","12:00","09:00","12:00","","","","","08:00","11:30","08:00","11:30","08:00","11:30","08:00","11:30","08:00","11:30","08:00","11:30","","","","",""
"3922395305610","02035","整形外科","2","14:30","17:00","14:30","17:00","14:30","17:00","","","14:30","17:00","","","","","","","13:30","16:30","13:30","16:30","13:30","16:30","","","13:30","16:30","","","","","","",""
"3922395305610","02035","整形外科","3","","","","","","","","","","","","","","","","","","","","","","","","","","","","","","","","",""
"3922395306330","01001","内科","1","09:00","12:30","09:00","12:30","09:00","12:30","09:00","12:30","09:00","12:30","09:00","12:30","","","","","08:30","12:00","08:30","12:00","08:30","12:00","08:30","12:00","08:30","12:00","08:30","12:00","","","","",""
"3922395306330","01001","内科","2","15:00","18:00","15:00","18:00","","","15:00","18:00","15:00","18:00","","","","","","","14:45","17:30","14:45","17:30","","","14:45","17:30","14:45","17:30","","","","","","",""
"3922395306330","01001","内科","3","","","","","","","","","","","","","","","","","","","","","","","","","","","","","","","","",""
"3922395306330","01017","循環器内科","1","09:00","12:30","09:00","12:30","09:00","12:30","09:00","12:30","09:00","12:30","09:00","12:30","","","","","08:30","12:00","08:30","12:00","08:30","12:00","08:30","12:00","08:30","12:00","08:30","12:00","","","","",""
"3922395306330","01017","循環器内科","2","15:00","18:00","15:00","18:00","","","15:00","18:00","15:00","18:00","","","","","","","14:45","17:30","14:45","17:30","","","14:45","17:30","14:45","17:30","","","","","","",""
"3922395306330","01017","循環器内科","3","","","","","","","","","","","","","","","","","","","","","","","","","","","","","","","","",""
"3922395306330","01021","胃腸内科","1","09:00","12:30","09:00","12:30","09:00","12:30","09:00","12:30","09:00","12:30","09:00","12:30","","","","","08:30","12:00","08:30","12:00","08:30","12:00","08:30","12:00","08:30","12:00","08:30","12:00","","","","",""
"3922395306330","01021","胃腸内科","2","15:00","18:00","15:00","18:00","","","15:00","18:00","15:00","18:00","","","","","","","14:45","17:30","14:45","17:30","","","14:45","17:30","14:45","17:30","","","","","","",""
"3922395306330","01021","胃腸内科","3","","","","","","","","","","","","","","","","","","","","","","","","","","","","","","","","",""
"3922395306330","02001","外科","1","09:00","12:30","09:00","12:30","09:00","12:30","09:00","12:30","09:00","12:30","09:00","12:30","","","","","08:30","12:00","08:30","12:00","08:30","12:00","08:30","12:00","08:30","12:00","08:30","12:00","","","","",""
"3922395306330","02001","外科","2","15:00","18:00","15:00","18:00","","","15:00","18:00","15:00","18:00","","","","","","","14:45","17:30","14:45","17:30","","","14:45","17:30","14:45","17:30","","","","","","",""
"3922395306330","02001","外科","3","","","","","","","","","","","","","","","","","","","","","","","","","","","","","","","","",""
"3922395306330","02025","肛門外科","1","09:00","12:30","09:00","12:30","09:00","12:30","09:00","12:30","09:00","12:30","09:00","12:30","","","","","08:30","12:00","08:30","12:00","08:30","12:00","08:30","12:00","08:30","12:00","08:30","12:00","","","","",""
"3922395306330","02025","肛門外科","2","15:00","18:00","15:00","18:00","","","15:00","18:00","15:00","18:00","","","","","","","14:45","17:30","14:45","17:30","","","14:45","17:30","14:45","17:30","","","","","","",""
"3922395306330","02025","肛門外科","3","","","","","","","","","","","","","","","","","","","","","","","","","","","","","","","","",""
"3922395306330","09004","放射線科","1","09:00","12:30","09:00","12:30","09:00","12:30","09:00","12:30","09:00","12:30","09:00","12:30","","","","","08:30","12:00","08:30","12:00","08:30","12:00","08:30","12:00","08:30","12:00","08:30","12:00","","","","",""
"3922395306330","09004","放射線科","2","15:00","18:00","15:00","18:00","","","15:00","18:00","15:00","18:00","","","","","","","14:45","17:30","14:45","17:30","","","14:45","17:30","14:45","17:30","","","","","","",""
"3922395306330","09004","放射線科","3","","","","","","","","","","","","","","","","","","","","","","","","","","","","","","","","",""
"3922395306330","09991","理学診療科","1","09:00","12:30","09:00","12:30","09:00","12:30","09:00","12:30","09:00","12:30","09:00","12:30","","","","","08:30","12:00","08:30","12:00","08:30","12:00","08:30","12:00","08:30","12:00","08:30","12:00","","","","",""
"3922395306330","09991","理学診療科","2","15:00","18:00","15:00","18:00","","","15:00","18:00","15:00","18:00","","","","","","","14:45","17:30","14:45","17:30","","","14:45","17:30","14:45","17:30","","","","","","",""
"3922395306330","09991","理学診療科","3","","","","","","","","","","","","","","","","","","","","","","","","","","","","","","","","",""
"3922395306460","01001","内科","1","09:30","12:00","08:30","12:00","08:30","12:00","08:30","12:00","09:00","12:00","","","","","","","08:30","11:00","08:30","11:00","08:30","11:00","08:30","11:00","08:30","11:00","","","","","","",""
"3922395306460","01001","内科","2","14:00","15:30","14:00","17:15","14:00","17:15","14:00","17:15","","","","","","","","","14:00","15:00","14:00","16:30","08:30","16:30","14:00","16:30","","","","","","","","",""
"3922395306460","01001","内科","3","","","","","","","","","","","","","","","","","","","","","","","","","","","","","","","","",""
"3922395306460","02035","整形外科","1","08:30","17:15","08:30","17:15","08:30","12:00","08:30","17:15","08:30","17:15","","","","","","","08:30","11:00","08:30","11:00","08:30","11:00","08:30","11:00","08:30","11:00","","","","","","",""
"3922395306460","02035","整形外科","2","","","","","","","","","","","","","","","","","14:00","16:30","14:00","16:30","","","14:00","16:30","14:00","16:30","","","","","","",""
"3922395306460","02035","整形外科","3","","","","","","","","","","","","","","","","","","","","","","","","","","","","","","","","",""
"3922395306880","03001","小児科","1","08:30","12:00","08:30","12:00","08:30","12:00","08:30","12:00","08:30","12:00","08:30","12:00","","","","","08:30","12:00","08:30","12:00","08:30","12:00","08:30","12:00","08:30","12:00","08:30","12:00","","","","",""
"3922395306880","03001","小児科","2","13:30","14:30","13:30","14:30","13:30","14:30","","","13:30","14:30","","","","","","","13:30","14:30","13:30","14:30","13:30","14:30","","","13:30","14:30","","","","","","",""
"3922395306880","03001","小児科","3","14:30","18:00","14:30","18:00","14:30","18:00","","","14:30","18:00","","","","","","","14:30","18:00","14:30","18:00","14:30","18:00","","","14:30","18:00","","","","","","",""
"3922395306910","01001","内科","1","09:00","11:30","09:00","11:30","09:00","11:30","09:00","11:30","09:00","11:30","09:00","12:00","","","","","09:00","11:30","09:00","11:30","09:00","11:30","09:00","11:30","09:00","11:30","09:00","11:30","","","","",""
"3922395306910","01001","内科","2","14:00","17:30","14:00","17:30","14:00","17:30","14:00","17:30","14:00","17:30","","","","","","","14:00","17:30","14:00","17:30","14:00","17:30","14:00","17:30","14:00","17:30","","","","","","",""
"3922395306910","01001","内科","3","","","","","","","","","","","","","","","","","","","","","","","","","","","","","","","","",""
"3922395400300","01001","内科","1","08:30","12:30","08:30","12:30","08:30","12:30","08:30","12:30","08:30","12:30","08:30","12:30","","","","","","","","","","","","","","","","","","","","",""
"3922395400300","01001","内科","2","14:00","17:30","14:00","17:30","","","14:00","17:30","14:00","17:30","","","","","","","","","","","","","","","","","","","","","","",""
"3922395400300","01001","内科","3","","","","","","","","","","","","","","","","","","","","","","","","","","","","","","","","",""
"3922395400300","01006","糖尿病内科","1","08:30","12:30","08:30","12:30","08:30","12:30","08:30","12:30","08:30","12:30","08:30","12:30","","","","","","","","","","","","","","","","","","","","",""
"3922395400300","01006","糖尿病内科","2","14:00","17:30","14:00","17:30","","","14:00","17:30","14:00","17:30","","","","","","","","","","","","","","","","","","","","","","",""
"3922395400300","01006","糖尿病内科","3","","","","","","","","","","","","","","","","","","","","","","","","","","","","","","","","",""
"3922395401310","02035","整形外科","1","09:00","12:00","09:00","12:00","09:00","12:00","09:00","12:00","09:00","12:00","","","","","","","08:00","17:00","08:00","17:00","08:00","17:00","08:00","17:00","08:00","17:00","","","","","","",""
"3922395401310","02035","整形外科","2","14:00","17:30","14:00","17:30","14:00","17:30","14:00","17:30","14:00","17:30","","","","","","","","","","","","","","","","","08:00","12:00","","","","",""
"3922395401310","02035","整形外科","3","","","","","","","","","","","09:00","12:30","","","","","","","","","","","","","","","","","","","","",""
"3922395401310","09003","リハビリテーション科","1","09:00","12:00","09:00","12:00","09:00","12:00","09:00","12:00","09:00","12:00","","","","","","","08:00","16:30","08:00","16:30","08:00","16:30","08:00","16:30","08:00","16:30","","","","","","",""
"3922395401310","09003","リハビリテーション科","2","14:00","16:50","14:00","16:50","14:00","16:50","14:00","16:50","14:00","16:50","","","","","","","","","","","","","","","","","08:00","11:00","","","","",""
"3922395401310","09003","リハビリテーション科","3","","","","","","","","","","","09:00","11:25","","","","","","","","","","","","","","","","","","","","",""
"3922395401990","04001","産婦人科","1","09:00","12:00","09:00","12:00","09:00","12:00","09:00","12:00","09:00","12:00","09:00","12:00","","","","","09:00","12:00","09:00","12:00","09:00","12:00","09:00","12:00","09:00","12:00","09:00","12:00","","","","",""
"3922395401990","04001","産婦人科","2","13:30","17:00","13:30","17:00","","","13:30","17:00","13:30","17:00","","","","","","","13:30","17:00","13:30","17:00","","","13:30","17:00","13:30","17:00","","","","","","",""
"3922395401990","04001","産婦人科","3","","","","","","","","","","","","","","","","","","","","","","","","","","","","","","","","",""
"3922395402030","01001","内科","1","08:30","13:00","08:30","13:00","","","08:30","13:00","08:30","13:00","","","","","","","08:00","12:30","08:00","12:30","","","08:00","12:30","08:00","12:30","","","","","","",""
"3922395402030","01001","内科","2","","","","","","","","","","","","","","","","","","","","","","","","","","","","","","","","",""
"3922395402030","01001","内科","3","","","","","","","","","","","","","","","","","","","","","","","","","","","","","","","","",""
"3922395402030","01017","循環器内科","1","08:30","13:00","08:30","13:00","","","08:30","13:00","08:30","13:00","","","","","","","08:00","12:30","08:00","12:30","","","08:00","12:30","08:00","12:30","","","","","","",""
"3922395402030","01017","循環器内科","2","","","","","","","","","","","","","","","","","","","","","","","","","","","","","","","","",""
"3922395402030","01017","循環器内科","3","","","","","","","","","","","","","","","","","","","","","","","","","","","","","","","","",""
"3922395402030","01021","胃腸内科","1","08:30","13:00","08:30","13:00","08:30","13:00","08:30","13:00","08:30","13:00","","","","","","","08:00","12:30","08:00","12:30","08:00","12:30","08:00","12:30","08:00","12:30","","","","","","","疑い: 施設情報のファイルの「毎週決まった曜日に休診（水）」が 0（休診）だが、この行に水曜の診療時間が入っている"
"3922395402030","01021","胃腸内科","2","","","","","","","","","","","","","","","","","","","","","","","","","","","","","","","","",""
"3922395402030","01021","胃腸内科","3","","","","","","","","","","","","","","","","","","","","","","","","","","","","","","","","",""
"3922395402030","09004","放射線科","1","08:30","13:00","08:30","13:00","08:30","13:00","08:30","13:00","08:30","13:00","","","","","","","08:00","12:30","08:00","12:30","08:00","12:30","08:00","12:30","08:00","12:30","","","","","","","疑い: 施設情報のファイルの「毎週決まった曜日に休診（水）」が 0（休診）だが、この行に水曜の診療時間が入っている"
"3922395402030","09004","放射線科","2","","","","","","","","","","","","","","","","","","","","","","","","","","","","","","","","",""
"3922395402030","09004","放射線科","3","","","","","","","","","","","","","","","","","","","","","","","","","","","","","","","","",""
"3922395403460","01001","内科","1","","","16:00","18:00","09:00","12:00","16:00","18:00","09:00","11:30","","","","","","","","","16:00","18:00","08:30","12:00","16:00","18:00","08:30","11:30","","","","","","",""
"3922395403460","01001","内科","2","","","","","13:00","15:00","","","13:00","15:00","","","","","","","","","","","13:00","15:00","","","13:00","15:00","","","","","","",""
"3922395403460","01001","内科","3","","","","","","","","","","","","","","","","","","","","","","","","","","","","","","","","",""
"3922395403910","01001","内科","1","","","16:00","18:00","","","","","13:00","15:00","","","","","","","","","16:00","18:00","","","","","13:00","15:00","","","","","","",""
"3922395403910","01001","内科","2","","","","","","","","","","","","","","","","","","","","","","","","","","","","","","","","",""
"3922395403910","01001","内科","3","","","","","","","","","","","","","","","","","","","","","","","","","","","","","","","","","空欄にした: 火_診療 00:00-00:00（開始と終了が同じ） / 空欄にした: 金_診療 00:00-00:00（開始と終了が同じ） / 空欄にした: 火_外来受付 00:00-00:00（開始と終了が同じ） / 空欄にした: 金_外来受付 00:00-00:00（開始と終了が同じ）"
"3922395404210","01001","内科","1","","","","","10:00","12:00","","","","","","","","","","","","","","","10:00","11:30","","","","","","","","","","","疑い: 施設情報のファイルの「毎週決まった曜日に休診（水）」が 0（休診）だが、この行に水曜の診療時間が入っている"
"3922395404210","01001","内科","2","","","","","","","","","","","","","","","","","","","","","","","","","","","","","","","","",""
"3922395404210","01001","内科","3","","","","","","","","","","","","","","","","","","","","","","","","","","","","","","","","",""
"3922395404340","01001","内科","1","09:00","12:30","09:00","12:30","09:00","12:30","","","09:00","12:30","","","","","","","08:45","12:00","08:45","12:00","08:45","12:00","","","08:45","12:00","","","","","","",""
"3922395404340","01001","内科","2","13:30","17:15","13:30","17:15","13:30","17:15","","","13:30","17:15","","","","","","","13:30","17:00","13:30","17:00","13:30","17:00","","","13:30","17:00","","","","","","",""
"3922395404340","01001","内科","3","","","","","","","","","","","","","","","","","","","","","","","","","","","","","","","","",""
"3922395404340","07001","精神科","1","","","","","09:00","12:30","","","","","","","","","","","","","","","08:45","12:00","","","","","","","","","","",""
"3922395404340","07001","精神科","2","","","","","13:30","17:15","","","","","","","","","","","","","","","13:30","17:00","","","","","","","","","","",""
"3922395404340","07001","精神科","3","","","","","","","","","","","","","","","","","","","","","","","","","","","","","","","","",""
"3922395404340","07003","心療内科","1","","","","","09:00","12:30","","","","","","","","","","","","","","","08:45","12:00","","","","","","","","","","",""
"3922395404340","07003","心療内科","2","","","","","13:30","17:15","","","","","","","","","","","","","","","13:30","17:00","","","","","","","","","","",""
"3922395404340","07003","心療内科","3","","","","","","","","","","","","","","","","","","","","","","","","","","","","","","","","",""
"3922395404500","01001","内科","1","","","","","10:00","12:00","","","","","","","","","","","","","","","10:00","11:30","","","","","","","","","","",""
"3922395404500","01001","内科","2","","","","","","","","","","","","","","","","","","","","","","","","","","","","","","","","",""
"3922395404500","01001","内科","3","","","","","","","","","","","","","","","","","","","","","","","","","","","","","","","","",""
"3922395405190","01001","内科","1","08:30","12:30","08:30","12:30","08:30","12:30","08:30","12:30","08:30","12:30","","","","","","","08:30","12:00","08:30","12:00","08:30","12:00","08:30","11:30","08:30","12:00","","","","","","",""
"3922395405190","01001","内科","2","13:30","17:00","13:30","17:00","13:30","17:00","","","13:30","17:00","","","","","","","13:30","16:30","13:30","16:30","13:30","16:30","","","13:30","16:30","","","","","","",""
"3922395405190","01001","内科","3","","","","","","","","","","","","","","","","","","","","","","","","","","","","","","","","",""
"3922395405190","01021","胃腸内科","1","08:30","12:30","08:30","12:30","08:30","12:30","08:30","12:30","08:30","12:30","","","","","","","08:30","12:00","08:30","12:00","08:30","12:00","08:30","11:30","08:30","12:00","","","","","","",""
"3922395405190","01021","胃腸内科","2","13:30","17:00","13:30","17:00","13:30","17:00","","","13:30","17:00","","","","","","","13:30","16:30","13:30","16:30","13:30","16:30","","","13:30","16:30","","","","","","",""
"3922395405190","01021","胃腸内科","3","","","","","","","","","","","","","","","","","","","","","","","","","","","","","","","","",""
"3922395405190","09003","リハビリテーション科","1","08:30","12:30","08:30","12:30","08:30","12:30","08:30","12:30","08:30","12:30","","","","","","","08:30","12:00","08:30","12:00","08:30","12:00","08:30","11:30","08:30","12:00","","","","","","",""
"3922395405190","09003","リハビリテーション科","2","13:30","17:00","13:30","17:00","13:30","17:00","","","13:30","17:00","","","","","","","13:30","16:30","13:30","16:30","13:30","16:30","","","13:30","16:30","","","","","","",""
"3922395405190","09003","リハビリテーション科","3","","","","","","","","","","","","","","","","","","","","","","","","","","","","","","","","",""
"3922395405190","09004","放射線科","1","08:30","12:30","08:30","12:30","08:30","12:30","08:30","12:30","08:30","12:30","","","","","","","08:30","12:00","08:30","12:00","08:30","12:00","08:30","11:30","08:30","12:00","","","","","","",""
"3922395405190","09004","放射線科","2","13:30","17:00","13:30","17:00","13:30","17:00","","","13:30","17:00","","","","","","","13:30","16:30","13:30","16:30","13:30","16:30","","","13:30","16:30","","","","","","",""
"3922395405190","09004","放射線科","3","","","","","","","","","","","","","","","","","","","","","","","","","","","","","","","","",""
"3922395406230","01001","内科","1","","","","","","","","","","","","","","","","","","","","","","","","","","","","","","","","",""
"3922395406230","01001","内科","2","","","","","","","","","","","","","","","","","","","","","","","","","","","","","","","","",""
"3922395406230","01001","内科","3","","","","","","","","","","","","","","","","","","","","","","","","","","","","","","","","",""
"3922395406360","01001","内科","1","","","13:30","15:00","","","","","","","","","","","","","","","13:30","14:30","","","","","","","","","","","","","疑い: 施設情報のファイルの「毎週決まった曜日に休診（火）」が 0（休診）だが、この行に火曜の診療時間が入っている"
"3922395406360","01001","内科","2","","","","","","","","","","","","","","","","","","","","","","","","","","","","","","","","",""
"3922395406360","01001","内科","3","","","","","","","","","","","","","","","","","","","","","","","","","","","","","","","","",""
"3922395407110","01001","内科","1","08:30","12:00","08:30","12:00","08:30","12:00","08:30","12:00","08:30","12:00","","","","","","","08:30","11:30","08:30","11:30","08:30","11:30","08:30","11:30","08:30","11:30","","","","","","",""
"3922395407110","01001","内科","2","13:30","17:00","13:30","17:00","13:30","17:00","","","13:30","17:00","","","","","","","13:00","16:00","13:00","16:00","13:00","16:00","","","13:00","16:00","","","","","","",""
"3922395407110","01001","内科","3","","","","","","","","","","","","","","","","","","","","","","","","","","","","","","","","",""
"3922395407110","09003","リハビリテーション科","1","08:30","12:00","08:30","12:00","08:30","12:00","08:30","12:00","08:30","12:00","","","","","","","08:30","11:30","08:30","11:30","08:30","11:30","08:30","11:30","08:30","11:30","","","","","","",""
"3922395407110","09003","リハビリテーション科","2","13:30","17:00","13:30","17:00","13:30","17:00","","","13:30","17:00","","","","","","","13:00","16:00","13:00","16:00","13:00","16:00","","","13:00","16:00","","","","","","",""
"3922395407110","09003","リハビリテーション科","3","","","","","","","","","","","","","","","","","","","","","","","","","","","","","","","","",""
"3922395407400","01001","内科","1","09:00","17:00","09:00","17:00","09:00","17:00","09:00","17:00","09:00","17:00","","","","","","","09:00","16:30","09:00","16:30","09:00","16:30","09:00","16:30","09:00","16:30","","","","","","",""
"3922395407400","01001","内科","2","","","","","","","","","","","","","","","","","","","","","","","","","","","","","","","","",""
"3922395407400","01001","内科","3","","","","","","","","","","","","","","","","","","","","","","","","","","","","","","","","",""
"3922395407400","01020","消化器内科","1","09:00","17:00","09:00","17:00","09:00","17:00","09:00","17:00","09:00","17:00","","","","","","","09:00","16:30","09:00","16:30","09:00","16:30","09:00","16:30","09:00","16:30","","","","","","",""
"3922395407400","01020","消化器内科","2","","","","","","","","","","","","","","","","","","","","","","","","","","","","","","","","",""
"3922395407400","01020","消化器内科","3","","","","","","","","","","","","","","","","","","","","","","","","","","","","","","","","",""
"3922395407660","01001","内科","1","09:00","12:00","09:00","12:00","09:00","12:00","09:30","12:00","09:00","12:00","","","","","","","08:30","11:30","08:30","11:30","08:30","11:30","09:00","11:30","08:30","11:30","","","","","","",""
"3922395407660","01001","内科","2","14:00","17:00","14:00","17:00","14:00","17:00","13:00","14:30","14:00","17:00","","","","","","","12:00","16:30","13:00","16:30","13:00","16:30","12:00","14:15","13:00","16:30","","","","","","",""
"3922395407660","01001","内科","3","","","","","","","","","","","","","","","","","","","","","","","","","","","","","","","","",""
"3922395407790","05001","眼科","1","","","","","","","","","","","","","","","","","","","","","","","","","","","","","","","","",""
"3922395407790","05001","眼科","2","","","","","","","","","","","","","","","","","","","","","","","","","","","","","","","","",""
"3922395407790","05001","眼科","3","","","","","","","","","","","","","","","","","","","","","","","","","","","","","","","","",""
"3922395407820","02001","外科","1","09:00","12:30","09:00","12:30","09:00","12:30","09:00","12:30","09:00","12:30","09:00","12:00","","","","","08:30","12:00","08:30","12:00","08:30","12:00","08:30","12:00","08:30","12:00","08:30","12:00","","","","",""
"3922395407820","02001","外科","2","14:30","17:00","14:30","17:00","14:30","17:00","14:30","17:00","14:30","17:00","","","","","","","14:00","17:00","14:00","17:00","14:00","17:00","14:00","17:00","14:00","17:00","","","","","","",""
"3922395407820","02001","外科","3","","","","","","","","","","","","","","","","","","","","","","","","","","","","","","","","",""
"3922395407820","02035","整形外科","1","09:00","12:30","09:00","12:30","09:00","12:30","09:00","12:30","09:00","12:30","09:00","12:00","","","","","08:30","12:00","08:30","12:00","08:30","12:00","08:30","12:00","08:30","12:00","08:30","12:00","","","","",""
"3922395407820","02035","整形外科","2","14:30","17:00","14:30","17:00","14:30","17:00","14:30","17:00","14:30","17:00","","","","","","","14:00","17:00","14:00","17:00","14:00","17:00","14:00","17:00","14:00","17:00","","","","","","",""
"3922395407820","02035","整形外科","3","","","","","","","","","","","","","","","","","","","","","","","","","","","","","","","","",""
"3922395407820","09002","リウマチ科","1","09:00","12:30","09:00","12:30","09:00","12:30","09:00","12:30","09:00","12:30","09:00","12:00","","","","","08:30","12:00","08:30","12:00","08:30","12:00","08:30","12:00","08:30","12:00","08:30","12:00","","","","",""
"3922395407820","09002","リウマチ科","2","14:30","17:00","14:30","17:00","14:30","17:00","14:30","17:00","14:30","17:00","","","","","","","14:00","17:00","14:00","17:00","14:00","17:00","14:00","17:00","14:00","17:00","","","","","","",""
"3922395407820","09002","リウマチ科","3","","","","","","","","","","","","","","","","","","","","","","","","","","","","","","","","",""
"3922395407820","09003","リハビリテーション科","1","08:30","12:30","08:30","12:30","08:30","12:30","08:30","12:30","08:30","12:30","08:30","12:00","","","","","08:30","12:00","08:30","12:00","08:30","12:00","08:30","12:00","08:30","12:00","08:30","12:00","","","","",""
"3922395407820","09003","リハビリテーション科","2","14:30","17:00","14:30","17:00","14:30","17:00","14:30","17:00","14:30","17:00","","","","","","","14:00","17:00","14:00","17:00","14:00","17:00","14:00","17:00","14:00","17:00","","","","","","",""
"3922395407820","09003","リハビリテーション科","3","","","","","","","","","","","","","","","","","","","","","","","","","","","","","","","","",""
"3922395407820","09004","放射線科","1","09:00","12:30","09:00","12:30","09:00","12:30","09:00","12:30","09:00","12:30","09:00","12:00","","","","","08:30","12:00","08:30","12:00","08:30","12:00","08:30","12:00","08:30","12:00","08:30","12:00","","","","",""
"3922395407820","09004","放射線科","2","14:30","17:00","14:30","17:00","14:30","17:00","14:30","17:00","14:30","17:00","","","","","","","14:00","17:00","14:00","17:00","14:00","17:00","14:00","17:00","14:00","17:00","","","","","","",""
"3922395407820","09004","放射線科","3","","","","","","","","","","","","","","","","","","","","","","","","","","","","","","","","",""
"3922395408090","01001","内科","1","","","","","","","","","","","","","","","","","","","13:00","14:30","","","","","","","","","","","","",""
"3922395408090","01001","内科","2","","","","","","","","","","","","","","","","","","","","","","","","","","","","","","","","",""
"3922395408090","01001","内科","3","","","","","","","","","","","","","","","","","","","","","","","","","","","","","","","","",""
"3922395408410","01001","内科","1","08:30","12:30","08:30","12:30","08:30","12:30","08:30","12:30","08:30","12:30","08:30","12:30","","","","","08:30","12:00","08:30","12:00","08:30","12:00","08:30","12:00","08:30","12:00","08:30","12:00","","","","",""
"3922395408410","01001","内科","2","13:30","17:00","13:30","17:00","13:30","17:00","","","13:30","17:00","13:30","15:00","","","","","13:30","16:30","13:30","16:30","13:30","16:30","","","13:30","16:30","13:30","14:30","","","","",""
"3922395408410","01001","内科","3","","","","","","","","","","","","","","","","","","","","","","","","","","","","","","","","",""
"3922395408410","01020","消化器内科","1","08:30","12:30","08:30","12:30","08:30","12:30","08:30","12:30","08:30","12:30","08:30","12:30","","","","","08:30","12:00","08:30","12:00","08:30","12:00","08:30","12:00","08:30","12:00","08:30","12:00","","","","",""
"3922395408410","01020","消化器内科","2","13:30","17:00","13:30","17:00","13:30","17:00","","","13:30","17:00","13:30","15:00","","","","","13:30","16:30","13:30","16:30","13:30","16:30","","","13:30","16:30","13:30","14:30","","","","",""
"3922395408410","01020","消化器内科","3","","","","","","","","","","","","","","","","","","","","","","","","","","","","","","","","",""
"3922395408410","09003","リハビリテーション科","1","08:30","12:30","08:30","12:30","08:30","12:30","08:30","12:30","08:30","12:30","08:30","12:30","","","","","08:30","12:00","08:30","12:00","08:30","12:00","08:30","12:00","08:30","12:00","08:30","12:00","","","","",""
"3922395408410","09003","リハビリテーション科","2","13:30","17:00","13:30","17:00","13:30","17:00","","","13:30","17:00","","","","","","","13:30","16:30","13:30","16:30","13:30","16:30","","","13:30","16:30","","","","","","",""
"3922395408410","09003","リハビリテーション科","3","","","","","","","","","","","","","","","","","","","","","","","","","","","","","","","","",""
"3922395408410","09004","放射線科","1","08:30","12:30","08:30","12:30","08:30","12:30","08:30","12:30","08:30","12:30","08:30","12:30","","","","","08:30","12:00","08:30","12:00","08:30","12:00","08:30","12:00","08:30","12:00","08:30","12:00","","","","",""
"3922395408410","09004","放射線科","2","13:30","17:00","13:30","17:00","13:30","17:00","","","13:30","17:00","13:30","15:00","","","","","13:30","16:30","13:30","16:30","13:30","16:30","","","13:30","16:30","13:30","14:30","","","","",""
"3922395408410","09004","放射線科","3","","","","","","","","","","","","","","","","","","","","","","","","","","","","","","","","",""
"3922395408700","01001","内科","1","08:30","18:00","08:30","18:00","08:30","18:00","","","08:30","18:00","","","","","","","08:30","18:00","08:30","18:00","08:30","18:00","","","08:30","18:00","","","","","","",""
"3922395408700","01001","内科","2","","","","","","","08:30","12:30","","","08:30","12:30","","","","","","","","","","","08:30","12:30","","","08:30","12:30","","","","",""
"3922395408700","01001","内科","3","","","","","","","","","","","","","","","","","","","","","","","","","","","","","","","","",""
"3922395408700","01021","胃腸内科","1","08:30","18:00","08:30","18:00","08:30","18:00","","","08:30","18:00","","","","","","","08:30","18:00","08:30","18:00","08:30","18:00","","","08:30","18:00","","","","","","",""
"3922395408700","01021","胃腸内科","2","","","","","","","08:30","12:30","","","08:30","12:30","","","","","","","","","","","08:30","12:30","","","08:30","12:30","","","","",""
"3922395408700","01021","胃腸内科","3","","","","","","","","","","","","","","","","","","","","","","","","","","","","","","","","",""
"3922395408700","02001","外科","1","08:30","18:00","08:30","18:00","08:30","18:00","","","08:30","18:00","","","","","","","08:30","18:00","08:30","18:00","08:30","18:00","","","08:30","18:00","","","","","","",""
"3922395408700","02001","外科","2","","","","","","","08:30","12:30","","","08:30","12:30","","","","","","","","","","","08:30","12:30","","","08:30","12:30","","","","",""
"3922395408700","02001","外科","3","","","","","","","","","","","","","","","","","","","","","","","","","","","","","","","","",""
"3922395408700","02025","肛門外科","1","08:30","18:00","08:30","18:00","08:30","18:00","","","08:30","18:00","","","","","","","08:30","18:00","08:30","18:00","08:30","18:00","","","08:30","18:00","","","","","","",""
"3922395408700","02025","肛門外科","2","","","","","","","08:30","12:30","","","08:30","12:30","","","","","","","","","","","08:30","12:30","","","08:30","12:30","","","","",""
"3922395408700","02025","肛門外科","3","","","","","","","","","","","","","","","","","","","","","","","","","","","","","","","","",""
"3922395408700","02035","整形外科","1","08:30","18:00","08:30","18:00","08:30","18:00","","","08:30","18:00","","","","","","","08:30","18:00","08:30","18:00","08:30","18:00","","","08:30","18:00","","","","","","",""
"3922395408700","02035","整形外科","2","","","","","","","08:30","12:30","","","08:30","12:30","","","","","","","","","","","08:30","12:30","","","08:30","12:30","","","","",""
"3922395408700","02035","整形外科","3","","","","","","","","","","","","","","","","","","","","","","","","","","","","","","","","",""
"3922395408700","02036","形成外科","1","08:30","18:00","08:30","18:00","08:30","18:00","","","08:30","18:00","","","","","","","08:30","18:00","08:30","18:00","08:30","18:00","","","08:30","18:00","","","","","","",""
"3922395408700","02036","形成外科","2","","","","","","","08:30","12:30","","","08:30","12:30","","","","","","","","","","","08:30","12:30","","","08:30","12:30","","","","",""
"3922395408700","02036","形成外科","3","","","","","","","","","","","","","","","","","","","","","","","","","","","","","","","","",""
"3922395408700","02037","美容外科","1","08:30","18:00","08:30","18:00","08:30","18:00","","","08:30","18:00","","","","","","","08:30","18:00","08:30","18:00","08:30","18:00","","","08:30","18:00","","","","","","",""
"3922395408700","02037","美容外科","2","","","","","","","08:30","12:30","","","08:30","12:30","","","","","","","","","","","08:30","12:30","","","08:30","12:30","","","","",""
"3922395408700","02037","美容外科","3","","","","","","","","","","","","","","","","","","","","","","","","","","","","","","","","",""
"3922395408700","06001","皮膚科","1","08:30","18:00","08:30","18:00","08:30","18:00","","","08:30","18:00","","","","","","","08:30","18:00","08:30","18:00","08:30","18:00","","","08:30","18:00","","","","","","",""
"3922395408700","06001","皮膚科","2","","","","","","","08:30","12:30","","","08:30","12:30","","","","","","","","","","","08:30","12:30","","","08:30","12:30","","","","",""
"3922395408700","06001","皮膚科","3","","","","","","","","","","","","","","","","","","","","","","","","","","","","","","","","",""
"3922395408700","06004","泌尿器科","1","08:30","18:00","08:30","18:00","08:30","18:00","","","08:30","18:00","","","","","","","08:30","18:00","08:30","18:00","08:30","18:00","","","08:30","18:00","","","","","","",""
"3922395408700","06004","泌尿器科","2","","","","","","","08:30","12:30","","","08:30","12:30","","","","","","","","","","","08:30","12:30","","","08:30","12:30","","","","",""
"3922395408700","06004","泌尿器科","3","","","","","","","","","","","","","","","","","","","","","","","","","","","","","","","","",""
"3922395408700","09003","リハビリテーション科","1","08:30","18:00","08:30","18:00","08:30","18:00","","","08:30","18:00","","","","","","","08:30","18:00","08:30","18:00","08:30","18:00","","","08:30","18:00","","","","","","",""
"3922395408700","09003","リハビリテーション科","2","","","","","","","08:30","12:30","","","08:30","12:30","","","","","","","","","","","08:30","12:30","","","08:30","12:30","","","","",""
"3922395408700","09003","リハビリテーション科","3","","","","","","","","","","","","","","","","","","","","","","","","","","","","","","","","",""
"3922395408700","09004","放射線科","1","08:30","18:00","08:30","18:00","08:30","18:00","","","08:30","18:00","","","","","","","08:30","18:00","08:30","18:00","08:30","18:00","","","08:30","18:00","","","","","","",""
"3922395408700","09004","放射線科","2","","","","","","","08:30","12:30","","","08:30","12:30","","","","","","","","","","","08:30","12:30","","","08:30","12:30","","","","",""
"3922395408700","09004","放射線科","3","","","","","","","","","","","","","","","","","","","","","","","","","","","","","","","","",""
"3922395409260","05001","眼科","1","09:00","12:30","09:00","12:30","09:00","12:30","09:00","12:30","09:00","12:30","09:00","12:30","","","","","08:30","12:00","08:30","12:00","08:30","12:00","08:30","12:00","08:30","12:00","08:30","12:00","","","","",""
"3922395409260","05001","眼科","2","14:00","17:30","","","14:00","17:30","14:00","17:30","14:00","17:30","","","","","","","14:00","17:00","","","14:00","17:00","14:00","17:00","14:00","17:00","","","","","","",""
"3922395409260","05001","眼科","3","","","","","","","","","","","","","","","","","","","","","","","","","","","","","","","","",""
"3922395409550","01001","内科","1","09:00","12:00","09:00","12:00","09:00","12:00","09:00","12:00","09:00","12:00","09:00","12:00","","","","","09:00","12:00","09:00","12:00","09:00","12:00","09:00","12:00","09:00","12:00","09:00","12:00","","","","",""
"3922395409550","01001","内科","2","14:00","17:00","14:00","17:00","14:00","17:00","","","14:00","17:00","","","","","","","14:00","17:00","14:00","17:00","14:00","17:00","","","14:00","17:00","","","","","","",""
"3922395409550","01001","内科","3","","","","","","","","","","","","","","","","","","","","","","","","","","","","","","","","",""
"3922395409550","02035","整形外科","1","09:00","12:00","09:00","12:00","09:00","12:00","09:00","12:00","09:00","12:00","09:00","12:00","","","","","09:00","12:00","09:00","12:00","09:00","12:00","09:00","12:00","09:00","12:00","09:00","12:00","","","","",""
"3922395409550","02035","整形外科","2","14:00","17:00","14:00","17:00","14:00","17:00","","","14:00","17:00","","","","","","","14:00","17:00","14:00","17:00","14:00","17:00","","","14:00","17:00","","","","","","",""
"3922395409550","02035","整形外科","3","","","","","","","","","","","","","","","","","","","","","","","","","","","","","","","","",""
"3922395409550","09003","リハビリテーション科","1","09:00","12:00","09:00","12:00","09:00","12:00","09:00","12:00","09:00","12:00","09:00","12:00","","","","","09:00","12:00","09:00","12:00","09:00","12:00","09:00","12:00","09:00","12:00","09:00","12:00","","","","",""
"3922395409550","09003","リハビリテーション科","2","14:00","17:00","14:00","17:00","14:00","17:00","","","14:00","17:00","","","","","","","14:00","17:00","14:00","17:00","14:00","17:00","","","14:00","17:00","","","","","","",""
"3922395409550","09003","リハビリテーション科","3","","","","","","","","","","","","","","","","","","","","","","","","","","","","","","","","",""
"3922395409680","01001","内科","1","09:00","12:00","09:00","12:00","09:00","12:00","09:00","12:00","09:00","12:00","09:00","12:00","","","","","09:00","12:00","09:00","12:00","09:00","12:00","09:00","12:00","09:00","12:00","09:00","12:00","","","","",""
"3922395409680","01001","内科","2","14:00","17:00","14:00","17:00","14:00","17:00","","","14:00","17:00","","","","","","","14:00","17:00","14:00","17:00","14:00","17:00","","","14:00","17:00","","","","","","",""
"3922395409680","01001","内科","3","","","","","","","","","","","","","","","","","","","","","","","","","","","","","","","","",""
"3922395409680","01017","循環器内科","1","09:00","12:00","09:00","12:00","09:00","12:00","09:00","12:00","09:00","12:00","09:00","12:00","","","","","09:00","12:00","09:00","12:00","09:00","12:00","09:00","12:00","09:00","12:00","09:00","12:00","","","","",""
"3922395409680","01017","循環器内科","2","14:00","17:00","14:00","17:00","14:00","17:00","","","14:00","17:00","","","","","","","14:00","17:00","14:00","17:00","14:00","17:00","","","14:00","17:00","","","","","","",""
"3922395409680","01017","循環器内科","3","","","","","","","","","","","","","","","","","","","","","","","","","","","","","","","","",""
"3922395409680","09003","リハビリテーション科","1","09:00","12:00","09:00","12:00","09:00","12:00","09:00","12:00","09:00","12:00","09:00","12:00","","","","","09:00","12:00","09:00","12:00","09:00","12:00","09:00","12:00","09:00","12:00","09:00","12:00","","","","",""
"3922395409680","09003","リハビリテーション科","2","14:00","17:00","14:00","17:00","14:00","17:00","","","14:00","17:00","","","","","","","14:00","17:00","14:00","17:00","14:00","17:00","","","14:00","17:00","","","","","","",""
"3922395409680","09003","リハビリテーション科","3","","","","","","","","","","","","","","","","","","","","","","","","","","","","","","","","",""
"3922395410530","01001","内科","1","09:00","12:30","09:00","12:30","","","09:00","12:30","09:00","12:30","","","","","","","08:30","12:00","08:30","12:00","","","08:30","12:00","08:30","12:00","","","","","","",""
"3922395410530","01001","内科","2","","","13:30","15:00","","","","","","","","","","","","","","","13:00","14:30","","","","","","","","","","","","",""
"3922395410530","01001","内科","3","","","","","","","","","","","","","","","","","","","","","","","","","","","","","","","","",""
"3922395410530","02002","脳神経外科","1","09:00","12:30","09:00","12:30","09:00","12:30","09:00","12:30","09:00","12:30","09:00","12:30","","","","","08:30","12:00","08:30","12:00","08:30","12:00","08:30","12:00","08:30","12:00","08:30","12:00","","","","",""
"3922395410530","02002","脳神経外科","2","14:00","18:00","13:30","17:00","","","14:00","18:00","13:30","17:00","13:30","16:00","","","","","13:00","17:30","13:00","16:30","","","13:00","17:30","13:00","16:30","13:00","15:30","","","","",""
"3922395410530","02002","脳神経外科","3","","","","","","","","","","","","","","","","","","","","","","","","","","","","","","","","",""
"3922395410530","02035","整形外科","1","09:00","12:30","09:00","12:30","09:00","12:30","09:00","12:30","09:00","12:30","09:00","12:30","","","","","08:30","12:00","08:30","12:00","","","08:30","12:00","08:30","12:00","08:30","12:00","","","","",""
"3922395410530","02035","整形外科","2","13:30","17:00","13:30","17:00","","","","","13:30","17:00","","","","","","","13:00","16:30","13:00","16:30","","","","","13:00","16:30","","","","","","",""
"3922395410530","02035","整形外科","3","","","","","","","","","","","","","","","","","","","","","","","","","","","","","","","","",""
"3922395410790","07001","精神科","1","09:00","12:30","09:00","12:30","09:00","12:30","09:00","12:30","09:00","12:30","09:00","12:30","","","","","08:30","12:00","08:30","12:00","08:30","12:00","08:30","12:00","08:30","12:00","08:30","12:00","","","","",""
"3922395410790","07001","精神科","2","14:00","19:00","14:00","19:00","","","14:00","19:00","14:00","19:00","","","","","","","14:00","18:30","14:00","18:30","","","14:00","18:30","14:00","18:30","","","","","","",""
"3922395410790","07001","精神科","3","","","","","","","","","","","14:00","17:00","","","","","","","","","","","","","","","14:00","16:30","","","","",""
"3922395410790","07003","心療内科","1","09:00","12:30","09:00","12:30","09:00","12:30","09:00","12:30","09:00","12:30","09:00","12:30","","","","","08:30","12:00","08:30","12:00","08:30","12:00","08:30","12:00","08:30","12:00","08:30","12:00","","","","",""
"3922395410790","07003","心療内科","2","14:00","19:00","14:00","19:00","","","14:00","19:00","14:00","19:00","","","","","","","14:00","18:30","14:00","18:30","","","14:00","18:30","14:00","18:30","","","","","","",""
"3922395410790","07003","心療内科","3","","","","","","","","","","","14:00","17:00","","","","","","","","","","","","","","","14:00","16:30","","","","",""
"3922395411540","01001","内科","1","09:00","17:30","","","09:00","17:30","","","09:00","17:30","","","","","","","09:00","17:30","","","09:00","17:30","","","09:00","17:30","","","","","","",""
"3922395411540","01001","内科","2","","","09:00","12:30","","","09:00","12:30","","","09:00","12:30","","","","","","","09:00","12:30","","","09:00","12:30","","","09:00","12:30","","","","",""
"3922395411540","01001","内科","3","","","","","","","","","","","","","","","","","","","","","","","","","","","","","","","","",""
"3922395411540","01021","胃腸内科","1","09:00","17:30","","","09:00","17:30","","","09:00","17:30","","","","","","","09:00","17:30","","","09:00","17:30","","","09:00","17:30","","","","","","",""
"3922395411540","01021","胃腸内科","2","","","09:00","12:30","","","09:00","12:30","","","09:00","12:30","","","","","","","09:00","12:30","","","09:00","12:30","","","09:00","12:30","","","","",""
"3922395411540","01021","胃腸内科","3","","","","","","","","","","","","","","","","","","","","","","","","","","","","","","","","",""
"3922395411540","02001","外科","1","09:00","17:30","","","09:00","17:30","","","09:00","17:30","","","","","","","09:00","17:30","","","09:00","17:30","","","09:00","17:30","","","","","","",""
"3922395411540","02001","外科","2","","","09:00","12:30","","","09:00","12:30","","","09:00","12:30","","","","","","","09:00","12:30","","","09:00","12:30","","","09:00","12:30","","","","",""
"3922395411540","02001","外科","3","","","","","","","","","","","","","","","","","","","","","","","","","","","","","","","","",""
"3922395411670","05002","耳鼻いんこう科","1","09:00","11:30","09:00","11:30","09:00","11:30","09:00","11:30","09:00","11:30","09:00","11:30","","","","","09:00","11:30","09:00","11:30","09:00","11:30","09:00","11:30","09:00","11:30","09:00","11:30","","","","",""
"3922395411670","05002","耳鼻いんこう科","2","14:00","17:00","14:00","17:00","14:00","17:00","","","14:00","17:00","","","","","","","14:00","17:00","14:00","17:00","14:00","17:00","","","14:00","17:00","","","","","","",""
"3922395411670","05002","耳鼻いんこう科","3","","","","","","","","","","","","","","","","","","","","","","","","","","","","","","","","","空欄にした: 月_診療 00:00-00:00（開始と終了が同じ） / 空欄にした: 火_診療 00:00-00:00（開始と終了が同じ） / 空欄にした: 水_診療 00:00-00:00（開始と終了が同じ） / 空欄にした: 木_診療 00:00-00:00（開始と終了が同じ） / 空欄にした: 金_診療 00:00-00:00（開始と終了が同じ） / 空欄にした: 土_診療 00:00-00:00（開始と終了が同じ） / 空欄にした: 月_外来受付 00:00-00:00（開始と終了が同じ） / 空欄にした: 火_外来受付 00:00-00:00（開始と終了が同じ） / 空欄にした: 水_外来受付 00:00-00:00（開始と終了が同じ） / 空欄にした: 木_外来受付 00:00-00:00（開始と終了が同じ） / 空欄にした: 金_外来受付 00:00-00:00（開始と終了が同じ） / 空欄にした: 土_外来受付 00:00-00:00（開始と終了が同じ）"
"3922395411670","06002","美容皮膚科","1","09:00","11:30","09:00","11:30","09:00","11:30","09:00","11:30","09:00","11:30","09:00","11:30","","","","","09:00","11:30","09:00","11:30","09:00","11:30","09:00","11:30","09:00","11:30","09:00","11:30","","","","",""
"3922395411670","06002","美容皮膚科","2","14:00","17:00","14:00","17:00","14:00","17:00","","","14:00","17:00","","","","","","","14:00","17:00","14:00","17:00","14:00","17:00","","","14:00","17:00","","","","","","",""
"3922395411670","06002","美容皮膚科","3","","","","","","","","","","","","","","","","","","","","","","","","","","","","","","","","",""
"3922395411670","09001","アレルギー科","1","09:00","11:30","09:00","11:30","09:00","11:30","09:00","11:30","09:00","11:30","09:00","11:30","","","","","09:00","11:30","09:00","11:30","09:00","11:30","09:00","11:30","09:00","11:30","09:00","11:30","","","","",""
"3922395411670","09001","アレルギー科","2","14:00","17:00","14:00","17:00","14:00","17:00","","","14:00","17:00","","","","","","","14:00","17:00","14:00","17:00","14:00","17:00","","","14:00","17:00","","","","","","",""
"3922395411670","09001","アレルギー科","3","","","","","","","","","","","","","","","","","","","","","","","","","","","","","","","","","空欄にした: 月_診療 00:00-00:00（開始と終了が同じ） / 空欄にした: 火_診療 00:00-00:00（開始と終了が同じ） / 空欄にした: 水_診療 00:00-00:00（開始と終了が同じ） / 空欄にした: 木_診療 00:00-00:00（開始と終了が同じ） / 空欄にした: 金_診療 00:00-00:00（開始と終了が同じ） / 空欄にした: 土_診療 00:00-00:00（開始と終了が同じ） / 空欄にした: 月_外来受付 00:00-00:00（開始と終了が同じ） / 空欄にした: 火_外来受付 00:00-00:00（開始と終了が同じ） / 空欄にした: 水_外来受付 00:00-00:00（開始と終了が同じ） / 空欄にした: 木_外来受付 00:00-00:00（開始と終了が同じ） / 空欄にした: 金_外来受付 00:00-00:00（開始と終了が同じ） / 空欄にした: 土_外来受付 00:00-00:00（開始と終了が同じ）"
"3922395411960","01001","内科","1","09:00","12:00","09:00","12:00","09:00","12:00","09:00","12:00","09:00","12:00","09:00","12:00","","","","","09:00","12:00","09:00","12:00","09:00","12:00","09:00","12:00","09:00","12:00","09:00","12:00","","","","",""
"3922395411960","01001","内科","2","14:00","18:00","14:00","18:00","","","14:00","18:00","14:00","18:00","","","","","","","14:00","18:00","14:00","18:00","","","14:00","18:00","14:00","18:00","","","","","","",""
"3922395411960","01001","内科","3","","","","","","","","","","","","","","","","","","","","","","","","","","","","","","","","",""
"3922395411960","03001","小児科","1","09:00","12:00","09:00","12:00","09:00","12:00","09:00","12:00","09:00","12:00","09:00","12:00","","","","","09:00","12:00","09:00","12:00","09:00","12:00","09:00","12:00","09:00","12:00","09:00","12:00","","","","",""
"3922395411960","03001","小児科","2","14:00","18:00","14:00","18:00","","","14:00","18:00","14:00","18:00","","","","","","","14:00","18:00","14:00","18:00","","","14:00","18:00","14:00","18:00","","","","","","",""
"3922395411960","03001","小児科","3","","","","","","","","","","","","","","","","","","","","","","","","","","","","","","","","",""
"3922395412000","01001","内科","1","09:00","11:30","09:00","11:30","09:00","11:30","09:00","11:30","09:00","11:30","09:00","12:00","","","","","09:00","11:30","09:00","11:30","09:00","11:30","09:00","11:30","09:00","11:30","09:00","12:00","","","","",""
"3922395412000","01001","内科","2","14:00","18:00","14:00","18:00","14:00","18:00","14:00","18:00","14:00","18:00","","","","","","","14:00","18:00","14:00","18:00","14:00","18:00","14:00","18:00","14:00","18:00","","","","","","",""
"3922395412000","01001","内科","3","","","","","","","","","","","","","","","","","","","","","","","","","","","","","","","","",""
"3922395412000","03001","小児科","1","09:00","11:30","09:00","11:30","09:00","11:30","09:00","11:30","09:00","11:30","09:00","12:00","","","","","09:00","11:30","09:00","11:30","09:00","11:30","09:00","11:30","09:00","11:30","09:00","12:00","","","","",""
"3922395412000","03001","小児科","2","14:00","18:00","14:00","18:00","14:00","18:00","14:00","18:00","14:00","18:00","","","","","","","14:00","18:00","14:00","18:00","14:00","18:00","14:00","18:00","14:00","18:00","","","","","","",""
"3922395412000","03001","小児科","3","","","","","","","","","","","","","","","","","","","","","","","","","","","","","","","","",""
"3922395412260","01001","内科","1","","","","","","","14:00","17:00","","","","","","","","","","","","","","","13:30","16:30","","","","","","","","","疑い: 施設情報のファイルの「毎週決まった曜日に休診（木）」が 0（休診）だが、この行に木曜の診療時間が入っている"
"3922395412260","01001","内科","2","","","","","","","","","","","","","","","","","","","","","","","","","","","","","","","","",""
"3922395412260","01001","内科","3","","","","","","","","","","","","","","","","","","","","","","","","","","","","","","","","",""
"3922395412420","01016","気管食道内科","1","09:00","12:00","09:00","12:00","09:00","12:00","09:00","12:00","09:00","12:00","09:00","12:00","","","","","08:30","12:00","08:30","12:00","08:30","12:00","08:30","12:00","08:30","12:00","08:30","12:00","","","","",""
"3922395412420","01016","気管食道内科","2","14:00","17:30","14:00","17:30","","","14:00","17:30","14:00","17:30","","","","","","","14:00","17:30","14:00","17:30","","","14:00","17:30","14:00","17:30","","","","","","",""
"3922395412420","01016","気管食道内科","3","","","","","","","","","","","","","","","","","","","","","","","","","","","","","","","","",""
"3922395412420","05002","耳鼻いんこう科","1","09:00","12:00","09:00","12:00","09:00","12:00","09:00","12:00","09:00","12:00","09:00","12:00","","","","","08:30","12:00","08:30","12:00","08:30","12:00","08:30","12:00","08:30","12:00","08:30","12:00","","","","",""
"3922395412420","05002","耳鼻いんこう科","2","14:00","17:30","14:00","17:30","","","14:00","17:30","14:00","17:30","","","","","","","14:00","17:30","14:00","17:30","","","14:00","17:30","14:00","17:30","","","","","","",""
"3922395412420","05002","耳鼻いんこう科","3","","","","","","","","","","","","","","","","","","","","","","","","","","","","","","","","",""
"3922395412680","06001","皮膚科","1","09:30","12:30","09:30","12:30","09:30","12:30","09:30","12:30","09:30","12:30","","","","","","","09:00","12:15","09:00","12:15","09:00","12:15","09:00","12:15","09:00","12:15","","","","","","",""
"3922395412680","06001","皮膚科","2","14:00","17:00","14:00","17:00","14:00","18:00","14:00","17:00","14:00","17:00","","","","","","","14:00","16:45","14:00","16:45","14:00","17:45","14:00","16:45","14:00","16:45","","","","","","",""
"3922395412680","06001","皮膚科","3","","","","","","","","","","","","","","","","","","","","","","","","","","","","","","","","",""
"3922395413010","05001","眼科","1","09:00","12:00","09:00","12:00","09:00","12:00","09:00","12:00","09:00","12:00","09:00","12:00","","","","","08:30","17:15","08:30","17:15","08:30","17:15","08:30","12:00","08:30","17:15","08:30","12:00","","","","",""
"3922395413010","05001","眼科","2","14:00","17:15","14:00","17:15","14:00","17:15","","","14:00","17:15","","","","","","","","","","","","","","","","","","","","","","",""
"3922395413010","05001","眼科","3","","","","","","","","","","","","","","","","","","","","","","","","","","","","","","","","",""
"3922395414600","01001","内科","1","","","09:00","12:00","09:00","12:00","09:00","12:00","","","09:00","12:00","","","","","","","08:30","11:30","08:30","11:30","08:30","11:30","","","08:30","11:30","","","","",""
"3922395414600","01001","内科","2","","","","","","","","","","","","","","","","","","","","","","","","","","","","","","","","",""
"3922395414600","01001","内科","3","","","","","","","","","","","","","","","","","","","","","","","","","","","","","","","","",""
"3922395414600","02035","整形外科","1","","","","","","","","","","","09:00","12:00","","","","","","","","","","","","","","","08:30","11:30","","","","",""
"3922395414600","02035","整形外科","2","","","","","","","","","","","","","","","","","","","","","","","","","","","","","","","","",""
"3922395414600","02035","整形外科","3","","","","","","","","","","","","","","","","","","","","","","","","","","","","","","","","",""
"3922395414600","03001","小児科","1","","","","","","","","","09:00","12:30","","","","","","","","","","","","","","","08:30","11:30","","","","","","",""
"3922395414600","03001","小児科","2","","","","","","","","","","","","","","","","","","","","","","","","","","","","","","","","",""
"3922395414600","03001","小児科","3","","","","","","","","","","","","","","","","","","","","","","","","","","","","","","","","",""
"3922395414600","07003","心療内科","1","","","","","","","","","09:00","12:00","","","","","","","","","","","","","","","08:30","11:30","","","","","","",""
"3922395414600","07003","心療内科","2","","","","","","","","","","","","","","","","","","","","","","","","","","","","","","","","",""
"3922395414600","07003","心療内科","3","","","","","","","","","","","","","","","","","","","","","","","","","","","","","","","","",""
"3922395414600","09003","リハビリテーション科","1","","","","","09:00","12:00","","","","","09:00","12:00","","","","","","","","","08:30","11:30","","","","","08:30","11:30","","","","",""
"3922395414600","09003","リハビリテーション科","2","","","","","","","","","","","","","","","","","","","","","","","","","","","","","","","","",""
"3922395414600","09003","リハビリテーション科","3","","","","","","","","","","","","","","","","","","","","","","","","","","","","","","","","",""
"3922395415610","01001","内科","1","09:00","15:00","09:00","15:00","09:00","14:00","09:00","15:00","09:00","15:00","09:00","14:00","","","","","07:30","15:00","07:30","15:00","07:30","14:00","07:30","15:00","07:30","15:00","07:30","14:00","","","","",""
"3922395415610","01001","内科","2","16:00","18:00","16:00","18:00","","","16:00","18:00","16:00","18:00","","","","","","","15:00","18:00","15:00","18:00","","","15:00","18:00","15:00","18:00","","","","","","",""
"3922395415610","01001","内科","3","","","","","","","","","","","","","","","","","","","","","","","","","","","","","","","","",""
"3922395415610","01020","消化器内科","1","09:00","15:00","09:00","15:00","09:00","14:00","09:00","15:00","09:00","15:00","09:00","14:00","","","","","07:30","15:00","07:30","15:00","07:30","14:00","07:30","15:00","07:30","15:00","07:30","14:00","","","","",""
"3922395415610","01020","消化器内科","2","16:00","18:00","16:00","18:00","","","16:00","18:00","16:00","18:00","","","","","","","15:00","18:00","15:00","18:00","","","15:00","18:00","15:00","18:00","","","","","","",""
"3922395415610","01020","消化器内科","3","","","","","","","","","","","","","","","","","","","","","","","","","","","","","","","","",""
"3922395415610","01991","肛門内科","1","","","","","","","","","","","","","","","","","","","","","","","","","","","","","","","","",""
"3922395415610","01991","肛門内科","2","","","","","","","","","","","","","","","","","","","","","","","","","","","","","","","","",""
"3922395415610","01991","肛門内科","3","","","","","","","","","","","","","","","","","","","","","","","","","","","","","","","","",""
"3922395415610","02001","外科","1","09:00","15:00","09:00","15:00","09:00","14:00","09:00","15:00","09:00","15:00","09:00","14:00","","","","","07:30","15:00","07:30","15:00","07:30","14:00","07:30","15:00","07:30","15:00","07:30","14:00","","","","",""
"3922395415610","02001","外科","2","16:00","18:00","16:00","18:00","","","16:00","18:00","16:00","18:00","","","","","","","15:00","18:00","15:00","18:00","","","15:00","18:00","15:00","18:00","","","","","","",""
"3922395415610","02001","外科","3","","","","","","","","","","","","","","","","","","","","","","","","","","","","","","","","",""
"3922395419940","01001","内科","1","","","14:00","17:00","","","","","","","","","","","","","","","13:30","16:30","","","","","","","","","","","","",""
"3922395419940","01001","内科","2","","","","","","","","","","","","","","","","","","","","","","","","","","","","","","","","",""
"3922395419940","01001","内科","3","","","","","","","","","","","","","","","","","","","","","","","","","","","","","","","","",""
"3922395423530","01001","内科","1","09:00","12:00","09:00","12:00","09:00","12:00","","","09:00","12:00","09:00","12:00","","","09:00","12:00","08:30","12:00","08:30","12:00","08:30","12:00","","","08:30","12:00","08:30","12:00","","","08:30","12:00",""
"3922395423530","01001","内科","2","14:00","17:00","14:00","17:00","14:00","17:00","","","14:00","17:00","14:00","17:00","","","14:00","17:00","12:00","17:00","12:00","17:00","12:00","17:00","","","12:00","17:00","12:00","17:00","","","12:00","17:00",""
"3922395423530","01001","内科","3","","","","","","","","","","","","","","","","","","","","","","","","","","","","","","","","",""
"3922395423530","02001","外科","1","09:00","12:00","09:00","12:00","09:00","12:00","","","09:00","12:00","09:00","12:00","","","09:00","12:00","08:30","12:00","08:30","12:00","08:30","12:00","","","08:30","12:00","08:30","12:00","","","08:30","12:00",""
"3922395423530","02001","外科","2","14:00","17:00","14:00","17:00","14:00","17:00","","","14:00","17:00","14:00","17:00","","","14:00","17:00","12:00","17:00","12:00","17:00","12:00","17:00","","","12:00","17:00","12:00","17:00","","","12:00","17:00",""
"3922395423530","02001","外科","3","","","","","","","","","","","","","","","","","","","","","","","","","","","","","","","","",""
"3922395423530","03001","小児科","1","09:00","12:00","09:00","12:00","09:00","12:00","","","09:00","12:00","09:00","12:00","","","09:00","12:00","08:30","12:00","08:30","12:00","08:30","12:00","","","08:30","12:00","08:30","12:00","","","08:30","12:00",""
"3922395423530","03001","小児科","2","14:00","17:00","14:00","17:00","14:00","17:00","","","14:00","17:00","14:00","17:00","","","14:00","17:00","12:00","17:00","12:00","17:00","12:00","17:00","","","12:00","17:00","12:00","17:00","","","12:00","17:00",""
"3922395423530","03001","小児科","3","","","","","","","","","","","","","","","","","","","","","","","","","","","","","","","","",""
"3922395423530","06001","皮膚科","1","09:00","12:00","09:00","12:00","09:00","12:00","","","09:00","12:00","09:00","12:00","","","09:00","12:00","08:30","12:00","08:30","12:00","08:30","12:00","","","08:30","12:00","08:30","12:00","","","08:30","12:00",""
"3922395423530","06001","皮膚科","2","14:00","17:00","14:00","17:00","14:00","17:00","","","14:00","17:00","14:00","17:00","","","14:00","17:00","12:00","17:00","12:00","17:00","12:00","17:00","","","12:00","17:00","12:00","17:00","","","12:00","17:00",""
"3922395423530","06001","皮膚科","3","","","","","","","","","","","","","","","","","","","","","","","","","","","","","","","","",""
"3922395426430","01001","内科","1","09:30","12:30","09:30","12:30","09:30","12:30","09:00","11:00","09:30","12:30","09:30","12:30","","","","","09:15","12:00","09:15","12:00","09:15","12:00","08:50","10:45","09:15","12:00","09:15","12:00","","","","",""
"3922395426430","01001","内科","2","14:15","18:00","14:15","18:00","14:15","18:00","","","14:15","18:00","14:15","17:00","","","","","12:00","17:45","12:00","17:45","12:00","17:45","","","12:00","17:45","12:00","17:00","","","","",""
"3922395426430","01001","内科","3","","","","","","","","","","","","","","","","","","","","","","","","","","","","","","","","",""
"3922395426430","01017","循環器内科","1","09:30","12:00","09:30","12:00","09:30","12:00","09:00","11:00","09:30","12:00","09:30","12:00","","","","","09:15","12:00","09:15","12:00","09:15","12:00","08:50","10:45","09:15","12:00","09:15","12:00","","","","",""
"3922395426430","01017","循環器内科","2","12:00","18:00","12:00","18:00","12:00","18:00","","","12:00","18:00","12:00","17:15","","","","","12:00","17:45","12:00","17:45","12:00","17:45","","","12:00","17:45","12:00","17:00","","","","",""
"3922395426430","01017","循環器内科","3","","","","","","","","","","","","","","","","","","","","","","","","","","","","","","","","",""
"3922395426430","09003","リハビリテーション科","1","","","09:30","12:00","09:30","12:00","","","09:30","12:00","","","","","","","","","09:15","12:00","09:15","12:00","","","09:15","12:00","","","","","","",""
"3922395426430","09003","リハビリテーション科","2","","","12:00","17:00","12:00","17:00","","","12:00","17:00","","","","","","","","","12:00","16:45","12:00","16:45","","","12:00","16:45","","","","","","",""
"3922395426430","09003","リハビリテーション科","3","","","","","","","","","","","","","","","","","","","","","","","","","","","","","","","","",""
"3922395427280","01001","内科","1","09:00","18:00","09:00","17:15","09:00","18:00","09:00","17:15","09:00","18:00","09:00","13:00","","","","","08:00","16:30","08:00","16:30","08:00","16:30","08:00","16:30","08:00","16:30","08:00","11:30","","","","",""
"3922395427280","01001","内科","2","","","","","","","","","","","","","","","","","","","","","","","","","","","","","","","","",""
"3922395427280","01001","内科","3","","","","","","","","","","","","","","","","","","","","","","","","","","","","","","","","",""
"3922395427280","01023","人工透析内科","1","09:00","18:00","09:00","17:15","09:00","18:00","09:00","17:15","09:00","18:00","09:00","13:00","","","","","08:00","16:30","08:00","16:30","08:00","16:30","08:00","16:30","08:00","16:30","08:00","11:30","","","","",""
"3922395427280","01023","人工透析内科","2","","","","","","","","","","","","","","","","","","","","","","","","","","","","","","","","",""
"3922395427280","01023","人工透析内科","3","","","","","","","","","","","","","","","","","","","","","","","","","","","","","","","","",""
"3922395427280","02001","外科","1","","","","","09:00","12:00","","","","","","","","","","","","","","","08:00","11:30","","","","","","","","","","",""
"3922395427280","02001","外科","2","","","","","","","","","","","","","","","","","","","","","","","","","","","","","","","","",""
"3922395427280","02001","外科","3","","","","","","","","","","","","","","","","","","","","","","","","","","","","","","","","",""
"3922395427280","02035","整形外科","1","09:00","18:00","","","","","","","","","","","","","","","08:00","16:30","","","","","","","","","","","","","","",""
"3922395427280","02035","整形外科","2","","","","","","","","","","","","","","","","","","","","","","","","","","","","","","","","",""
"3922395427280","02035","整形外科","3","","","","","","","","","","","","","","","","","","","","","","","","","","","","","","","","",""
"3922395427280","02991","透析外科","1","","","","","09:00","16:00","","","","","","","","","","","","","","","08:15","15:30","","","","","","","","","","",""
"3922395427280","02991","透析外科","2","","","","","","","","","","","","","","","","","","","","","","","","","","","","","","","","",""
"3922395427280","02991","透析外科","3","","","","","","","","","","","","","","","","","","","","","","","","","","","","","","","","",""
"3922395427280","09004","放射線科","1","09:00","17:00","09:00","17:00","09:00","17:00","09:00","17:00","09:00","17:00","","","","","","","08:00","16:30","08:00","16:30","08:00","16:30","08:00","16:30","08:00","16:30","","","","","","",""
"3922395427280","09004","放射線科","2","","","","","","","","","","","","","","","","","","","","","","","","","","","","","","","","",""
"3922395427280","09004","放射線科","3","","","","","","","","","","","","","","","","","","","","","","","","","","","","","","","","",""
"3922395428160","01001","内科","1","08:30","12:00","08:30","12:00","08:30","12:00","08:30","12:00","08:30","12:00","08:30","12:00","","","","","08:30","12:00","08:30","12:00","08:30","12:00","08:30","12:00","08:30","12:00","08:30","12:00","","","","",""
"3922395428160","01001","内科","2","14:00","17:30","14:00","17:30","14:00","17:30","14:00","17:30","14:00","17:30","14:00","17:30","","","","","13:00","17:30","13:00","17:30","13:00","17:30","13:00","17:30","13:00","17:30","13:00","17:30","","","","",""
"3922395428160","01001","内科","3","","","","","","","","","","","","","","","","","","","","","","","","","","","","","","","","",""
"3922395428160","02035","整形外科","1","08:30","12:00","08:30","12:00","08:30","12:00","08:30","12:00","08:30","12:00","08:30","12:00","","","","","08:30","12:00","08:30","12:00","08:30","12:00","08:30","12:00","08:30","12:00","08:30","12:00","","","","",""
"3922395428160","02035","整形外科","2","14:00","17:30","14:00","17:30","14:00","17:30","14:00","17:30","14:00","17:30","14:00","17:30","","","","","13:00","17:30","13:00","17:30","13:00","17:30","13:00","17:30","13:00","17:30","13:00","17:30","","","","",""
"3922395428160","02035","整形外科","3","","","","","","","","","","","","","","","","","","","","","","","","","","","","","","","","",""
"3922395428160","02036","形成外科","1","08:30","12:00","08:30","12:00","08:30","12:00","08:30","12:00","08:30","12:00","08:30","12:00","","","","","08:30","12:00","08:30","12:00","08:30","12:00","08:30","12:00","08:30","12:00","08:30","12:00","","","","",""
"3922395428160","02036","形成外科","2","14:00","17:30","14:00","17:30","14:00","17:30","14:00","17:30","14:00","17:30","14:00","17:30","","","","","13:00","17:30","13:00","17:30","13:00","17:30","13:00","17:30","13:00","17:30","13:00","17:30","","","","",""
"3922395428160","02036","形成外科","3","","","","","","","","","","","","","","","","","","","","","","","","","","","","","","","","",""
"3922395428160","09002","リウマチ科","1","08:30","12:00","08:30","12:00","08:30","12:00","08:30","12:00","08:30","12:00","08:30","12:00","","","","","08:30","12:00","08:30","12:00","08:30","12:00","08:30","12:00","08:30","12:00","08:30","12:00","","","","",""
"3922395428160","09002","リウマチ科","2","14:00","17:30","14:00","17:30","14:00","17:30","14:00","17:30","14:00","17:30","14:00","17:30","","","","","13:00","17:30","13:00","17:30","13:00","17:30","13:00","17:30","13:00","17:30","13:00","17:30","","","","",""
"3922395428160","09002","リウマチ科","3","","","","","","","","","","","","","","","","","","","","","","","","","","","","","","","","",""
"3922395428160","09003","リハビリテーション科","1","08:30","12:00","08:30","12:00","08:30","12:00","08:30","12:00","08:30","12:00","08:30","12:00","","","","","08:30","12:00","08:30","12:00","08:30","12:00","08:30","12:00","08:30","12:00","08:30","12:00","","","","",""
"3922395428160","09003","リハビリテーション科","2","14:00","17:30","14:00","17:30","14:00","17:30","14:00","17:30","14:00","17:30","14:00","17:30","","","","","13:00","17:30","13:00","17:30","13:00","17:30","13:00","17:30","13:00","17:30","13:00","17:30","","","","",""
"3922395428160","09003","リハビリテーション科","3","","","","","","","","","","","","","","","","","","","","","","","","","","","","","","","","",""
"3922395428290","01001","内科","1","08:30","12:00","","","08:30","12:00","","","08:30","12:00","","","","","","","08:30","12:00","","","08:30","12:00","","","08:30","12:00","","","","","","",""
"3922395428290","01001","内科","2","14:00","17:30","","","14:00","17:30","","","14:00","17:30","","","","","","","14:00","17:30","","","14:00","17:30","","","14:00","17:30","","","","","","",""
"3922395428290","01001","内科","3","","","","","","","","","","","","","","","","","","","","","","","","","","","","","","","","",""
"3922395428290","01017","循環器内科","1","08:30","12:00","","","08:30","12:00","","","08:30","12:00","","","","","","","08:30","12:00","","","08:30","12:00","","","08:30","12:00","","","","","","",""
"3922395428290","01017","循環器内科","2","14:00","17:30","","","14:00","17:30","","","14:00","17:30","","","","","","","14:00","17:30","","","14:00","17:30","","","14:00","17:30","","","","","","",""
"3922395428290","01017","循環器内科","3","","","","","","","","","","","","","","","","","","","","","","","","","","","","","","","","",""
"3922395428320","01013","脳神経内科","1","09:00","12:30","","","","","","","","","","","09:00","12:30","","","09:00","12:30","","","","","","","","","","","09:00","12:30","","",""
"3922395428320","01013","脳神経内科","2","14:00","17:00","","","","","14:00","17:00","","","14:00","17:00","","","","","14:00","17:00","","","","","14:00","17:00","","","14:00","17:00","","","","",""
"3922395428320","01013","脳神経内科","3","","","","","","","","","","","","","","","","","","","","","","","","","","","","","","","","",""
"3922395428320","02002","脳神経外科","1","09:00","12:30","","","","","","","","","","","09:00","12:30","","","09:00","12:30","","","","","","","","","","","09:00","12:30","","",""
"3922395428320","02002","脳神経外科","2","14:00","17:00","","","","","14:00","17:00","","","14:00","17:00","","","","","14:00","17:00","","","","","14:00","17:00","","","14:00","17:00","","","","",""
"3922395428320","02002","脳神経外科","3","","","","","","","","","","","","","","","","","","","","","","","","","","","","","","","","",""
"3922395428320","09011","麻酔科","1","09:00","12:30","","","","","","","","","","","09:00","12:30","","","09:00","12:30","","","","","09:00","12:30","09:00","12:30","09:00","12:30","09:00","12:30","","",""
"3922395428320","09011","麻酔科","2","14:00","17:00","","","","","14:00","17:00","","","14:00","17:00","","","","","14:00","17:00","","","","","14:00","17:00","14:00","17:00","14:00","17:00","14:00","17:00","","",""
"3922395428320","09011","麻酔科","3","","","","","","","","","","","","","","","","","","","","","","","","","","","","","","","","",""
"3922395430020","03001","小児科","1","09:00","12:30","09:00","12:30","09:00","12:30","","","09:00","12:30","09:00","12:30","","","","","09:00","12:00","09:00","12:00","09:00","12:00","","","09:00","12:00","09:00","12:00","","","","",""
"3922395430020","03001","小児科","2","14:00","18:00","14:00","18:00","14:00","18:00","","","14:00","18:00","","","","","","","14:00","17:30","14:00","17:30","14:00","17:30","","","14:00","17:30","","","","","","",""
"3922395430020","03001","小児科","3","","","","","","","","","","","14:00","17:00","","","","","","","","","","","","","","","14:00","16:30","","","","",""
"3922395430020","03991","小児神経内科","1","","","","","","","","","","","","","","","","","","","","","","","","","","","","","","","","",""
"3922395430020","03991","小児神経内科","2","","","","","","","","","","","","","","","","","","","","","","","","","","","","","","","","",""
"3922395430020","03991","小児神経内科","3","","","","","","","","","","","","","","","","","","","","","","","","","","","","","","","","",""
"3922395500880","01001","内科","1","08:30","12:30","","","08:30","12:30","08:30","12:30","08:30","12:30","08:30","12:30","","","","","08:30","12:30","","","08:30","12:30","08:30","12:30","08:30","12:30","08:30","12:30","","","","",""
"3922395500880","01001","内科","2","13:30","17:30","","","13:30","17:30","13:30","17:30","13:30","17:30","","","","","","","13:30","17:00","","","13:30","17:00","13:30","17:00","13:30","17:00","","","","","","",""
"3922395500880","01001","内科","3","","","","","","","","","","","","","","","","","","","","","","","","","","","","","","","","",""
"3922395500880","09003","リハビリテーション科","1","08:30","12:30","","","08:30","12:30","08:30","12:30","08:30","12:30","08:30","12:30","","","","","08:30","12:30","","","08:30","12:30","08:30","12:30","08:30","12:30","08:30","12:30","","","","",""
"3922395500880","09003","リハビリテーション科","2","13:30","17:30","","","13:30","17:30","13:30","17:30","13:30","17:30","","","","","","","13:30","17:00","","","13:30","17:00","13:30","17:00","13:30","17:00","","","","","","",""
"3922395500880","09003","リハビリテーション科","3","","","","","","","","","","","","","","","","","","","","","","","","","","","","","","","","",""
"3922395501210","06001","皮膚科","1","09:00","13:00","09:00","13:00","09:00","13:00","09:00","13:00","09:00","13:00","09:00","13:00","","","","","","","","","","","","","","","","","","","","",""
"3922395501210","06001","皮膚科","2","14:30","18:00","14:30","18:00","","","14:30","18:00","14:30","18:00","14:00","17:00","","","","","","","","","","","","","","","","","","","","",""
"3922395501210","06001","皮膚科","3","","","","","","","","","","","","","","","","","","","","","","","","","","","","","","","","","空欄にした: 月_診療 00:00-00:00（開始と終了が同じ） / 空欄にした: 火_診療 00:00-00:00（開始と終了が同じ） / 空欄にした: 水_診療 00:00-00:00（開始と終了が同じ） / 空欄にした: 木_診療 00:00-00:00（開始と終了が同じ） / 空欄にした: 金_診療 00:00-00:00（開始と終了が同じ） / 空欄にした: 土_診療 00:00-00:00（開始と終了が同じ） / 空欄にした: 月_外来受付 00:00-00:00（開始と終了が同じ） / 空欄にした: 火_外来受付 00:00-00:00（開始と終了が同じ） / 空欄にした: 水_外来受付 00:00-00:00（開始と終了が同じ） / 空欄にした: 木_外来受付 00:00-00:00（開始と終了が同じ） / 空欄にした: 金_外来受付 00:00-00:00（開始と終了が同じ） / 空欄にした: 土_外来受付 00:00-00:00（開始と終了が同じ）"
"3922395501210","08001","歯科","1","09:00","13:00","09:00","13:00","09:00","12:00","09:00","13:00","09:00","13:00","09:00","13:00","","","","","","","","","","","","","","","","","","","","",""
"3922395501210","08001","歯科","2","14:30","18:00","14:30","18:00","","","14:30","18:00","14:30","18:00","14:00","17:00","","","","","","","","","","","","","","","","","","","","",""
"3922395501210","08001","歯科","3","","","","","","","","","","","","","","","","","","","","","","","","","","","","","","","","",""
"3922395501210","08002","矯正歯科","1","09:00","13:00","09:00","13:00","09:00","12:00","09:00","13:00","09:00","13:00","09:00","13:00","","","","","","","","","","","","","","","","","","","","",""
"3922395501210","08002","矯正歯科","2","14:30","18:00","14:30","18:00","","","14:30","18:00","14:30","18:00","14:00","17:00","","","","","","","","","","","","","","","","","","","","",""
"3922395501210","08002","矯正歯科","3","","","","","","","","","","","","","","","","","","","","","","","","","","","","","","","","",""
"3922395501210","08003","歯科口腔外科","1","09:00","13:00","09:00","13:00","09:00","12:00","09:00","13:00","09:00","13:00","09:00","13:00","","","","","","","","","","","","","","","","","","","","",""
"3922395501210","08003","歯科口腔外科","2","14:30","18:00","14:30","18:00","","","14:30","18:00","14:30","18:00","14:00","17:00","","","","","","","","","","","","","","","","","","","","",""
"3922395501210","08003","歯科口腔外科","3","","","","","","","","","","","","","","","","","","","","","","","","","","","","","","","","","空欄にした: 月_診療 00:00-00:00（開始と終了が同じ） / 空欄にした: 火_診療 00:00-00:00（開始と終了が同じ） / 空欄にした: 水_診療 00:00-00:00（開始と終了が同じ） / 空欄にした: 木_診療 00:00-00:00（開始と終了が同じ） / 空欄にした: 金_診療 00:00-00:00（開始と終了が同じ） / 空欄にした: 土_診療 00:00-00:00（開始と終了が同じ） / 空欄にした: 月_外来受付 00:00-00:00（開始と終了が同じ） / 空欄にした: 火_外来受付 00:00-00:00（開始と終了が同じ） / 空欄にした: 水_外来受付 00:00-00:00（開始と終了が同じ） / 空欄にした: 木_外来受付 00:00-00:00（開始と終了が同じ） / 空欄にした: 金_外来受付 00:00-00:00（開始と終了が同じ） / 空欄にした: 土_外来受付 00:00-00:00（開始と終了が同じ）"
"3922395501500","01001","内科","1","08:30","12:00","08:30","12:00","08:30","12:00","08:30","12:00","08:30","12:00","08:30","12:00","","","","","08:30","12:00","08:30","12:00","08:30","12:00","08:30","12:00","08:30","12:00","08:30","12:00","","","","",""
"3922395501500","01001","内科","2","14:00","17:30","14:00","17:30","14:00","17:30","","","14:00","17:30","","","","","","","14:00","17:30","14:00","17:30","14:00","17:30","","","14:00","17:30","","","","","","",""
"3922395501500","01001","内科","3","","","","","","","","","","","","","","","","","","","","","","","","","","","","","","","","",""
"3922395501500","01017","循環器内科","1","08:30","12:00","08:30","12:00","08:30","12:00","08:30","12:00","08:30","12:00","08:30","12:00","","","","","08:30","12:00","08:30","12:00","08:30","12:00","08:30","12:00","08:30","12:00","08:30","12:00","","","","",""
"3922395501500","01017","循環器内科","2","14:00","17:30","14:00","17:30","14:00","17:30","","","14:00","17:30","","","","","","","14:00","17:30","14:00","17:30","14:00","17:30","","","14:00","17:30","","","","","","",""
"3922395501500","01017","循環器内科","3","","","","","","","","","","","","","","","","","","","","","","","","","","","","","","","","",""
"3922395501500","01020","消化器内科","1","08:30","12:00","08:30","12:00","08:30","12:00","08:30","12:00","08:30","12:00","08:30","12:00","","","","","08:30","12:00","08:30","12:00","08:30","12:00","08:30","12:00","08:30","12:00","08:30","12:00","","","","",""
"3922395501500","01020","消化器内科","2","14:00","17:30","14:00","17:30","14:00","17:30","","","14:00","17:30","","","","","","","14:00","17:30","14:00","17:30","14:00","17:30","","","14:00","17:30","","","","","","",""
"3922395501500","01020","消化器内科","3","","","","","","","","","","","","","","","","","","","","","","","","","","","","","","","","",""
"3922395501500","06001","皮膚科","1","08:30","12:00","08:30","12:00","08:30","12:00","08:30","12:00","08:30","12:00","08:30","12:00","","","","","08:30","12:00","08:30","12:00","08:30","12:00","08:30","12:00","08:30","12:00","08:30","12:00","","","","",""
"3922395501500","06001","皮膚科","2","14:00","17:30","14:00","17:30","14:00","17:30","","","14:00","17:30","","","","","","","14:00","17:30","14:00","17:30","14:00","17:30","","","14:00","17:30","","","","","","",""
"3922395501500","06001","皮膚科","3","","","","","","","","","","","","","","","","","","","","","","","","","","","","","","","","",""
"3922395501500","09004","放射線科","1","08:30","12:00","08:30","12:00","08:30","12:00","08:30","12:00","08:30","12:00","08:30","12:00","","","","","08:30","12:00","08:30","12:00","08:30","12:00","08:30","12:00","08:30","12:00","08:30","12:00","","","","",""
"3922395501500","09004","放射線科","2","14:00","17:30","14:00","17:30","14:00","17:30","","","14:00","17:30","","","","","","","14:00","17:30","14:00","17:30","14:00","17:30","","","14:00","17:30","","","","","","",""
"3922395501500","09004","放射線科","3","","","","","","","","","","","","","","","","","","","","","","","","","","","","","","","","",""
"3922395501630","01001","内科","1","09:00","12:30","09:00","12:30","09:00","12:30","09:00","12:30","09:00","12:30","09:00","12:30","","","","","08:30","11:30","08:30","11:30","08:30","11:30","08:30","11:30","08:30","11:30","08:30","11:30","","","","",""
"3922395501630","01001","内科","2","13:30","17:30","13:30","17:30","","","13:30","17:30","13:30","17:30","","","","","","","13:30","17:00","13:30","17:00","","","13:30","17:00","13:30","17:00","","","","","","",""
"3922395501630","01001","内科","3","","","","","","","","","","","","","","","","","","","","","","","","","","","","","","","","",""
"3922395501630","07003","心療内科","1","09:00","12:30","09:00","12:30","09:00","12:30","09:00","12:30","09:00","12:30","09:00","12:30","","","","","08:30","12:00","08:30","12:00","08:30","12:00","08:30","12:00","08:30","12:00","08:30","12:00","","","","",""
"3922395501630","07003","心療内科","2","13:30","17:00","13:30","17:00","","","13:30","17:00","13:30","17:00","","","","","","","13:30","17:00","13:30","17:00","","","13:30","17:00","13:30","17:00","","","","","","",""
"3922395501630","07003","心療内科","3","","","","","","","","","","","","","","","","","","","","","","","","","","","","","","","","",""
"3922395501630","09003","リハビリテーション科","1","09:00","12:30","09:00","12:30","09:00","12:30","09:00","12:30","09:00","12:30","09:00","12:30","","","","","08:30","12:00","08:30","12:00","08:30","12:00","08:30","12:00","08:30","12:00","08:30","12:00","","","","",""
"3922395501630","09003","リハビリテーション科","2","13:30","17:30","13:30","17:30","","","13:30","17:30","13:30","17:30","","","","","","","13:30","17:00","13:30","17:00","","","13:30","17:00","13:30","17:00","","","","","","",""
"3922395501630","09003","リハビリテーション科","3","","","","","","","","","","","","","","","","","","","","","","","","","","","","","","","","",""
"3922395502190","05002","耳鼻いんこう科","1","09:00","12:00","09:00","12:00","09:00","12:00","","","09:00","12:00","09:00","12:00","","","","","08:30","18:30","08:30","18:30","08:30","18:30","","","08:30","18:30","08:30","18:30","","","","",""
"3922395502190","05002","耳鼻いんこう科","2","14:00","18:30","14:00","18:30","14:00","18:30","","","14:00","18:30","14:00","18:30","","","","","","","","","","","","","","","","","","","","",""
"3922395502190","05002","耳鼻いんこう科","3","","","","","","","","","","","","","","","","","","","","","","","","","","","","","","","","",""
"3922395502800","01001","内科","1","09:00","12:00","09:00","12:00","09:00","12:00","09:00","12:00","09:00","12:00","09:00","12:00","","","","","09:00","11:30","09:00","11:30","09:00","11:30","09:00","11:30","09:00","11:30","09:00","11:30","","","","",""
"3922395502800","01001","内科","2","14:00","18:00","14:00","18:00","14:00","18:00","14:00","18:00","14:00","18:00","","","","","","","14:00","17:30","14:00","17:30","14:00","17:30","14:00","17:30","14:00","17:30","","","","","","",""
"3922395502800","01001","内科","3","","","","","","","","","","","","","","","","","","","","","","","","","","","","","","","","",""
"3922395502800","02001","外科","1","09:00","12:00","09:00","12:00","09:00","12:00","09:00","12:00","09:00","12:00","09:00","12:00","","","","","09:00","11:30","09:00","11:30","09:00","11:30","09:00","11:30","09:00","11:30","09:00","11:30","","","","",""
"3922395502800","02001","外科","2","14:00","18:00","14:00","18:00","14:00","18:00","14:00","18:00","14:00","18:00","","","","","","","14:00","17:30","14:00","17:30","14:00","17:30","14:00","17:30","14:00","17:30","","","","","","",""
"3922395502800","02001","外科","3","","","","","","","","","","","","","","","","","","","","","","","","","","","","","","","","",""
"3922395502800","02035","整形外科","1","09:00","12:00","09:00","12:00","09:00","12:00","09:00","12:00","09:00","12:00","09:00","12:00","","","","","09:00","11:30","09:00","11:30","09:00","11:30","09:00","11:30","09:00","11:30","09:00","11:30","","","","",""
"3922395502800","02035","整形外科","2","14:00","18:00","14:00","18:00","14:00","18:00","14:00","18:00","14:00","18:00","","","","","","","14:00","17:30","14:00","17:30","14:00","17:30","14:00","17:30","14:00","17:30","","","","","","",""
"3922395502800","02035","整形外科","3","","","","","","","","","","","","","","","","","","","","","","","","","","","","","","","","",""
"3922395502800","06001","皮膚科","1","09:00","12:00","09:00","12:00","09:00","12:00","09:00","12:00","09:00","12:00","09:00","12:00","","","","","09:00","11:30","09:00","11:30","09:00","11:30","09:00","11:30","09:00","11:30","09:00","11:30","","","","",""
"3922395502800","06001","皮膚科","2","14:00","18:00","14:00","18:00","14:00","18:00","14:00","18:00","14:00","18:00","","","","","","","14:00","17:30","14:00","17:30","14:00","17:30","14:00","17:30","14:00","17:30","","","","","","",""
"3922395502800","06001","皮膚科","3","","","","","","","","","","","","","","","","","","","","","","","","","","","","","","","","",""
"3922395502800","07002","神経科","1","09:00","12:00","09:00","12:00","09:00","12:00","09:00","12:00","09:00","12:00","09:00","12:00","","","","","09:00","11:30","09:00","11:30","09:00","11:30","09:00","11:30","09:00","11:30","09:00","11:30","","","","",""
"3922395502800","07002","神経科","2","14:00","18:00","14:00","18:00","14:00","18:00","14:00","18:00","14:00","18:00","","","","","","","14:00","17:30","14:00","17:30","14:00","17:30","14:00","17:30","14:00","17:30","","","","","","",""
"3922395502800","07002","神経科","3","","","","","","","","","","","","","","","","","","","","","","","","","","","","","","","","",""
"3922395502800","09002","リウマチ科","1","09:00","12:00","09:00","12:00","09:00","12:00","09:00","12:00","09:00","12:00","09:00","12:00","","","","","09:00","11:30","09:00","11:30","09:00","11:30","09:00","11:30","09:00","11:30","09:00","11:30","","","","",""
"3922395502800","09002","リウマチ科","2","14:00","18:00","14:00","18:00","14:00","18:00","14:00","18:00","14:00","18:00","","","","","","","14:00","17:30","14:00","17:30","14:00","17:30","14:00","17:30","14:00","17:30","","","","","","",""
"3922395502800","09002","リウマチ科","3","","","","","","","","","","","","","","","","","","","","","","","","","","","","","","","","",""
"3922395502800","09003","リハビリテーション科","1","09:00","12:00","09:00","12:00","09:00","12:00","09:00","12:00","09:00","12:00","09:00","12:00","","","","","09:00","11:30","09:00","11:30","09:00","11:30","09:00","11:30","09:00","11:30","09:00","11:30","","","","",""
"3922395502800","09003","リハビリテーション科","2","14:00","18:00","14:00","18:00","14:00","18:00","14:00","18:00","14:00","18:00","","","","","","","14:00","17:30","14:00","17:30","14:00","17:30","14:00","17:30","14:00","17:30","","","","","","",""
"3922395502800","09003","リハビリテーション科","3","","","","","","","","","","","","","","","","","","","","","","","","","","","","","","","","",""
"3922395503070","01001","内科","1","09:00","12:30","09:00","12:30","09:00","12:30","09:00","12:30","09:00","12:30","09:00","12:30","","","","","09:00","12:00","09:00","12:00","09:00","12:00","09:00","12:00","09:00","12:00","09:00","12:00","","","","",""
"3922395503070","01001","内科","2","14:30","17:30","14:30","17:30","14:30","17:30","14:30","17:30","14:30","17:30","14:30","17:30","","","","","14:30","17:00","14:30","17:00","14:30","17:00","14:30","17:00","14:30","17:00","14:30","17:00","","","","",""
"3922395503070","01001","内科","3","","","","","","","","","","","","","","","","","","","","","","","","","","","","","","","","",""
"3922395503070","04001","産婦人科","1","09:00","12:30","09:00","12:30","09:00","12:30","09:00","12:30","09:00","12:30","09:00","12:30","","","","","09:00","12:00","09:00","12:00","09:00","12:00","09:00","12:00","09:00","12:00","09:00","12:00","","","","",""
"3922395503070","04001","産婦人科","2","14:30","17:30","14:30","17:30","14:30","17:30","14:30","17:30","14:30","17:30","14:30","17:30","","","","","14:30","17:00","14:30","17:00","14:30","17:00","14:30","17:00","14:30","17:00","14:30","17:00","","","","",""
"3922395503070","04001","産婦人科","3","","","","","","","","","","","","","","","","","","","","","","","","","","","","","","","","",""
"3922395503100","01001","内科","1","09:00","12:00","09:00","12:00","09:00","12:00","09:00","12:00","09:00","12:00","09:00","12:00","","","","","09:00","12:00","09:00","12:00","09:00","12:00","09:00","12:00","09:00","12:00","09:00","12:00","","","","",""
"3922395503100","01001","内科","2","14:00","17:30","14:00","17:30","14:00","17:30","","","14:00","17:30","","","","","","","14:00","17:30","14:00","17:30","14:00","17:30","","","14:00","17:30","","","","","","",""
"3922395503100","01001","内科","3","","","","","","","","","","","","","","","","","","","","","","","","","","","","","","","","",""
"3922395503100","01017","循環器内科","1","09:00","12:00","09:00","12:00","09:00","12:00","09:00","12:00","09:00","12:00","09:00","12:00","","","","","09:00","12:00","09:00","12:00","09:00","12:00","09:00","12:00","09:00","12:00","09:00","12:00","","","","",""
"3922395503100","01017","循環器内科","2","14:00","17:30","14:00","17:30","14:00","17:30","","","14:00","17:30","","","","","","","14:00","17:30","14:00","17:30","14:00","17:30","","","14:00","17:30","","","","","","",""
"3922395503100","01017","循環器内科","3","","","","","","","","","","","","","","","","","","","","","","","","","","","","","","","","",""
"3922395503100","01020","消化器内科","1","09:00","12:00","09:00","12:00","09:00","12:00","09:00","12:00","09:00","12:00","09:00","12:00","","","","","09:00","12:00","09:00","12:00","09:00","12:00","09:00","12:00","09:00","12:00","09:00","12:00","","","","",""
"3922395503100","01020","消化器内科","2","14:00","17:30","14:00","17:30","14:00","17:30","","","14:00","17:30","","","","","","","14:00","17:30","14:00","17:30","14:00","17:30","","","14:00","17:30","","","","","","",""
"3922395503100","01020","消化器内科","3","","","","","","","","","","","","","","","","","","","","","","","","","","","","","","","","",""
"3922395503100","01021","胃腸内科","1","","","","","","","","","","","","","","","","","","","","","","","","","","","","","","","","",""
"3922395503100","01021","胃腸内科","2","","","","","","","","","","","","","","","","","","","","","","","","","","","","","","","","",""
"3922395503100","01021","胃腸内科","3","","","","","","","","","","","","","","","","","","","","","","","","","","","","","","","","",""
"3922395503100","03001","小児科","1","09:00","12:00","09:00","12:00","09:00","12:00","09:00","12:00","09:00","12:00","09:00","12:00","","","","","09:00","12:00","09:00","12:00","09:00","12:00","09:00","12:00","09:00","12:00","09:00","12:00","","","","",""
"3922395503100","03001","小児科","2","14:00","17:30","14:00","17:30","09:00","17:30","","","14:00","17:30","","","","","","","14:00","17:30","14:00","17:30","14:00","17:30","","","14:00","17:30","","","","","","",""
"3922395503100","03001","小児科","3","","","","","","","","","","","","","","","","","","","","","","","","","","","","","","","","",""
"3922395503230","01001","内科","1","09:00","12:30","09:00","12:30","09:00","12:30","09:00","12:30","09:00","12:30","09:00","12:30","","","","","09:00","12:00","09:00","12:00","09:00","12:00","09:00","12:00","09:00","12:00","09:00","12:00","","","","",""
"3922395503230","01001","内科","2","15:00","17:30","","","15:00","17:30","","","15:00","17:30","14:00","17:30","","","","","15:00","17:00","","","15:00","17:00","","","15:00","17:00","14:00","17:00","","","","",""
"3922395503230","01001","内科","3","","","","","","","","","","","","","","","","","","","","","","","","","","","","","","","","",""
"3922395503230","01007","代謝内科","1","","","","","","","","","","","","","","","","","","","","","","","","","","","","","","","","",""
"3922395503230","01007","代謝内科","2","","","","","","","","","","","14:00","17:30","","","","","","","","","","","","","","","14:00","17:00","","","","",""
"3922395503230","01007","代謝内科","3","","","","","","","","","","","","","","","","","","","","","","","","","","","","","","","","",""
"3922395503230","01008","内分泌内科","1","","","","","","","","","","","","","","","","","","","","","","","","","","","","","","","","",""
"3922395503230","01008","内分泌内科","2","","","","","","","","","","","14:00","17:30","","","","","","","","","","","","","","","14:00","17:00","","","","",""
"3922395503230","01008","内分泌内科","3","","","","","","","","","","","","","","","","","","","","","","","","","","","","","","","","",""
"3922395503230","01014","呼吸器内科","1","09:00","12:30","09:00","12:30","09:00","12:30","09:00","12:30","09:00","12:30","09:00","12:30","","","","","09:00","12:00","09:00","12:00","09:00","12:00","09:00","12:00","09:00","12:00","09:00","12:00","","","","",""
"3922395503230","01014","呼吸器内科","2","15:00","17:30","","","15:00","17:30","","","15:00","17:30","","","","","","","15:00","17:00","","","15:00","17:00","","","15:00","17:00","","","","","","",""
"3922395503230","01014","呼吸器内科","3","","","","","","","","","14:00","17:30","14:00","17:30","","","","","","","","","","","","","","","14:00","17:00","","","","",""
"3922395503230","01017","循環器内科","1","09:00","12:30","09:00","12:30","09:00","12:30","09:00","12:30","09:00","12:30","09:00","12:30","","","","","09:00","12:00","09:00","12:00","09:00","12:00","09:00","12:00","09:00","12:00","09:00","12:00","","","","",""
"3922395503230","01017","循環器内科","2","15:00","17:30","","","15:00","17:30","","","15:00","17:30","","","","","","","15:00","17:00","","","15:00","17:00","","","15:00","17:00","","","","","","",""
"3922395503230","01017","循環器内科","3","","","","","","","","","","","14:00","17:30","","","","","","","","","","","","","","","14:00","17:00","","","","",""
"3922395503230","01020","消化器内科","1","09:00","12:30","09:00","12:30","09:00","12:30","09:00","12:30","09:00","12:30","09:00","12:30","","","","","09:00","12:00","09:00","12:00","09:00","12:00","09:00","12:00","09:00","12:00","09:00","12:00","","","","",""
"3922395503230","01020","消化器内科","2","15:00","17:30","","","15:00","17:30","","","15:00","17:30","","","","","","","15:00","17:00","","","15:00","17:00","","","15:00","17:00","","","","","","",""
"3922395503230","01020","消化器内科","3","","","","","","","","","","","14:00","17:30","","","","","","","","","","","","","","","14:00","17:00","","","","",""
"3922395503230","09002","リウマチ科","1","","","","","","","","","","","","","","","","","","","","","","","","","","","","","","","","",""
"3922395503230","09002","リウマチ科","2","","","","","","","","","","","14:00","17:30","","","","","","","","","","","","","","","14:00","17:00","","","","",""
"3922395503230","09002","リウマチ科","3","","","","","","","","","","","","","","","","","","","","","","","","","","","","","","","","",""
"3922395503360","01001","内科","1","08:30","12:00","08:30","12:00","","","08:30","12:00","08:30","12:00","08:30","12:00","","","","","08:30","11:30","08:30","11:30","","","08:30","11:30","08:30","11:30","08:30","11:30","","","","",""
"3922395503360","01001","内科","2","14:00","17:00","14:00","17:00","","","14:00","17:00","14:00","17:00","","","","","","","14:00","16:30","14:00","16:30","","","14:00","16:30","14:00","16:30","","","","","","",""
"3922395503360","01001","内科","3","","","","","","","","","","","","","","","","","","","","","","","","","","","","","","","","","空欄にした: 月_診療 00:00-00:00（開始と終了が同じ） / 空欄にした: 火_診療 00:00-00:00（開始と終了が同じ） / 空欄にした: 水_診療 00:00-00:00（開始と終了が同じ） / 空欄にした: 木_診療 00:00-00:00（開始と終了が同じ） / 空欄にした: 金_診療 00:00-00:00（開始と終了が同じ） / 空欄にした: 土_診療 00:00-00:00（開始と終了が同じ） / 空欄にした: 月_外来受付 00:00-00:00（開始と終了が同じ） / 空欄にした: 火_外来受付 00:00-00:00（開始と終了が同じ） / 空欄にした: 水_外来受付 00:00-00:00（開始と終了が同じ） / 空欄にした: 木_外来受付 00:00-00:00（開始と終了が同じ） / 空欄にした: 金_外来受付 00:00-00:00（開始と終了が同じ） / 空欄にした: 土_外来受付 00:00-00:00（開始と終了が同じ）"
"3922395503360","01017","循環器内科","1","08:30","12:00","08:30","12:00","","","08:30","12:00","08:30","12:00","08:30","12:00","","","","","08:30","11:30","08:30","11:30","","","08:30","11:30","08:30","11:30","08:30","11:30","","","","",""
"3922395503360","01017","循環器内科","2","14:00","17:00","14:00","17:00","","","14:00","17:00","14:00","17:00","","","","","","","14:00","16:30","14:00","16:30","","","14:00","16:30","14:00","16:30","","","","","","",""
"3922395503360","01017","循環器内科","3","","","","","","","","","","","","","","","","","","","","","","","","","","","","","","","","","空欄にした: 月_診療 00:00-00:00（開始と終了が同じ） / 空欄にした: 火_診療 00:00-00:00（開始と終了が同じ） / 空欄にした: 水_診療 00:00-00:00（開始と終了が同じ） / 空欄にした: 木_診療 00:00-00:00（開始と終了が同じ） / 空欄にした: 金_診療 00:00-00:00（開始と終了が同じ） / 空欄にした: 土_診療 00:00-00:00（開始と終了が同じ） / 空欄にした: 月_外来受付 00:00-00:00（開始と終了が同じ） / 空欄にした: 火_外来受付 00:00-00:00（開始と終了が同じ） / 空欄にした: 水_外来受付 00:00-00:00（開始と終了が同じ） / 空欄にした: 木_外来受付 00:00-00:00（開始と終了が同じ） / 空欄にした: 金_外来受付 00:00-00:00（開始と終了が同じ） / 空欄にした: 土_外来受付 00:00-00:00（開始と終了が同じ）"
"3922395503360","01020","消化器内科","1","08:30","12:00","08:30","12:00","","","08:30","12:00","08:30","12:00","08:30","12:00","","","","","08:30","11:30","08:30","11:30","","","08:30","11:30","08:30","11:30","08:30","11:30","","","","",""
"3922395503360","01020","消化器内科","2","14:00","17:00","14:00","17:00","","","14:00","17:00","14:00","17:00","","","","","","","14:00","16:30","14:00","16:30","","","14:00","16:30","14:00","16:30","","","","","","",""
"3922395503360","01020","消化器内科","3","","","","","","","","","","","","","","","","","","","","","","","","","","","","","","","","","空欄にした: 月_診療 00:00-00:00（開始と終了が同じ） / 空欄にした: 火_診療 00:00-00:00（開始と終了が同じ） / 空欄にした: 水_診療 00:00-00:00（開始と終了が同じ） / 空欄にした: 木_診療 00:00-00:00（開始と終了が同じ） / 空欄にした: 金_診療 00:00-00:00（開始と終了が同じ） / 空欄にした: 土_診療 00:00-00:00（開始と終了が同じ） / 空欄にした: 月_外来受付 00:00-00:00（開始と終了が同じ） / 空欄にした: 火_外来受付 00:00-00:00（開始と終了が同じ） / 空欄にした: 水_外来受付 00:00-00:00（開始と終了が同じ） / 空欄にした: 木_外来受付 00:00-00:00（開始と終了が同じ） / 空欄にした: 金_外来受付 00:00-00:00（開始と終了が同じ） / 空欄にした: 土_外来受付 00:00-00:00（開始と終了が同じ）"
"3922395503360","03001","小児科","1","08:30","12:00","08:30","12:00","","","08:30","12:00","08:30","12:00","08:30","12:00","","","","","08:30","11:30","08:30","11:30","","","08:30","11:30","08:30","11:30","08:30","11:30","","","","",""
"3922395503360","03001","小児科","2","14:00","17:00","14:00","17:00","","","14:00","17:00","14:00","17:00","","","","","","","14:00","16:30","14:00","16:30","","","14:00","16:30","14:00","16:30","","","","","","",""
"3922395503360","03001","小児科","3","","","","","","","","","","","","","","","","","","","","","","","","","","","","","","","","","空欄にした: 月_診療 00:00-00:00（開始と終了が同じ） / 空欄にした: 火_診療 00:00-00:00（開始と終了が同じ） / 空欄にした: 水_診療 00:00-00:00（開始と終了が同じ） / 空欄にした: 木_診療 00:00-00:00（開始と終了が同じ） / 空欄にした: 金_診療 00:00-00:00（開始と終了が同じ） / 空欄にした: 土_診療 00:00-00:00（開始と終了が同じ） / 空欄にした: 月_外来受付 00:00-00:00（開始と終了が同じ） / 空欄にした: 火_外来受付 00:00-00:00（開始と終了が同じ） / 空欄にした: 水_外来受付 00:00-00:00（開始と終了が同じ） / 空欄にした: 木_外来受付 00:00-00:00（開始と終了が同じ） / 空欄にした: 金_外来受付 00:00-00:00（開始と終了が同じ） / 空欄にした: 土_外来受付 00:00-00:00（開始と終了が同じ）"
"3922395503490","01001","内科","1","08:30","12:00","08:30","12:00","08:30","12:00","08:30","12:00","08:30","12:00","08:30","12:00","","","","","08:30","11:30","08:30","11:30","08:30","11:30","08:30","11:30","08:30","11:30","08:30","11:30","","","","",""
"3922395503490","01001","内科","2","13:30","17:30","13:30","17:30","13:30","17:30","13:30","17:30","13:30","17:30","","","","","","","13:30","17:00","13:30","17:00","13:30","17:00","13:30","17:00","13:30","17:00","","","","","","",""
"3922395503490","01001","内科","3","","","","","","","","","","","","","","","","","","","","","","","","","","","","","","","","",""
"3922395503490","01014","呼吸器内科","1","","","","","","","","","","","","","","","","","","","","","","","","","","","","","","","","",""
"3922395503490","01014","呼吸器内科","2","","","","","","","","","","","","","","","","","","","","","","","","","","","","","","","","",""
"3922395503490","01014","呼吸器内科","3","","","","","","","","","","","","","","","","","","","","","","","","","","","","","","","","",""
"3922395503490","01017","循環器内科","1","","","","","","","","","","","","","","","","","","","","","","","","","","","","","","","","",""
"3922395503490","01017","循環器内科","2","","","","","","","","","","","","","","","","","","","","","","","","","","","","","","","","",""
"3922395503490","01017","循環器内科","3","","","","","","","","","","","","","","","","","","","","","","","","","","","","","","","","",""
"3922395503490","01020","消化器内科","1","","","","","","","","","","","","","","","","","","","","","","","","","","","","","","","","",""
"3922395503490","01020","消化器内科","2","","","","","","","","","","","","","","","","","","","","","","","","","","","","","","","","",""
"3922395503490","01020","消化器内科","3","","","","","","","","","","","","","","","","","","","","","","","","","","","","","","","","",""
"3922395503490","03001","小児科","1","08:30","12:00","08:30","12:00","08:30","12:00","08:30","12:00","08:30","12:00","08:30","12:00","","","","","08:30","11:30","08:30","11:30","08:30","11:30","08:30","11:30","08:30","11:30","08:30","11:30","","","","",""
"3922395503490","03001","小児科","2","13:30","17:30","13:30","17:30","13:30","17:30","13:30","17:30","13:30","17:30","","","","","","","13:30","17:00","13:30","17:00","13:30","17:00","13:30","17:00","13:30","17:00","","","","","","",""
"3922395503490","03001","小児科","3","","","","","","","","","","","","","","","","","","","","","","","","","","","","","","","","",""
"3922395503490","09004","放射線科","1","08:30","12:00","08:30","12:00","08:30","12:00","08:30","12:00","08:30","12:00","08:30","12:00","","","","","08:30","11:30","08:30","11:30","08:30","11:30","08:30","11:30","08:30","11:30","08:30","11:30","","","","",""
"3922395503490","09004","放射線科","2","13:30","17:30","13:30","17:30","13:30","17:30","13:30","17:30","13:30","17:30","","","","","","","13:30","17:00","13:30","17:00","13:30","17:00","13:30","17:00","13:30","17:00","","","","","","",""
"3922395503490","09004","放射線科","3","","","","","","","","","","","","","","","","","","","","","","","","","","","","","","","","",""
"3922395503650","01001","内科","1","09:00","12:30","09:00","12:30","09:00","12:30","09:00","12:30","09:00","12:30","09:00","12:30","","","","","09:00","12:30","09:00","12:30","09:00","12:30","09:00","12:30","09:00","12:30","09:00","12:30","","","","",""
"3922395503650","01001","内科","2","15:00","17:00","15:00","17:00","15:00","17:00","","","15:00","17:00","","","","","","","15:00","17:00","15:00","17:00","15:00","17:00","","","15:00","17:00","","","","","","",""
"3922395503650","01001","内科","3","","","","","","","","","","","","","","","","","","","","","","","","","","","","","","","","",""
"3922395503650","02001","外科","1","09:00","12:30","09:00","12:30","09:00","12:30","09:00","12:30","09:00","12:30","09:00","12:30","","","","","09:00","12:30","09:00","12:30","09:00","12:30","09:00","12:30","09:00","12:30","09:00","12:30","","","","",""
"3922395503650","02001","外科","2","15:00","17:00","15:00","17:00","15:00","17:00","","","15:00","17:00","","","","","","","15:00","17:00","15:00","17:00","15:00","17:00","","","15:00","17:00","","","","","","",""
"3922395503650","02001","外科","3","","","","","","","","","","","","","","","","","","","","","","","","","","","","","","","","",""
"3922395503650","02035","整形外科","1","09:00","12:30","09:00","12:30","09:00","12:30","09:00","12:30","09:00","12:30","09:00","12:30","","","","","09:00","12:30","09:00","12:30","09:00","12:30","09:00","12:30","09:00","12:30","09:00","12:30","","","","",""
"3922395503650","02035","整形外科","2","15:00","17:00","15:00","17:00","15:00","17:00","","","15:00","17:00","","","","","","","15:00","17:00","15:00","17:00","15:00","17:00","","","15:00","17:00","","","","","","",""
"3922395503650","02035","整形外科","3","","","","","","","","","","","","","","","","","","","","","","","","","","","","","","","","",""
"3922395503650","02036","形成外科","1","09:00","12:30","09:00","12:30","09:00","12:30","09:00","12:30","09:00","12:30","09:00","12:30","","","","","09:00","12:30","09:00","12:30","09:00","12:30","09:00","12:30","09:00","12:30","09:00","12:30","","","","",""
"3922395503650","02036","形成外科","2","15:00","17:00","15:00","17:00","15:00","17:00","","","15:00","17:00","","","","","","","15:00","17:00","15:00","17:00","15:00","17:00","","","15:00","17:00","","","","","","",""
"3922395503650","02036","形成外科","3","","","","","","","","","","","","","","","","","","","","","","","","","","","","","","","","",""
"3922395503650","03001","小児科","1","09:00","12:30","09:00","12:30","09:00","12:30","09:00","12:30","09:00","12:30","09:00","12:30","","","","","09:00","12:30","09:00","12:30","09:00","12:30","09:00","12:30","09:00","12:30","09:00","12:30","","","","",""
"3922395503650","03001","小児科","2","15:00","17:00","15:00","17:00","15:00","17:00","","","15:00","17:00","","","","","","","15:00","17:00","15:00","17:00","15:00","17:00","","","15:00","17:00","","","","","","",""
"3922395503650","03001","小児科","3","","","","","","","","","","","","","","","","","","","","","","","","","","","","","","","","",""
"3922395503650","09003","リハビリテーション科","1","09:00","12:30","09:00","12:30","09:00","12:30","09:00","12:30","09:00","12:30","09:00","12:30","","","","","09:00","12:30","09:00","12:30","09:00","12:30","09:00","12:30","09:00","12:30","09:00","12:30","","","","",""
"3922395503650","09003","リハビリテーション科","2","15:00","17:00","15:00","17:00","15:00","17:00","","","15:00","17:00","","","","","","","15:00","17:00","15:00","17:00","15:00","17:00","","","15:00","17:00","","","","","","",""
"3922395503650","09003","リハビリテーション科","3","","","","","","","","","","","","","","","","","","","","","","","","","","","","","","","","",""
"3922395504370","01001","内科","1","08:30","12:30","08:30","12:30","08:30","12:30","08:30","12:30","08:30","12:30","08:30","12:30","","","","","08:30","12:30","08:30","12:30","08:30","12:30","08:30","12:30","08:30","12:30","08:30","12:30","","","","",""
"3922395504370","01001","内科","2","14:00","18:00","14:00","18:00","14:00","18:00","15:00","18:00","14:00","18:00","13:30","15:00","","","","","14:00","18:00","14:00","18:00","14:00","18:00","15:00","18:00","14:00","18:00","13:30","15:00","","","","",""
"3922395504370","01001","内科","3","","","","","","","","","","","","","","","","","","","","","","","","","","","","","","","","",""
"3922395504370","01014","呼吸器内科","1","08:30","12:30","08:30","12:30","08:30","12:30","08:30","12:30","08:30","12:30","08:30","12:30","","","","","08:30","12:30","08:30","12:30","08:30","12:30","08:30","12:30","08:30","12:30","08:30","12:30","","","","",""
"3922395504370","01014","呼吸器内科","2","14:00","18:00","14:00","18:00","14:00","18:00","15:00","18:00","14:00","18:00","13:30","15:00","","","","","14:00","18:00","14:00","18:00","14:00","18:00","15:00","18:00","14:00","18:00","13:30","15:00","","","","",""
"3922395504370","01014","呼吸器内科","3","","","","","","","","","","","","","","","","","","","","","","","","","","","","","","","","",""
"3922395504370","01017","循環器内科","1","08:30","12:30","08:30","12:30","08:30","12:30","08:30","12:30","08:30","12:30","08:30","12:30","","","","","08:30","12:30","08:30","12:30","08:30","12:30","08:30","12:30","08:30","12:30","08:30","12:30","","","","",""
"3922395504370","01017","循環器内科","2","14:00","18:00","14:00","18:00","14:00","18:00","15:00","18:00","14:00","18:00","13:30","15:00","","","","","14:00","18:00","14:00","18:00","14:00","18:00","15:00","18:00","14:00","18:00","13:30","15:00","","","","",""
"3922395504370","01017","循環器内科","3","","","","","","","","","","","","","","","","","","","","","","","","","","","","","","","","",""
"3922395504370","01021","胃腸内科","1","08:30","12:30","08:30","12:30","08:30","12:30","08:30","12:30","08:30","12:30","08:30","12:30","","","","","08:30","12:30","08:30","12:30","08:30","12:30","08:30","12:30","08:30","12:30","08:30","12:30","","","","",""
"3922395504370","01021","胃腸内科","2","14:00","18:00","14:00","18:00","14:00","18:00","15:00","18:00","14:00","18:00","13:30","15:00","","","","","14:00","18:00","14:00","18:00","14:00","18:00","15:00","18:00","14:00","18:00","13:30","15:00","","","","",""
"3922395504370","01021","胃腸内科","3","","","","","","","","","","","","","","","","","","","","","","","","","","","","","","","","",""
"3922395504370","03001","小児科","1","08:30","12:30","08:30","12:30","08:30","12:30","08:30","12:30","08:30","12:30","08:30","12:30","","","","","08:30","12:30","08:30","12:30","08:30","12:30","08:30","12:30","08:30","12:30","08:30","12:30","","","","",""
"3922395504370","03001","小児科","2","14:00","18:00","14:00","18:00","14:00","18:00","15:00","18:00","14:00","18:00","13:30","15:00","","","","","14:00","18:00","14:00","18:00","14:00","18:00","15:00","18:00","14:00","18:00","13:30","15:00","","","","",""
"3922395504370","03001","小児科","3","","","","","","","","","","","","","","","","","","","","","","","","","","","","","","","","",""
"3922395504370","07001","精神科","1","","","","","","","","","","","","","","","","","","","","","","","","","","","","","","","","",""
"3922395504370","07001","精神科","2","","","","","","","","","","","","","","","","","","","","","","","","","","","","","","","","",""
"3922395504370","07001","精神科","3","","","","","","","","","","","","","","","","","","","","","","","","","","","","","","","","",""
"3922395504370","07003","心療内科","1","","","09:00","12:00","09:00","12:00","","","09:00","12:00","09:00","12:00","","","","","","","09:00","11:30","09:00","11:30","","","09:00","11:30","09:00","11:30","","","","",""
"3922395504370","07003","心療内科","2","","","","","","","","","","","","","","","","","","","","","","","","","","","","","","","","",""
"3922395504370","07003","心療内科","3","","","","","","","","","","","","","","","","","","","","","","","","","","","","","","","","",""
"3922395504370","09003","リハビリテーション科","1","08:30","12:30","08:30","12:30","08:30","12:30","08:30","12:30","08:30","12:30","08:30","12:30","","","","","08:30","12:30","08:30","12:30","08:30","12:30","08:30","12:30","08:30","12:30","08:30","12:30","","","","",""
"3922395504370","09003","リハビリテーション科","2","14:00","18:00","14:00","18:00","14:00","18:00","15:00","18:00","14:00","18:00","13:30","15:00","","","","","14:00","18:00","14:00","18:00","14:00","18:00","15:00","18:00","14:00","18:00","13:30","15:00","","","","",""
"3922395504370","09003","リハビリテーション科","3","","","","","","","","","","","","","","","","","","","","","","","","","","","","","","","","",""
"3922395504400","01001","内科","1","09:00","12:00","09:00","12:00","09:00","12:00","09:00","12:00","09:00","12:00","","","","","","","09:00","12:00","09:00","12:00","09:00","12:00","09:00","12:00","09:00","12:00","","","","","","",""
"3922395504400","01001","内科","2","15:00","17:00","15:00","17:00","15:00","17:00","15:00","17:00","15:00","17:00","","","","","","","15:00","17:00","15:00","17:00","15:00","17:00","15:00","17:00","15:00","17:00","","","","","","",""
"3922395504400","01001","内科","3","","","","","","","","","","","","","","","","","","","","","","","","","","","","","","","","","空欄にした: 月_診療 00:00-00:00（開始と終了が同じ） / 空欄にした: 火_診療 00:00-00:00（開始と終了が同じ） / 空欄にした: 水_診療 00:00-00:00（開始と終了が同じ） / 空欄にした: 木_診療 00:00-00:00（開始と終了が同じ） / 空欄にした: 月_外来受付 00:00-00:00（開始と終了が同じ） / 空欄にした: 火_外来受付 00:00-00:00（開始と終了が同じ） / 空欄にした: 水_外来受付 00:00-00:00（開始と終了が同じ） / 空欄にした: 木_外来受付 00:00-00:00（開始と終了が同じ）"
"3922395504400","01025","神経内科","1","09:00","12:00","09:00","12:00","09:00","12:00","09:00","12:00","09:00","12:00","","","","","","","09:00","12:00","09:00","12:00","09:00","12:00","09:00","12:00","09:00","12:00","","","","","","",""
"3922395504400","01025","神経内科","2","15:00","17:00","15:00","17:00","15:00","17:00","15:00","17:00","15:00","17:00","","","","","","","15:00","17:00","15:00","17:00","15:00","17:00","15:00","17:00","15:00","17:00","","","","","","",""
"3922395504400","01025","神経内科","3","","","","","","","","","","","","","","","","","","","","","","","","","","","","","","","","","空欄にした: 月_診療 00:00-00:00（開始と終了が同じ） / 空欄にした: 火_診療 00:00-00:00（開始と終了が同じ） / 空欄にした: 水_診療 00:00-00:00（開始と終了が同じ） / 空欄にした: 木_診療 00:00-00:00（開始と終了が同じ） / 空欄にした: 金_診療 00:00-00:00（開始と終了が同じ） / 空欄にした: 月_外来受付 00:00-00:00（開始と終了が同じ） / 空欄にした: 火_外来受付 00:00-00:00（開始と終了が同じ） / 空欄にした: 水_外来受付 00:00-00:00（開始と終了が同じ） / 空欄にした: 木_外来受付 00:00-00:00（開始と終了が同じ） / 空欄にした: 金_外来受付 00:00-00:00（開始と終了が同じ）"
"3922395504400","03001","小児科","1","09:00","12:00","09:00","12:00","09:00","12:00","09:00","12:00","09:00","12:00","","","","","","","09:00","12:00","09:00","12:00","09:00","12:00","09:00","12:00","09:00","12:00","","","","","","",""
"3922395504400","03001","小児科","2","15:00","17:00","15:00","17:00","15:00","17:00","15:00","17:00","15:00","17:00","","","","","","","15:00","17:00","15:00","17:00","15:00","17:00","15:00","17:00","15:00","17:00","","","","","","",""
"3922395504400","03001","小児科","3","","","","","","","","","","","","","","","","","","","","","","","","","","","","","","","","","空欄にした: 月_診療 00:00-00:00（開始と終了が同じ） / 空欄にした: 火_診療 00:00-00:00（開始と終了が同じ） / 空欄にした: 水_診療 00:00-00:00（開始と終了が同じ） / 空欄にした: 木_診療 00:00-00:00（開始と終了が同じ） / 空欄にした: 金_診療 00:00-00:00（開始と終了が同じ） / 空欄にした: 月_外来受付 00:00-00:00（開始と終了が同じ） / 空欄にした: 火_外来受付 00:00-00:00（開始と終了が同じ） / 空欄にした: 水_外来受付 00:00-00:00（開始と終了が同じ） / 空欄にした: 木_外来受付 00:00-00:00（開始と終了が同じ） / 空欄にした: 金_外来受付 00:00-00:00（開始と終了が同じ）"
"3922395504400","09003","リハビリテーション科","1","09:00","12:00","09:00","12:00","09:00","12:00","09:00","12:00","09:00","12:00","","","","","","","09:00","12:00","09:00","12:00","09:00","12:00","09:00","12:00","09:00","12:00","","","","","","",""
"3922395504400","09003","リハビリテーション科","2","15:00","17:00","15:00","17:00","15:00","17:00","15:00","17:00","15:00","17:00","","","","","","","15:00","17:00","15:00","17:00","15:00","17:00","15:00","17:00","15:00","17:00","","","","","","",""
"3922395504400","09003","リハビリテーション科","3","","","","","","","","","","","","","","","","","","","","","","","","","","","","","","","","","空欄にした: 月_診療 00:00-00:00（開始と終了が同じ） / 空欄にした: 火_診療 00:00-00:00（開始と終了が同じ） / 空欄にした: 水_診療 00:00-00:00（開始と終了が同じ） / 空欄にした: 木_診療 00:00-00:00（開始と終了が同じ） / 空欄にした: 金_診療 00:00-00:00（開始と終了が同じ） / 空欄にした: 月_外来受付 00:00-00:00（開始と終了が同じ） / 空欄にした: 火_外来受付 00:00-00:00（開始と終了が同じ） / 空欄にした: 水_外来受付 00:00-00:00（開始と終了が同じ） / 空欄にした: 木_外来受付 00:00-00:00（開始と終了が同じ） / 空欄にした: 金_外来受付 00:00-00:00（開始と終了が同じ）"
"3922395504790","01001","内科","1","08:30","11:50","08:30","12:00","08:30","11:50","08:30","12:00","08:30","11:50","08:30","12:00","","","","","08:30","11:50","08:30","11:50","08:30","11:50","08:30","12:00","08:30","11:50","08:30","12:00","","","","",""
"3922395504790","01001","内科","2","14:00","17:30","","","14:00","17:30","","","14:00","17:30","","","","","","","14:00","17:30","14:00","17:30","14:00","17:30","","","14:00","17:30","","","","","","",""
"3922395504790","01001","内科","3","","","","","","","","","","","","","","","","","","","","","","","","","","","","","","","","",""
"3922395504790","01020","消化器内科","1","08:30","11:50","08:30","11:50","08:30","11:50","08:30","12:00","08:30","11:50","08:30","12:00","","","","","08:30","11:50","08:30","11:50","08:30","11:50","08:30","12:00","08:30","11:50","08:30","12:00","","","","",""
"3922395504790","01020","消化器内科","2","14:00","17:30","14:00","17:30","14:00","17:30","","","14:00","17:30","","","","","","","14:00","17:30","14:00","17:30","14:00","17:30","","","14:00","17:30","","","","","","",""
"3922395504790","01020","消化器内科","3","","","","","","","","","","","","","","","","","","","","","","","","","","","","","","","","",""
"3922395505410","05001","眼科","1","09:00","12:30","09:00","12:30","09:00","12:30","09:00","12:30","09:00","12:30","09:00","12:30","","","","","06:00","11:30","06:00","11:30","06:00","11:30","06:00","11:30","06:00","11:30","06:00","11:30","","","","",""
"3922395505410","05001","眼科","2","14:00","17:30","","","14:00","17:30","","","14:00","17:30","","","","","","","13:30","16:30","","","13:30","16:30","","","13:30","16:30","","","","","","",""
"3922395505410","05001","眼科","3","","","","","","","","","","","","","","","","","","","","","","","","","","","","","","","","",""
"3922395505700","01001","内科","1","08:30","12:00","08:30","12:00","08:30","12:00","08:30","12:00","08:30","12:00","08:30","12:00","","","","","08:30","12:00","08:30","12:00","08:30","12:00","08:30","12:00","08:30","12:00","08:30","12:00","","","","",""
"3922395505700","01001","内科","2","13:00","17:00","13:00","17:00","13:00","17:00","","","13:00","17:00","","","","","","","13:00","17:00","13:00","17:00","13:00","17:00","","","13:00","17:00","","","","","","","空欄にした: 木_診療 00:00-00:00（開始と終了が同じ） / 空欄にした: 土_診療 00:00-00:00（開始と終了が同じ） / 空欄にした: 木_外来受付 00:00-00:00（開始と終了が同じ） / 空欄にした: 土_外来受付 00:00-00:00（開始と終了が同じ）"
"3922395505700","01001","内科","3","","","","","","","","","","","","","","","","","","","","","","","","","","","","","","","","","空欄にした: 月_診療 00:00-00:00（開始と終了が同じ） / 空欄にした: 火_診療 00:00-00:00（開始と終了が同じ） / 空欄にした: 水_診療 00:00-00:00（開始と終了が同じ） / 空欄にした: 木_診療 00:00-00:00（開始と終了が同じ） / 空欄にした: 金_診療 00:00-00:00（開始と終了が同じ） / 空欄にした: 土_診療 00:00-00:00（開始と終了が同じ） / 空欄にした: 月_外来受付 00:00-00:00（開始と終了が同じ） / 空欄にした: 火_外来受付 00:00-00:00（開始と終了が同じ） / 空欄にした: 水_外来受付 00:00-00:00（開始と終了が同じ） / 空欄にした: 木_外来受付 00:00-00:00（開始と終了が同じ） / 空欄にした: 金_外来受付 00:00-00:00（開始と終了が同じ） / 空欄にした: 土_外来受付 00:00-00:00（開始と終了が同じ）"
"3922395505700","02001","外科","1","08:30","12:00","08:30","12:00","08:30","12:00","08:30","12:00","08:30","12:00","08:30","12:00","","","","","08:30","12:00","08:30","12:00","08:30","12:00","08:30","12:00","08:30","12:00","08:30","12:00","","","","",""
"3922395505700","02001","外科","2","13:00","17:00","13:00","17:00","13:00","17:00","","","13:00","17:00","","","","","","","13:00","17:00","13:00","17:00","13:00","17:00","","","13:00","17:00","","","","","","","空欄にした: 木_診療 00:00-00:00（開始と終了が同じ） / 空欄にした: 土_診療 00:00-00:00（開始と終了が同じ） / 空欄にした: 木_外来受付 00:00-00:00（開始と終了が同じ） / 空欄にした: 土_外来受付 00:00-00:00（開始と終了が同じ）"
"3922395505700","02001","外科","3","","","","","","","","","","","","","","","","","","","","","","","","","","","","","","","","","空欄にした: 月_診療 00:00-00:00（開始と終了が同じ） / 空欄にした: 火_診療 00:00-00:00（開始と終了が同じ） / 空欄にした: 水_診療 00:00-00:00（開始と終了が同じ） / 空欄にした: 木_診療 00:00-00:00（開始と終了が同じ） / 空欄にした: 金_診療 00:00-00:00（開始と終了が同じ） / 空欄にした: 土_診療 00:00-00:00（開始と終了が同じ） / 空欄にした: 月_外来受付 00:00-00:00（開始と終了が同じ） / 空欄にした: 火_外来受付 00:00-00:00（開始と終了が同じ） / 空欄にした: 水_外来受付 00:00-00:00（開始と終了が同じ） / 空欄にした: 木_外来受付 00:00-00:00（開始と終了が同じ） / 空欄にした: 金_外来受付 00:00-00:00（開始と終了が同じ） / 空欄にした: 土_外来受付 00:00-00:00（開始と終了が同じ）"
"3922395505700","02002","脳神経外科","1","08:30","12:00","08:30","12:00","08:30","12:00","08:30","12:00","08:30","12:00","08:30","12:00","","","","","08:30","12:00","08:30","12:00","08:30","12:00","08:30","12:00","08:30","12:00","08:30","12:00","","","","",""
"3922395505700","02002","脳神経外科","2","13:00","17:00","13:00","17:00","13:00","17:00","","","13:00","17:00","","","","","","","13:00","17:00","13:00","17:00","13:00","17:00","","","13:00","17:00","","","","","","","空欄にした: 木_診療 00:00-00:00（開始と終了が同じ） / 空欄にした: 土_診療 00:00-00:00（開始と終了が同じ） / 空欄にした: 木_外来受付 00:00-00:00（開始と終了が同じ） / 空欄にした: 土_外来受付 00:00-00:00（開始と終了が同じ）"
"3922395505700","02002","脳神経外科","3","","","","","","","","","","","","","","","","","","","","","","","","","","","","","","","","","空欄にした: 月_診療 00:00-00:00（開始と終了が同じ） / 空欄にした: 火_診療 00:00-00:00（開始と終了が同じ） / 空欄にした: 水_診療 00:00-00:00（開始と終了が同じ） / 空欄にした: 木_診療 00:00-00:00（開始と終了が同じ） / 空欄にした: 金_診療 00:00-00:00（開始と終了が同じ） / 空欄にした: 土_診療 00:00-00:00（開始と終了が同じ） / 空欄にした: 月_外来受付 00:00-00:00（開始と終了が同じ） / 空欄にした: 火_外来受付 00:00-00:00（開始と終了が同じ） / 空欄にした: 水_外来受付 00:00-00:00（開始と終了が同じ） / 空欄にした: 木_外来受付 00:00-00:00（開始と終了が同じ） / 空欄にした: 金_外来受付 00:00-00:00（開始と終了が同じ） / 空欄にした: 土_外来受付 00:00-00:00（開始と終了が同じ）"
"3922395505700","02035","整形外科","1","08:30","12:00","08:30","12:00","08:30","12:00","08:30","12:00","08:30","12:00","08:30","12:00","","","","","08:30","12:00","08:30","12:00","08:30","12:00","08:30","12:00","08:30","12:00","08:30","12:00","","","","",""
"3922395505700","02035","整形外科","2","13:00","17:00","13:00","17:00","13:00","17:00","","","13:00","17:00","","","","","","","13:00","17:00","13:00","17:00","13:00","17:00","","","13:00","17:00","","","","","","","空欄にした: 木_診療 00:00-00:00（開始と終了が同じ） / 空欄にした: 土_診療 00:00-00:00（開始と終了が同じ） / 空欄にした: 木_外来受付 00:00-00:00（開始と終了が同じ） / 空欄にした: 土_外来受付 00:00-00:00（開始と終了が同じ）"
"3922395505700","02035","整形外科","3","","","","","","","","","","","","","","","","","","","","","","","","","","","","","","","","","空欄にした: 月_診療 00:00-00:00（開始と終了が同じ） / 空欄にした: 火_診療 00:00-00:00（開始と終了が同じ） / 空欄にした: 水_診療 00:00-00:00（開始と終了が同じ） / 空欄にした: 木_診療 00:00-00:00（開始と終了が同じ） / 空欄にした: 金_診療 00:00-00:00（開始と終了が同じ） / 空欄にした: 土_診療 00:00-00:00（開始と終了が同じ） / 空欄にした: 月_外来受付 00:00-00:00（開始と終了が同じ） / 空欄にした: 火_外来受付 00:00-00:00（開始と終了が同じ） / 空欄にした: 水_外来受付 00:00-00:00（開始と終了が同じ） / 空欄にした: 木_外来受付 00:00-00:00（開始と終了が同じ） / 空欄にした: 金_外来受付 00:00-00:00（開始と終了が同じ） / 空欄にした: 土_外来受付 00:00-00:00（開始と終了が同じ）"
"3922395505700","03001","小児科","1","08:30","12:00","08:30","12:00","08:30","12:00","08:30","12:00","08:30","12:00","08:30","12:00","","","","","08:30","12:00","08:30","12:00","08:30","12:00","08:30","12:00","08:30","12:00","08:30","12:00","","","","",""
"3922395505700","03001","小児科","2","13:00","17:00","13:00","17:00","13:00","17:00","","","13:00","17:00","","","","","","","13:00","17:00","13:00","17:00","13:00","17:00","","","13:00","17:00","","","","","","","空欄にした: 木_診療 00:00-00:00（開始と終了が同じ） / 空欄にした: 土_診療 00:00-00:00（開始と終了が同じ） / 空欄にした: 木_外来受付 00:00-00:00（開始と終了が同じ） / 空欄にした: 土_外来受付 00:00-00:00（開始と終了が同じ）"
"3922395505700","03001","小児科","3","","","","","","","","","","","","","","","","","","","","","","","","","","","","","","","","","空欄にした: 月_診療 00:00-00:00（開始と終了が同じ） / 空欄にした: 火_診療 00:00-00:00（開始と終了が同じ） / 空欄にした: 水_診療 00:00-00:00（開始と終了が同じ） / 空欄にした: 木_診療 00:00-00:00（開始と終了が同じ） / 空欄にした: 金_診療 00:00-00:00（開始と終了が同じ） / 空欄にした: 土_診療 00:00-00:00（開始と終了が同じ） / 空欄にした: 月_外来受付 00:00-00:00（開始と終了が同じ） / 空欄にした: 火_外来受付 00:00-00:00（開始と終了が同じ） / 空欄にした: 水_外来受付 00:00-00:00（開始と終了が同じ） / 空欄にした: 木_外来受付 00:00-00:00（開始と終了が同じ） / 空欄にした: 金_外来受付 00:00-00:00（開始と終了が同じ） / 空欄にした: 土_外来受付 00:00-00:00（開始と終了が同じ）"
"3922395505830","05002","耳鼻いんこう科","1","09:00","12:30","09:00","12:30","09:00","12:30","","","09:00","12:30","09:00","12:30","","","","","09:00","12:30","09:00","12:30","09:00","12:30","","","09:00","12:30","09:00","12:30","","","","",""
"3922395505830","05002","耳鼻いんこう科","2","15:00","18:30","15:00","18:30","15:00","18:30","","","15:00","18:30","15:00","17:00","","","","","15:00","18:30","15:00","18:30","15:00","18:30","","","15:00","18:30","15:00","17:00","","","","",""
"3922395505830","05002","耳鼻いんこう科","3","","","","","","","","","","","","","","","","","","","","","","","","","","","","","","","","",""
"3922395505960","02001","外科","1","08:30","12:00","08:30","12:00","08:30","12:00","08:30","12:00","08:30","12:00","08:30","12:00","","","","","08:30","12:00","08:30","12:00","08:30","12:00","08:30","12:00","08:30","12:00","08:30","12:00","","","","",""
"3922395505960","02001","外科","2","13:30","17:30","13:30","17:30","13:30","17:30","13:30","17:30","13:30","17:30","","","","","","","13:30","17:30","13:30","17:30","13:30","17:30","13:30","17:30","13:30","17:30","","","","","","",""
"3922395505960","02001","外科","3","","","","","","","","","","","13:30","15:30","","","","","","","","","","","","","","","13:30","15:30","","","","",""
"3922395505960","02035","整形外科","1","08:30","12:00","08:30","12:00","08:30","12:00","08:30","12:00","08:30","12:00","08:30","12:00","","","","","08:30","12:00","08:30","12:00","08:30","12:00","08:30","12:00","08:30","12:00","08:30","12:00","","","","",""
"3922395505960","02035","整形外科","2","13:30","17:30","13:30","17:30","13:30","17:30","13:30","17:30","13:30","17:30","","","","","","","13:30","17:30","13:30","17:30","13:30","17:30","13:30","17:30","13:30","17:30","","","","","","",""
"3922395505960","02035","整形外科","3","","","","","","","","","","","13:30","15:30","","","","","","","","","","","","","","","13:30","15:30","","","","",""
"3922395505960","09002","リウマチ科","1","08:30","12:00","08:30","12:00","08:30","12:00","08:30","12:00","08:30","12:00","08:30","12:00","","","","","08:30","12:00","08:30","12:00","08:30","12:00","08:30","12:00","08:30","12:00","08:30","12:00","","","","",""
"3922395505960","09002","リウマチ科","2","13:30","17:30","13:30","17:30","13:30","17:30","13:30","17:30","13:30","17:30","","","","","","","13:30","17:30","13:30","17:30","13:30","17:30","13:30","17:30","13:30","17:30","","","","","","",""
"3922395505960","09002","リウマチ科","3","","","","","","","","","","","13:30","15:30","","","","","","","","","","","","","","","13:30","15:30","","","","",""
"3922395505960","09003","リハビリテーション科","1","08:30","12:00","08:30","12:00","08:30","12:00","08:30","12:00","08:30","12:00","08:30","12:00","","","","","08:30","12:00","08:30","12:00","08:30","12:00","08:30","12:00","08:30","12:00","08:30","12:00","","","","",""
"3922395505960","09003","リハビリテーション科","2","13:30","17:30","13:30","17:30","13:30","17:30","13:30","17:30","13:30","17:30","","","","","","","13:30","17:30","13:30","17:30","13:30","17:30","13:30","17:30","13:30","17:30","","","","","","",""
"3922395505960","09003","リハビリテーション科","3","","","","","","","","","","","13:30","15:30","","","","","","","","","","","","","","","13:30","15:30","","","","",""
"3922395505960","09011","麻酔科","1","08:30","12:00","08:30","12:00","08:30","12:00","08:30","12:00","08:30","12:00","08:30","12:00","","","","","08:30","12:00","08:30","12:00","08:30","12:00","08:30","12:00","08:30","12:00","08:30","12:00","","","","",""
"3922395505960","09011","麻酔科","2","13:30","17:30","13:30","17:30","13:30","17:30","13:30","17:30","13:30","17:30","","","","","","","13:30","17:30","13:30","17:30","13:30","17:30","13:30","17:30","13:30","17:30","","","","","","",""
"3922395505960","09011","麻酔科","3","","","","","","","","","","","13:30","15:30","","","","","","","","","","","","","","","13:30","15:30","","","","",""
"3922395506000","01001","内科","1","09:00","12:00","09:00","12:00","09:00","12:00","09:00","12:00","09:00","12:00","09:00","12:00","","","","","09:00","12:00","09:00","12:00","09:00","12:00","09:00","12:00","09:00","12:00","09:00","12:00","","","","",""
"3922395506000","01001","内科","2","14:00","18:00","14:00","18:00","14:00","18:00","14:00","17:00","14:00","18:00","14:00","18:00","","","","","14:00","18:00","14:00","18:00","14:00","18:00","14:00","17:00","14:00","18:00","14:00","18:00","","","","",""
"3922395506000","01001","内科","3","","","","","","","","","","","","","","","","","","","","","","","","","","","","","","","","",""
"3922395506000","03001","小児科","1","09:00","12:00","09:00","12:00","09:00","12:00","09:00","12:00","09:00","12:00","09:00","12:00","","","","","09:00","12:00","09:00","12:00","09:00","12:00","09:00","12:00","09:00","12:00","09:00","12:00","","","","",""
"3922395506000","03001","小児科","2","14:00","18:00","14:00","18:00","14:00","18:00","14:00","17:00","14:00","18:00","14:00","18:00","","","","","14:00","18:00","14:00","18:00","14:00","18:00","14:00","17:00","14:00","18:00","14:00","18:00","","","","",""
"3922395506000","03001","小児科","3","","","","","","","","","","","","","","","","","","","","","","","","","","","","","","","","",""
"3922395506000","04001","産婦人科","1","09:00","12:00","09:00","12:00","09:00","12:00","09:00","12:00","09:00","12:00","09:00","12:00","","","","","09:00","12:00","09:00","12:00","09:00","12:00","09:00","12:00","09:00","12:00","09:00","12:00","09:00","12:00","","",""
"3922395506000","04001","産婦人科","2","14:00","18:00","14:00","18:00","14:00","18:00","14:00","18:00","14:00","18:00","14:00","18:00","","","","","14:00","18:00","14:00","18:00","14:00","18:00","14:00","18:00","14:00","18:00","14:00","18:00","14:00","18:00","","",""
"3922395506000","04001","産婦人科","3","","","","","","","","","","","","","","","","","","","","","","","","","","","","","","","","",""
"3922395506130","01001","内科","1","09:00","12:00","09:00","12:00","09:00","12:00","","","09:00","12:00","09:00","12:00","","","","","09:00","11:45","09:00","11:45","09:00","11:45","","","09:00","11:45","09:00","11:45","","","","",""
"3922395506130","01001","内科","2","14:00","17:30","14:00","17:30","14:00","17:30","","","14:00","17:30","","","","","","","14:00","17:15","14:00","17:15","14:00","17:15","","","14:00","17:15","","","","","","",""
"3922395506130","01001","内科","3","","","","","","","","","","","","","","","","","","","","","","","","","","","","","","","","",""
"3922395506260","01001","内科","1","09:00","12:00","09:00","12:00","09:00","12:00","09:00","12:00","09:00","12:00","09:00","12:00","","","","","09:00","12:00","09:00","12:00","09:00","12:00","09:00","12:00","09:00","12:00","09:00","12:00","","","","",""
"3922395506260","01001","内科","2","14:00","18:00","14:00","18:00","14:00","18:00","","","14:00","18:00","","","","","","","14:00","18:00","14:00","18:00","14:00","18:00","","","14:00","18:00","","","","","","",""
"3922395506260","01001","内科","3","","","","","","","","","","","","","","","","","","","","","","","","","","","","","","","","",""
"3922395506260","01021","胃腸内科","1","09:00","12:00","09:00","12:00","09:00","12:00","09:00","12:00","09:00","12:00","09:00","12:00","","","","","09:00","12:00","09:00","12:00","09:00","12:00","09:00","12:00","09:00","12:00","09:00","12:00","","","","",""
"3922395506260","01021","胃腸内科","2","14:00","18:00","14:00","18:00","14:00","18:00","","","14:00","18:00","","","","","","","14:00","18:00","14:00","18:00","14:00","18:00","","","09:00","18:00","","","","","","",""
"3922395506260","01021","胃腸内科","3","","","","","","","","","","","","","","","","","","","","","","","","","","","","","","","","",""
"3922395506260","02001","外科","1","09:00","12:00","09:00","12:00","09:00","12:00","09:00","12:00","09:00","12:00","09:00","12:00","","","","","09:00","12:00","09:00","12:00","09:00","12:00","09:00","12:00","09:00","12:00","09:00","12:00","","","","",""
"3922395506260","02001","外科","2","14:00","18:00","14:00","18:00","14:00","18:00","","","14:00","18:00","","","","","","","14:00","18:00","14:00","18:00","14:00","18:00","","","14:00","18:00","","","","","","",""
"3922395506260","02001","外科","3","","","","","","","","","","","","","","","","","","","","","","","","","","","","","","","","",""
"3922395506260","02025","肛門外科","1","09:00","12:00","09:00","12:00","09:00","12:00","09:00","12:00","09:00","12:00","09:00","12:00","","","","","09:00","12:00","09:00","12:00","09:00","12:00","09:00","12:00","09:00","12:00","09:00","12:00","","","","",""
"3922395506260","02025","肛門外科","2","14:00","18:00","14:00","18:00","14:00","18:00","","","14:00","18:00","","","","","","","14:00","18:00","14:00","18:00","14:00","18:00","","","14:00","18:00","","","","","","",""
"3922395506260","02025","肛門外科","3","","","","","","","","","","","","","","","","","","","","","","","","","","","","","","","","",""
"3922395506260","06001","皮膚科","1","09:00","12:00","09:00","12:00","09:00","12:00","09:00","12:00","09:00","12:00","09:00","12:00","","","","","09:00","12:00","09:00","12:00","09:00","12:00","09:00","12:00","09:00","12:00","09:00","12:00","","","","",""
"3922395506260","06001","皮膚科","2","14:00","18:00","14:00","18:00","14:00","18:00","","","14:00","18:00","","","","","","","14:00","18:00","14:00","18:00","14:00","18:00","","","14:00","18:00","","","","","","",""
"3922395506260","06001","皮膚科","3","","","","","","","","","","","","","","","","","","","","","","","","","","","","","","","","",""
"3922395506260","09003","リハビリテーション科","1","","","","","","","","","","","","","","","","","","","","","","","","","","","","","","","","",""
"3922395506260","09003","リハビリテーション科","2","","","","","","","","","","","","","","","","","","","","","","","","","","","","","","","","",""
"3922395506260","09003","リハビリテーション科","3","","","","","","","","","","","","","","","","","","","","","","","","","","","","","","","","",""
"3922395506420","01001","内科","1","09:00","12:00","09:00","12:00","09:00","12:00","09:00","12:00","09:00","12:00","09:00","12:00","","","","","08:45","12:00","08:45","12:00","08:45","12:00","08:45","12:00","08:45","12:00","08:45","12:00","","","","",""
"3922395506420","01001","内科","2","14:00","17:30","14:00","17:30","14:00","17:30","","","14:00","17:30","","","","","","","14:00","17:30","14:00","17:30","14:00","17:30","","","14:00","17:30","","","","","","",""
"3922395506420","01001","内科","3","","","","","","","","","","","","","","","","","","","","","","","","","","","","","","","","",""
"3922395506420","03001","小児科","1","09:00","12:00","09:00","12:00","09:00","12:00","09:00","12:00","09:00","12:00","09:00","12:00","","","","","08:45","12:00","08:45","12:00","08:45","12:00","08:45","12:00","08:45","12:00","08:45","12:00","","","","",""
"3922395506420","03001","小児科","2","14:00","17:30","14:00","17:30","14:00","17:30","","","14:00","17:30","","","","","","","14:00","17:30","14:00","17:30","14:00","17:30","","","14:00","17:30","","","","","","",""
"3922395506420","03001","小児科","3","","","","","","","","","","","","","","","","","","","","","","","","","","","","","","","","",""
"3922395506550","01001","内科","1","","","","","09:00","12:00","","","","","","","","","","","","","","","","","","","","","","","","","","","疑い: 施設情報のファイルの「毎週決まった曜日に休診（水）」が 0（休診）だが、この行に水曜の診療時間が入っている"
"3922395506550","01001","内科","2","","","","","","","","","","","","","","","","","","","","","","","","","","","","","","","","",""
"3922395506550","01001","内科","3","","","","","","","","","","","","","","","","","","","","","","","","","","","","","","","","",""
"3922395601240","01001","内科","1","08:45","12:00","08:45","12:00","08:45","12:00","08:45","12:00","08:45","12:00","","","","","","","07:00","11:30","07:00","11:30","07:00","11:30","07:00","11:30","07:00","11:30","","","","","","",""
"3922395601240","01001","内科","2","14:00","17:00","14:00","17:00","14:00","17:00","14:00","17:00","14:00","17:00","","","","","","","12:00","16:30","12:00","16:30","12:00","16:30","12:00","16:30","12:00","16:30","","","","","","",""
"3922395601240","01001","内科","3","","","","","","","","","","","","","","","","","","","","","","","","","","","","","","","","",""
"3922395601240","09003","リハビリテーション科","1","10:00","12:00","10:00","12:00","10:00","12:00","10:00","12:00","10:00","12:00","","","","","","","07:00","11:30","07:00","11:30","07:00","11:30","07:00","11:30","07:00","11:30","","","","","","",""
"3922395601240","09003","リハビリテーション科","2","14:30","16:20","14:30","16:20","14:30","16:20","14:30","16:20","14:30","16:20","","","","","","","12:00","16:00","12:00","16:00","12:00","16:00","12:00","16:00","12:00","16:00","","","","","","",""
"3922395601240","09003","リハビリテーション科","3","","","","","","","","","","","","","","","","","","","","","","","","","","","","","","","","",""
"3922395601820","01001","内科","1","09:00","12:00","09:00","12:00","09:00","12:00","09:00","12:00","09:00","12:00","","","","","","","08:30","11:30","08:30","11:30","08:30","11:30","08:30","11:30","08:30","11:30","","","","","","",""
"3922395601820","01001","内科","2","13:30","17:00","13:30","17:00","13:30","15:00","","","13:30","17:00","","","","","","","00:00","16:30","00:00","16:30","00:00","14:30","00:00","16:30","00:00","16:30","","","","","","","空欄にした: 木_診療 00:00-00:00（開始と終了が同じ） / 疑い: 月_外来受付 00:00-16:30（開始が 06:00 より前） / 疑い: 火_外来受付 00:00-16:30（開始が 06:00 より前） / 疑い: 水_外来受付 00:00-14:30（開始が 06:00 より前） / 疑い: 木_外来受付 00:00-16:30（開始が 06:00 より前） / 疑い: 金_外来受付 00:00-16:30（開始が 06:00 より前）"
"3922395601820","01001","内科","3","","","","","","","","","","","","","","","","","","","","","","","","","","","","","","","","","空欄にした: 月_診療 00:00-00:00（開始と終了が同じ） / 空欄にした: 火_診療 00:00-00:00（開始と終了が同じ） / 空欄にした: 水_診療 00:00-00:00（開始と終了が同じ） / 空欄にした: 木_診療 00:00-00:00（開始と終了が同じ） / 空欄にした: 金_診療 00:00-00:00（開始と終了が同じ） / 空欄にした: 月_外来受付 00:00-00:00（開始と終了が同じ） / 空欄にした: 火_外来受付 00:00-00:00（開始と終了が同じ） / 空欄にした: 水_外来受付 00:00-00:00（開始と終了が同じ） / 空欄にした: 木_外来受付 00:00-00:00（開始と終了が同じ） / 空欄にした: 金_外来受付 00:00-00:00（開始と終了が同じ）"
"3922395602700","01001","内科","1","08:30","12:30","08:30","12:30","08:30","12:30","08:30","12:30","08:30","12:30","","","","","","","08:30","12:00","08:30","12:00","08:30","12:00","08:30","12:00","08:30","12:00","","","","","","",""
"3922395602700","01001","内科","2","13:30","17:00","13:30","17:00","13:30","17:00","13:30","17:00","13:30","17:00","","","","","","","13:30","16:30","13:30","16:30","13:30","16:30","13:30","16:30","13:30","16:30","","","","","","",""
"3922395602700","01001","内科","3","","","","","","","","","","","08:30","12:00","","","","","","","","","","","","","","","08:30","11:30","","","","",""
"3922395602700","01014","呼吸器内科","1","08:30","12:30","08:30","12:30","08:30","12:30","08:30","12:30","08:30","12:30","","","","","","","08:30","12:00","08:30","12:00","08:30","12:00","08:30","12:00","08:30","12:00","","","","","","",""
"3922395602700","01014","呼吸器内科","2","13:30","17:00","13:30","17:00","13:30","17:00","13:30","17:00","13:30","17:00","","","","","","","13:30","16:30","13:30","16:30","13:30","16:30","13:30","16:30","13:30","16:30","","","","","","",""
"3922395602700","01014","呼吸器内科","3","","","","","","","","","","","08:30","12:00","","","","","","","","","","","","","","","08:30","11:30","","","","",""
"3922395602700","01017","循環器内科","1","08:30","12:30","08:30","12:30","08:30","12:30","08:30","12:30","08:30","12:30","","","","","","","08:30","12:00","08:30","12:00","08:30","12:00","08:30","12:00","08:30","12:00","","","","","","",""
"3922395602700","01017","循環器内科","2","13:30","17:00","13:30","17:00","13:30","17:00","13:30","17:00","13:30","17:00","","","","","","","13:30","16:30","13:30","16:30","13:30","16:30","13:30","16:30","13:30","16:30","","","","","","",""
"3922395602700","01017","循環器内科","3","","","","","","","","","","","08:30","12:00","","","","","","","","","","","","","","","08:30","11:30","","","","",""
"3922395602700","01020","消化器内科","1","08:30","12:30","08:30","12:30","08:30","12:30","08:30","12:30","08:30","12:30","","","","","","","08:30","12:00","08:30","12:00","08:30","12:00","08:30","12:00","08:30","12:00","","","","","","",""
"3922395602700","01020","消化器内科","2","13:30","17:00","13:30","17:00","13:30","17:00","13:30","17:00","13:30","17:00","","","","","","","13:30","16:30","13:30","16:30","13:30","16:30","13:30","16:30","13:30","16:30","","","","","","",""
"3922395602700","01020","消化器内科","3","","","","","","","","","","","08:30","12:00","","","","","","","","","","","","","","","08:30","11:30","","","","",""
"3922395603000","01001","内科","1","08:30","12:00","08:30","12:00","08:30","12:00","08:30","12:00","08:30","12:00","08:30","12:30","","","","","08:30","12:00","08:30","12:00","08:30","12:00","08:30","12:00","08:30","12:00","08:30","12:30","","","","",""
"3922395603000","01001","内科","2","13:30","17:00","13:30","17:00","13:30","17:00","13:30","17:00","13:30","17:00","","","","","","","13:30","17:00","13:30","17:00","13:30","17:00","13:30","17:00","13:30","17:00","","","","","","",""
"3922395603000","01001","内科","3","","","","","","","","","","","","","","","","","","","","","","","","","","","","","","","","",""
"3922395603000","01014","呼吸器内科","1","08:30","12:00","08:30","12:00","08:30","12:00","08:30","12:00","08:30","12:00","08:30","12:30","","","","","08:30","12:00","08:30","12:00","08:30","12:00","08:30","12:00","08:30","12:00","08:30","12:30","","","","",""
"3922395603000","01014","呼吸器内科","2","13:30","17:00","13:30","17:00","13:30","17:00","13:30","17:00","13:30","17:00","","","","","","","13:30","17:00","13:30","17:00","13:30","17:00","13:30","17:00","13:30","17:00","","","","","","",""
"3922395603000","01014","呼吸器内科","3","","","","","","","","","","","","","","","","","","","","","","","","","","","","","","","","",""
"3922395603000","01017","循環器内科","1","08:30","12:00","08:30","12:00","08:30","12:00","08:30","12:00","08:30","12:00","08:30","12:30","","","","","08:30","12:00","08:30","12:00","08:30","12:00","08:30","12:00","08:30","12:00","08:30","12:30","","","","",""
"3922395603000","01017","循環器内科","2","13:30","17:00","13:30","17:00","13:30","17:00","13:30","17:00","13:30","17:00","","","","","","","13:30","17:00","13:30","17:00","13:30","17:00","13:30","17:00","13:30","17:00","","","","","","",""
"3922395603000","01017","循環器内科","3","","","","","","","","","","","","","","","","","","","","","","","","","","","","","","","","",""
"3922395603000","01020","消化器内科","1","08:30","12:00","08:30","12:00","08:30","12:00","08:30","12:00","08:30","12:00","08:30","12:30","","","","","08:30","12:00","08:30","12:00","08:30","12:00","08:30","12:00","08:30","12:00","08:30","12:30","","","","",""
"3922395603000","01020","消化器内科","2","13:30","17:00","13:30","17:00","13:30","17:00","13:30","17:00","13:30","17:00","","","","","","","13:30","17:00","13:30","17:00","13:30","17:00","13:30","17:00","13:30","17:00","","","","","","",""
"3922395603000","01020","消化器内科","3","","","","","","","","","","","","","","","","","","","","","","","","","","","","","","","","",""
"3922395603000","03001","小児科","1","08:30","12:00","08:30","12:00","08:30","12:00","08:30","12:00","08:30","12:00","08:30","12:30","","","","","08:30","12:00","08:30","12:00","08:30","12:00","08:30","12:00","08:30","12:00","08:30","12:30","","","","",""
"3922395603000","03001","小児科","2","13:30","17:00","13:30","17:00","13:30","17:00","13:30","17:00","13:30","17:00","","","","","","","13:30","17:00","13:30","17:00","13:30","17:00","13:30","17:00","13:30","17:00","","","","","","",""
"3922395603000","03001","小児科","3","","","","","","","","","","","","","","","","","","","","","","","","","","","","","","","","",""
"3922395603000","07002","神経科","1","08:30","12:00","08:30","12:00","08:30","12:00","08:30","12:00","08:30","12:00","08:30","12:00","","","","","08:30","12:00","08:30","12:00","08:30","12:00","08:30","12:00","08:30","12:00","08:30","12:00","","","","",""
"3922395603000","07002","神経科","2","13:30","17:00","13:30","17:00","13:30","17:00","13:30","17:00","13:30","17:00","","","","","","","13:30","17:00","13:30","17:00","13:30","17:00","13:30","17:00","13:30","17:00","","","","","","",""
"3922395603000","07002","神経科","3","","","","","","","","","","","","","","","","","","","","","","","","","","","","","","","","",""
"3922395603130","01001","内科","1","","","","","14:30","15:30","","","","","","","","","","","","","","","14:00","14:30","","","","","","","","","","",""
"3922395603130","01001","内科","2","","","","","","","","","","","","","","","","","","","","","","","","","","","","","","","","",""
"3922395603130","01001","内科","3","","","","","","","","","","","","","","","","","","","","","","","","","","","","","","","","",""
"3922395700130","01001","内科","1","08:30","12:00","08:30","12:00","08:30","12:00","08:30","12:00","08:30","12:00","08:30","12:00","","","","","08:00","12:00","08:00","12:00","08:00","12:00","08:00","12:00","08:00","12:00","08:00","12:00","","","","",""
"3922395700130","01001","内科","2","13:30","17:00","13:30","17:00","13:30","17:00","13:30","17:00","13:30","17:00","","","","","","","13:30","17:00","13:30","17:00","13:30","17:00","13:30","17:00","13:30","17:00","","","","","","",""
"3922395700130","01001","内科","3","","","","","","","","","","","","","","","","","","","","","","","","","","","","","","","","",""
"3922395700390","01001","内科","1","08:30","12:00","08:30","12:00","09:00","12:00","08:30","12:00","08:30","12:00","","","","","","","08:30","17:15","08:30","17:15","08:30","17:15","08:30","17:15","08:30","17:15","","","","","","",""
"3922395700390","01001","内科","2","14:00","17:15","13:00","17:15","13:00","17:15","13:00","17:15","13:00","17:15","","","","","","","","","","","","","","","","","","","","","","","空欄にした: 月_外来受付 00:00-00:00（開始と終了が同じ） / 空欄にした: 火_外来受付 00:00-00:00（開始と終了が同じ） / 空欄にした: 水_外来受付 00:00-00:00（開始と終了が同じ） / 空欄にした: 木_外来受付 00:00-00:00（開始と終了が同じ） / 空欄にした: 金_外来受付 00:00-00:00（開始と終了が同じ）"
"3922395700390","01001","内科","3","","","","","","","","","","","","","","","","","","","","","","","","","","","","","","","","","空欄にした: 月_診療 00:00-00:00（開始と終了が同じ） / 空欄にした: 火_診療 00:00-00:00（開始と終了が同じ） / 空欄にした: 水_診療 00:00-00:00（開始と終了が同じ） / 空欄にした: 木_診療 00:00-00:00（開始と終了が同じ） / 空欄にした: 金_診療 00:00-00:00（開始と終了が同じ） / 空欄にした: 月_外来受付 00:00-00:00（開始と終了が同じ） / 空欄にした: 火_外来受付 00:00-00:00（開始と終了が同じ） / 空欄にした: 水_外来受付 00:00-00:00（開始と終了が同じ） / 空欄にした: 木_外来受付 00:00-00:00（開始と終了が同じ） / 空欄にした: 金_外来受付 00:00-00:00（開始と終了が同じ）"
"3922395700390","08001","歯科","1","08:30","17:15","08:30","17:15","08:30","17:15","08:30","17:15","08:30","17:15","","","","","","","08:30","17:15","08:30","17:15","08:30","17:15","08:30","17:15","08:30","17:15","","","","","","",""
"3922395700390","08001","歯科","2","","","","","","","","","","","","","","","","","","","","","","","","","","","","","","","","","空欄にした: 月_診療 00:00-00:00（開始と終了が同じ） / 空欄にした: 火_診療 00:00-00:00（開始と終了が同じ） / 空欄にした: 水_診療 00:00-00:00（開始と終了が同じ） / 空欄にした: 木_診療 00:00-00:00（開始と終了が同じ） / 空欄にした: 金_診療 00:00-00:00（開始と終了が同じ） / 空欄にした: 月_外来受付 00:00-00:00（開始と終了が同じ） / 空欄にした: 火_外来受付 00:00-00:00（開始と終了が同じ） / 空欄にした: 水_外来受付 00:00-00:00（開始と終了が同じ） / 空欄にした: 木_外来受付 00:00-00:00（開始と終了が同じ） / 空欄にした: 金_外来受付 00:00-00:00（開始と終了が同じ）"
"3922395700390","08001","歯科","3","","","","","","","","","","","","","","","","","","","","","","","","","","","","","","","","","空欄にした: 月_診療 00:00-00:00（開始と終了が同じ） / 空欄にした: 火_診療 00:00-00:00（開始と終了が同じ） / 空欄にした: 水_診療 00:00-00:00（開始と終了が同じ） / 空欄にした: 木_診療 00:00-00:00（開始と終了が同じ） / 空欄にした: 金_診療 00:00-00:00（開始と終了が同じ） / 空欄にした: 月_外来受付 00:00-00:00（開始と終了が同じ） / 空欄にした: 火_外来受付 00:00-00:00（開始と終了が同じ） / 空欄にした: 水_外来受付 00:00-00:00（開始と終了が同じ） / 空欄にした: 木_外来受付 00:00-00:00（開始と終了が同じ） / 空欄にした: 金_外来受付 00:00-00:00（開始と終了が同じ）"
"3922395700840","01001","内科","1","08:30","12:00","08:30","12:00","08:30","12:00","08:30","12:00","08:30","12:00","08:30","12:00","","","","","08:30","12:00","08:30","12:00","08:30","12:00","08:30","12:00","08:30","12:00","08:30","12:00","","","","",""
"3922395700840","01001","内科","2","13:30","17:00","13:30","17:00","","","13:30","17:00","13:30","17:00","","","","","","","13:30","17:00","13:30","17:00","","","13:30","17:00","13:30","17:00","","","","","","",""
"3922395700840","01001","内科","3","","","","","","","","","","","","","","","","","","","","","","","","","","","","","","","","",""
"3922395700840","01020","消化器内科","1","08:30","12:00","08:30","12:00","08:30","12:00","08:30","12:00","08:30","12:00","08:30","12:00","","","","","08:30","12:00","08:30","12:00","08:30","12:00","08:30","12:00","08:30","12:00","08:30","12:00","","","","",""
"3922395700840","01020","消化器内科","2","13:30","17:00","13:30","17:00","","","13:30","17:00","13:30","17:00","","","","","","","13:30","17:00","13:30","17:00","","","13:30","17:00","13:30","17:00","","","","","","",""
"3922395700840","01020","消化器内科","3","","","","","","","","","","","","","","","","","","","","","","","","","","","","","","","","",""
"3922395701270","01001","内科","1","08:30","12:30","08:30","12:30","08:30","12:30","08:30","12:30","08:30","12:30","08:30","12:30","","","","","08:30","12:15","08:30","12:15","08:30","12:15","08:30","12:15","08:30","12:15","08:30","12:15","","","","",""
"3922395701270","01001","内科","2","14:00","17:30","14:00","17:30","14:00","17:30","14:00","17:30","14:00","17:30","","","","","","","14:00","17:15","14:00","17:15","14:00","17:15","14:00","17:15","14:00","17:15","","","","","","",""
"3922395701270","01001","内科","3","","","","","","","","","","","","","","","","","","","","","","","","","","","","","","","","",""
"3922395701270","03001","小児科","1","08:30","12:30","08:30","12:30","08:30","12:30","08:30","12:30","08:30","12:30","08:30","12:30","","","","","08:30","12:15","08:30","12:15","08:30","12:15","08:30","12:15","08:30","12:15","08:30","12:15","","","","",""
"3922395701270","03001","小児科","2","14:00","17:30","14:00","17:30","14:00","17:30","14:00","17:30","14:00","17:30","","","","","","","14:00","17:15","14:00","17:15","14:00","17:15","14:00","17:15","14:00","17:15","","","","","","",""
"3922395701270","03001","小児科","3","","","","","","","","","","","","","","","","","","","","","","","","","","","","","","","","",""
"3922395701270","06001","皮膚科","1","08:30","12:30","08:30","12:30","08:30","12:30","08:30","12:30","08:30","12:30","08:30","12:30","","","","","08:30","12:15","08:30","12:15","08:30","12:15","08:30","12:15","08:30","12:15","08:30","12:15","","","","",""
"3922395701270","06001","皮膚科","2","14:00","17:30","14:00","17:30","14:00","17:30","14:00","17:30","14:00","17:30","","","","","","","14:00","17:15","14:00","17:15","14:00","17:15","14:00","17:15","14:00","17:15","","","","","","",""
"3922395701270","06001","皮膚科","3","","","","","","","","","","","","","","","","","","","","","","","","","","","","","","","","",""
"3922395701270","09004","放射線科","1","08:30","12:30","08:30","12:30","08:30","12:30","08:30","12:30","08:30","12:30","08:30","12:30","","","","","08:30","12:15","08:30","12:15","08:30","12:15","08:30","12:15","08:30","12:15","08:30","12:15","","","","",""
"3922395701270","09004","放射線科","2","14:00","17:30","14:00","17:30","14:00","17:30","14:00","17:30","14:00","17:30","","","","","","","14:00","17:15","14:00","17:15","14:00","17:15","14:00","17:15","14:00","17:15","","","","","","",""
"3922395701270","09004","放射線科","3","","","","","","","","","","","","","","","","","","","","","","","","","","","","","","","","",""
"3922395702280","01001","内科","1","08:30","11:20","08:30","11:20","08:30","11:20","08:30","11:20","08:30","11:20","08:30","11:20","","","","","08:30","11:20","08:30","11:20","08:30","11:20","08:30","11:20","08:30","11:20","08:30","11:20","","","","",""
"3922395702280","01001","内科","2","","","","","","","","","","","","","","","","","","","","","","","","","","","","","","","","",""
"3922395702280","01001","内科","3","","","","","","","","","","","","","","","","","","","","","","","","","","","","","","","","",""
"3922395702860","01001","内科","1","","","","","","","14:00","15:00","","","","","","","","","","","","","","","14:00","15:00","","","","","","","","","疑い: 施設情報のファイルの「毎週決まった曜日に休診（木）」が 0（休診）だが、この行に木曜の診療時間が入っている"
"3922395702860","01001","内科","2","","","","","","","","","","","","","","","","","","","","","","","","","","","","","","","","",""
"3922395702860","01001","内科","3","","","","","","","","","","","","","","","","","","","","","","","","","","","","","","","","",""
"3922395703450","05001","眼科","1","09:00","18:00","09:00","18:00","09:00","18:00","09:00","12:00","09:00","18:00","09:00","12:00","","","","","09:00","18:00","09:00","18:00","09:00","18:00","09:00","12:00","09:00","18:00","09:00","12:00","","","","",""
"3922395703450","05001","眼科","2","","","","","","","","","","","","","","","","","","","","","","","","","","","","","","","","",""
"3922395703450","05001","眼科","3","","","","","","","","","","","","","","","","","","","","","","","","","","","","","","","","",""
"3922395703450","06001","皮膚科","1","09:00","17:00","09:00","17:00","09:00","17:00","09:00","12:00","09:00","17:00","09:00","12:00","","","","","09:00","17:00","09:00","17:00","09:00","17:00","09:00","12:00","09:00","17:00","09:00","12:00","","","","",""
"3922395703450","06001","皮膚科","2","","","","","","","","","","","","","","","","","","","","","","","","","","","","","","","","",""
"3922395703450","06001","皮膚科","3","","","","","","","","","","","","","","","","","","","","","","","","","","","","","","","","",""
"3922395703580","01001","内科","1","09:00","12:30","09:00","12:30","","","09:00","12:30","09:00","12:30","09:00","12:30","","","","","08:30","12:00","08:30","12:00","","","08:30","12:00","08:30","12:00","08:30","12:00","","","","",""
"3922395703580","01001","内科","2","14:00","17:30","14:00","17:30","","","14:00","17:30","14:00","17:30","14:00","17:30","","","","","13:30","17:00","13:30","17:00","","","13:30","17:00","13:30","17:00","13:30","17:00","","","","",""
"3922395703580","01001","内科","3","","","","","","","","","","","","","","","","","","","","","","","","","","","","","","","","",""
"3922395703580","02035","整形外科","1","","","","","","","","","","","09:00","12:00","","","","","","","","","","","","","","","08:30","11:30","","","","",""
"3922395703580","02035","整形外科","2","","","","","","","","","","","","","","","","","","","","","","","","","","","","","","","","",""
"3922395703580","02035","整形外科","3","","","","","","","","","","","","","","","","","","","","","","","","","","","","","","","","",""
"3922395703580","03001","小児科","1","09:00","12:30","09:00","12:30","","","09:00","12:30","09:00","12:30","09:00","12:30","","","","","08:30","12:00","08:30","12:00","","","08:30","12:00","08:30","12:00","08:30","12:00","","","","",""
"3922395703580","03001","小児科","2","14:00","17:30","14:00","17:30","","","14:00","17:30","14:00","17:30","14:00","17:30","","","","","13:30","17:00","13:30","17:00","","","13:30","17:00","13:30","17:00","13:30","17:00","","","","",""
"3922395703580","03001","小児科","3","","","","","","","","","","","","","","","","","","","","","","","","","","","","","","","","",""
"3922395703580","09003","リハビリテーション科","1","","","","","","","","","","","","","","","","","","","","","","","","","","","","","","","","",""
"3922395703580","09003","リハビリテーション科","2","","","","","","","","","","","","","","","","","","","","","","","","","","","","","","","","",""
"3922395703580","09003","リハビリテーション科","3","","","","","","","","","","","","","","","","","","","","","","","","","","","","","","","","",""
"3922395703610","03001","小児科","1","09:00","12:30","09:00","12:30","09:00","12:30","09:00","13:00","09:00","12:30","09:00","12:30","","","","","09:00","12:15","09:00","12:15","09:00","12:15","09:00","12:45","09:00","12:15","09:00","12:15","","","","",""
"3922395703610","03001","小児科","2","14:30","18:30","14:30","18:30","14:30","18:30","","","14:30","18:30","14:30","16:30","","","","","14:30","18:15","14:30","18:15","14:30","18:15","","","14:30","18:15","14:30","16:15","","","","",""
"3922395703610","03001","小児科","3","","","","","","","","","","","","","","","","","","","","","","","","","","","","","","","","",""
"3922395800450","01001","内科","1","","","13:15","17:30","","","","","13:15","17:30","","","","","","","","","13:15","17:30","","","","","13:15","17:30","","","","","","",""
"3922395800450","01001","内科","2","","","","","","","","","","","","","","","","","","","","","","","","","","","","","","","","","空欄にした: 火_診療 00:00-00:00（開始と終了が同じ） / 空欄にした: 金_診療 00:00-00:00（開始と終了が同じ） / 空欄にした: 火_外来受付 00:00-00:00（開始と終了が同じ） / 空欄にした: 金_外来受付 00:00-00:00（開始と終了が同じ）"
"3922395800450","01001","内科","3","","","","","","","","","","","","","","","","","","","","","","","","","","","","","","","","","空欄にした: 火_診療 00:00-00:00（開始と終了が同じ） / 空欄にした: 金_診療 00:00-00:00（開始と終了が同じ） / 空欄にした: 火_外来受付 00:00-00:00（開始と終了が同じ） / 空欄にした: 金_外来受付 00:00-00:00（開始と終了が同じ）"
"3922395800450","03001","小児科","1","","","13:15","17:30","","","","","13:15","17:30","","","","","","","","","13:15","17:30","","","","","13:15","17:30","","","","","","",""
"3922395800450","03001","小児科","2","","","","","","","","","","","","","","","","","","","","","","","","","","","","","","","","","空欄にした: 火_診療 00:00-00:00（開始と終了が同じ） / 空欄にした: 金_診療 00:00-00:00（開始と終了が同じ） / 空欄にした: 火_外来受付 00:00-00:00（開始と終了が同じ） / 空欄にした: 金_外来受付 00:00-00:00（開始と終了が同じ）"
"3922395800450","03001","小児科","3","","","","","","","","","","","","","","","","","","","","","","","","","","","","","","","","","空欄にした: 火_診療 00:00-00:00（開始と終了が同じ） / 空欄にした: 金_診療 00:00-00:00（開始と終了が同じ） / 空欄にした: 火_外来受付 00:00-00:00（開始と終了が同じ） / 空欄にした: 金_外来受付 00:00-00:00（開始と終了が同じ）"
"3922395800450","09003","リハビリテーション科","1","","","13:15","17:30","","","","","13:15","17:30","","","","","","","","","13:15","17:30","","","","","13:15","17:30","","","","","","",""
"3922395800450","09003","リハビリテーション科","2","","","","","","","","","","","","","","","","","","","","","","","","","","","","","","","","","空欄にした: 火_診療 00:00-00:00（開始と終了が同じ） / 空欄にした: 金_診療 00:00-00:00（開始と終了が同じ） / 空欄にした: 火_外来受付 00:00-00:00（開始と終了が同じ） / 空欄にした: 金_外来受付 00:00-00:00（開始と終了が同じ）"
"3922395800450","09003","リハビリテーション科","3","","","","","","","","","","","","","","","","","","","","","","","","","","","","","","","","","空欄にした: 火_診療 00:00-00:00（開始と終了が同じ） / 空欄にした: 金_診療 00:00-00:00（開始と終了が同じ） / 空欄にした: 火_外来受付 00:00-00:00（開始と終了が同じ） / 空欄にした: 金_外来受付 00:00-00:00（開始と終了が同じ）"
"3922395800900","01001","内科","1","08:30","12:30","08:30","12:30","08:30","12:30","08:30","12:30","08:30","12:30","08:30","12:30","","","","","08:30","12:30","08:30","12:30","08:30","12:30","08:30","12:30","08:30","12:30","08:30","12:30","","","","",""
"3922395800900","01001","内科","2","14:00","17:30","14:00","17:30","14:00","17:30","14:00","17:30","14:00","17:30","14:00","17:30","","","","","14:00","17:30","14:00","17:30","14:00","17:30","14:00","17:30","14:00","17:30","14:00","17:30","","","","",""
"3922395800900","01001","内科","3","","","","","","","","","","","","","","","","","","","","","","","","","","","","","","","","",""
"3922395800900","01017","循環器内科","1","08:30","12:30","08:30","12:30","08:30","12:30","08:30","12:30","08:30","12:30","08:30","12:30","","","","","08:30","12:30","08:30","12:30","08:30","12:30","08:30","12:30","08:30","12:30","08:30","12:30","","","","",""
"3922395800900","01017","循環器内科","2","14:00","17:30","14:00","17:30","14:00","17:30","14:00","17:30","14:00","17:30","14:00","17:30","","","","","14:00","17:30","14:00","17:30","14:00","17:30","14:00","17:30","14:00","17:30","14:00","17:30","","","","",""
"3922395800900","01017","循環器内科","3","","","","","","","","","","","","","","","","","","","","","","","","","","","","","","","","",""
"3922395800900","02001","外科","1","","","","","","","","","","","","","","","","","","","","","","","","","","","","","","","","",""
"3922395800900","02001","外科","2","","","","","","","","","","","","","","","","","","","","","","","","","","","","","","","","",""
"3922395800900","02001","外科","3","","","","","","","","","","","","","","","","","","","","","","","","","","","","","","","","",""
"3922395800900","03001","小児科","1","08:30","12:30","08:30","12:30","08:30","12:30","08:30","12:30","08:30","12:30","08:30","12:30","","","","","08:30","12:30","08:30","12:30","08:30","12:30","08:30","12:30","08:30","12:30","08:30","12:30","","","","",""
"3922395800900","03001","小児科","2","14:00","17:30","14:00","17:30","14:00","17:30","14:00","17:30","14:00","17:30","14:00","17:30","","","","","14:00","17:30","14:00","17:30","14:00","17:30","14:00","17:30","14:00","17:30","14:00","17:30","","","","",""
"3922395800900","03001","小児科","3","","","","","","","","","","","","","","","","","","","","","","","","","","","","","","","","",""
"3922395800900","06001","皮膚科","1","08:30","12:30","08:30","12:30","08:30","12:30","08:30","12:30","08:30","12:30","08:30","12:30","","","","","08:30","12:30","08:30","12:30","08:30","12:30","08:30","12:30","08:30","12:30","08:30","12:30","","","","",""
"3922395800900","06001","皮膚科","2","14:00","17:30","14:00","17:30","14:00","17:30","14:00","17:30","14:00","17:30","14:00","17:30","","","","","14:00","17:30","14:00","17:30","14:00","17:30","14:00","17:30","14:00","17:30","14:00","17:30","","","","",""
"3922395800900","06001","皮膚科","3","","","","","","","","","","","","","","","","","","","","","","","","","","","","","","","","",""
"3922395801460","01001","内科","1","14:00","16:00","","","","","","","","","","","","","","","14:00","16:00","","","","","","","","","","","","","","",""
"3922395801460","01001","内科","2","","","","","","","","","","","","","","","","","","","","","","","","","","","","","","","","",""
"3922395801460","01001","内科","3","","","","","","","","","","","","","","","","","","","","","","","","","","","","","","","","",""
"3922395801750","01001","内科","1","08:30","12:00","08:30","12:00","08:30","12:00","","","08:30","12:00","","","","","","","08:30","12:00","08:30","12:00","08:30","12:00","","","08:30","12:00","","","","","","",""
"3922395801750","01001","内科","2","16:30","17:15","13:00","17:15","16:30","17:15","","","13:00","17:15","","","","","","","16:30","17:15","13:00","17:15","16:30","17:15","","","13:00","17:15","","","","","","",""
"3922395801750","01001","内科","3","","","","","","","","","","","","","","","","","","","","","","","","","","","","","","","","",""
"3922395801880","01001","内科","1","","","","","14:00","16:00","","","","","","","","","","","","","","","14:00","16:00","","","","","","","","","","",""
"3922395801880","01001","内科","2","","","","","","","","","","","","","","","","","","","","","","","","","","","","","","","","",""
"3922395801880","01001","内科","3","","","","","","","","","","","","","","","","","","","","","","","","","","","","","","","","",""
"3922395802050","01001","内科","1","","","09:30","12:00","09:30","12:00","","","09:30","12:00","","","","","","","","","08:30","11:30","08:30","11:30","","","08:30","11:30","","","","","","",""
"3922395802050","01001","内科","2","","","","","","","","","","","","","","","","","","","","","","","","","","","","","","","","",""
"3922395802050","01001","内科","3","","","","","","","","","","","","","","","","","","","","","","","","","","","","","","","","",""
"3922395802210","01001","内科","1","","","","","","","10:00","12:00","","","","","","","","","","","","","","","10:00","12:00","","","","","","","","",""
"3922395802210","01001","内科","2","","","","","","","","","","","","","","","","","","","","","","","","","","","","","","","","",""
"3922395802210","01001","内科","3","","","","","","","","","","","","","","","","","","","","","","","","","","","","","","","","",""
"3922395802210","02001","外科","1","","","","","","","10:00","12:00","","","","","","","","","","","","","","","10:00","12:00","","","","","","","","",""
"3922395802210","02001","外科","2","","","","","","","","","","","","","","","","","","","","","","","","","","","","","","","","",""
"3922395802210","02001","外科","3","","","","","","","","","","","","","","","","","","","","","","","","","","","","","","","","",""
"3922395802210","02035","整形外科","1","","","","","","","10:00","12:00","","","","","","","","","","","","","","","10:00","12:00","","","","","","","","",""
"3922395802210","02035","整形外科","2","","","","","","","","","","","","","","","","","","","","","","","","","","","","","","","","",""
"3922395802210","02035","整形外科","3","","","","","","","","","","","","","","","","","","","","","","","","","","","","","","","","",""
"3922395802470","01001","内科","1","08:30","12:00","08:30","12:00","08:30","12:00","08:30","12:00","08:30","12:00","08:30","12:00","","","","","","","","","","","","","","","","","","","","",""
"3922395802470","01001","内科","2","13:15","17:30","","","13:15","17:30","13:15","17:30","","","","","","","","","","","","","","","","","","","","","","","","",""
"3922395802470","01001","内科","3","","","","","","","","","","","","","","","","","","","","","","","","","","","","","","","","",""
"3922395802470","03001","小児科","1","","","","","","","","","","","","","","","","","","","","","","","","","","","","","","","","",""
"3922395802470","03001","小児科","2","","","","","","","","","","","","","","","","","","","","","","","","","","","","","","","","",""
"3922395802470","03001","小児科","3","","","","","","","","","","","","","","","","","","","","","","","","","","","","","","","","",""
"3922395802470","09003","リハビリテーション科","1","","","","","","","","","","","","","","","","","","","","","","","","","","","","","","","","",""
"3922395802470","09003","リハビリテーション科","2","","","","","","","","","","","","","","","","","","","","","","","","","","","","","","","","",""
"3922395802470","09003","リハビリテーション科","3","","","","","","","","","","","","","","","","","","","","","","","","","","","","","","","","",""
"3922395901650","01001","内科","1","08:30","12:00","08:30","12:00","08:30","12:00","08:30","12:00","08:30","12:00","08:30","12:00","","","","","","","","","","","","","","","","","","","","",""
"3922395901650","01001","内科","2","14:00","17:30","","","14:00","17:30","","","14:00","17:30","","","","","","","","","","","","","","","","","","","","","","",""
"3922395901650","01001","内科","3","","","","","","","","","","","","","","","","","","","","","","","","","","","","","","","","",""
"3922395901650","01021","胃腸内科","1","08:30","12:00","08:30","12:00","08:30","12:00","08:30","12:00","08:30","12:00","08:30","12:00","","","","","","","","","","","","","","","","","","","","",""
"3922395901650","01021","胃腸内科","2","14:00","17:30","14:00","17:30","14:00","17:30","","","14:00","17:30","","","","","","","","","","","","","","","","","","","","","","",""
"3922395901650","01021","胃腸内科","3","","","","","","","","","","","","","","","","","","","","","","","","","","","","","","","","",""
"3922395902240","01001","内科","1","09:00","12:30","09:00","12:30","","","09:00","12:30","09:00","12:30","","","","","","","08:30","12:30","08:30","12:30","","","08:30","12:30","08:30","12:30","","","","","","",""
"3922395902240","01001","内科","2","13:30","17:30","13:30","17:30","","","13:30","17:30","13:30","17:30","","","","","","","13:30","17:30","13:30","17:30","","","13:30","17:30","13:30","17:30","","","","","","",""
"3922395902240","01001","内科","3","","","","","","","","","","","","","","","","","","","","","","","","","","","","","","","","",""
"3922395902530","01001","内科","1","08:30","12:30","08:30","12:30","08:30","12:30","08:30","12:30","08:30","12:30","08:30","12:30","","","","","08:30","12:30","08:30","12:30","08:30","12:30","08:30","12:30","08:30","12:30","08:30","12:30","","","","",""
"3922395902530","01001","内科","2","14:00","17:30","14:00","17:30","14:00","17:30","","","14:00","17:30","","","","","","","14:00","17:30","14:00","17:30","14:00","17:30","","","14:00","17:30","","","","","","",""
"3922395902530","01001","内科","3","","","","","","","","","","","","","","","","","","","","","","","","","","","","","","","","",""
"3922395902530","02001","外科","1","08:30","12:30","08:30","12:30","08:30","12:30","08:30","12:30","08:30","12:30","08:30","12:30","","","","","08:30","12:30","08:30","12:30","08:30","12:30","08:30","12:30","08:30","12:30","08:30","12:30","","","","",""
"3922395902530","02001","外科","2","14:00","17:30","14:00","17:30","14:00","17:30","","","14:00","17:30","","","","","","","14:00","17:30","14:00","17:30","14:00","17:30","","","14:00","17:30","","","","","","",""
"3922395902530","02001","外科","3","","","","","","","","","","","","","","","","","","","","","","","","","","","","","","","","",""
"3922395902820","01001","内科","1","09:00","12:00","09:00","12:00","09:00","12:00","09:00","12:00","09:00","12:00","09:00","12:00","","","","","08:00","11:45","08:00","11:45","08:00","11:45","08:00","11:45","08:00","11:45","08:00","11:45","","","","",""
"3922395902820","01001","内科","2","13:30","17:00","13:30","17:00","","","13:30","17:00","13:30","17:00","","","","","","","13:00","16:45","13:00","16:45","","","13:00","16:45","13:00","16:45","","","","","","",""
"3922395902820","01001","内科","3","","","","","","","","","","","","","","","","","","","","","","","","","","","","","","","","",""
"3922395902820","01020","消化器内科","1","09:00","12:00","09:00","12:00","09:00","12:00","09:00","12:00","09:00","12:00","09:00","12:00","","","","","08:00","11:45","08:00","11:45","08:00","11:45","08:00","11:45","08:00","11:45","08:00","11:45","","","","",""
"3922395902820","01020","消化器内科","2","13:30","17:00","13:30","17:00","","","13:30","17:00","13:30","17:00","","","","","","","13:00","16:45","13:00","16:45","","","13:00","16:45","13:00","16:45","","","","","","",""
"3922395902820","01020","消化器内科","3","","","","","","","","","","","","","","","","","","","","","","","","","","","","","","","","",""
"3922395902820","02001","外科","1","09:00","12:00","09:00","12:00","09:00","12:00","09:00","12:00","09:00","12:00","09:00","12:00","","","","","08:00","11:45","08:00","11:45","08:00","11:45","08:00","11:45","08:00","11:45","08:00","11:45","","","","",""
"3922395902820","02001","外科","2","13:30","17:00","13:30","17:00","","","13:30","17:00","13:30","17:00","","","","","","","13:00","16:45","13:00","16:45","","","13:00","16:45","13:00","16:45","","","","","","",""
"3922395902820","02001","外科","3","","","","","","","","","","","","","","","","","","","","","","","","","","","","","","","","",""
"3922395902820","02035","整形外科","1","09:00","12:00","09:00","12:00","09:00","12:00","09:00","12:00","09:00","12:00","09:00","12:00","","","","","08:00","11:45","08:00","11:45","08:00","11:45","08:00","11:45","08:00","11:45","08:00","11:45","","","","",""
"3922395902820","02035","整形外科","2","13:30","17:00","13:30","17:00","","","13:30","17:00","13:30","17:00","","","","","","","13:00","16:45","13:00","16:45","","","13:00","16:45","13:00","16:45","","","","","","",""
"3922395902820","02035","整形外科","3","","","","","","","","","","","","","","","","","","","","","","","","","","","","","","","","",""
"3922395902820","03001","小児科","1","09:00","12:00","09:00","12:00","09:00","12:00","09:00","12:00","09:00","12:00","09:00","12:00","","","","","08:00","11:45","08:00","11:45","08:00","11:45","08:00","11:45","08:00","11:45","08:00","11:45","","","","",""
"3922395902820","03001","小児科","2","13:30","17:00","13:30","17:00","","","13:30","17:00","13:30","17:00","","","","","","","13:00","16:45","13:00","16:45","","","13:00","16:45","13:00","16:45","","","","","","",""
"3922395902820","03001","小児科","3","","","","","","","","","","","","","","","","","","","","","","","","","","","","","","","","",""
"3922395902820","09003","リハビリテーション科","1","09:00","12:00","09:00","12:00","09:00","12:00","09:00","12:00","09:00","12:00","09:00","12:00","","","","","08:00","11:45","08:00","11:45","08:00","11:45","08:00","11:45","08:00","11:45","08:00","11:45","","","","",""
"3922395902820","09003","リハビリテーション科","2","13:30","17:00","13:30","17:00","","","13:30","17:00","13:30","17:00","","","","","","","13:00","16:45","13:00","16:45","","","13:00","16:45","13:00","16:45","","","","","","",""
"3922395902820","09003","リハビリテーション科","3","","","","","","","","","","","","","","","","","","","","","","","","","","","","","","","","",""
"3922396002990","03001","小児科","1","09:00","12:30","09:00","12:30","","","09:00","12:30","09:00","12:30","09:00","12:30","","","","","09:00","12:20","09:00","12:20","","","09:00","12:20","09:00","12:20","09:00","12:20","","","","",""
"3922396002990","03001","小児科","2","14:00","18:00","14:00","18:00","","","14:00","18:00","14:00","18:00","","","","","","","14:00","17:50","14:00","17:50","","","14:00","17:50","14:00","17:50","","","","","","",""
"3922396002990","03001","小児科","3","","","","","","","","","","","","","","","","","","","","","","","","","","","","","","","","",""
"3922396100160","05001","眼科","1","09:00","12:30","09:00","12:30","09:00","12:30","09:00","12:30","09:00","12:30","09:00","12:30","","","","","09:00","12:00","09:00","12:00","09:00","12:00","09:00","12:00","09:00","12:00","09:00","12:30","","","","",""
"3922396100160","05001","眼科","2","14:00","17:00","14:00","17:00","14:00","17:00","14:00","17:00","14:00","17:00","","","","","","","14:00","16:30","14:00","16:30","14:00","16:30","14:00","16:30","14:00","16:30","","","","","","",""
"3922396100160","05001","眼科","3","","","","","","","","","","","","","","","","","","","","","","","","","","","","","","","","",""
"3922396100320","01001","内科","1","09:00","12:00","09:00","12:00","09:00","12:00","09:00","12:00","09:00","12:00","09:00","12:00","","","","","","","09:00","12:00","","","09:00","12:00","","","09:00","12:00","","","","",""
"3922396100320","01001","内科","2","14:00","18:00","","","14:00","18:00","","","14:00","18:00","","","","","","","09:00","18:00","","","09:00","18:00","","","09:00","18:00","","","","","","",""
"3922396100320","01001","内科","3","","","","","","","","","","","","","","","","","","","","","","","","","","","","","","","","",""
"3922396100320","01023","人工透析内科","1","09:00","12:00","09:00","12:00","09:00","12:00","09:00","12:00","09:00","12:00","09:00","12:00","","","","","","","09:00","12:00","","","09:00","12:00","","","09:00","12:00","","","","",""
"3922396100320","01023","人工透析内科","2","14:00","18:00","","","14:00","18:00","","","14:00","18:00","","","","","","","09:00","18:00","","","09:00","18:00","","","09:00","18:00","","","","","","",""
"3922396100320","01023","人工透析内科","3","","","","","","","","","","","","","","","","","","","","","","","","","","","","","","","","",""
"3922396100320","02001","外科","1","09:00","12:00","09:00","12:00","09:00","12:00","09:00","12:00","09:00","12:00","09:00","12:00","","","","","","","09:00","12:00","","","09:00","12:00","","","09:00","12:00","","","","",""
"3922396100320","02001","外科","2","14:00","18:00","","","14:00","18:00","","","14:00","18:00","","","","","","","09:00","18:00","","","09:00","18:00","","","09:00","18:00","","","","","","",""
"3922396100320","02001","外科","3","","","","","","","","","","","","","","","","","","","","","","","","","","","","","","","","",""
"3922396100320","06004","泌尿器科","1","09:00","12:00","09:00","12:00","09:00","12:00","09:00","12:00","09:00","12:00","09:00","12:00","","","","","","","09:00","12:00","","","09:00","12:00","","","09:00","12:00","","","","",""
"3922396100320","06004","泌尿器科","2","14:00","18:00","","","14:00","18:00","","","14:00","18:00","","","","","","","09:00","18:00","","","09:00","18:00","","","09:00","18:00","","","","","","",""
"3922396100320","06004","泌尿器科","3","","","","","","","","","","","","","","","","","","","","","","","","","","","","","","","","",""
"3922396100610","01001","内科","1","09:30","11:30","09:30","11:30","","","09:30","11:30","09:30","11:30","","","","","","","09:30","11:30","09:30","11:30","","","09:30","11:30","09:30","11:30","","","","","","",""
"3922396100610","01001","内科","2","13:30","16:00","","","","","13:30","16:00","13:30","16:00","","","","","","","13:30","16:00","","","","","13:30","16:00","13:30","16:00","","","","","","","空欄にした: 火_診療 00:00-00:00（開始と終了が同じ） / 空欄にした: 火_外来受付 00:00-00:00（開始と終了が同じ）"
"3922396100610","01001","内科","3","","","","","","","","","","","","","","","","","","","","","","","","","","","","","","","","","空欄にした: 月_診療 00:00-00:00（開始と終了が同じ） / 空欄にした: 火_診療 00:00-00:00（開始と終了が同じ） / 空欄にした: 木_診療 00:00-00:00（開始と終了が同じ） / 空欄にした: 金_診療 00:00-00:00（開始と終了が同じ） / 空欄にした: 月_外来受付 00:00-00:00（開始と終了が同じ） / 空欄にした: 火_外来受付 00:00-00:00（開始と終了が同じ） / 空欄にした: 木_外来受付 00:00-00:00（開始と終了が同じ） / 空欄にした: 金_外来受付 00:00-00:00（開始と終了が同じ）"
"3922396100870","01001","内科","1","08:45","12:00","08:45","12:00","08:45","12:00","08:45","12:00","08:45","12:00","08:45","12:00","","","","","08:45","12:00","08:45","12:00","08:45","12:00","08:45","12:00","08:45","12:00","08:45","12:00","","","","",""
"3922396100870","01001","内科","2","14:30","17:00","14:30","17:30","14:30","17:00","14:30","17:00","14:30","17:00","","","","","","","14:30","17:00","14:30","17:30","14:30","17:00","14:30","17:00","14:30","16:00","","","","","","",""
"3922396100870","01001","内科","3","","","","","","","","","","","","","","","","","","","","","","","","","","","","","","","","","空欄にした: 月_診療 00:00-00:00（開始と終了が同じ） / 空欄にした: 火_診療 00:00-00:00（開始と終了が同じ） / 空欄にした: 水_診療 00:00-00:00（開始と終了が同じ） / 空欄にした: 木_診療 00:00-00:00（開始と終了が同じ） / 空欄にした: 金_診療 00:00-00:00（開始と終了が同じ） / 空欄にした: 月_外来受付 00:00-00:00（開始と終了が同じ） / 空欄にした: 火_外来受付 00:00-00:00（開始と終了が同じ） / 空欄にした: 水_外来受付 00:00-00:00（開始と終了が同じ） / 空欄にした: 木_外来受付 00:00-00:00（開始と終了が同じ） / 空欄にした: 金_外来受付 00:00-00:00（開始と終了が同じ）"
"3922396100870","01014","呼吸器内科","1","08:45","12:00","08:45","12:00","08:45","12:00","08:45","12:00","08:45","12:00","08:45","12:00","","","","","08:45","12:00","08:45","12:00","08:45","12:00","08:45","12:00","08:45","12:00","08:45","12:00","","","","",""
"3922396100870","01014","呼吸器内科","2","14:30","17:00","14:30","17:30","14:30","17:00","14:30","17:00","14:30","17:00","","","","","","","14:30","17:00","14:30","17:30","14:30","17:00","14:30","17:00","14:30","16:00","","","","","","",""
"3922396100870","01014","呼吸器内科","3","","","","","","","","","","","","","","","","","","","","","","","","","","","","","","","","","空欄にした: 月_診療 00:00-00:00（開始と終了が同じ） / 空欄にした: 火_診療 00:00-00:00（開始と終了が同じ） / 空欄にした: 水_診療 00:00-00:00（開始と終了が同じ） / 空欄にした: 木_診療 00:00-00:00（開始と終了が同じ） / 空欄にした: 金_診療 00:00-00:00（開始と終了が同じ） / 空欄にした: 月_外来受付 00:00-00:00（開始と終了が同じ） / 空欄にした: 火_外来受付 00:00-00:00（開始と終了が同じ） / 空欄にした: 水_外来受付 00:00-00:00（開始と終了が同じ） / 空欄にした: 木_外来受付 00:00-00:00（開始と終了が同じ） / 空欄にした: 金_外来受付 00:00-00:00（開始と終了が同じ）"
"3922396100870","01017","循環器内科","1","08:45","12:00","08:45","12:00","08:45","12:00","08:45","12:00","08:45","12:00","08:45","12:00","","","","","08:45","12:00","08:45","12:00","08:45","12:00","08:45","12:00","08:45","12:00","08:45","12:00","","","","",""
"3922396100870","01017","循環器内科","2","14:30","17:00","14:30","17:30","14:30","17:00","14:30","17:00","14:30","17:00","","","","","","","14:30","17:00","14:30","17:30","14:30","17:00","14:30","17:00","14:30","16:00","","","","","","",""
"3922396100870","01017","循環器内科","3","","","","","","","","","","","","","","","","","","","","","","","","","","","","","","","","","空欄にした: 月_診療 00:00-00:00（開始と終了が同じ） / 空欄にした: 火_診療 00:00-00:00（開始と終了が同じ） / 空欄にした: 水_診療 00:00-00:00（開始と終了が同じ） / 空欄にした: 木_診療 00:00-00:00（開始と終了が同じ） / 空欄にした: 金_診療 00:00-00:00（開始と終了が同じ） / 空欄にした: 月_外来受付 00:00-00:00（開始と終了が同じ） / 空欄にした: 火_外来受付 00:00-00:00（開始と終了が同じ） / 空欄にした: 水_外来受付 00:00-00:00（開始と終了が同じ） / 空欄にした: 木_外来受付 00:00-00:00（開始と終了が同じ） / 空欄にした: 金_外来受付 00:00-00:00（開始と終了が同じ）"
"3922396100870","01020","消化器内科","1","08:45","12:00","08:45","12:00","08:45","12:00","08:45","12:00","08:45","12:00","08:45","12:00","","","","","08:45","12:00","08:45","12:00","08:45","12:00","08:45","12:00","08:45","12:00","08:45","12:00","","","","",""
"3922396100870","01020","消化器内科","2","14:30","17:00","14:30","17:30","14:30","17:00","14:30","17:00","14:30","17:00","","","","","","","14:30","17:00","14:30","17:30","14:30","17:00","14:30","17:00","14:30","16:00","","","","","","",""
"3922396100870","01020","消化器内科","3","","","","","","","","","","","","","","","","","","","","","","","","","","","","","","","","","空欄にした: 月_診療 00:00-00:00（開始と終了が同じ） / 空欄にした: 火_診療 00:00-00:00（開始と終了が同じ） / 空欄にした: 水_診療 00:00-00:00（開始と終了が同じ） / 空欄にした: 木_診療 00:00-00:00（開始と終了が同じ） / 空欄にした: 金_診療 00:00-00:00（開始と終了が同じ） / 空欄にした: 月_外来受付 00:00-00:00（開始と終了が同じ） / 空欄にした: 火_外来受付 00:00-00:00（開始と終了が同じ） / 空欄にした: 水_外来受付 00:00-00:00（開始と終了が同じ） / 空欄にした: 木_外来受付 00:00-00:00（開始と終了が同じ） / 空欄にした: 金_外来受付 00:00-00:00（開始と終了が同じ）"
"3922396100870","02001","外科","1","","","","","08:45","12:00","","","","","","","","","","","","","","","08:45","12:00","","","","","","","","","","",""
"3922396100870","02001","外科","2","","","","","14:30","16:00","","","","","","","","","","","","","","","14:30","16:00","","","","","","","","","","",""
"3922396100870","02001","外科","3","","","","","","","","","","","","","","","","","","","","","","","","","","","","","","","","","空欄にした: 水_診療 00:00-00:00（開始と終了が同じ）"
"3922396100870","02035","整形外科","1","","","","","","","","","","","08:45","12:00","","","","","","","","","","","","","","","08:45","12:00","","","","",""
"3922396100870","02035","整形外科","2","","","","","","","","","","","","","","","","","","","","","","","","","","","","","","","","",""
"3922396100870","02035","整形外科","3","","","","","","","","","","","","","","","","","","","","","","","","","","","","","","","","",""
"3922396100870","06001","皮膚科","1","","","","","08:45","12:00","","","","","","","","","","","","","","","08:45","12:00","","","","","","","","","","",""
"3922396100870","06001","皮膚科","2","","","","","14:30","16:00","","","","","","","","","","","","","","","14:30","16:00","","","","","","","","","","",""
"3922396100870","06001","皮膚科","3","","","","","","","","","","","","","","","","","","","","","","","","","","","","","","","","","空欄にした: 水_診療 00:00-00:00（開始と終了が同じ）"
"3922396101200","01001","内科","1","09:00","12:00","09:00","12:00","","","09:00","12:00","09:00","12:00","09:00","12:00","","","","","09:00","12:00","09:00","12:00","","","09:00","12:00","09:00","12:00","09:00","12:00","","","","",""
"3922396101200","01001","内科","2","13:00","17:00","13:00","17:00","","","13:00","17:00","","","","","","","","","13:00","16:30","13:00","16:30","","","13:00","16:30","","","","","","","","",""
"3922396101200","01001","内科","3","","","","","","","","","","","","","","","","","","","","","","","","","","","","","","","","",""
"3922396110130","01001","内科","1","09:00","12:00","09:00","12:00","09:00","12:00","","","09:00","12:00","09:00","12:00","","","","","08:30","11:30","08:30","11:30","08:30","11:30","","","08:30","11:30","08:30","11:30","","","","",""
"3922396110130","01001","内科","2","13:30","17:00","13:30","17:00","13:30","17:00","","","13:30","17:00","","","","","","","13:30","16:30","13:30","16:30","13:30","16:30","","","13:30","16:30","","","","","","",""
"3922396110130","01001","内科","3","","","","","","","","","","","","","","","","","","","","","","","","","","","","","","","","",""
"3922396110130","01020","消化器内科","1","09:00","12:00","09:00","12:00","09:00","12:00","","","09:00","12:00","09:00","12:00","","","","","08:30","11:30","08:30","11:30","08:30","11:30","","","08:30","11:30","08:30","11:30","","","","",""
"3922396110130","01020","消化器内科","2","13:30","17:00","13:30","17:00","13:30","17:00","","","13:30","17:00","","","","","","","13:30","16:30","13:30","16:30","13:30","16:30","","","13:30","16:30","","","","","","",""
"3922396110130","01020","消化器内科","3","","","","","","","","","","","","","","","","","","","","","","","","","","","","","","","","",""
"3922396200190","01001","内科","1","","","09:00","12:00","","","","","","","","","","","","","","","09:00","12:00","","","","","","","","","","","","",""
"3922396200190","01001","内科","2","","","","","","","","","","","","","","","","","","","","","","","","","","","","","","","","","空欄にした: 火_診療 00:00-00:00（開始と終了が同じ） / 空欄にした: 火_外来受付 00:00-00:00（開始と終了が同じ）"
"3922396200190","01001","内科","3","","","","","","","","","","","","","","","","","","","","","","","","","","","","","","","","","空欄にした: 火_診療 00:00-00:00（開始と終了が同じ） / 空欄にした: 火_外来受付 00:00-00:00（開始と終了が同じ）"
"3922396200190","01014","呼吸器内科","1","","","09:00","12:00","","","","","","","","","","","","","","","09:00","12:00","","","","","","","","","","","","",""
"3922396200190","01014","呼吸器内科","2","","","","","","","","","","","","","","","","","","","","","","","","","","","","","","","","","空欄にした: 火_診療 00:00-00:00（開始と終了が同じ） / 空欄にした: 火_外来受付 00:00-00:00（開始と終了が同じ）"
"3922396200190","01014","呼吸器内科","3","","","","","","","","","","","","","","","","","","","","","","","","","","","","","","","","","空欄にした: 火_診療 00:00-00:00（開始と終了が同じ） / 空欄にした: 火_外来受付 00:00-00:00（開始と終了が同じ）"
"3922396200190","01017","循環器内科","1","","","09:00","12:00","","","","","","","","","","","","","","","09:00","12:00","","","","","","","","","","","","",""
"3922396200190","01017","循環器内科","2","","","","","","","","","","","","","","","","","","","","","","","","","","","","","","","","","空欄にした: 火_診療 00:00-00:00（開始と終了が同じ） / 空欄にした: 火_外来受付 00:00-00:00（開始と終了が同じ）"
"3922396200190","01017","循環器内科","3","","","","","","","","","","","","","","","","","","","","","","","","","","","","","","","","","空欄にした: 火_診療 00:00-00:00（開始と終了が同じ） / 空欄にした: 火_外来受付 00:00-00:00（開始と終了が同じ）"
"3922396200190","01020","消化器内科","1","","","09:00","12:00","","","","","","","","","","","","","","","09:00","12:00","","","","","","","","","","","","",""
"3922396200190","01020","消化器内科","2","","","","","","","","","","","","","","","","","","","","","","","","","","","","","","","","","空欄にした: 火_診療 00:00-00:00（開始と終了が同じ） / 空欄にした: 火_外来受付 00:00-00:00（開始と終了が同じ）"
"3922396200190","01020","消化器内科","3","","","","","","","","","","","","","","","","","","","","","","","","","","","","","","","","","空欄にした: 火_診療 00:00-00:00（開始と終了が同じ） / 空欄にした: 火_外来受付 00:00-00:00（開始と終了が同じ）"
"3922396200190","01021","胃腸内科","1","","","09:00","12:00","","","","","","","","","","","","","","","09:00","12:00","","","","","","","","","","","","",""
"3922396200190","01021","胃腸内科","2","","","","","","","","","","","","","","","","","","","","","","","","","","","","","","","","","空欄にした: 火_診療 00:00-00:00（開始と終了が同じ） / 空欄にした: 火_外来受付 00:00-00:00（開始と終了が同じ）"
"3922396200190","01021","胃腸内科","3","","","","","","","","","","","","","","","","","","","","","","","","","","","","","","","","","空欄にした: 火_診療 00:00-00:00（開始と終了が同じ） / 空欄にした: 火_外来受付 00:00-00:00（開始と終了が同じ）"
"3922396200510","01001","内科","1","09:00","12:00","09:00","12:00","09:00","12:00","","","09:00","12:00","09:00","12:00","","","","","09:00","11:30","09:00","11:30","09:00","11:30","","","09:00","11:30","09:00","11:30","","","","",""
"3922396200510","01001","内科","2","14:30","18:00","14:30","18:00","14:30","18:00","14:30","18:00","14:30","18:00","","","","","","","14:30","17:30","14:30","17:30","14:30","17:30","14:30","17:30","14:30","17:30","","","","","","",""
"3922396200510","01001","内科","3","","","","","","","","","","","","","","","","","","","","","","","","","","","","","","","","",""
"3922396200510","03001","小児科","1","09:00","12:00","09:00","12:00","09:00","12:00","","","09:00","12:00","09:00","12:00","","","","","09:00","11:30","09:00","11:30","09:00","11:30","","","09:00","11:30","09:00","11:30","","","","",""
"3922396200510","03001","小児科","2","14:30","18:00","14:30","18:00","14:30","18:00","14:30","18:00","14:30","18:00","","","","","","","14:30","17:30","14:30","17:30","14:30","17:30","14:30","17:30","14:30","17:30","","","","","","",""
"3922396200510","03001","小児科","3","","","","","","","","","","","","","","","","","","","","","","","","","","","","","","","","",""
"3922396200770","01001","内科","1","09:00","11:50","09:00","11:50","09:00","11:50","09:00","11:50","09:00","11:50","","","","","","","09:00","11:40","09:00","11:40","09:00","11:40","09:00","11:40","09:00","11:40","","","","","","",""
"3922396200770","01001","内科","2","","","","","","","","","","","","","","","","","","","","","","","","","","","","","","","","",""
"3922396200770","01001","内科","3","","","","","","","","","","","","","","","","","","","","","","","","","","","","","","","","",""
"3922396200770","02001","外科","1","","","","","","","","","","","09:00","11:50","","","","","","","","","","","","","","","09:00","11:40","","","","",""
"3922396200770","02001","外科","2","","","","","","","","","","","","","","","","","","","","","","","","","","","","","","","","",""
"3922396200770","02001","外科","3","","","","","","","","","","","","","","","","","","","","","","","","","","","","","","","","",""
"3922396200770","02035","整形外科","1","","","","","","","","","","","09:00","11:50","","","","","","","","","","","","","","","09:00","11:40","","","","",""
"3922396200770","02035","整形外科","2","","","","","","","","","","","","","","","","","","","","","","","","","","","","","","","","",""
"3922396200770","02035","整形外科","3","","","","","","","","","","","","","","","","","","","","","","","","","","","","","","","","",""
"3922396200770","09002","リウマチ科","1","","","","","","","","","","","09:00","11:50","","","","","","","","","","","","","","","09:00","11:40","","","","",""
"3922396200770","09002","リウマチ科","2","","","","","","","","","","","","","","","","","","","","","","","","","","","","","","","","",""
"3922396200770","09002","リウマチ科","3","","","","","","","","","","","","","","","","","","","","","","","","","","","","","","","","",""
"3922396200770","09003","リハビリテーション科","1","09:00","11:50","09:00","11:50","09:00","11:50","09:00","11:50","09:00","11:50","09:00","11:50","","","","","09:00","11:40","09:00","11:40","09:00","11:40","09:00","11:40","09:00","11:40","09:00","11:40","","","","",""
"3922396200770","09003","リハビリテーション科","2","","","","","","","","","","","","","","","","","","","","","","","","","","","","","","","","",""
"3922396200770","09003","リハビリテーション科","3","","","","","","","","","","","","","","","","","","","","","","","","","","","","","","","","",""
"3922396200770","09011","麻酔科","1","","","","","","","","","","","09:00","11:50","","","","","","","","","","","","","","","09:00","11:40","","","","",""
"3922396200770","09011","麻酔科","2","","","","","","","","","","","","","","","","","","","","","","","","","","","","","","","","",""
"3922396200770","09011","麻酔科","3","","","","","","","","","","","","","","","","","","","","","","","","","","","","","","","","",""
"3922396200930","01001","内科","1","09:00","12:30","09:00","12:30","09:00","12:30","09:00","12:30","09:00","12:30","09:00","12:30","","","","","08:30","12:00","08:30","12:00","08:30","12:00","08:30","12:00","08:30","12:00","08:30","12:00","","","","",""
"3922396200930","01001","内科","2","14:30","17:00","","","14:30","17:00","14:30","17:00","14:30","17:00","14:30","17:00","","","","","13:30","17:00","","","13:30","17:00","13:30","17:00","13:30","17:00","13:30","17:00","","","","","空欄にした: 火_診療 00:00-00:00（開始と終了が同じ） / 空欄にした: 火_外来受付 00:00-00:00（開始と終了が同じ）"
"3922396200930","01001","内科","3","","","","","","","","","","","","","","","","","","","","","","","","","","","","","","","","","空欄にした: 月_診療 00:00-00:00（開始と終了が同じ） / 空欄にした: 火_診療 00:00-00:00（開始と終了が同じ） / 空欄にした: 水_診療 00:00-00:00（開始と終了が同じ） / 空欄にした: 木_診療 00:00-00:00（開始と終了が同じ） / 空欄にした: 金_診療 00:00-00:00（開始と終了が同じ） / 空欄にした: 土_診療 00:00-00:00（開始と終了が同じ） / 空欄にした: 月_外来受付 00:00-00:00（開始と終了が同じ） / 空欄にした: 火_外来受付 00:00-00:00（開始と終了が同じ） / 空欄にした: 水_外来受付 00:00-00:00（開始と終了が同じ） / 空欄にした: 木_外来受付 00:00-00:00（開始と終了が同じ） / 空欄にした: 金_外来受付 00:00-00:00（開始と終了が同じ） / 空欄にした: 土_外来受付 00:00-00:00（開始と終了が同じ）"
"3922396200930","01006","糖尿病内科","1","09:00","12:30","09:00","12:30","09:00","12:30","09:00","12:30","09:00","12:30","09:00","12:30","","","","","08:30","12:00","08:30","12:00","08:30","12:00","08:30","12:00","08:30","12:00","08:30","12:00","","","","",""
"3922396200930","01006","糖尿病内科","2","14:30","17:00","","","14:30","17:00","14:30","17:00","14:30","17:00","14:30","17:00","","","","","13:30","17:00","","","13:30","17:00","13:30","17:00","13:30","17:00","13:30","17:00","","","","","空欄にした: 火_診療 00:00-00:00（開始と終了が同じ） / 空欄にした: 火_外来受付 00:00-00:00（開始と終了が同じ）"
"3922396200930","01006","糖尿病内科","3","","","","","","","","","","","","","","","","","","","","","","","","","","","","","","","","","空欄にした: 月_診療 00:00-00:00（開始と終了が同じ） / 空欄にした: 火_診療 00:00-00:00（開始と終了が同じ） / 空欄にした: 水_診療 00:00-00:00（開始と終了が同じ） / 空欄にした: 木_診療 00:00-00:00（開始と終了が同じ） / 空欄にした: 金_診療 00:00-00:00（開始と終了が同じ） / 空欄にした: 土_診療 00:00-00:00（開始と終了が同じ） / 空欄にした: 月_外来受付 00:00-00:00（開始と終了が同じ） / 空欄にした: 火_外来受付 00:00-00:00（開始と終了が同じ） / 空欄にした: 水_外来受付 00:00-00:00（開始と終了が同じ） / 空欄にした: 木_外来受付 00:00-00:00（開始と終了が同じ） / 空欄にした: 金_外来受付 00:00-00:00（開始と終了が同じ） / 空欄にした: 土_外来受付 00:00-00:00（開始と終了が同じ）"
"3922396200930","01008","内分泌内科","1","","","","","","","09:00","12:30","","","","","","","","","","","","","","","08:30","12:00","","","","","","","","","空欄にした: 月_診療 00:00-00:00（開始と終了が同じ） / 空欄にした: 火_診療 00:00-00:00（開始と終了が同じ） / 空欄にした: 水_診療 00:00-00:00（開始と終了が同じ） / 空欄にした: 金_診療 00:00-00:00（開始と終了が同じ） / 空欄にした: 土_診療 00:00-00:00（開始と終了が同じ） / 空欄にした: 月_外来受付 00:00-00:00（開始と終了が同じ） / 空欄にした: 火_外来受付 00:00-00:00（開始と終了が同じ） / 空欄にした: 水_外来受付 00:00-00:00（開始と終了が同じ） / 空欄にした: 金_外来受付 00:00-00:00（開始と終了が同じ） / 空欄にした: 土_外来受付 00:00-00:00（開始と終了が同じ）"
"3922396200930","01008","内分泌内科","2","","","","","","","","","","","","","","","","","","","","","","","","","","","","","","","","","空欄にした: 月_診療 00:00-00:00（開始と終了が同じ） / 空欄にした: 火_診療 00:00-00:00（開始と終了が同じ） / 空欄にした: 水_診療 00:00-00:00（開始と終了が同じ） / 空欄にした: 木_診療 00:00-00:00（開始と終了が同じ） / 空欄にした: 金_診療 00:00-00:00（開始と終了が同じ） / 空欄にした: 土_診療 00:00-00:00（開始と終了が同じ） / 空欄にした: 月_外来受付 00:00-00:00（開始と終了が同じ） / 空欄にした: 火_外来受付 00:00-00:00（開始と終了が同じ） / 空欄にした: 水_外来受付 00:00-00:00（開始と終了が同じ） / 空欄にした: 木_外来受付 00:00-00:00（開始と終了が同じ） / 空欄にした: 金_外来受付 00:00-00:00（開始と終了が同じ） / 空欄にした: 土_外来受付 00:00-00:00（開始と終了が同じ）"
"3922396200930","01008","内分泌内科","3","","","","","","","","","","","","","","","","","","","","","","","","","","","","","","","","","空欄にした: 月_診療 00:00-00:00（開始と終了が同じ） / 空欄にした: 火_診療 00:00-00:00（開始と終了が同じ） / 空欄にした: 水_診療 00:00-00:00（開始と終了が同じ） / 空欄にした: 木_診療 00:00-00:00（開始と終了が同じ） / 空欄にした: 金_診療 00:00-00:00（開始と終了が同じ） / 空欄にした: 土_診療 00:00-00:00（開始と終了が同じ） / 空欄にした: 月_外来受付 00:00-00:00（開始と終了が同じ） / 空欄にした: 火_外来受付 00:00-00:00（開始と終了が同じ） / 空欄にした: 水_外来受付 00:00-00:00（開始と終了が同じ） / 空欄にした: 木_外来受付 00:00-00:00（開始と終了が同じ） / 空欄にした: 金_外来受付 00:00-00:00（開始と終了が同じ） / 空欄にした: 土_外来受付 00:00-00:00（開始と終了が同じ）"
"3922396200930","01017","循環器内科","1","09:00","12:30","09:00","12:30","09:00","12:30","09:00","12:30","09:00","12:30","09:00","12:30","","","","","08:30","12:00","08:30","12:00","08:30","12:00","08:30","12:00","08:30","12:00","08:30","12:00","","","","",""
"3922396200930","01017","循環器内科","2","14:30","17:00","","","14:30","17:00","14:30","17:00","14:30","17:00","14:30","17:00","","","","","13:30","17:00","","","13:30","17:00","13:30","17:00","13:30","17:00","13:30","17:00","","","","","空欄にした: 火_診療 00:00-00:00（開始と終了が同じ） / 空欄にした: 火_外来受付 00:00-00:00（開始と終了が同じ）"
"3922396200930","01017","循環器内科","3","","","","","","","","","","","","","","","","","","","","","","","","","","","","","","","","","空欄にした: 月_診療 00:00-00:00（開始と終了が同じ） / 空欄にした: 火_診療 00:00-00:00（開始と終了が同じ） / 空欄にした: 水_診療 00:00-00:00（開始と終了が同じ） / 空欄にした: 木_診療 00:00-00:00（開始と終了が同じ） / 空欄にした: 金_診療 00:00-00:00（開始と終了が同じ） / 空欄にした: 土_診療 00:00-00:00（開始と終了が同じ） / 空欄にした: 月_外来受付 00:00-00:00（開始と終了が同じ） / 空欄にした: 火_外来受付 00:00-00:00（開始と終了が同じ） / 空欄にした: 水_外来受付 00:00-00:00（開始と終了が同じ） / 空欄にした: 木_外来受付 00:00-00:00（開始と終了が同じ） / 空欄にした: 金_外来受付 00:00-00:00（開始と終了が同じ） / 空欄にした: 土_外来受付 00:00-00:00（開始と終了が同じ）"
"3922396200930","01020","消化器内科","1","09:00","12:30","09:00","12:30","09:00","12:30","09:00","12:30","09:00","12:30","09:00","12:30","","","","","08:30","12:00","08:30","12:00","08:30","12:00","08:30","12:00","08:30","12:00","08:30","12:00","","","","",""
"3922396200930","01020","消化器内科","2","14:30","17:00","","","14:30","17:00","14:30","17:00","14:30","17:00","14:30","17:00","","","","","13:30","17:00","","","13:30","17:00","13:30","17:00","13:30","17:00","13:30","17:00","","","","","空欄にした: 火_診療 00:00-00:00（開始と終了が同じ） / 空欄にした: 火_外来受付 00:00-00:00（開始と終了が同じ）"
"3922396200930","01020","消化器内科","3","","","","","","","","","","","","","","","","","","","","","","","","","","","","","","","","","空欄にした: 月_診療 00:00-00:00（開始と終了が同じ） / 空欄にした: 火_診療 00:00-00:00（開始と終了が同じ） / 空欄にした: 水_診療 00:00-00:00（開始と終了が同じ） / 空欄にした: 木_診療 00:00-00:00（開始と終了が同じ） / 空欄にした: 金_診療 00:00-00:00（開始と終了が同じ） / 空欄にした: 土_診療 00:00-00:00（開始と終了が同じ） / 空欄にした: 月_外来受付 00:00-00:00（開始と終了が同じ） / 空欄にした: 火_外来受付 00:00-00:00（開始と終了が同じ） / 空欄にした: 水_外来受付 00:00-00:00（開始と終了が同じ） / 空欄にした: 木_外来受付 00:00-00:00（開始と終了が同じ） / 空欄にした: 金_外来受付 00:00-00:00（開始と終了が同じ） / 空欄にした: 土_外来受付 00:00-00:00（開始と終了が同じ）"
"3922396200930","01023","人工透析内科","1","09:00","12:30","09:00","12:30","09:00","12:30","09:00","12:30","09:00","12:30","09:00","12:30","","","","","08:30","12:00","08:30","12:00","08:30","12:00","08:30","12:00","08:30","12:00","08:30","12:00","","","","",""
"3922396200930","01023","人工透析内科","2","14:30","17:00","","","14:30","17:00","14:30","17:00","14:30","17:00","14:30","17:00","","","","","13:30","17:00","","","13:30","17:00","13:30","17:00","13:30","17:00","13:30","17:00","","","","","空欄にした: 火_診療 00:00-00:00（開始と終了が同じ） / 空欄にした: 火_外来受付 00:00-00:00（開始と終了が同じ）"
"3922396200930","01023","人工透析内科","3","","","","","","","","","","","","","","","","","","","","","","","","","","","","","","","","","空欄にした: 月_診療 00:00-00:00（開始と終了が同じ） / 空欄にした: 火_診療 00:00-00:00（開始と終了が同じ） / 空欄にした: 水_診療 00:00-00:00（開始と終了が同じ） / 空欄にした: 木_診療 00:00-00:00（開始と終了が同じ） / 空欄にした: 金_診療 00:00-00:00（開始と終了が同じ） / 空欄にした: 土_診療 00:00-00:00（開始と終了が同じ） / 空欄にした: 月_外来受付 00:00-00:00（開始と終了が同じ） / 空欄にした: 火_外来受付 00:00-00:00（開始と終了が同じ） / 空欄にした: 水_外来受付 00:00-00:00（開始と終了が同じ） / 空欄にした: 木_外来受付 00:00-00:00（開始と終了が同じ） / 空欄にした: 金_外来受付 00:00-00:00（開始と終了が同じ） / 空欄にした: 土_外来受付 00:00-00:00（開始と終了が同じ）"
"3922396201100","01001","内科","1","09:00","12:30","09:00","12:30","09:00","12:30","","","09:00","12:30","09:00","14:00","","","","","","","","","","","","","","","","","","","","",""
"3922396201100","01001","内科","2","14:00","18:00","14:00","18:00","14:00","18:00","","","14:00","18:00","","","","","","","","","","","","","","","","","","","","","","",""
"3922396201100","01001","内科","3","","","","","","","","","","","","","","","","","","","","","","","","","","","","","","","","",""
"3922396201100","02002","脳神経外科","1","09:00","12:30","09:00","12:30","09:00","12:30","","","09:00","12:30","09:00","14:00","","","","","","","","","","","","","","","","","","","","",""
"3922396201100","02002","脳神経外科","2","14:00","18:00","14:00","18:00","14:00","18:00","","","14:00","18:00","","","","","","","","","","","","","","","","","","","","","","",""
"3922396201100","02002","脳神経外科","3","","","","","","","","","","","","","","","","","","","","","","","","","","","","","","","","",""
"3922396201100","02003","脳外科","1","09:00","12:30","09:00","12:30","09:00","12:30","","","09:00","12:30","09:00","14:00","","","","","","","","","","","","","","","","","","","","",""
"3922396201100","02003","脳外科","2","14:00","18:00","14:00","18:00","14:00","18:00","","","14:00","18:00","","","","","","","","","","","","","","","","","","","","","","",""
"3922396201100","02003","脳外科","3","","","","","","","","","","","","","","","","","","","","","","","","","","","","","","","","",""
"3922396201100","03001","小児科","1","","","09:00","12:30","09:00","12:30","09:00","12:30","","","","","","","","","","","","","","","","","","","","","","","","",""
"3922396201100","03001","小児科","2","","","","","","","13:30","17:00","","","","","","","","","","","","","","","","","","","","","","","","",""
"3922396201100","03001","小児科","3","","","","","","","","","","","","","","","","","","","","","","","","","","","","","","","","",""
"3922396201100","06001","皮膚科","1","09:00","12:30","09:00","12:30","","","","","10:00","12:30","09:00","14:00","","","","","","","","","","","","","","","","","","","","",""
"3922396201100","06001","皮膚科","2","14:00","18:00","14:00","16:30","","","","","14:00","18:00","","","","","","","","","","","","","","","","","","","","","","",""
"3922396201100","06001","皮膚科","3","","","","","","","","","","","","","","","","","","","","","","","","","","","","","","","","",""
"3922396201100","06002","美容皮膚科","1","09:00","12:30","09:00","12:30","","","","","10:00","12:30","09:00","14:00","","","","","","","","","","","","","","","","","","","","",""
"3922396201100","06002","美容皮膚科","2","14:00","18:00","14:00","16:30","","","","","14:00","18:00","","","","","","","","","","","","","","","","","","","","","","",""
"3922396201100","06002","美容皮膚科","3","","","","","","","","","","","","","","","","","","","","","","","","","","","","","","","","",""
"3922396201100","07003","心療内科","1","09:00","12:30","09:00","12:30","09:00","12:30","","","09:00","12:30","09:00","14:00","","","","","","","","","","","","","","","","","","","","",""
"3922396201100","07003","心療内科","2","14:00","18:00","14:00","18:00","14:00","18:00","","","14:00","18:00","","","","","","","","","","","","","","","","","","","","","","",""
"3922396201100","07003","心療内科","3","","","","","","","","","","","","","","","","","","","","","","","","","","","","","","","","",""
"3922396201360","01017","循環器内科","1","09:00","12:30","09:00","12:30","09:00","12:30","09:00","12:30","09:00","12:30","09:00","12:30","","","","","09:00","12:00","09:00","12:00","09:00","12:00","09:00","12:00","09:00","12:00","09:00","12:00","","","","",""
"3922396201360","01017","循環器内科","2","14:00","18:00","14:00","18:00","","","14:00","18:00","14:00","18:00","","","","","","","14:00","17:30","14:00","17:30","","","14:00","17:30","14:00","17:30","","","","","","",""
"3922396201360","01017","循環器内科","3","","","","","","","","","","","","","","","","","","","","","","","","","","","","","","","","",""
"3922396201360","01020","消化器内科","1","09:00","12:30","09:00","12:30","09:00","12:30","09:00","12:30","09:00","12:30","09:00","12:30","","","","","09:00","12:00","09:00","12:00","09:00","12:00","09:00","12:00","09:00","12:00","09:00","12:00","","","","",""
"3922396201360","01020","消化器内科","2","14:00","18:00","14:00","18:00","","","14:00","18:00","14:00","18:00","","","","","","","14:00","17:30","14:00","17:30","","","14:00","17:30","14:00","17:30","","","","","","",""
"3922396201360","01020","消化器内科","3","","","","","","","","","","","","","","","","","","","","","","","","","","","","","","","","",""
"3922396201650","01001","内科","1","09:00","12:00","09:00","12:00","09:00","12:00","","","09:00","12:00","09:00","12:00","","","","","09:00","12:00","09:00","12:00","09:00","12:00","","","09:00","12:00","09:00","12:00","","","","",""
"3922396201650","01001","内科","2","14:00","18:00","14:00","18:00","14:00","18:00","","","14:00","18:00","","","","","","","14:00","18:00","14:00","18:00","14:00","18:00","","","14:00","18:00","","","","","","",""
"3922396201650","01001","内科","3","","","","","","","","","","","","","","","","","","","","","","","","","","","","","","","","",""
"3922396201650","01014","呼吸器内科","1","09:00","12:00","09:00","12:00","09:00","12:00","","","09:00","12:00","09:00","12:00","","","","","09:00","12:00","09:00","12:00","09:00","12:00","","","09:00","12:00","09:00","12:00","","","","",""
"3922396201650","01014","呼吸器内科","2","14:00","18:00","14:00","18:00","14:00","18:00","","","14:00","18:00","","","","","","","14:00","18:00","14:00","18:00","14:00","18:00","","","14:00","18:00","","","","","","",""
"3922396201650","01014","呼吸器内科","3","","","","","","","","","","","","","","","","","","","","","","","","","","","","","","","","",""
"3922396201650","01017","循環器内科","1","09:00","12:00","09:00","12:00","09:00","12:00","","","09:00","12:00","09:00","12:00","","","","","09:00","12:00","09:00","12:00","09:00","12:00","","","09:00","12:00","09:00","12:00","","","","",""
"3922396201650","01017","循環器内科","2","14:00","18:00","14:00","18:00","14:00","18:00","","","14:00","18:00","","","","","","","14:00","18:00","14:00","18:00","14:00","18:00","","","14:00","18:00","","","","","","",""
"3922396201650","01017","循環器内科","3","","","","","","","","","","","","","","","","","","","","","","","","","","","","","","","","",""
"3922396201650","01020","消化器内科","1","09:00","12:00","09:00","12:00","09:00","12:00","","","09:00","12:00","09:00","12:00","","","","","09:00","12:00","09:00","12:00","09:00","12:00","","","09:00","12:00","09:00","12:00","","","","",""
"3922396201650","01020","消化器内科","2","14:00","18:00","14:00","18:00","14:00","18:00","","","14:00","18:00","","","","","","","14:00","18:00","14:00","18:00","14:00","18:00","","","14:00","18:00","","","","","","",""
"3922396201650","01020","消化器内科","3","","","","","","","","","","","","","","","","","","","","","","","","","","","","","","","","",""
"3922396201780","05001","眼科","1","08:45","12:30","08:45","12:30","08:45","13:00","08:45","12:30","08:45","12:30","08:45","13:00","","","","","08:45","12:00","08:45","12:00","08:45","12:00","08:45","12:00","08:45","12:00","08:45","12:00","","","","",""
"3922396201780","05001","眼科","2","14:00","18:30","14:00","18:30","","","14:00","18:30","14:00","18:30","","","","","","","14:00","18:00","14:00","18:00","","","14:00","18:00","14:00","18:00","","","","","","",""
"3922396201780","05001","眼科","3","","","","","","","","","","","","","","","","","","","","","","","","","","","","","","","","",""
"3922396201810","05001","眼科","1","09:00","12:30","09:00","12:30","09:00","12:30","09:00","12:30","09:00","12:30","09:00","13:00","","","","","09:00","12:30","09:00","12:30","09:00","12:30","09:00","12:30","09:00","12:30","09:00","13:00","","","","",""
"3922396201810","05001","眼科","2","14:00","18:00","14:00","18:00","14:00","19:00","","","14:00","18:00","","","","","","","14:00","18:00","14:00","18:00","14:00","19:00","","","14:00","18:00","","","","","","",""
"3922396201810","05001","眼科","3","","","","","","","","","","","","","","","","","","","","","","","","","","","","","","","","",""
"3922396202820","01001","内科","1","08:00","12:30","08:00","12:30","08:00","12:30","08:00","12:30","08:00","12:30","08:00","12:30","","","","","07:30","11:30","07:30","11:30","07:30","11:30","07:30","11:30","07:30","11:30","07:30","11:30","","","","",""
"3922396202820","01001","内科","2","13:45","17:00","13:45","17:00","","","13:45","17:00","13:45","17:00","","","","","","","13:30","16:00","13:30","16:00","","","13:30","16:00","13:30","16:00","","","","","","",""
"3922396202820","01001","内科","3","","","","","","","","","","","","","","","","","","","","","","","","","","","","","","","","",""
"3922396202820","01006","糖尿病内科","1","08:00","12:30","08:00","12:30","08:00","12:30","08:00","12:30","08:00","12:30","08:00","12:30","","","","","07:30","11:30","07:30","11:30","07:30","11:30","07:30","11:30","07:30","11:30","07:30","11:30","","","","",""
"3922396202820","01006","糖尿病内科","2","13:45","17:00","13:45","17:00","","","13:45","17:00","13:45","17:00","","","","","","","13:30","16:00","13:30","16:00","","","13:30","16:00","13:30","16:00","","","","","","",""
"3922396202820","01006","糖尿病内科","3","","","","","","","","","","","","","","","","","","","","","","","","","","","","","","","","",""
"3922396202820","01014","呼吸器内科","1","08:00","12:30","08:00","12:30","08:00","12:30","08:00","12:30","08:00","12:30","08:00","12:30","","","","","07:30","11:30","07:30","11:30","07:30","11:30","07:30","11:30","07:30","11:30","07:30","11:30","","","","",""
"3922396202820","01014","呼吸器内科","2","13:45","17:00","13:45","17:00","","","13:45","17:00","13:45","17:00","","","","","","","13:30","16:00","13:30","16:00","","","13:30","16:00","13:30","16:00","","","","","","",""
"3922396202820","01014","呼吸器内科","3","","","","","","","","","","","","","","","","","","","","","","","","","","","","","","","","",""
"3922396202820","01017","循環器内科","1","08:00","12:30","08:00","12:30","08:00","12:30","08:00","12:30","08:00","12:30","08:00","12:30","","","","","07:30","11:30","07:30","11:30","07:30","11:30","07:30","11:30","07:30","11:30","07:30","11:30","","","","",""
"3922396202820","01017","循環器内科","2","13:45","17:00","13:45","17:00","","","13:45","17:00","13:45","17:00","","","","","","","13:30","16:00","13:30","16:00","","","13:30","16:00","13:30","16:00","","","","","","",""
"3922396202820","01017","循環器内科","3","","","","","","","","","","","","","","","","","","","","","","","","","","","","","","","","",""
"3922396202820","01020","消化器内科","1","08:00","12:30","08:00","12:30","08:00","12:30","08:00","12:30","08:00","12:30","08:00","12:30","","","","","07:30","11:30","07:30","11:30","07:30","11:30","07:30","11:30","07:30","11:30","07:30","11:30","","","","",""
"3922396202820","01020","消化器内科","2","13:45","17:00","13:45","17:00","","","13:45","17:00","13:45","17:00","","","","","","","13:30","16:00","13:30","16:00","","","13:30","16:00","13:30","16:00","","","","","","",""
"3922396202820","01020","消化器内科","3","","","","","","","","","","","","","","","","","","","","","","","","","","","","","","","","",""
"3922396202820","01022","腎臓内科","1","08:00","12:30","08:00","12:30","08:00","12:30","08:00","12:30","08:00","12:30","08:00","12:30","","","","","07:30","11:30","07:30","11:30","07:30","11:30","07:30","11:30","07:30","11:30","07:30","11:30","","","","",""
"3922396202820","01022","腎臓内科","2","13:45","17:00","13:45","17:00","","","13:45","17:00","13:45","17:00","","","","","","","13:30","16:00","13:30","16:00","","","13:30","16:00","13:30","16:00","","","","","","",""
"3922396202820","01022","腎臓内科","3","","","","","","","","","","","","","","","","","","","","","","","","","","","","","","","","",""
"3922396202820","09001","アレルギー科","1","08:00","12:30","08:00","12:30","08:00","12:30","08:00","12:30","08:00","12:30","08:00","12:30","","","","","07:30","11:30","07:30","11:30","07:30","11:30","07:30","11:30","07:30","11:30","07:30","11:30","","","","",""
"3922396202820","09001","アレルギー科","2","13:45","17:00","13:45","17:00","","","13:45","17:00","13:45","17:00","","","","","","","13:30","16:00","13:30","16:00","","","13:30","16:00","13:30","16:00","","","","","","",""
"3922396202820","09001","アレルギー科","3","","","","","","","","","","","","","","","","","","","","","","","","","","","","","","","","",""
"3922396202820","09009","臨床検査科","1","08:00","12:30","08:00","12:30","08:00","12:30","08:00","12:30","08:00","12:30","08:00","12:30","","","","","07:30","11:30","07:30","11:30","07:30","11:30","07:30","11:30","07:30","11:30","07:30","11:30","","","","",""
"3922396202820","09009","臨床検査科","2","13:45","17:00","13:45","17:00","","","13:45","17:00","13:45","17:00","","","","","","","13:30","16:00","13:30","16:00","","","13:30","16:00","13:30","16:00","","","","","","",""
"3922396202820","09009","臨床検査科","3","","","","","","","","","","","","","","","","","","","","","","","","","","","","","","","","",""
"3922396204550","05001","眼科","1","09:00","12:30","09:00","12:00","09:00","12:30","09:00","12:30","09:00","12:30","09:00","12:30","","","","","09:00","12:30","09:00","10:30","09:00","12:30","09:00","12:30","09:00","12:30","09:00","11:30","","","","",""
"3922396204550","05001","眼科","2","14:00","17:30","13:30","17:30","14:00","17:30","14:00","17:30","14:00","17:30","","","","","","","14:00","17:30","","","14:00","17:30","14:00","17:30","14:00","17:30","","","","","","",""
"3922396204550","05001","眼科","3","","","","","","","","","","","","","","","","","","","","","","","","","","","","","","","","",""
"3922396205300","03001","小児科","1","08:30","12:30","08:30","12:30","08:30","12:30","","","08:30","12:30","08:30","12:30","","","","","08:30","12:30","08:30","12:30","08:30","12:30","","","08:30","12:30","08:30","12:30","","","","",""
"3922396205300","03001","小児科","2","14:00","17:30","14:00","17:30","14:00","17:30","","","14:00","17:30","14:00","17:30","","","","","14:00","17:30","14:00","17:30","14:00","17:30","","","14:00","17:30","14:00","17:30","","","","",""
"3922396205300","03001","小児科","3","","","","","","","","","","","","","","","","","","","","","","","","","","","","","","","","",""
"3922396205720","02035","整形外科","1","09:00","12:30","09:00","12:30","09:00","12:30","","","09:00","12:30","09:00","12:30","","","","","","","","","","","","","","","","","","","","",""
"3922396205720","02035","整形外科","2","14:00","18:00","14:00","18:00","14:00","18:00","","","14:00","18:00","14:00","16:00","","","","","","","","","","","","","","","","","","","","",""
"3922396205720","02035","整形外科","3","","","","","","","","","","","","","","","","","","","","","","","","","","","","","","","","",""
"3922396206020","01001","内科","1","08:30","12:30","","","","","08:30","12:30","","","","","","","","","08:30","12:00","","","","","08:30","12:00","","","","","","","","",""
"3922396206020","01001","内科","2","","","","","","","","","","","","","","","","","","","","","","","","","","","","","","","","",""
"3922396206020","01001","内科","3","","","","","","","","","","","","","","","","","","","","","","","","","","","","","","","","",""
"3922396206020","02035","整形外科","1","08:30","12:30","08:30","12:30","08:30","12:30","08:30","12:30","08:30","12:30","08:30","12:30","","","","","08:30","12:00","08:30","12:00","08:30","12:00","08:30","12:00","08:30","12:00","08:30","12:00","","","","",""
"3922396206020","02035","整形外科","2","13:30","17:30","13:30","17:30","13:30","17:30","","","13:30","17:30","","","","","","","13:00","17:00","13:00","17:00","13:00","17:00","","","13:00","17:00","","","","","","",""
"3922396206020","02035","整形外科","3","","","","","","","","","","","","","","","","","","","","","","","","","","","","","","","","",""
"3922396206020","09003","リハビリテーション科","1","08:30","12:30","08:30","12:30","08:30","12:30","08:30","12:30","08:30","12:30","08:30","12:30","","","","","08:30","12:00","08:30","12:00","08:30","12:00","08:30","12:00","08:30","12:00","08:30","12:00","","","","",""
"3922396206020","09003","リハビリテーション科","2","13:30","17:30","13:30","17:30","13:30","17:30","","","13:30","17:30","","","","","","","13:30","17:00","13:30","17:00","13:30","17:00","","","13:30","17:00","","","","","","",""
"3922396206020","09003","リハビリテーション科","3","","","","","","","","","","","","","","","","","","","","","","","","","","","","","","","","",""
"3922396206280","01001","内科","1","09:00","13:00","09:00","13:00","09:00","13:00","09:00","13:00","09:00","13:00","09:00","13:00","","","","","09:00","12:30","09:00","12:30","09:00","12:30","09:00","12:30","09:00","12:30","09:00","12:30","","","","",""
"3922396206280","01001","内科","2","14:30","17:00","14:30","17:00","14:30","17:00","","","14:30","17:00","","","","","","","14:30","16:30","14:30","16:30","14:30","16:30","","","14:30","16:30","","","","","","",""
"3922396206280","01001","内科","3","","","","","","","","","","","","","","","","","","","","","","","","","","","","","","","","",""
"3922396206280","01006","糖尿病内科","1","09:00","13:00","09:00","13:00","09:00","13:00","09:00","13:00","09:00","13:00","09:00","13:00","","","","","09:00","12:30","09:00","12:30","09:00","12:30","09:00","12:30","09:00","12:30","09:00","12:30","","","","",""
"3922396206280","01006","糖尿病内科","2","14:30","17:00","14:30","17:00","14:30","17:00","","","14:30","17:00","","","","","","","14:30","16:30","14:30","16:30","14:30","16:30","","","14:30","16:30","","","","","","",""
"3922396206280","01006","糖尿病内科","3","","","","","","","","","","","","","","","","","","","","","","","","","","","","","","","","",""
"3922396206280","01012","代謝・内分泌内科","1","09:00","13:00","09:00","13:00","09:00","13:00","09:00","13:00","09:00","13:00","09:00","13:00","","","","","09:00","12:30","09:00","12:30","09:00","12:30","09:00","12:30","09:00","12:30","09:00","12:30","","","","",""
"3922396206280","01012","代謝・内分泌内科","2","14:30","17:00","14:30","17:00","14:30","17:00","","","14:30","17:00","","","","","","","14:30","16:30","14:30","16:30","14:30","16:30","","","14:30","16:30","","","","","","",""
"3922396206280","01012","代謝・内分泌内科","3","","","","","","","","","","","","","","","","","","","","","","","","","","","","","","","","",""
"3922396206280","01022","腎臓内科","1","09:00","13:00","09:00","13:00","09:00","13:00","09:00","13:00","09:00","13:00","09:00","13:00","","","","","09:00","12:30","09:00","12:30","09:00","12:30","09:00","12:30","09:00","12:30","09:00","12:30","","","","",""
"3922396206280","01022","腎臓内科","2","14:30","17:00","14:30","17:00","14:30","17:00","","","14:30","17:00","","","","","","","14:30","16:30","14:30","16:30","14:30","16:30","","","14:30","16:30","","","","","","",""
"3922396206280","01022","腎臓内科","3","","","","","","","","","","","","","","","","","","","","","","","","","","","","","","","","",""
"3922396207160","01001","内科","1","09:00","13:00","09:00","13:00","09:00","13:00","","","09:00","13:00","09:00","13:00","","","","","08:45","12:00","08:45","12:00","08:45","12:00","","","08:45","12:00","08:45","12:00","","","","",""
"3922396207160","01001","内科","2","14:00","18:00","14:00","18:00","14:00","18:00","","","14:00","18:00","14:00","17:00","","","","","13:45","17:30","13:45","17:30","13:45","17:30","","","13:45","17:30","13:45","16:30","","","","",""
"3922396207160","01001","内科","3","","","","","","","","","","","","","","","","","","","","","","","","","","","","","","","","",""
"3922396207160","01022","腎臓内科","1","09:00","13:00","09:00","13:00","09:00","13:00","","","09:00","13:00","09:00","13:00","","","","","08:45","12:00","08:45","12:00","08:45","12:00","","","08:45","12:00","08:45","12:00","","","","",""
"3922396207160","01022","腎臓内科","2","14:00","18:00","14:00","18:00","14:00","18:00","","","14:00","18:00","14:00","17:00","","","","","13:45","17:30","13:45","17:30","13:45","17:30","","","13:45","17:30","13:45","16:30","","","","",""
"3922396207160","01022","腎臓内科","3","","","","","","","","","","","","","","","","","","","","","","","","","","","","","","","","",""
"3922396207160","06001","皮膚科","1","09:00","13:00","09:00","13:00","09:00","13:00","","","09:00","13:00","09:00","13:00","","","","","08:45","12:00","08:45","12:00","08:45","12:00","","","08:45","12:00","08:45","12:00","","","","",""
"3922396207160","06001","皮膚科","2","14:00","18:00","14:00","18:00","14:00","18:00","","","14:00","18:00","14:00","17:00","","","","","13:45","17:30","13:45","17:30","13:45","17:30","","","13:45","17:30","13:45","16:30","","","","",""
"3922396207160","06001","皮膚科","3","","","","","","","","","","","","","","","","","","","","","","","","","","","","","","","","",""
"3922396207160","06004","泌尿器科","1","09:00","13:00","09:00","13:00","09:00","13:00","","","09:00","13:00","09:00","13:00","","","","","08:45","12:00","08:45","12:00","08:45","12:00","","","08:45","12:00","08:45","12:00","","","","",""
"3922396207160","06004","泌尿器科","2","14:00","18:00","14:00","18:00","14:00","18:00","","","14:00","18:00","14:00","17:00","","","","","13:45","17:30","13:45","17:30","13:45","17:30","","","13:45","17:30","13:45","16:30","","","","",""
"3922396207160","06004","泌尿器科","3","","","","","","","","","","","","","","","","","","","","","","","","","","","","","","","","",""
"3922396210740","01001","内科","1","09:00","12:30","09:00","12:30","09:00","12:30","09:00","12:30","09:00","12:30","","","","","","","09:00","12:30","09:00","12:30","09:00","12:30","09:00","12:30","09:00","12:30","","","","","","",""
"3922396210740","01001","内科","2","14:00","17:30","14:00","17:30","","","14:00","17:30","14:00","17:30","","","","","","","14:00","17:30","14:00","17:30","","","14:00","17:30","14:00","17:30","","","","","","",""
"3922396210740","01001","内科","3","","","","","","","","","","","","","","","","","","","","","","","","","","","","","","","","",""
"3922396210740","02002","脳神経外科","1","09:00","12:30","09:00","12:30","09:00","12:30","09:00","12:30","09:00","12:30","09:00","12:30","","","","","09:00","12:30","09:00","12:30","09:00","12:30","09:00","12:30","09:00","12:30","09:00","12:30","","","","",""
"3922396210740","02002","脳神経外科","2","14:00","17:30","14:00","17:30","14:00","16:30","14:00","17:30","14:00","17:30","14:00","17:30","","","","","14:00","17:30","14:00","17:30","14:00","16:30","14:00","17:30","14:00","17:30","14:00","16:30","","","","",""
"3922396210740","02002","脳神経外科","3","","","","","","","","","","","","","","","","","","","","","","","","","","","","","","","","",""
"3922396211040","01001","内科","1","09:00","11:30","09:00","11:30","09:00","11:30","09:00","11:30","09:00","11:30","","","","","","","08:30","11:30","08:30","11:30","08:30","11:30","08:30","11:30","08:30","11:30","","","","","","",""
"3922396211040","01001","内科","2","","","","","17:00","18:00","","","","","","","","","","","","","17:00","18:00","17:00","18:00","","","","","","","","","","",""
"3922396211040","01001","内科","3","","","","","","","","","","","","","","","","","","","","","","","","","","","","","","","","",""
"3922396211910","01001","内科","1","08:30","12:30","08:30","12:00","08:30","12:30","08:30","12:30","08:30","12:30","08:30","13:00","","","","","08:30","12:30","08:30","12:00","08:30","12:30","08:30","12:30","08:30","12:30","08:30","13:00","","","","",""
"3922396211910","01001","内科","2","","","","","","","","","","","","","","","","","","","","","","","","","","","","","","","","",""
"3922396211910","01001","内科","3","15:00","18:30","15:00","18:30","","","15:00","18:30","15:00","18:30","","","","","","","15:00","18:30","15:00","18:30","","","15:00","18:30","15:00","18:30","","","","","","",""
"3922396211910","01017","循環器内科","1","08:30","12:30","","","08:30","12:30","08:30","12:30","08:30","12:30","08:30","13:00","","","","","08:30","12:30","","","08:30","12:30","08:30","12:30","08:30","12:30","08:30","13:00","","","","",""
"3922396211910","01017","循環器内科","2","","","","","","","","","","","","","","","","","","","","","","","","","","","","","","","","",""
"3922396211910","01017","循環器内科","3","15:00","18:30","15:00","18:30","","","15:00","18:30","15:00","18:30","","","","","","","15:00","18:30","15:00","18:30","","","15:00","18:30","15:00","18:30","","","","","","",""
"3922396211910","01020","消化器内科","1","","","08:30","12:00","","","","","","","","","","","","","","","08:30","12:00","","","","","","","","","","","","",""
"3922396211910","01020","消化器内科","2","","","","","","","","","","","","","","","","","","","","","","","","","","","","","","","","",""
"3922396211910","01020","消化器内科","3","","","","","","","","","","","","","","","","","","","","","","","","","","","","","","","","",""
"3922396220260","01001","内科","1","09:00","12:00","09:00","12:00","09:00","12:00","09:00","12:00","09:00","12:00","","","","","","","08:30","12:00","08:30","12:00","08:30","12:00","08:30","12:00","08:30","12:00","","","","","","",""
"3922396220260","01001","内科","2","14:00","17:00","14:00","17:00","14:00","17:00","14:00","17:00","14:00","17:00","","","","","","","13:30","17:00","13:30","17:00","13:30","17:00","13:30","17:00","13:30","17:00","","","","","","",""
"3922396220260","01001","内科","3","","","","","","","","","","","","","","","","","","","","","","","","","","","","","","","","",""
"3922396225340","01001","内科","1","08:30","12:30","08:30","12:30","08:30","12:30","08:30","12:30","08:30","12:30","","","","","","","08:30","12:00","08:30","12:00","08:30","12:00","08:30","12:00","08:30","12:00","","","","","","",""
"3922396225340","01001","内科","2","13:30","17:30","","","13:30","17:30","13:30","17:30","13:30","17:30","","","","","","","13:30","17:00","","","13:30","17:00","13:30","17:00","13:30","17:00","","","","","","",""
"3922396225340","01001","内科","3","","","","","","","","","","","","","","","","","","","","","","","","","","","","","","","","",""
"3922396225340","09003","リハビリテーション科","1","","","","","","","","","","","","","","","","","","","","","","","","","","","","","","","","",""
"3922396225340","09003","リハビリテーション科","2","","","","","","","","","","","","","","","","","","","","","","","","","","","","","","","","",""
"3922396225340","09003","リハビリテーション科","3","","","","","","","","","","","","","","","","","","","","","","","","","","","","","","","","",""
"392239622693","01001","内科","1","","","","","","","","","11:00","14:00","11:00","14:00","11:00","14:00","","","","","","","","","","","","","","","","","","",""
"392239622693","01001","内科","2","","","","","","","","","15:00","18:00","15:00","18:00","15:00","18:00","","","","","","","","","","","","","","","","","","",""
"392239622693","01001","内科","3","","","","","","","","","","","","","","","","","","","","","","","","","","","","","","","","",""
"392239622693","06001","皮膚科","1","","","","","","","","","11:00","14:00","11:00","14:00","11:00","14:00","","","","","","","","","","","","","","","","","","",""
"392239622693","06001","皮膚科","2","","","","","","","","","15:00","18:00","15:00","18:00","15:00","18:00","","","","","","","","","","","","","","","","","","",""
"392239622693","06001","皮膚科","3","","","","","","","","","","","","","","","","","","","","","","","","","","","","","","","","",""
"392239622693","07001","精神科","1","","","","","","","","","11:00","14:00","11:00","14:00","11:00","14:00","","","","","","","","","","","","","","","","","","",""
"392239622693","07001","精神科","2","","","","","","","","","15:00","18:00","15:00","18:00","15:00","18:00","","","","","","","","","","","","","","","","","","",""
"392239622693","07001","精神科","3","","","","","","","","","","","","","","","","","","","","","","","","","","","","","","","","",""
"3922396300020","01001","内科","1","09:00","12:30","09:00","12:30","09:00","12:30","09:00","12:30","09:00","12:30","09:00","12:30","","","","","09:00","11:30","09:00","11:30","09:00","11:30","09:00","11:30","09:00","11:30","09:00","11:30","","","","",""
"3922396300020","01001","内科","2","14:00","18:00","14:00","18:00","14:00","18:00","14:00","18:00","","","","","","","","","14:00","17:30","14:00","17:30","14:00","17:30","14:00","17:30","","","","","","","","",""
"3922396300020","01001","内科","3","","","","","","","","","","","","","","","","","","","","","","","","","","","","","","","","","空欄にした: 月_診療 00:00-00:00（開始と終了が同じ） / 空欄にした: 火_診療 00:00-00:00（開始と終了が同じ） / 空欄にした: 水_診療 00:00-00:00（開始と終了が同じ） / 空欄にした: 木_診療 00:00-00:00（開始と終了が同じ） / 空欄にした: 金_診療 00:00-00:00（開始と終了が同じ） / 空欄にした: 土_診療 00:00-00:00（開始と終了が同じ） / 空欄にした: 月_外来受付 00:00-00:00（開始と終了が同じ） / 空欄にした: 火_外来受付 00:00-00:00（開始と終了が同じ） / 空欄にした: 水_外来受付 00:00-00:00（開始と終了が同じ） / 空欄にした: 木_外来受付 00:00-00:00（開始と終了が同じ） / 空欄にした: 金_外来受付 00:00-00:00（開始と終了が同じ） / 空欄にした: 土_外来受付 00:00-00:00（開始と終了が同じ）"
"3922396300020","01017","循環器内科","1","09:00","12:30","09:00","12:30","09:00","12:30","09:00","12:30","09:00","12:30","09:00","12:30","","","","","09:00","11:30","09:00","11:30","09:00","11:30","09:00","11:30","09:00","11:30","09:00","11:30","","","","",""
"3922396300020","01017","循環器内科","2","14:00","18:00","14:00","18:00","14:00","18:00","14:00","18:00","","","","","","","","","14:00","17:30","14:00","17:30","14:00","17:30","14:00","17:30","","","","","","","","",""
"3922396300020","01017","循環器内科","3","","","","","","","","","","","","","","","","","","","","","","","","","","","","","","","","","空欄にした: 月_診療 00:00-00:00（開始と終了が同じ） / 空欄にした: 火_診療 00:00-00:00（開始と終了が同じ） / 空欄にした: 水_診療 00:00-00:00（開始と終了が同じ） / 空欄にした: 木_診療 00:00-00:00（開始と終了が同じ） / 空欄にした: 金_診療 00:00-00:00（開始と終了が同じ） / 空欄にした: 土_診療 00:00-00:00（開始と終了が同じ） / 空欄にした: 月_外来受付 00:00-00:00（開始と終了が同じ） / 空欄にした: 火_外来受付 00:00-00:00（開始と終了が同じ） / 空欄にした: 水_外来受付 00:00-00:00（開始と終了が同じ） / 空欄にした: 木_外来受付 00:00-00:00（開始と終了が同じ） / 空欄にした: 金_外来受付 00:00-00:00（開始と終了が同じ） / 空欄にした: 土_外来受付 00:00-00:00（開始と終了が同じ）"
"3922396300020","02011","心臓血管外科","1","09:00","12:30","09:00","12:30","09:00","12:30","09:00","12:30","09:00","12:30","09:00","12:30","","","","","09:00","11:30","09:00","11:30","09:00","11:30","09:00","11:30","09:00","11:30","09:00","11:30","","","","",""
"3922396300020","02011","心臓血管外科","2","14:00","18:00","14:00","18:00","14:00","18:00","14:00","18:00","","","","","","","","","14:00","17:30","14:00","17:30","14:00","17:30","14:00","17:30","","","","","","","","",""
"3922396300020","02011","心臓血管外科","3","","","","","","","","","","","","","","","","","","","","","","","","","","","","","","","","","空欄にした: 月_診療 00:00-00:00（開始と終了が同じ） / 空欄にした: 火_診療 00:00-00:00（開始と終了が同じ） / 空欄にした: 水_診療 00:00-00:00（開始と終了が同じ） / 空欄にした: 木_診療 00:00-00:00（開始と終了が同じ） / 空欄にした: 金_診療 00:00-00:00（開始と終了が同じ） / 空欄にした: 土_診療 00:00-00:00（開始と終了が同じ） / 空欄にした: 月_外来受付 00:00-00:00（開始と終了が同じ） / 空欄にした: 火_外来受付 00:00-00:00（開始と終了が同じ） / 空欄にした: 水_外来受付 00:00-00:00（開始と終了が同じ） / 空欄にした: 木_外来受付 00:00-00:00（開始と終了が同じ） / 空欄にした: 金_外来受付 00:00-00:00（開始と終了が同じ） / 空欄にした: 土_外来受付 00:00-00:00（開始と終了が同じ）"
"3922396300050","06001","皮膚科","1","09:00","12:00","09:00","12:00","09:00","12:00","","","09:00","12:00","09:00","12:00","","","","","09:00","12:00","09:00","12:00","09:00","12:00","","","09:00","12:00","09:00","12:00","","","","",""
"3922396300050","06001","皮膚科","2","14:30","17:30","14:30","17:30","14:30","17:30","","","14:30","17:30","12:00","15:00","","","","","14:30","17:30","14:30","17:30","14:30","17:30","","","14:30","17:30","12:00","15:00","","","","",""
"3922396300050","06001","皮膚科","3","","","","","17:30","19:30","","","","","","","","","","","","","","","17:30","19:30","","","","","","","","","","",""
"3922396300090","01001","内科","1","09:00","12:00","09:00","12:00","09:00","12:00","09:00","12:00","09:00","12:00","09:00","12:00","","","","","08:30","11:45","08:30","11:45","08:30","11:45","08:30","11:45","08:30","11:45","08:30","11:45","","","","",""
"3922396300090","01001","内科","2","13:30","17:00","13:30","17:00","","","13:30","17:00","13:30","17:00","","","","","","","13:30","16:45","13:30","16:45","","","13:30","16:45","13:30","16:45","","","","","","",""
"3922396300090","01001","内科","3","","","","","","","","","","","","","","","","","","","","","","","","","","","","","","","","",""
"3922396300090","01021","胃腸内科","1","09:00","12:00","09:00","12:00","09:00","12:00","09:00","12:00","09:00","12:00","09:00","12:00","","","","","08:30","11:45","08:30","11:45","08:30","11:45","08:30","11:45","08:30","11:45","08:30","11:45","","","","",""
"3922396300090","01021","胃腸内科","2","13:30","17:00","13:30","17:00","","","13:30","17:00","13:30","17:00","","","","","","","13:30","16:45","13:30","16:45","","","13:30","16:45","13:30","16:45","","","","","","",""
"3922396300090","01021","胃腸内科","3","","","","","","","","","","","","","","","","","","","","","","","","","","","","","","","","",""
"3922396300110","01001","内科","1","08:30","12:30","08:30","12:30","08:30","12:30","08:30","12:30","08:30","12:30","","","","","","","08:30","12:00","08:30","12:00","08:30","12:00","08:30","12:00","08:30","12:00","","","","","","",""
"3922396300110","01001","内科","2","14:00","18:00","14:00","18:00","14:00","18:00","14:00","18:00","14:00","18:00","","","","","","","14:00","17:30","14:00","17:30","14:00","17:30","14:00","17:30","14:00","17:30","","","","","","",""
"3922396300110","01001","内科","3","","","","","","","","","","","","","","","","","","","","","","","","","","","","","","","","","空欄にした: 月_診療 00:00-00:00（開始と終了が同じ） / 空欄にした: 火_診療 00:00-00:00（開始と終了が同じ） / 空欄にした: 水_診療 00:00-00:00（開始と終了が同じ） / 空欄にした: 木_診療 00:00-00:00（開始と終了が同じ） / 空欄にした: 金_診療 00:00-00:00（開始と終了が同じ） / 空欄にした: 月_外来受付 00:00-00:00（開始と終了が同じ） / 空欄にした: 火_外来受付 00:00-00:00（開始と終了が同じ） / 空欄にした: 水_外来受付 00:00-00:00（開始と終了が同じ） / 空欄にした: 木_外来受付 00:00-00:00（開始と終了が同じ） / 空欄にした: 金_外来受付 00:00-00:00（開始と終了が同じ）"
"3922396300110","02001","外科","1","08:30","12:30","08:30","12:30","08:30","12:30","08:30","12:30","08:30","12:30","","","","","","","08:30","12:00","08:30","12:00","08:30","12:00","08:30","12:00","08:30","12:00","","","","","","",""
"3922396300110","02001","外科","2","14:00","18:00","14:00","18:00","14:00","18:00","14:00","18:00","14:00","18:00","","","","","","","14:00","17:30","14:00","17:30","14:00","17:30","14:00","17:30","14:00","17:30","","","","","","",""
"3922396300110","02001","外科","3","","","","","","","","","","","","","","","","","","","","","","","","","","","","","","","","","空欄にした: 月_診療 00:00-00:00（開始と終了が同じ） / 空欄にした: 火_診療 00:00-00:00（開始と終了が同じ） / 空欄にした: 水_診療 00:00-00:00（開始と終了が同じ） / 空欄にした: 木_診療 00:00-00:00（開始と終了が同じ） / 空欄にした: 金_診療 00:00-00:00（開始と終了が同じ） / 空欄にした: 月_外来受付 00:00-00:00（開始と終了が同じ） / 空欄にした: 火_外来受付 00:00-00:00（開始と終了が同じ） / 空欄にした: 水_外来受付 00:00-00:00（開始と終了が同じ） / 空欄にした: 木_外来受付 00:00-00:00（開始と終了が同じ） / 空欄にした: 金_外来受付 00:00-00:00（開始と終了が同じ）"
"3922396300110","02035","整形外科","1","08:30","12:30","08:30","12:30","08:30","12:30","08:30","12:30","08:30","12:30","","","","","","","08:30","12:00","08:30","12:00","08:30","12:00","08:30","12:00","08:30","12:00","","","","","","",""
"3922396300110","02035","整形外科","2","14:00","18:00","14:00","18:00","14:00","18:00","14:00","18:00","14:00","18:00","","","","","","","14:00","17:30","14:00","17:30","14:00","17:30","14:00","17:30","14:00","17:30","","","","","","",""
"3922396300110","02035","整形外科","3","","","","","","","","","","","","","","","","","","","","","","","","","","","","","","","","","空欄にした: 月_診療 00:00-00:00（開始と終了が同じ） / 空欄にした: 火_診療 00:00-00:00（開始と終了が同じ） / 空欄にした: 水_診療 00:00-00:00（開始と終了が同じ） / 空欄にした: 木_診療 00:00-00:00（開始と終了が同じ） / 空欄にした: 金_診療 00:00-00:00（開始と終了が同じ） / 空欄にした: 月_外来受付 00:00-00:00（開始と終了が同じ） / 空欄にした: 火_外来受付 00:00-00:00（開始と終了が同じ） / 空欄にした: 水_外来受付 00:00-00:00（開始と終了が同じ） / 空欄にした: 木_外来受付 00:00-00:00（開始と終了が同じ） / 空欄にした: 金_外来受付 00:00-00:00（開始と終了が同じ）"
"3922396300130","01001","内科","1","08:30","12:00","08:30","12:00","08:30","12:00","08:30","12:00","08:30","12:00","08:30","12:00","","","","","08:30","12:00","08:30","12:00","08:30","12:00","08:30","12:00","08:30","12:00","08:30","12:00","","","","",""
"3922396300130","01001","内科","2","13:30","17:00","13:30","17:00","","","13:30","17:00","13:30","17:00","","","","","","","13:30","17:00","13:30","17:00","","","13:30","17:00","13:30","17:00","","","","","","",""
"3922396300130","01001","内科","3","","","","","","","","","","","","","","","","","","","","","","","","","","","","","","","","",""
"3922396300130","01020","消化器内科","1","08:30","12:00","08:30","12:00","08:30","12:00","08:30","12:00","08:30","12:00","08:30","12:00","","","","","08:30","12:00","08:30","12:00","08:30","12:00","08:30","12:00","08:30","12:00","08:30","12:00","","","","",""
"3922396300130","01020","消化器内科","2","13:30","17:00","13:30","17:00","","","13:30","17:00","13:30","17:00","","","","","","","13:30","17:00","13:30","17:00","","","13:30","17:00","13:30","17:00","","","","","","",""
"3922396300130","01020","消化器内科","3","","","","","","","","","","","","","","","","","","","","","","","","","","","","","","","","",""
"3922396300130","07002","神経科","1","08:30","12:00","08:30","12:00","08:30","12:00","08:30","12:00","08:30","12:00","08:30","12:00","","","","","08:30","12:00","08:30","12:00","08:30","12:00","08:30","12:00","08:30","12:00","08:30","12:00","","","","",""
"3922396300130","07002","神経科","2","13:30","17:00","13:30","17:00","","","13:30","17:00","13:30","17:00","","","","","","","13:30","17:00","13:30","17:00","","","13:30","17:00","13:30","17:00","","","","","","",""
"3922396300130","07002","神経科","3","","","","","","","","","","","","","","","","","","","","","","","","","","","","","","","","",""
"3922396300130","09004","放射線科","1","08:30","12:00","08:30","12:00","08:30","12:00","08:30","12:00","08:30","12:00","08:30","12:00","","","","","08:30","12:00","08:30","12:00","08:30","12:00","08:30","12:00","08:30","12:00","08:30","12:00","","","","",""
"3922396300130","09004","放射線科","2","13:30","17:00","13:30","17:00","","","13:30","17:00","13:30","17:00","","","","","","","13:30","17:00","13:30","17:00","","","13:30","17:00","13:30","17:00","","","","","","",""
"3922396300130","09004","放射線科","3","","","","","","","","","","","","","","","","","","","","","","","","","","","","","","","","",""
"3922396300540","01001","内科","1","09:00","12:00","09:00","12:00","09:00","12:00","09:00","12:00","09:00","12:00","09:00","12:00","","","","","","","","","","","","","","","","","","","","",""
"3922396300540","01001","内科","2","","","15:00","17:00","","","15:00","17:00","15:00","17:00","","","","","","","","","","","","","","","","","","","","","","",""
"3922396300540","01001","内科","3","","","","","","","","","","","","","","","","","","","","","","","","","","","","","","","","",""
"3922396300540","01014","呼吸器内科","1","09:00","12:00","09:00","12:00","09:00","12:00","09:00","12:00","09:00","12:00","09:00","12:00","","","","","","","","","","","","","","","","","","","","",""
"3922396300540","01014","呼吸器内科","2","","","15:00","17:00","","","15:00","17:00","15:00","17:00","","","","","","","","","","","","","","","","","","","","","","",""
"3922396300540","01014","呼吸器内科","3","","","","","","","","","","","","","","","","","","","","","","","","","","","","","","","","",""
"3922396300540","01017","循環器内科","1","09:00","12:00","09:00","12:00","09:00","12:00","09:00","12:00","09:00","12:00","09:00","12:00","","","","","","","","","","","","","","","","","","","","",""
"3922396300540","01017","循環器内科","2","","","15:00","17:00","","","15:00","17:00","15:00","17:00","","","","","","","","","","","","","","","","","","","","","","",""
"3922396300540","01017","循環器内科","3","","","","","","","","","","","","","","","","","","","","","","","","","","","","","","","","",""
"3922396300540","01020","消化器内科","1","09:00","12:00","09:00","12:00","09:00","12:00","09:00","12:00","09:00","12:00","09:00","12:00","","","","","","","","","","","","","","","","","","","","",""
"3922396300540","01020","消化器内科","2","","","15:00","17:00","","","15:00","17:00","15:00","17:00","","","","","","","","","","","","","","","","","","","","","","",""
"3922396300540","01020","消化器内科","3","","","","","","","","","","","","","","","","","","","","","","","","","","","","","","","","",""
"3922396300540","01021","胃腸内科","1","09:00","12:00","09:00","12:00","09:00","12:00","09:00","12:00","09:00","12:00","09:00","12:00","","","","","","","","","","","","","","","","","","","","",""
"3922396300540","01021","胃腸内科","2","","","15:00","17:00","","","15:00","17:00","15:00","17:00","","","","","","","","","","","","","","","","","","","","","","",""
"3922396300540","01021","胃腸内科","3","","","","","","","","","","","","","","","","","","","","","","","","","","","","","","","","",""
"3922396301000","05002","耳鼻いんこう科","1","09:00","12:30","09:00","12:30","09:00","12:30","09:00","12:30","09:00","12:30","09:00","12:30","","","","","09:00","12:30","09:00","12:30","09:00","12:30","09:00","12:30","09:00","12:30","09:00","12:30","","","","",""
"3922396301000","05002","耳鼻いんこう科","2","14:00","18:00","14:00","18:00","14:00","18:00","","","14:00","18:00","","","","","","","14:00","18:00","14:00","18:00","14:00","18:00","","","14:00","18:00","14:00","16:00","","","","",""
"3922396301000","05002","耳鼻いんこう科","3","","","","","","","","","","","","","","","","","","","","","","","","","","","","","","","","",""
"3922396301260","05001","眼科","1","09:00","12:30","09:00","12:30","09:00","12:30","09:00","13:00","09:00","12:30","09:00","12:30","","","","","09:00","12:30","09:00","12:30","09:00","12:30","09:00","13:00","09:00","12:30","09:00","12:30","","","","",""
"3922396301260","05001","眼科","2","14:00","17:30","","","14:00","17:30","","","14:00","17:30","13:30","16:00","","","","","14:00","17:30","","","14:00","17:30","","","14:00","17:30","13:30","16:00","","","","",""
"3922396301260","05001","眼科","3","","","","","","","","","","","","","","","","","","","","","","","","","","","","","","","","",""
"3922396301390","02035","整形外科","1","08:30","12:30","08:30","12:30","08:30","12:30","08:30","12:30","08:30","12:30","08:30","12:30","","","","","08:30","11:00","08:30","11:00","08:30","11:00","08:30","11:00","08:30","11:00","08:30","11:00","","","","",""
"3922396301390","02035","整形外科","2","14:30","18:00","14:30","18:00","","","14:30","18:00","14:30","18:00","14:30","18:00","","","","","14:30","17:30","14:30","17:30","","","14:30","17:30","14:30","17:30","14:30","17:30","","","","",""
"3922396301390","02035","整形外科","3","","","","","","","","","","","","","","","","","","","","","","","","","","","","","","","","","空欄にした: 月_診療 00:00-00:00（開始と終了が同じ） / 空欄にした: 火_診療 00:00-00:00（開始と終了が同じ） / 空欄にした: 水_診療 00:00-00:00（開始と終了が同じ） / 空欄にした: 木_診療 00:00-00:00（開始と終了が同じ） / 空欄にした: 金_診療 00:00-00:00（開始と終了が同じ） / 空欄にした: 土_診療 00:00-00:00（開始と終了が同じ） / 空欄にした: 月_外来受付 00:00-00:00（開始と終了が同じ） / 空欄にした: 火_外来受付 00:00-00:00（開始と終了が同じ） / 空欄にした: 水_外来受付 00:00-00:00（開始と終了が同じ） / 空欄にした: 木_外来受付 00:00-00:00（開始と終了が同じ） / 空欄にした: 金_外来受付 00:00-00:00（開始と終了が同じ） / 空欄にした: 土_外来受付 00:00-00:00（開始と終了が同じ）"
"3922396301390","09002","リウマチ科","1","08:30","12:30","08:30","12:30","08:30","12:30","08:30","12:30","08:30","12:30","08:30","12:30","","","","","08:30","12:00","08:30","12:00","08:30","12:00","08:30","12:00","08:30","12:00","08:30","12:00","","","","",""
"3922396301390","09002","リウマチ科","2","14:30","18:00","14:30","18:00","","","14:30","18:00","14:30","18:00","","","","","","","14:30","17:30","14:30","17:30","","","14:30","17:30","14:30","17:30","","","","","","","空欄にした: 水_診療 00:00-00:00（開始と終了が同じ） / 空欄にした: 土_診療 00:00-00:00（開始と終了が同じ） / 空欄にした: 水_外来受付 00:00-00:00（開始と終了が同じ） / 空欄にした: 土_外来受付 00:00-00:00（開始と終了が同じ）"
"3922396301390","09002","リウマチ科","3","","","","","","","","","","","","","","","","","","","","","","","","","","","","","","","","","空欄にした: 月_診療 00:00-00:00（開始と終了が同じ） / 空欄にした: 火_診療 00:00-00:00（開始と終了が同じ） / 空欄にした: 水_診療 00:00-00:00（開始と終了が同じ） / 空欄にした: 木_診療 00:00-00:00（開始と終了が同じ） / 空欄にした: 金_診療 00:00-00:00（開始と終了が同じ） / 空欄にした: 土_診療 00:00-00:00（開始と終了が同じ） / 空欄にした: 月_外来受付 00:00-00:00（開始と終了が同じ） / 空欄にした: 火_外来受付 00:00-00:00（開始と終了が同じ） / 空欄にした: 水_外来受付 00:00-00:00（開始と終了が同じ） / 空欄にした: 木_外来受付 00:00-00:00（開始と終了が同じ） / 空欄にした: 金_外来受付 00:00-00:00（開始と終了が同じ） / 空欄にした: 土_外来受付 00:00-00:00（開始と終了が同じ）"
"3922396301390","09003","リハビリテーション科","1","08:30","12:30","08:30","12:30","08:30","12:30","08:30","12:30","08:30","12:30","08:30","12:30","","","","","08:30","12:00","08:30","12:00","08:30","12:00","08:30","12:00","08:30","12:00","08:30","12:00","","","","",""
"3922396301390","09003","リハビリテーション科","2","14:30","18:00","14:30","18:00","","","14:30","18:00","14:30","18:00","","","","","","","14:30","17:30","14:30","17:30","","","14:30","17:30","14:30","17:30","","","","","","","空欄にした: 水_診療 00:00-00:00（開始と終了が同じ） / 空欄にした: 土_診療 00:00-00:00（開始と終了が同じ） / 空欄にした: 水_外来受付 00:00-00:00（開始と終了が同じ） / 空欄にした: 土_外来受付 00:00-00:00（開始と終了が同じ）"
"3922396301390","09003","リハビリテーション科","3","","","","","","","","","","","","","","","","","","","","","","","","","","","","","","","","","空欄にした: 月_診療 00:00-00:00（開始と終了が同じ） / 空欄にした: 火_診療 00:00-00:00（開始と終了が同じ） / 空欄にした: 水_診療 00:00-00:00（開始と終了が同じ） / 空欄にした: 木_診療 00:00-00:00（開始と終了が同じ） / 空欄にした: 金_診療 00:00-00:00（開始と終了が同じ） / 空欄にした: 土_診療 00:00-00:00（開始と終了が同じ） / 空欄にした: 月_外来受付 00:00-00:00（開始と終了が同じ） / 空欄にした: 火_外来受付 00:00-00:00（開始と終了が同じ） / 空欄にした: 水_外来受付 00:00-00:00（開始と終了が同じ） / 空欄にした: 木_外来受付 00:00-00:00（開始と終了が同じ） / 空欄にした: 金_外来受付 00:00-00:00（開始と終了が同じ） / 空欄にした: 土_外来受付 00:00-00:00（開始と終了が同じ）"
"3922396301840","01001","内科","1","","","14:00","16:00","","","","","","","","","","","","","","","13:40","15:30","","","","","","","","","","","","",""
"3922396301840","01001","内科","2","","","","","","","","","","","","","","","","","","","","","","","","","","","","","","","","",""
"3922396301840","01001","内科","3","","","","","","","","","","","","","","","","","","","","","","","","","","","","","","","","",""
"3922396301970","01001","内科","1","09:00","13:00","09:00","13:00","09:00","13:00","09:00","13:00","09:00","13:00","09:00","13:00","","","","","08:30","13:00","08:30","13:00","08:30","13:00","08:30","13:00","08:30","13:00","08:30","13:00","","","","",""
"3922396301970","01001","内科","2","15:00","18:00","15:00","18:00","15:00","18:00","","","15:00","18:00","","","","","","","13:00","18:00","13:00","18:00","13:00","18:00","","","13:00","18:00","","","","","","",""
"3922396301970","01001","内科","3","","","","","","","","","","","","","","","","","","","","","","","","","","","","","","","","",""
"3922396301970","02001","外科","1","09:00","13:00","09:00","13:00","09:00","13:00","09:00","13:00","09:00","13:00","09:00","13:00","","","","","08:30","13:00","08:30","13:00","08:30","13:00","08:30","13:00","08:30","13:00","08:30","13:00","","","","",""
"3922396301970","02001","外科","2","15:00","18:00","15:00","18:00","15:00","18:00","","","15:00","18:00","","","","","","","13:00","18:00","13:00","18:00","13:00","18:00","","","13:00","18:00","","","","","","",""
"3922396301970","02001","外科","3","","","","","","","","","","","","","","","","","","","","","","","","","","","","","","","","",""
"3922396301970","09003","リハビリテーション科","1","09:00","13:00","09:00","13:00","09:00","13:00","09:00","13:00","09:00","13:00","09:00","13:00","","","","","08:30","13:00","08:30","13:00","08:30","13:00","08:30","13:00","08:30","13:00","08:30","13:00","","","","",""
"3922396301970","09003","リハビリテーション科","2","15:00","18:00","15:00","18:00","15:00","18:00","","","15:00","18:00","","","","","","","13:00","18:00","13:00","18:00","13:00","18:00","","","13:00","18:00","","","","","","",""
"3922396301970","09003","リハビリテーション科","3","","","","","","","","","","","","","","","","","","","","","","","","","","","","","","","","",""
"3922396302300","01001","内科","1","09:00","12:30","09:00","12:30","09:00","12:30","09:00","12:30","09:00","12:30","09:00","12:30","","","09:00","12:30","08:30","12:00","08:30","12:00","08:30","12:00","08:30","12:00","08:30","12:00","08:30","12:00","","","08:30","12:00",""
"3922396302300","01001","内科","2","14:00","18:00","14:00","18:00","14:00","18:00","","","14:00","18:00","14:00","18:00","","","14:00","18:00","14:00","17:30","14:00","17:30","14:00","17:30","","","14:00","17:30","14:00","17:30","","","14:00","17:30",""
"3922396302300","01001","内科","3","","","","","","","","","","","","","","","","","","","","","","","","","","","","","","","","",""
"3922396302300","01014","呼吸器内科","1","09:00","12:30","09:00","12:30","09:00","12:30","09:00","12:00","09:00","12:30","09:00","12:30","","","09:00","12:30","08:30","12:00","08:30","12:00","08:30","12:00","08:30","12:00","08:30","12:00","08:30","12:00","","","08:30","12:00",""
"3922396302300","01014","呼吸器内科","2","14:00","18:00","14:00","18:00","14:00","18:00","","","14:00","18:00","14:00","18:00","","","14:00","18:00","14:00","17:30","14:00","17:30","14:00","17:30","","","14:00","17:30","14:00","17:30","","","14:00","17:30",""
"3922396302300","01014","呼吸器内科","3","","","","","","","","","","","","","","","","","","","","","","","","","","","","","","","","",""
"3922396302300","01017","循環器内科","1","09:00","12:30","09:00","12:30","09:00","12:30","09:00","12:00","09:00","12:30","09:00","12:30","","","09:00","12:30","08:30","12:00","08:30","12:00","08:30","12:00","08:30","12:00","08:30","12:00","08:30","12:00","","","08:30","12:00",""
"3922396302300","01017","循環器内科","2","14:00","18:00","14:00","18:00","14:00","18:00","","","14:00","18:00","14:00","18:00","","","14:00","18:00","14:00","17:30","14:00","17:30","14:00","17:30","","","14:00","17:30","14:00","17:30","","","14:00","17:30",""
"3922396302300","01017","循環器内科","3","","","","","","","","","","","","","","","","","","","","","","","","","","","","","","","","",""
"3922396302300","01020","消化器内科","1","09:00","12:30","09:00","12:30","09:00","12:30","09:00","12:30","09:00","12:30","09:00","12:30","","","09:00","12:30","08:30","12:00","08:30","12:00","08:30","12:00","08:30","12:00","08:30","12:00","08:30","12:00","","","08:30","12:00",""
"3922396302300","01020","消化器内科","2","14:00","18:00","14:00","18:00","14:00","18:00","","","14:00","18:00","14:00","18:00","","","14:00","18:00","14:00","17:30","14:00","17:30","14:00","17:30","","","14:00","17:30","14:00","17:30","","","14:00","17:30",""
"3922396302300","01020","消化器内科","3","","","","","","","","","","","","","","","","","","","","","","","","","","","","","","","","",""
"3922396302300","07003","心療内科","1","09:00","12:30","09:00","12:30","09:00","12:30","09:00","12:30","09:00","12:30","09:00","12:30","","","09:00","12:30","08:30","12:00","08:30","12:00","08:30","12:00","08:30","12:00","08:30","12:00","08:30","12:00","","","08:30","12:00",""
"3922396302300","07003","心療内科","2","14:00","18:00","14:00","18:00","14:00","18:00","","","14:00","18:00","14:00","18:00","","","14:00","18:00","14:00","17:30","14:00","17:30","14:00","17:30","","","14:00","17:30","14:00","17:30","","","14:00","17:30",""
"3922396302300","07003","心療内科","3","","","","","","","","","","","","","","","","","","","","","","","","","","","","","","","","",""
"3922396302980","01001","内科","1","","","","","09:00","12:30","","","09:00","12:30","","","","","","","","","","","08:00","12:00","","","08:00","12:00","","","","","","",""
"3922396302980","01001","内科","2","","","","","","","","","","","","","","","","","","","","","","","","","","","","","","","","",""
"3922396302980","01001","内科","3","","","","","","","","","","","","","","","","","","","","","","","","","","","","","","","","",""
"3922396302980","02035","整形外科","1","09:00","13:00","09:00","13:00","09:00","13:00","09:00","13:00","09:00","13:00","09:00","13:00","","","","","08:00","12:30","08:00","12:30","08:00","12:30","08:00","12:30","08:00","12:30","08:00","12:30","","","","",""
"3922396302980","02035","整形外科","2","14:00","18:00","14:00","18:00","14:00","18:00","14:00","18:00","14:00","18:00","","","","","","","12:30","17:30","12:30","17:30","12:30","17:30","12:30","17:30","12:30","17:30","","","","","","",""
"3922396302980","02035","整形外科","3","","","","","","","","","","","","","","","","","","","","","","","","","","","","","","","","",""
"3922396302980","09002","リウマチ科","1","","","09:00","13:00","","","","","","","09:00","13:00","","","","","","","08:00","12:00","","","","","","","08:00","12:00","","","","",""
"3922396302980","09002","リウマチ科","2","","","14:00","18:00","","","","","","","","","","","","","","","12:30","17:30","","","","","","","","","","","","",""
"3922396302980","09002","リウマチ科","3","","","","","","","","","","","","","","","","","","","","","","","","","","","","","","","","",""
"3922396302980","09003","リハビリテーション科","1","09:00","13:00","09:00","13:00","09:00","13:00","09:00","13:00","09:00","13:00","09:00","13:00","","","","","08:00","12:30","08:00","12:30","08:00","12:30","08:00","12:30","08:00","12:30","08:00","12:30","","","","",""
"3922396302980","09003","リハビリテーション科","2","14:00","18:00","14:00","18:00","14:00","18:00","14:00","18:00","14:00","18:00","","","","","","","12:30","17:30","12:30","17:30","12:30","17:30","12:30","17:30","12:30","17:30","","","","","","",""
"3922396302980","09003","リハビリテーション科","3","","","","","","","","","","","","","","","","","","","","","","","","","","","","","","","","",""
"3922396303280","05001","眼科","1","08:30","12:00","08:30","12:00","08:30","12:00","08:30","12:00","08:30","12:00","08:30","13:00","","","","","08:30","12:00","08:30","12:00","08:30","12:00","08:30","12:00","08:30","12:00","08:30","13:00","","","","",""
"3922396303280","05001","眼科","2","15:00","17:00","15:00","17:00","15:00","17:00","","","15:00","17:00","","","","","","","15:00","17:00","15:00","17:00","15:00","17:00","","","15:00","17:00","","","","","","",""
"3922396303280","05001","眼科","3","","","","","","","","","","","","","","","","","","","","","","","","","","","","","","","","",""
"3922396303990","05002","耳鼻いんこう科","1","09:00","12:00","09:00","12:00","09:00","12:00","09:00","12:00","09:00","12:00","09:00","12:00","","","","","09:00","12:00","09:00","12:00","09:00","12:00","09:00","12:00","09:00","12:00","09:00","12:00","","","","",""
"3922396303990","05002","耳鼻いんこう科","2","14:30","18:00","14:30","18:00","14:30","18:00","","","14:30","18:00","14:00","16:00","","","","","14:30","18:00","14:30","18:00","14:30","18:00","","","14:30","18:00","14:00","16:00","","","","",""
"3922396303990","05002","耳鼻いんこう科","3","","","","","","","","","","","","","","","","","","","","","","","","","","","","","","","","",""
"3922396304030","01001","内科","1","09:00","18:00","09:00","18:00","","","09:00","18:00","09:00","18:00","","","","","","","09:00","18:00","09:00","18:00","","","09:00","18:00","09:00","18:00","","","","","","",""
"3922396304030","01001","内科","2","","","","","09:00","13:00","","","","","09:00","13:00","","","","","","","","","09:00","13:00","","","","","09:00","13:00","","","","",""
"3922396304030","01001","内科","3","","","","","","","","","","","","","","","","","","","","","","","","","","","","","","","","",""
"3922396304030","01011","糖尿病・代謝内科","1","09:00","18:00","09:00","18:00","","","09:00","18:00","09:00","18:00","","","","","","","09:00","18:00","09:00","18:00","","","09:00","18:00","09:00","18:00","","","","","","",""
"3922396304030","01011","糖尿病・代謝内科","2","","","","","09:00","13:00","","","","","09:00","13:00","","","","","","","","","09:00","13:00","","","","","09:00","13:00","","","","",""
"3922396304030","01011","糖尿病・代謝内科","3","","","","","","","","","","","","","","","","","","","","","","","","","","","","","","","","",""
"3922396304030","01020","消化器内科","1","09:00","18:00","09:00","18:00","","","09:00","18:00","09:00","18:00","","","","","","","09:00","18:00","09:00","18:00","","","09:00","18:00","09:00","18:00","","","","","","",""
"3922396304030","01020","消化器内科","2","","","","","09:00","13:00","","","","","09:00","13:00","","","","","","","","","09:00","13:00","","","","","09:00","13:00","","","","",""
"3922396304030","01020","消化器内科","3","","","","","","","","","","","","","","","","","","","","","","","","","","","","","","","","",""
"3922396304030","01027","漢方内科","1","09:00","18:00","09:00","18:00","","","09:00","18:00","09:00","18:00","","","","","","","09:00","18:00","09:00","18:00","","","09:00","18:00","09:00","18:00","","","","","","",""
"3922396304030","01027","漢方内科","2","","","","","09:00","13:00","","","","","09:00","13:00","","","","","","","","","09:00","13:00","","","","","09:00","13:00","","","","",""
"3922396304030","01027","漢方内科","3","","","","","","","","","","","","","","","","","","","","","","","","","","","","","","","","",""
"3922396308940","01001","内科","1","09:00","12:00","09:00","12:00","","","09:00","12:00","09:00","12:00","09:00","12:00","","","","","09:00","12:00","09:00","12:00","","","09:00","12:00","09:00","12:00","09:00","12:00","","","","",""
"3922396308940","01001","内科","2","15:00","18:00","15:00","18:00","","","15:00","18:00","15:00","18:00","","","","","","","15:00","18:00","15:00","18:00","","","15:00","18:00","15:00","18:00","","","","","","",""
"3922396308940","01001","内科","3","","","","","","","","","","","","","","","","","","","","","","","","","","","","","","","","",""
"3922396308940","01014","呼吸器内科","1","09:00","12:00","09:00","12:00","","","09:00","12:00","09:00","12:00","09:00","12:00","","","","","09:00","12:00","09:00","12:00","","","09:00","12:00","09:00","12:00","09:00","12:00","","","","",""
"3922396308940","01014","呼吸器内科","2","15:00","18:00","15:00","18:00","","","15:00","18:00","15:00","18:00","","","","","","","15:00","18:00","15:00","18:00","","","15:00","18:00","15:00","18:00","","","","","","",""
"3922396308940","01014","呼吸器内科","3","","","","","","","","","","","","","","","","","","","","","","","","","","","","","","","","",""
"3922396308940","09001","アレルギー科","1","09:00","12:00","09:00","12:00","","","09:00","12:00","09:00","12:00","09:00","12:00","","","","","09:00","12:00","09:00","12:00","","","09:00","12:00","09:00","12:00","09:00","12:00","","","","",""
"3922396308940","09001","アレルギー科","2","15:00","18:00","15:00","18:00","","","15:00","18:00","15:00","18:00","","","","","","","15:00","18:00","15:00","18:00","","","15:00","18:00","15:00","18:00","","","","","","",""
"3922396308940","09001","アレルギー科","3","","","","","","","","","","","","","","","","","","","","","","","","","","","","","","","","",""
"3922396309660","01001","内科","1","08:30","12:00","08:30","12:00","08:30","12:00","08:30","12:00","08:30","12:00","","","","","","","08:30","11:30","08:30","11:30","08:30","11:30","08:30","11:30","08:30","11:30","","","","","","",""
"3922396309660","01001","内科","2","13:00","17:15","13:00","17:15","13:00","17:15","13:00","17:15","13:00","17:15","","","","","","","13:00","17:15","13:00","17:15","13:00","17:15","13:00","17:15","13:00","17:15","","","","","","",""
"3922396309660","01001","内科","3","","","","","","","","","","","","","","","","","","","","","","","","","","","","","","","","",""
"3922396309660","02035","整形外科","1","08:30","12:00","08:30","12:00","08:30","12:00","08:30","12:00","08:30","12:00","","","","","","","08:30","11:30","08:30","11:30","08:30","11:30","08:30","11:30","08:30","11:30","","","","","","",""
"3922396309660","02035","整形外科","2","13:00","17:15","13:00","17:15","13:00","17:15","13:00","17:15","13:00","17:15","","","","","","","13:00","17:15","13:00","17:15","13:00","17:15","13:00","17:15","13:00","17:15","","","","","","",""
"3922396309660","02035","整形外科","3","","","","","","","","","","","","","","","","","","","","","","","","","","","","","","","","",""
"3922396309660","09003","リハビリテーション科","1","08:30","12:00","08:30","12:00","08:30","12:00","08:30","12:00","08:30","12:00","","","","","","","08:30","11:30","08:30","11:30","08:30","11:30","08:30","11:30","08:30","11:30","","","","","","",""
"3922396309660","09003","リハビリテーション科","2","13:00","17:15","13:00","17:15","13:00","17:15","13:00","17:15","13:00","17:15","","","","","","","13:00","17:15","13:00","17:15","13:00","17:15","13:00","17:15","13:00","17:15","","","","","","",""
"3922396309660","09003","リハビリテーション科","3","","","","","","","","","","","","","","","","","","","","","","","","","","","","","","","","",""
"3922396400280","01001","内科","1","","","","","09:00","13:00","","","09:00","13:00","09:00","13:00","","","","","","","","","08:30","12:00","","","08:30","12:00","08:30","12:00","","","","",""
"3922396400280","01001","内科","2","","","","","","","","","","","","","","","","","","","","","","","","","","","","","","","","",""
"3922396400280","01001","内科","3","","","","","","","","","","","","","","","","","","","","","","","","","","","","","","","","",""
"3922396400280","02035","整形外科","1","09:00","13:00","09:00","13:00","09:00","13:00","09:00","13:00","09:00","13:00","09:00","13:00","","","","","08:30","12:00","08:30","12:00","08:30","12:00","08:30","12:00","08:30","12:00","08:30","12:00","","","","",""
"3922396400280","02035","整形外科","2","14:00","18:00","14:00","18:00","14:00","18:00","14:00","18:00","14:00","18:00","","","","","","","13:00","17:00","13:00","17:00","13:00","17:00","13:00","17:00","13:00","17:00","","","","","","",""
"3922396400280","02035","整形外科","3","","","","","","","","","","","","","","","","","","","","","","","","","","","","","","","","",""
"3922396400280","09002","リウマチ科","1","","","","","","","09:00","13:00","","","09:00","13:00","","","","","","","","","","","08:30","12:00","","","08:30","12:00","","","","",""
"3922396400280","09002","リウマチ科","2","","","","","","","","","","","","","","","","","","","","","","","","","","","","","","","","",""
"3922396400280","09002","リウマチ科","3","","","","","","","","","","","","","","","","","","","","","","","","","","","","","","","","",""
"3922396400280","09003","リハビリテーション科","1","09:00","13:00","09:00","13:00","09:00","13:00","09:00","13:00","09:00","13:00","09:00","13:00","","","","","08:30","12:00","08:30","12:00","08:30","12:00","08:30","12:00","08:30","12:00","08:30","12:00","","","","",""
"3922396400280","09003","リハビリテーション科","2","14:00","18:00","14:00","18:00","14:00","18:00","14:00","18:00","14:00","18:00","","","","","","","13:00","17:00","13:00","17:00","13:00","17:00","13:00","17:00","13:00","17:00","","","","","","",""
"3922396400280","09003","リハビリテーション科","3","","","","","","","","","","","","","","","","","","","","","","","","","","","","","","","","",""
"3922396400440","05002","耳鼻いんこう科","1","09:00","12:30","09:00","13:00","09:00","12:30","09:00","13:00","09:00","12:30","09:00","13:00","","","","","08:30","12:00","08:30","12:00","08:30","12:00","08:30","13:00","08:30","12:00","08:30","13:00","","","","",""
"3922396400440","05002","耳鼻いんこう科","2","14:30","18:00","","","14:30","18:00","","","14:30","18:00","","","","","","","02:20","18:00","","","02:20","18:00","","","02:20","18:00","","","","","","","疑い: 月_外来受付 02:20-18:00（開始が 06:00 より前） / 疑い: 水_外来受付 02:20-18:00（開始が 06:00 より前） / 疑い: 金_外来受付 02:20-18:00（開始が 06:00 より前）"
"3922396400440","05002","耳鼻いんこう科","3","","","","","","","","","","","","","","","","","","","","","","","","","","","","","","","","",""
"3922396400600","01001","内科","1","08:30","12:30","08:30","12:30","08:30","12:30","08:30","12:30","08:30","12:30","08:30","12:30","","","","","08:30","12:00","08:30","12:00","08:30","12:00","08:30","12:00","08:30","12:00","08:30","12:00","","","","",""
"3922396400600","01001","内科","2","14:00","17:30","14:00","17:30","14:00","17:30","","","14:00","17:30","","","","","","","14:00","17:00","14:00","17:00","14:00","17:00","","","14:00","17:00","","","","","","",""
"3922396400600","01001","内科","3","","","","","","","","","","","","","","","","","","","","","","","","","","","","","","","","",""
"3922396400600","01020","消化器内科","1","08:30","12:30","08:30","12:30","08:30","12:30","08:30","12:30","08:30","12:30","08:30","12:30","","","","","08:30","12:00","08:30","12:00","08:30","12:00","08:30","12:00","08:30","12:00","08:30","12:00","","","","",""
"3922396400600","01020","消化器内科","2","14:00","17:30","14:00","17:30","14:00","17:30","","","14:00","17:30","","","","","","","14:00","17:00","14:00","17:00","14:00","17:00","","","14:00","17:00","","","","","","",""
"3922396400600","01020","消化器内科","3","","","","","","","","","","","","","","","","","","","","","","","","","","","","","","","","",""
"3922396400860","01001","内科","1","09:00","13:00","09:00","13:00","09:00","13:00","","","09:00","13:00","09:00","13:00","","","","","09:00","12:30","09:00","12:30","09:00","12:30","","","09:00","12:30","09:00","12:30","","","","",""
"3922396400860","01001","内科","2","14:00","17:00","14:00","17:00","14:00","17:00","","","14:00","17:00","14:00","17:00","","","","","14:00","16:30","14:00","16:30","14:00","16:30","","","14:00","16:30","14:00","16:30","","","","",""
"3922396400860","01001","内科","3","","","","","","","","","","","","","","","","","","","","","","","","","","","","","","","","","空欄にした: 月_診療 00:00-00:00（開始と終了が同じ） / 空欄にした: 火_診療 00:00-00:00（開始と終了が同じ） / 空欄にした: 水_診療 00:00-00:00（開始と終了が同じ） / 空欄にした: 金_診療 00:00-00:00（開始と終了が同じ） / 空欄にした: 土_診療 00:00-00:00（開始と終了が同じ） / 空欄にした: 月_外来受付 00:00-00:00（開始と終了が同じ） / 空欄にした: 火_外来受付 00:00-00:00（開始と終了が同じ） / 空欄にした: 水_外来受付 00:00-00:00（開始と終了が同じ） / 空欄にした: 金_外来受付 00:00-00:00（開始と終了が同じ） / 空欄にした: 土_外来受付 00:00-00:00（開始と終了が同じ）"
"3922396400860","01025","神経内科","1","09:00","13:00","09:00","13:00","09:00","13:00","","","09:00","13:00","09:00","13:00","","","","","09:00","12:30","09:00","12:30","09:00","12:30","","","09:00","12:30","09:00","12:30","","","","",""
"3922396400860","01025","神経内科","2","14:00","17:00","14:00","17:00","14:00","17:00","","","14:00","17:00","14:00","17:00","","","","","14:00","16:30","14:00","16:30","14:00","16:30","","","14:00","16:30","14:00","16:30","","","","",""
"3922396400860","01025","神経内科","3","","","","","","","","","","","","","","","","","","","","","","","","","","","","","","","","","空欄にした: 月_診療 00:00-00:00（開始と終了が同じ） / 空欄にした: 火_診療 00:00-00:00（開始と終了が同じ） / 空欄にした: 水_診療 00:00-00:00（開始と終了が同じ） / 空欄にした: 金_診療 00:00-00:00（開始と終了が同じ） / 空欄にした: 土_診療 00:00-00:00（開始と終了が同じ） / 空欄にした: 月_外来受付 00:00-00:00（開始と終了が同じ） / 空欄にした: 火_外来受付 00:00-00:00（開始と終了が同じ） / 空欄にした: 水_外来受付 00:00-00:00（開始と終了が同じ） / 空欄にした: 金_外来受付 00:00-00:00（開始と終了が同じ） / 空欄にした: 土_外来受付 00:00-00:00（開始と終了が同じ）"
"3922396400860","02002","脳神経外科","1","09:00","13:00","09:00","13:00","09:00","13:00","","","09:00","13:00","09:00","13:00","","","","","09:00","12:30","09:00","12:30","09:00","12:30","","","09:00","12:30","09:00","12:30","","","","",""
"3922396400860","02002","脳神経外科","2","14:00","17:00","14:00","17:00","14:00","17:00","","","14:00","17:00","14:00","17:00","","","","","14:00","16:30","14:00","16:30","14:00","16:30","","","14:00","16:30","14:00","16:30","","","","",""
"3922396400860","02002","脳神経外科","3","","","","","","","","","","","","","","","","","","","","","","","","","","","","","","","","","空欄にした: 月_診療 00:00-00:00（開始と終了が同じ） / 空欄にした: 火_診療 00:00-00:00（開始と終了が同じ） / 空欄にした: 水_診療 00:00-00:00（開始と終了が同じ） / 空欄にした: 金_診療 00:00-00:00（開始と終了が同じ） / 空欄にした: 土_診療 00:00-00:00（開始と終了が同じ） / 空欄にした: 月_外来受付 00:00-00:00（開始と終了が同じ） / 空欄にした: 火_外来受付 00:00-00:00（開始と終了が同じ） / 空欄にした: 水_外来受付 00:00-00:00（開始と終了が同じ） / 空欄にした: 金_外来受付 00:00-00:00（開始と終了が同じ） / 空欄にした: 土_外来受付 00:00-00:00（開始と終了が同じ）"
"3922396400860","02035","整形外科","1","09:00","13:00","09:00","13:00","09:00","13:00","","","09:00","13:00","09:00","13:00","","","","","09:00","12:30","09:00","12:30","09:00","12:30","","","09:00","12:30","09:00","12:30","","","","",""
"3922396400860","02035","整形外科","2","14:00","17:00","14:00","17:00","14:00","17:00","","","14:00","17:00","14:00","17:00","","","","","14:00","16:30","14:00","16:30","14:00","16:30","","","14:00","16:30","14:00","16:30","","","","",""
"3922396400860","02035","整形外科","3","","","","","","","","","","","","","","","","","","","","","","","","","","","","","","","","","空欄にした: 月_診療 00:00-00:00（開始と終了が同じ） / 空欄にした: 火_診療 00:00-00:00（開始と終了が同じ） / 空欄にした: 水_診療 00:00-00:00（開始と終了が同じ） / 空欄にした: 金_診療 00:00-00:00（開始と終了が同じ） / 空欄にした: 土_診療 00:00-00:00（開始と終了が同じ） / 空欄にした: 月_外来受付 00:00-00:00（開始と終了が同じ） / 空欄にした: 火_外来受付 00:00-00:00（開始と終了が同じ） / 空欄にした: 水_外来受付 00:00-00:00（開始と終了が同じ） / 空欄にした: 金_外来受付 00:00-00:00（開始と終了が同じ） / 空欄にした: 土_外来受付 00:00-00:00（開始と終了が同じ）"
"3922396400860","09003","リハビリテーション科","1","09:00","13:00","09:00","13:00","09:00","13:00","","","09:00","13:00","09:00","13:00","","","","","09:00","12:30","09:00","12:30","09:00","12:30","","","09:00","12:30","09:00","12:30","","","","",""
"3922396400860","09003","リハビリテーション科","2","14:00","17:00","14:00","17:00","14:00","17:00","","","14:00","17:00","14:00","17:00","","","","","14:00","16:30","14:00","16:30","14:00","16:30","","","14:00","16:30","14:00","16:30","","","","",""
"3922396400860","09003","リハビリテーション科","3","","","","","","","","","","","","","","","","","","","","","","","","","","","","","","","","","空欄にした: 月_診療 00:00-00:00（開始と終了が同じ） / 空欄にした: 火_診療 00:00-00:00（開始と終了が同じ） / 空欄にした: 水_診療 00:00-00:00（開始と終了が同じ） / 空欄にした: 金_診療 00:00-00:00（開始と終了が同じ） / 空欄にした: 土_診療 00:00-00:00（開始と終了が同じ） / 空欄にした: 月_外来受付 00:00-00:00（開始と終了が同じ） / 空欄にした: 火_外来受付 00:00-00:00（開始と終了が同じ） / 空欄にした: 水_外来受付 00:00-00:00（開始と終了が同じ） / 空欄にした: 金_外来受付 00:00-00:00（開始と終了が同じ） / 空欄にした: 土_外来受付 00:00-00:00（開始と終了が同じ）"
"3922396401290","01001","内科","1","09:00","12:00","09:00","12:00","09:00","12:00","09:00","12:00","09:00","12:00","09:00","12:00","","","","","","","","","","","","","","","","","","","","",""
"3922396401290","01001","内科","2","14:00","18:00","14:30","18:00","14:00","18:00","14:00","18:00","14:00","18:00","","","","","","","","","","","","","","","","","","","","","","",""
"3922396401290","01001","内科","3","","","","","","","","","","","","","","","","","","","","","","","","","","","","","","","","",""
"3922396401290","02001","外科","1","09:00","12:00","09:00","12:00","09:00","12:00","09:00","12:00","09:00","12:00","09:00","12:00","","","","","","","","","","","","","","","","","","","","",""
"3922396401290","02001","外科","2","14:00","18:00","14:30","18:00","14:00","18:00","14:00","18:00","14:00","18:00","","","","","","","","","","","","","","","","","","","","","","",""
"3922396401290","02001","外科","3","","","","","","","","","","","","","","","","","","","","","","","","","","","","","","","","",""
"3922396401290","02035","整形外科","1","09:00","12:00","09:00","12:00","09:00","12:00","09:00","12:00","09:00","12:00","09:00","12:00","","","","","","","","","","","","","","","","","","","","",""
"3922396401290","02035","整形外科","2","14:00","18:00","14:30","18:00","14:00","18:00","14:00","18:00","14:00","18:00","","","","","","","","","","","","","","","","","","","","","","",""
"3922396401290","02035","整形外科","3","","","","","","","","","","","","","","","","","","","","","","","","","","","","","","","","",""
"3922396401290","09003","リハビリテーション科","1","09:00","12:00","09:00","12:00","09:00","12:00","09:00","12:00","09:00","12:00","09:00","12:00","","","","","","","","","","","","","","","","","","","","",""
"3922396401290","09003","リハビリテーション科","2","14:00","18:00","14:00","18:00","14:00","18:00","14:00","18:00","14:00","18:00","","","","","","","","","","","","","","","","","","","","","","",""
"3922396401290","09003","リハビリテーション科","3","","","","","","","","","","","","","","","","","","","","","","","","","","","","","","","","",""
"3922396402910","01001","内科","1","09:00","12:00","","","","","09:00","12:00","","","","","","","","","08:45","11:00","","","","","08:45","11:00","","","","","","","","",""
"3922396402910","01001","内科","2","13:00","17:00","","","14:00","17:00","13:00","17:00","","","","","","","","","12:45","16:00","","","12:45","16:30","12:45","16:00","","","","","","","","",""
"3922396402910","01001","内科","3","","","","","","","","","","","","","","","","","","","","","","","","","","","","","","","","",""
"3922396407670","01001","内科","1","09:00","12:00","09:00","12:00","09:00","12:00","09:00","12:00","09:00","12:00","","","","","","","08:30","11:30","08:30","11:30","08:30","11:30","08:30","11:30","08:30","11:30","","","","","","",""
"3922396407670","01001","内科","2","14:00","17:00","14:00","17:00","14:00","17:00","14:00","17:00","14:00","17:00","","","","","","","13:30","16:30","13:30","16:30","13:30","16:30","13:30","16:30","13:30","16:30","","","","","","",""
"3922396407670","01001","内科","3","","","","","","","","","","","","","","","","","","","","","","","","","","","","","","","","",""
"3922396407670","02035","整形外科","1","","","","","","","","","","","09:00","12:00","","","","","","","","","","","","","","","07:30","11:30","","","","","疑い: 施設情報のファイルの「毎週決まった曜日に休診（土）」が 0（休診）だが、この行に土曜の診療時間が入っている"
"3922396407670","02035","整形外科","2","","","","","","","","","","","","","","","","","","","","","","","","","","","","","","","","",""
"3922396407670","02035","整形外科","3","","","","","","","","","","","","","","","","","","","","","","","","","","","","","","","","",""
"3922396407670","05001","眼科","1","","","","","09:00","11:30","","","","","","","","","","","","","","","08:30","11:00","","","","","","","","","","",""
"3922396407670","05001","眼科","2","","","","","13:00","14:30","","","","","","","","","","","","","","","13:00","14:00","","","","","","","","","","",""
"3922396407670","05001","眼科","3","","","","","","","","","","","","","","","","","","","","","","","","","","","","","","","","",""
"3922396407670","09003","リハビリテーション科","1","09:00","12:00","09:00","12:00","09:00","12:00","09:00","12:00","09:00","12:00","","","","","","","08:30","11:30","08:30","11:30","08:30","11:30","08:30","11:30","08:30","11:30","","","","","","",""
"3922396407670","09003","リハビリテーション科","2","14:00","17:00","14:00","17:00","14:00","17:00","14:00","17:00","14:00","17:00","","","","","","","13:30","16:30","13:30","16:30","13:30","16:30","13:30","16:30","13:30","16:30","","","","","","",""
"3922396407670","09003","リハビリテーション科","3","","","","","","","","","","","","","","","","","","","","","","","","","","","","","","","","",""
