"ID","正式名称","正式名称（フリガナ）","略称","略称（フリガナ）","英語表記（ローマ字表記）","機関区分","都道府県コード","市区町村コード","所在地","所在地座標（緯度）","所在地座標（経度）","案内用ホームページアドレス","毎週決まった曜日に休診（月）","毎週決まった曜日に休診（火）","毎週決まった曜日に休診（水）","毎週決まった曜日に休診（木）","毎週決まった曜日に休診（金）","毎週決まった曜日に休診（土）","毎週決まった曜日に休診（日）","決まった週に休診（定期週）第1週（月）","決まった週に休診（定期週）第1週（火）","決まった週に休診（定期週）第1週（水）","決まった週に休診（定期週）第1週（木）","決まった週に休診（定期週）第1週（金）","決まった週に休診（定期週）第1週（土）","決まった週に休診（定期週）第1週（日）","決まった週に休診（定期週）第2週（月）","決まった週に休診（定期週）第2週（火）","決まった週に休診（定期週）第2週（水）","決まった週に休診（定期週）第2週（木）","決まった週に休診（定期週）第2週（金）","決まった週に休診（定期週）第2週（土）","決まった週に休診（定期週）第2週（日）","決まった週に休診（定期週）第3週（月）","決まった週に休診（定期週）第3週（火）","決まった週に休診（定期週）第3週（水）","決まった週に休診（定期週）第3週（木）","決まった週に休診（定期週）第3週（金）","決まった週に休診（定期週）第3週（土）","決まった週に休診（定期週）第3週（日）","決まった週に休診（定期週）第4週（月）","決まった週に休診（定期週）第4週（火）","決まった週に休診（定期週）第4週（水）","決まった週に休診（定期週）第4週（木）","決まった週に休診（定期週）第4週（金）","決まった週に休診（定期週）第4週（土）","決まった週に休診（定期週）第4週（日）","決まった週に休診（定期週）第5週（月）","決まった週に休診（定期週）第5週（火）","決まった週に休診（定期週）第5週（水）","決まった週に休診（定期週）第5週（木）","決まった週に休診（定期週）第5週（金）","決まった週に休診（定期週）第5週（土）","決まった週に休診（定期週）第5週（日）","祝日に休診","その他の休診日（gw、お盆等）","注記","座標の出典"
"3933390000000","高知県歯科医師会歯科保健センター","コウチケンシカイシカイシカホケンセンター","高知県歯科医師会歯科保健センター","コウチケンシカイシカイシカホケンセンター","Koutikennsikaisikai Sikahokennsennta-","3","39","201","高知県高知市丸ノ内",33.559916,133.528072,"","0","0","0","1","0","1","1","0","0","0","1","0","1","1","0","0","0","1","0","1","1","0","0","0","1","0","1","1","0","0","0","1","0","1","1","0","0","0","0","0","1","1","1","","","原データ"
"3933393100430","プランタン歯科","プランタンシカ","プランタン歯科","プランタンシカ","Printemps Shika","3","39","201","高知県高知市追手筋１－８－５プランタンビル１Ｆ",33.56142,133.539617,"","1","1","1","0","1","1","0","1","1","1","1","1","1","1","1","1","1","1","1","1","1","1","1","1","1","1","1","1","1","1","1","1","1","1","1","1","1","1","1","1","1","1","0","12月29日 12月30日 12月31日 1月1日 1月2日 1月3日 8月9日 8月10日 8月11日","","原データ"
"3933393100560","平岡歯科医院","ヒラオカシカイイン","平岡歯科医院","ヒラオカシカイイン","Hiraoka sikaiin","3","39","201","高知県高知市長浜５７５５－２",33.491359,133.549657,"","1","1","1","0","1","1","0","1","1","1","1","1","1","1","1","1","1","1","1","1","1","1","1","1","1","1","1","1","1","1","1","1","1","1","1","1","1","1","1","1","1","1","0","12月24日 12月30日 12月31日 1月1日 1月2日 1月3日","","原データ"
"3933393100690","本町モリモト歯科","ホンマチモリモトシカ","本町モリモト歯科","ホンマチモリモトシカ","HONMATIMORIMOTOSIIKA","3","39","201","高知県高知市本町３－３－３０",33.557868,133.534509,"","1","1","1","0","1","1","0","1","1","1","1","1","1","1","1","1","1","1","1","1","1","1","1","1","1","1","1","1","1","1","1","1","1","1","1","1","1","1","1","1","1","1","0","12月29日 12月30日 12月31日 1月1日 1月2日 1月3日 12月24日","","原データ"
"3933393100980","みやもと歯科","ミヤモトシカ","みやもと歯科","ミヤモトシカ","Miyamoto Sika","3","39","201","高知県高知市上町４丁目５番２２号",33.557104,133.520049,"","1","1","1","1","1","1","0","1","1","1","1","1","1","1","1","1","1","1","1","1","1","1","1","1","1","1","1","1","1","1","1","1","1","1","1","1","1","1","1","1","1","1","0","","","原データ"
"3933393101020","みさと歯科","ミサトシカ","みさと歯科","ミサトシカ","MISATOSIKA","3","39","201","高知県高知市仁井田１６２０－１２",33.513034,133.573065,"https://misatoshika-kochi.com/","1","1","1","1","1","1","0","1","1","0","1","1","1","1","1","1","1","1","1","1","1","1","1","1","1","1","1","1","1","1","1","1","1","1","1","1","1","1","1","1","1","1","0","1月1日 1月2日 1月3日 12月30日 12月31日","","原データ"
"3933393101150","三木歯科クリニック","ミキシカクリニック","三木歯科クリニック","ミキシカクリニック","","3","39","201","高知県高知市長浜６３１－１",33.500436,133.545799,"","1","1","1","0","1","1","0","1","1","1","0","1","1","0","1","1","1","0","1","1","0","1","1","1","0","1","1","0","1","1","1","0","1","1","0","1","1","1","0","1","1","0","0","7月26日 7月27日 7月28日 7月30日 7月31日 8月1日 8月2日","","原データ"
"3933393101280","にしむら歯科","ニシムラシカ","にしむら歯科","ニシムラシカ","Nishimura Shika","3","39","201","高知県高知市稲荷町",33.555833,133.559023,"http://www.nishimura-dental.com/","1","1","1","0","1","1","0","1","1","1","0","1","1","0","1","1","1","0","1","1","0","1","1","1","0","1","1","0","1","1","1","0","1","1","0","1","1","1","0","1","1","0","1","12月30日 12月31日 1月1日 1月2日 1月3日","","原データ"
"3933393101310","山田デンタルオフィス","ヤマダデンタルオフィス","山田デンタルオフィス","ヤマダデンタルオフィス","Yamada Dental Office","3","39","201","高知県高知市仁井田２２３６－１４",33.518983,133.57342,"","1","1","1","0","1","1","0","1","1","1","0","1","1","1","1","1","1","0","1","1","1","1","1","1","0","1","1","1","1","1","1","0","1","1","1","1","1","1","0","1","1","1","0","12月29日 12月30日 12月31日 1月1日 1月2日 1月3日 1月4日","","原データ"
"3933393101440","畠中歯科クリニック","ハタケナカ　シカ　クリニック","畠中歯科クリニック","ハタケナカ　シカ　クリニック","Hatakenaka Dental clinic","3","39","201","高知県高知市追手筋１丁目９番２２号　高知メディカルプラザ３Ｆ",33.561318,133.538111,"","1","1","0","1","1","1","0","1","1","1","1","1","1","1","1","1","1","1","1","1","1","1","1","1","1","1","1","1","1","1","1","1","1","1","1","1","1","1","1","1","1","1","0","1月1日 1月2日 1月3日 8月9日 8月10日 8月11日 12月30日 12月31日 12月24日","","原データ"
"3933393101570","川崎歯科","カワサキ　シカ","川崎歯科","カワサキ　シカ","Kawasaki Shika","3","39","201","高知県高知市永国寺町１－１８上杉ビル１階",33.562956,133.53547,"","1","1","1","0","1","1","0","1","1","1","0","1","1","0","1","1","1","0","1","1","0","1","1","1","0","1","1","0","1","1","1","0","1","1","0","1","1","1","0","1","1","0","0","12月30日 12月31日 1月1日 1月2日 1月3日","疑い: 木 曜日フラグは休みだが時刻が入っている","原データ"
"3933393101600","よしもと歯科","ヨシモトシカ","よしもと歯科","ヨシモトシカ","Yoshimoto Dental Clinic","3","39","201","高知県高知市竹島町１３－１　うしおえメディカルビル・イーア３Ｆ",33.542832,133.542547,"","1","1","1","0","1","1","0","1","1","1","1","1","1","0","1","1","1","1","1","1","0","1","1","1","1","1","1","0","1","1","1","1","1","1","0","1","1","1","1","1","1","0","0","12月31日 1月3日 1月2日 1月1日","","原データ"
"3933393101840","さかもと歯科","サカモトシカ","さかもと歯科","サカモトシカ","sakamoto sika","3","39","201","高知県高知市神田６２５－９",33.547435,133.514372,"","1","1","1","1","1","1","0","1","1","1","1","1","1","0","1","1","1","1","1","1","1","1","1","1","1","1","1","1","1","1","1","1","1","1","1","1","1","1","1","1","1","1","1","","疑い: 木 曜日フラグは営業日だが時刻が無い","原データ"
"3933393101990","かしば歯科クリニック","カシバシカ　クリニック","かしば歯科","カシバシカ","Kashiba sika","3","39","201","高知県高知市北久保５－１７",33.57035,133.565119,"http://8822818.com","1","1","1","0","1","1","0","1","1","1","1","1","1","1","1","1","1","1","1","1","1","1","1","1","1","1","1","1","1","1","1","1","1","1","1","1","1","1","1","1","1","1","0","祝日週のは木曜日は診療。（改行）12月29日 ～ 1月4日","","原データ"
"3933393102030","野田歯科医院","ノダ　タクセイ","野田歯科","ノダシカ","NODASIKAIIN","3","39","201","高知県高知市朝倉丁３７の１",33.548984,133.483442,"","1","1","1","1","1","1","0","1","1","1","1","1","1","0","1","1","1","1","1","1","0","1","1","1","1","1","1","0","1","1","1","1","1","1","0","1","1","1","1","1","1","0","0","1月1日 1月2日 1月3日 12月30日 12月31日","","原データ"
"3933393102290","ひろこの歯科クリニック","ヒロコノシカクリニック","ひろこの歯科クリニック","ヒロコノシカクリニック","Hirokono Sika Clinic","3","39","201","高知県高知市薊野東町５－４３",33.580691,133.563816,"https://hirokono.ci-hp.jp/","1","1","1","0","1","1","0","1","1","1","1","1","1","1","1","1","1","1","1","1","1","1","1","1","1","1","1","1","1","1","1","1","1","1","1","1","1","1","1","1","1","1","0","12月29日 12月30日 12月31日 1月1日 1月2日 1月3日 1月4日 12月28日","","原データ"
"3933393102320","大塚矯正歯科","オオツカキョウセイシカ","大塚矯正歯科","オオツカ　キョウセイシカ","OOTSUKAKYOUSEISHIKA","3","39","201","高知県高知市はりまや町２－１－２０　パシフィックビル３Ｆ",33.561441,133.542875,"","1","1","1","0","1","1","0","1","1","1","0","1","1","0","1","1","1","0","1","1","0","1","1","1","0","1","1","0","1","1","1","0","1","1","0","1","1","1","0","1","1","0","0","","疑い: 月 曜日フラグは営業日だが時刻が無い / 疑い: 火 曜日フラグは営業日だが時刻が無い / 疑い: 水 曜日フラグは営業日だが時刻が無い / 疑い: 金 曜日フラグは営業日だが時刻が無い / 疑い: 土 曜日フラグは営業日だが時刻が無い","原データ"
"3933393102580","ひさのデンタルクリニック","ヒサノデンタルクリニック","ひさのデンタルクリニック","ヒサノデンタルクリニック","Hisano Dental Clinic","3","39","201","高知県高知市北新田町１９－１９",33.55212,133.554035,"","0","1","1","1","1","1","0","0","1","1","1","1","1","0","0","1","1","1","1","1","0","0","1","1","1","1","1","0","0","1","1","1","1","1","0","0","1","1","1","1","1","0","0","12月29日～ 1月3日 、8月13日 ～15日、4月29日、5月3日～5日","","原データ"
"3933393102900","松浦歯科医院","マツウラシカイイン","松浦歯科医院","マツウラシカイイン","Matsuurashikaiin","3","39","201","高知県高知市本町５－１－２　県庁前ビル２Ｆ",33.558321,133.531801,"","1","1","1","1","1","1","0","1","1","1","1","1","1","1","1","1","1","1","1","1","1","1","1","1","1","1","1","1","1","1","1","1","1","1","1","1","1","1","1","1","1","1","0","12月29日 12月30日 12月31日 1月1日 1月2日 1月3日","","原データ"
"3933393103040","医療法人社団ティースアート　アーク歯科・矯正歯科クリニック","イリョウホウジンシャダンティースアート　アークシカキョウセイシカクリニック","アーク歯科・矯正歯科クリニック","アークシカキョウセイシカクリニック","Ark Dental Clinic","3","39","201","高知県高知市一ツ橋町１丁目１４５－３",33.57503,133.531283,"http://www.ark-dc.com/","1","1","0","1","1","1","0","1","1","0","1","1","1","0","1","1","0","1","1","1","0","1","1","0","1","1","1","0","1","1","0","1","1","1","0","1","1","0","1","1","1","0","0","12月31日 1月3日 1月2日 1月1日","","原データ"
"3933393103170","いりあけ歯科クリニック","イリアケシカクリニック","いりあけ歯科クリニック","イリアケシカクリニック","","3","39","201","高知県高知市入明町１３－１９",33.567184,133.531279,"","1","1","1","0","1","1","0","1","1","1","1","1","1","1","1","1","1","1","1","1","1","1","1","1","1","1","1","1","1","1","1","1","1","1","1","1","1","1","1","1","1","1","0","","","原データ"
"3933393103460","いとう歯科","イトウシカ","いとう歯科","イトウシカ","ITOSHIKA","3","39","201","高知県高知市南万々２０－４０",33.568411,133.51976,"","1","1","1","0","1","1","0","1","1","1","1","1","1","1","1","1","1","1","1","1","1","1","1","1","1","1","1","1","1","1","1","1","1","1","1","1","1","1","1","1","1","1","0","12月31日 12月30日 12月29日 1月3日 1月2日 1月1日","","原データ"
"3933393103590","医療法人翠松会　こまつ歯科クリニック","イリョウホウジンスイショウカイ","こまつ歯科クリニック","コマツシカクリニック","Komatsu Dental Clinic","3","39","201","高知県高知市介良乙１００４－２０",33.559653,133.594814,"http://www.komatsu-dc.net","1","1","1","0","1","1","0","1","1","1","0","1","1","0","1","1","1","0","1","1","0","1","1","1","0","1","1","0","1","1","1","0","1","1","0","1","1","1","0","1","1","0","0","12月29日12月30日 12月31日 8月7日8月8日8月9日 8月10日 8月11日 8月12日 1月1日 1月2日 1月3日 1月4日","","原データ"
"3933393103880","医療法人　たにもと歯科・矯正歯科","イリョウホウジン　タニモトシカキョウセイシカ","たにもと歯科・矯正歯科","タニモトシカキョウセイシカ","TANIMOTO Dental Clinic","3","39","201","高知県高知市朝倉東町３０－１７　アーバンビレッジ３　１Ｆ",33.544755,133.500495,"","1","1","1","0","1","1","0","1","1","1","1","1","1","1","1","1","1","1","1","1","1","1","1","1","1","1","1","1","1","1","1","1","1","1","1","1","1","1","1","1","1","1","0","8月13日 8月14日 8月15日 12月30日 12月31日 1月1日 1月2日 1月3日","","原データ"
"3933393104050","西内歯科クリニック","ニシウチシカクリニック","西内歯科クリニック","ニシウチシカクリニック","Nishiuchi Dental Clinic Nisiuti sika kurinikku","3","39","201","高知県高知市大津甲８４０－１",,,"","1","1","1","0","1","1","0","1","1","1","1","1","1","1","1","1","1","1","1","1","1","1","1","1","1","1","1","1","1","1","1","1","1","1","1","1","1","1","1","1","1","1","0","12月31日 12月30日 1月3日 1月2日 1月1日","空欄にした: 緯度経度 0.0, 0.0（元データに座標が無い。位置レベル8の住所の点が無い）",""
"3933393104180","医療法人　おかざき矯正歯科クリニック","イリョウホウジン　オカザキキョウセイシカクリニック","おかざき矯正歯科クリニック","オカザキキョウセイシカクリニック","Okazaki Orthodontic Clinic","3","39","201","高知県高知市栄田町３−８−７　ＯＳビル２Ｆ",33.567684,133.545988,"","1","1","1","0","1","1","0","1","1","1","1","1","1","1","1","1","1","1","1","1","1","1","1","1","1","1","1","1","1","1","1","1","1","1","1","1","1","1","1","1","1","1","0","12月29日 12月30日 12月31日 1月1日 1月2日 1月3日","","原データ"
"3933393104210","まこと歯科","マコトシカ","まこと歯科","マコトシカ","Makoto Dental Clinic","3","39","201","高知県高知市神田１４０６",,,"","1","1","1","0","1","1","0","1","1","1","","1","1","","1","1","1","0","1","1","0","1","1","1","0","1","1","0","1","1","1","0","1","1","0","1","1","1","0","1","1","0","0","","空欄にした: 緯度経度 0.0, 0.0（元データに座標が無い。位置レベル8の住所の点が無い）",""
"3933393104760","さたけ歯科クリニック","サタケシカクリニック","さたけ歯科クリニック","サタケシカクリニック","SatakeDentalClinic","3","39","201","高知県高知市杉井流５－７",33.569322089,133.554616301,"http://www.satakeshika.net","1","1","1","1","1","1","0","1","1","1","1","1","1","1","1","1","1","1","1","1","1","1","1","1","1","1","1","1","1","1","1","1","1","1","1","1","1","1","1","1","1","1","0","12月30日 12月31日 1月1日 1月2日 1月3日","書き換えた: 緯度経度 0.0, 0.0 → 住居表示の点（元データに座標が無い）","住居表示"
"3933393104890","ＤＥＮＴＡＬ　ＯＦＦＩＣＥ　ＰＥＡＣＥ","デンタルオフィスピース","ｄｅｎｔａｌ　ｏｆｆｉｃｅ　ＰＥＡＣＥ","デンタルオフィスピース","dental office PEACE","3","39","201","高知県高知市北本町３－１０－４７　２階",33.565984516,133.549907673,"","1","1","1","1","1","1","0","1","1","1","1","1","1","0","1","1","1","1","1","1","0","1","1","1","1","1","1","0","1","1","1","1","1","1","0","1","1","1","1","1","1","0","0","1月1日 1月2日 1月3日 12月30日 12月31日","書き換えた: 緯度経度 33, 133 → 住居表示の点（住所の点から81,078m離れている） / 疑い: 月 曜日フラグは営業日だが時刻が無い / 疑い: 火 曜日フラグは営業日だが時刻が無い / 疑い: 水 曜日フラグは営業日だが時刻が無い / 疑い: 木 曜日フラグは営業日だが時刻が無い / 疑い: 金 曜日フラグは営業日だが時刻が無い / 疑い: 土 曜日フラグは営業日だが時刻が無い","住居表示"
"3933393104920","いちかわ歯科","イチカワシカ","いちかわ歯科","イチカワシカ","Ichikawa Dental Clinic","3","39","201","高知県高知市介良甲１０９０－１",33.564201,133.618773,"https://ichikawashika.jp/","1","1","1","0","1","1","0","1","1","1","1","1","1","1","1","1","1","1","1","1","1","1","1","1","1","1","1","1","1","1","1","1","1","1","1","1","1","1","1","1","1","1","0","","","原データ"
"3933393105060","アポロニア歯科クリニック","アポロニアシカクリニック","アポロニア歯科","アポロニアシカ","Apollonia D.C.","3","39","201","高知県高知市福井扇町１１８２−１",33.568164,133.508971,"https://www.9238.jp","1","1","1","0","1","1","0","1","1","1","1","1","1","1","1","1","1","1","1","1","1","1","1","1","1","1","1","1","1","1","1","1","1","1","1","1","1","1","1","1","1","1","0","12月31日 1月3日 1月2日 1月1日 12月29日 12月30日 1月4日","","原データ"
"3933393105220","ほわいと歯科","ホワイトシカ","ほわいと歯科","ホワイトシカ","howaitosika","3","39","201","高知県高知市塩田町１５ー２１",33.571864,133.545372,"kochi-white.com","1","1","1","1","1","1","0","1","1","1","1","1","1","0","1","1","1","1","1","1","0","1","1","1","1","1","1","0","1","1","1","1","1","1","0","1","1","1","1","1","1","0","0","12月31日 1月1日 1月2日 1月3日","疑い: ホームページアドレス kochi-white.com（スキームが無い）","原データ"
"3933393105350","かねこ矯正歯科","カネコキョウセイシカ","かねこ矯正歯科","カネコキョウセイシカ","Kaneko Orthodontic Clinic","3","39","201","高知県高知市上町１丁目８－１３",33.556054,133.526462,"http://www.kaneko-orthodontic.net/","1","1","1","1","1","1","0","1","1","1","1","1","1","0","1","1","1","1","1","1","0","1","1","1","1","1","1","0","1","1","1","1","1","1","0","1","1","1","1","1","1","0","0","12月31日 12月30日 1月3日 1月2日 1月1日 12月29日 8月10日 8月11日","","原データ"
"3933393105480","うえた歯科医院","ウエタシカイイン","うえた歯科","ウエタシカ","Ueta Dental Clinic","3","39","201","高知県高知市薊野西町３丁目３１－１９",33.578225,133.555034,"https://www.ueta-shika.com","0","1","1","1","1","1","0","0","1","1","1","1","1","0","0","1","1","1","1","1","0","0","1","1","1","1","1","0","0","1","1","1","1","1","0","0","1","1","1","1","1","0","0","1月1日、1月2日、1月3日、1月4日、 12月29日、12月30日、12月31日","","原データ"
"3933393105510","ひゃっこく歯科","ヒャッコクシカ","ひゃっこく歯科","ヒャッコクシカ","Hyakkoku Dental Clinic","3","39","201","高知県高知市百石町２丁目２４番１５号",33.546716235,133.541606074,"","1","1","1","0","1","1","0","1","1","1","0","1","1","0","1","1","1","0","1","1","0","1","1","1","0","1","1","0","1","1","1","0","1","1","0","1","1","1","0","1","1","0","0","","書き換えた: 緯度経度 0.0, 0.0 → 住居表示の点（元データに座標が無い）","住居表示"
"3933393105770","田岡歯科・矯正歯科クリニック","タオカシカキョウセイシカクリニック","田岡歯科・矯正歯科クリニック","タオカシカ・キョウセイシカクリニック","taokashika kyouseishika kurinikku","3","39","201","高知県高知市鴨部１丁目１０－３３",33.552350787,133.504435321,"https://taokadental.com/","1","1","1","0","1","1","0","1","1","1","0","1","1","0","1","1","1","0","1","1","0","1","1","1","0","1","1","0","1","1","1","0","1","1","0","1","1","1","0","1","1","0","0","5月3日～5月7日（改行）8月9日～8月13日（改行）12月28日～1月4日","書き換えた: 緯度経度 0.0, 0.0 → 住居表示の点（元データに座標が無い）","住居表示"
"3933393105800","おおかわ歯科クリニック","オオカワシカクリニック","おおかわ歯科クリニック","オオカワシカクリニック","","3","39","201","高知県高知市横浜新町３－３１６－１",,,"","1","1","0","1","1","1","0","1","1","1","1","1","1","1","1","1","1","1","1","1","1","1","1","1","1","1","1","1","1","1","1","1","1","1","1","1","1","1","1","1","1","1","1","12月30日 12月31日 1月1日 1月2日","空欄にした: 緯度経度 0.0, 0.0（元データに座標が無い。位置レベル8の住所の点が無い）",""
"3933393106070","医療法人　静高会　うぐるす歯科医院","イリョウホウジン　セイコウカイ　ウグルスシカイイン","うぐるす歯科医院","ウグルスシカイイン","Ugurususikaiin","3","39","201","高知県高知市鵜来巣　１１－３８－９",33.540718485,133.48378277,"http://www.ug-shika.com/","1","1","1","1","1","1","0","1","1","1","0","1","1","0","1","1","1","0","1","1","0","1","1","1","0","1","1","0","1","1","1","1","1","1","0","1","1","1","1","1","1","0","0","12月30日 12月31日 1月1日 1月2日 1月3日 5月3日 5月4日 5月5日","書き換えた: 緯度経度 0.0, 0.0 → 住居表示の点（元データに座標が無い）","住居表示"
"3933393106100","高知駅つちもと歯科","コウチエキツチモトシカ","高知駅つちもと歯科","コウチエキツチモトシカ","","3","39","201","高知県高知市栄田町１丁目２－２",33.567361509,133.541953338,"","1","1","1","0","1","1","0","1","1","1","1","1","1","1","1","1","1","1","1","1","1","1","1","1","1","1","1","1","1","1","1","1","1","1","1","1","1","1","1","1","1","1","1","12月29日 12月30日 12月31日 1月1日 1月2日 1月3日","書き換えた: 緯度経度 0.0, 0.0 → 住居表示の点（元データに座標が無い）","住居表示"
"3933393106360","中村歯科診療所","ナカムラシカシンリョウショ","中村歯科診療所","ナカムラシカシンリョウショ","makamurasikasinnryousyo","3","39","201","高知県高知市山ノ端町",33.561212,133.522706,"","1","1","1","1","1","1","0","1","1","1","1","1","1","0","1","1","1","1","1","1","0","1","1","1","1","1","1","0","1","1","1","1","1","1","0","1","1","1","1","1","1","0","0","12月30日 12月31日 1月1日 1月2日 1月3日 5月6日 8月12日 11月4日","","原データ"
"3933393106490","スウィートハートデンタルクリニック","スウィートハートデンタルクリニック","スウィートハートデンタルクリニック","スウィートハートデンタルクリニック","SWEETHEART DENTAL CLINIC","3","39","201","高知県高知市朝倉甲２００－１",,,"http://www.sweetheart-dc.com/","1","1","1","0","1","1","0","1","1","1","1","1","1","1","1","1","1","1","1","1","1","1","1","1","1","1","1","1","1","1","1","1","1","1","1","1","1","1","1","1","1","1","0","","空欄にした: 緯度経度 0.0, 0.0（元データに座標が無い。位置レベル8の住所の点が無い） / 疑い: 水 曜日フラグは営業日だが時刻が無い",""
"3933393106520","えびす歯科・矯正歯科クリニック","エビスシカキョウセイシカクリニック","えびす歯科・矯正歯科クリニック","エビスシカキョウセイシカクリニック","Ebisu Dental And Orthodontic Clinic","3","39","201","高知県高知市西秦泉寺８３－１",33.5773,133.533143,"http://www.ebisudental.jp","1","1","1","0","1","1","0","1","1","1","0","1","1","0","1","1","1","0","1","1","0","1","1","1","0","1","1","0","1","1","1","0","1","1","0","1","1","1","0","1","1","0","0","","","原データ"
"3933393106650","じゅん歯科クリニック","ジュンシカクリニック","じゅん歯科クリニック","ジュンシカクリニック","junshika clinic","3","39","201","高知県高知市帯屋町",33.560013,133.538175,"http://www.jun-shika.com/index.htm","1","1","1","0","1","1","0","1","1","1","0","1","1","0","1","1","1","0","1","1","0","1","1","1","0","1","1","0","1","1","1","0","1","1","0","1","1","1","1","1","1","1","0","8月9日 8月10日 8月11日 8月12日 12月28日 12月29日 12月30日 12月31日 1月1日 1月2日 1月3日","疑い: 木 曜日フラグは休みだが時刻が入っている","原データ"
"3933393106780","ＡＡｆ橋本歯科医院","エーエーエフハシモトシカイイン","ＡＡｆ橋本歯科医院","エーエーエフハシモトシカイイン","AAf Hashimoto Shika Iin","3","39","201","高知県高知市栄田町３丁目１２－１９　ポルテス１階西",33.568026,133.545985,"http://www.aaf-dent.jp/","1","1","0","1","1","1","0","1","1","1","1","1","1","1","1","1","1","1","1","1","1","1","1","1","1","1","1","1","1","1","1","1","1","1","1","1","1","1","1","1","1","1","0","12月30日 12月31日 1月1日 1月2日 1月3日","","原データ"
"3933393107110","ソフィアデンタル","ソフィアデンタル","ソフィアデンタル","ソフィアデンタル","sophiadental","3","39","201","高知県高知市北金田１１－２２",33.565621566,133.558504065,"http://www.sophiadental.or.jp","1","1","1","1","1","1","0","1","1","1","0","1","1","0","1","1","1","1","1","0","0","1","1","1","0","1","1","0","1","1","1","1","1","0","0","1","1","1","0","1","1","0","0","1月1日 1月2日 1月3日 12月29日 12月30日 12月31日","書き換えた: 緯度経度 0.0, 0.0 → 住居表示の点（元データに座標が無い）","住居表示"
"3933393107240","あさくら歯科・矯正歯科","アサクラシカキョウセイシカ","あさくら歯科・矯正歯科","アサクラシカキョウセイシカ","asakurashikakyouseishika","3","39","201","高知県高知市朝倉横町２３番７－６号",33.544339081,133.493468674,"","1","1","1","1","1","1","0","1","1","1","1","1","1","0","1","1","1","1","1","1","0","1","1","1","1","1","1","0","1","1","1","1","1","1","0","1","1","1","1","1","1","0","0","8月13日 8月14日 8月15日 12月31日 1月1日 1月2日 1月3日","書き換えた: 緯度経度 0.0, 0.0 → 住居表示の点（元データに座標が無い）","住居表示"
"3933393107370","広末歯科矯正","ヒロスエシカキョウセイ","広末歯科矯正","ヒロスエシカキョウセイ","HIROSUE ORTHODONTIC OFFICE","3","39","201","高知県高知市杉井流１２番７号",33.57040762100001,133.556582673,"","0","1","1","1","1","1","0","1","1","1","1","1","1","1","1","1","1","1","1","1","1","1","1","1","1","1","1","1","1","1","1","1","1","1","1","1","1","1","1","1","1","1","0","","書き換えた: 緯度経度 0.0, 0.0 → 住居表示の点（元データに座標が無い）","住居表示"
"3933393107400","はみがき歯科クリニック","ハミガキシカクリニック","はみがき歯科クリニック","ハミガキシカクリニック","Hamigaki Dental Clinic","3","39","201","高知県高知市北久保１８－１",33.569737,133.566177,"","1","1","1","1","1","1","0","1","1","1","1","1","1","0","1","1","1","1","1","1","0","1","1","1","1","1","1","0","1","1","1","1","1","1","0","1","1","1","1","1","1","0","0","","","原データ"
"3933393107660","アール・ヴェール歯科","アール・ヴェールシカ","アール・ヴェール歯科","アール・ヴェールシカ","","3","39","201","高知県高知市西塚ノ原７９－６",33.566165,133.491025,"","1","1","1","0","1","1","0","1","1","1","1","1","1","1","1","1","1","1","1","1","1","1","1","1","1","1","1","1","1","1","1","1","1","1","1","1","1","1","1","1","1","1","0","","","原データ"
"3933393108410","のり歯科医院","ノリシカイイン","のり歯科医院","ノリシカイイン","","3","39","201","高知県高知市若松町１７０５番地２",,,"","1","1","1","1","1","1","1","1","1","1","1","1","1","1","1","1","1","1","1","1","1","1","1","1","1","1","1","1","1","1","1","1","1","1","1","1","1","1","1","1","1","1","1","","空欄にした: 緯度経度 0.0, 0.0（元データに座標が無い。位置レベル8の住所の点が無い） / 疑い: 月 曜日フラグは営業日だが時刻が無い / 疑い: 火 曜日フラグは営業日だが時刻が無い / 疑い: 水 曜日フラグは営業日だが時刻が無い / 疑い: 木 曜日フラグは営業日だが時刻が無い / 疑い: 金 曜日フラグは営業日だが時刻が無い / 疑い: 土 曜日フラグは営業日だが時刻が無い / 疑い: 日 曜日フラグは営業日だが時刻が無い",""
"3933393108540","まつざわ歯科クリニック","マツザワシカクリニック","まつざわ歯科クリニック","マツザワシカクリニック","matsuzawa dental clinic","3","39","201","高知県高知市杉井流１４－２０",33.570272,133.557859,"https://www.matsuzawa-shika.com","1","1","0","1","1","1","0","1","1","1","1","1","1","1","1","1","1","1","1","1","1","1","1","1","1","1","1","1","1","1","1","1","1","1","1","1","1","1","1","1","1","1","0","8月13日 8月14日 8月15日 12月29日 12月30日 12月31日 1月1日 1月2日 1月3日","","原データ"
"3933393108670","医療法人黎明会　ファミリーデンタルクリニック","イリョウホウジンレイメイカイファミリーデンタルクリニック","ファミリーデンタルクリニック","ファミリーデンタルクリニック","","3","39","201","高知県高知市前里３５７－２",33.576402219,133.541338568,"","1","1","1","0","1","1","0","1","1","1","0","1","1","0","1","1","1","0","1","1","0","1","1","1","0","1","1","0","1","1","1","0","1","1","0","1","1","1","0","1","1","0","0","12月30日 12月31日 1月1日 1月2日 1月3日","書き換えた: 緯度経度 0.0, 0.0 → 地番の点（元データに座標が無い）","地番"
"3933393108700","あたご歯科","アタゴシカ","あたご歯科","アタゴシカ","Atago DentalCLINIC","3","39","201","高知県高知市愛宕町２丁目２０番１０号",33.568649553,133.537053956,"http://httbi.itp.he.jp/0888568214","1","1","1","1","1","1","0","1","1","1","1","1","1","0","1","1","1","1","1","1","0","1","1","1","1","1","1","0","1","1","1","1","1","1","0","1","1","1","1","1","1","0","0","12月29日 12月30日 12月31日 1月1日 1月2日 1月3日 8月9日 8月10日 8月11日 8月12日 12月24日","書き換えた: 緯度経度 0.0, 0.0 → 住居表示の点（元データに座標が無い）","住居表示"
"3933393108830","横田歯科クリニック","ヨコタシカクリニック","横田歯科","ヨコタシカ","Yokota Dental Clinic","3","39","201","高知県高知市旭駅前町３ー３",33.557912,133.508567,"http://www.yokotadental.jp","1","1","0","1","1","1","0","1","1","1","1","1","1","1","1","1","1","1","1","1","1","1","1","1","1","1","1","1","1","1","1","1","1","1","1","1","1","1","1","1","1","1","0","","","原データ"
"3933393108960","たかぎ歯科","タカギシカ","たかぎ歯科","タカギシカ","Takagi Shika","3","39","201","高知県高知市上町３丁目５－１１",33.557985325,133.522501431,"","1","1","1","1","1","1","0","1","1","1","1","1","1","0","1","1","1","1","1","1","0","1","1","1","1","1","1","0","1","1","1","1","1","1","0","1","1","1","1","1","1","0","0","1月1日 1月2日 1月3日 1月4日 3月15日 3月28日 5月18日 12月28日 12月29日 12月30日 12月31日 5月1日 5月2日 5月3日 5月4日 5月5日 4月30日","書き換えた: 緯度経度 0.0, 0.0 → 住居表示の点（元データに座標が無い）","住居表示"
"3933393109000","歯科　地球３３番地","シカ　　チキュウサンジュウサンバンチ","歯科　地球３３番地","シカ　　チキュウサンジュウサンバンチ","SikaChikyuu33babbchi DenntalClinic","3","39","201","高知県高知市南金田１８－１０",33.563069484,133.558769034,"","1","1","0","1","1","1","0","1","1","0","1","1","1","0","1","1","0","1","1","1","0","1","1","0","1","1","1","0","1","1","0","1","1","1","0","1","1","0","1","1","1","0","0","12月30日 1月3日","書き換えた: 緯度経度 0.0, 0.0 → 住居表示の点（元データに座標が無い）","住居表示"
"3933393109130","にしもと歯科クリニック","ニシモトシカクリニック","にしもと歯科","ニシモトシカ","","3","39","201","高知県高知市朝倉丁３番地１",,,"","1","1","1","1","1","1","1","1","1","1","1","1","1","1","1","1","1","1","1","1","1","1","1","1","1","1","1","1","1","1","1","1","1","1","1","1","1","1","1","1","1","1","1","","空欄にした: 緯度経度 0.0, 0.0（元データに座標が無い。位置レベル8の住所の点が無い） / 疑い: 月 曜日フラグは営業日だが時刻が無い / 疑い: 火 曜日フラグは営業日だが時刻が無い / 疑い: 水 曜日フラグは営業日だが時刻が無い / 疑い: 木 曜日フラグは営業日だが時刻が無い / 疑い: 金 曜日フラグは営業日だが時刻が無い / 疑い: 土 曜日フラグは営業日だが時刻が無い / 疑い: 日 曜日フラグは営業日だが時刻が無い",""
"3933393109550","なりかわ歯科医院","ナリカワシカイイン","なりかわ歯科","ナリカワシカ","","3","39","201","高知県高知市山手町１４－１",,,"http://www.narikawa-dc.jp","1","1","0","1","1","1","0","1","1","1","1","1","1","1","1","1","1","1","1","1","1","1","1","1","1","1","1","1","1","1","1","1","1","1","1","1","1","1","1","1","1","1","0","","空欄にした: 緯度経度 0.0, 0.0（元データに座標が無い。位置レベル8の住所の点が無い）",""
"3933393109710","すまいる歯科医院","スマイルシカイイン","すまいる歯科","スマイルシカ","Sumairu Shika","3","39","201","高知県高知市仁井田６４３－６",33.512192,133.574209,"http://www.smiledentalclinickochi.com/","1","1","1","0","1","1","0","","","","","","","","","","","","","","","","","","","","","","","","","","","","","","","","","","","","0","8月14日 8月15日 12月30日 12月31日","","原データ"
"3933393109840","医療法人スマイルプランみかづき歯科クリニック","イリョウホウジンスマイルプランミカヅキシカクリニック","医療法人スマイルプランみかづき歯科クリニック","イリョウホウジンスマイルプランミカヅキシカクリニック","smileplan mikzuki sika kurinikku","3","39","201","高知県高知市中万々８１４番地４",33.570866,133.517158,"","1","1","0","1","1","1","0","1","1","1","1","1","1","1","1","1","1","1","1","1","1","1","1","1","1","1","1","1","1","1","1","1","1","1","1","1","1","1","1","1","1","1","0","","","原データ"
"3933393109970","高須岡林歯科","タカスオカバヤシシカ","高須岡林歯科","タカスオカバヤシシカ","TakasuOkabayashiShika","3","39","201","高知県高知市高須３－５－２０",33.560258923,133.591049073,"","1","1","0","1","1","1","0","1","1","0","1","1","1","0","1","1","0","1","1","1","0","1","1","0","1","1","1","0","1","1","0","1","1","1","0","1","1","1","0","1","1","","0","","書き換えた: 緯度経度 0.0, 0.0 → 住居表示の点（元データに座標が無い）","住居表示"
"3933393110080","木口歯科医院","キグチシカイイン","木口歯科","キグチシカイイン","kiguchi dental clinic","3","39","201","高知県高知市若草町９－１５",33.543315982,133.488284029,"","1","1","1","0","1","1","0","1","1","1","0","1","1","0","1","1","1","0","1","1","0","1","1","1","0","1","1","0","1","1","1","0","1","1","0","1","1","1","0","1","1","0","0","","書き換えた: 緯度経度 0.0, 0.0 → 住居表示の点（元データに座標が無い）","住居表示"
"3933393110110","はりまや橋溝渕歯科クリニック","ハリマヤバシミゾブチシカクリニック","溝渕歯科クリニック","ミゾブチシカクリニック","","3","39","201","高知県高知市はりまや町１－５－１２",33.559974,133.543814,"http://www.mizobuchi-shika.com/clinic/access.html","1","1","1","1","1","1","0","1","1","1","1","1","1","1","1","1","1","1","1","1","1","1","1","1","1","1","1","1","1","1","1","1","1","1","1","1","1","1","1","1","1","1","1","","","原データ"
"3933393110240","あさひ歯科","アサヒシカ","あさひ歯科","アサヒシカ","Asahi dental office","3","39","201","高知県高知市中須賀町",33.558207,133.512544,"","1","1","1","0","1","1","0","1","1","1","1","1","1","0","1","1","1","1","1","1","0","1","1","1","1","1","1","0","1","1","1","1","1","1","0","1","1","1","1","1","1","0","0","12月30日 12月31日 1月1日 1月2日 1月3日","","原データ"
"3933393110370","嶋本歯科クリニック","シマモトシカクリニック","嶋本歯科クリニック","シマモトシカクリニック","","3","39","201","高知県高知市桜井町２丁目６番３８号",33.56196,133.550599,"http://www.shimamotoshika.info/","1","1","1","1","1","1","1","1","1","1","1","1","1","1","1","1","1","1","1","1","1","1","1","1","1","1","1","1","1","1","1","1","1","1","1","1","1","1","1","1","1","1","1","","疑い: 日 曜日フラグは営業日だが時刻が無い","原データ"
"3933393110400","さとみデンタルクリニック","サトミデンタルクリニック","さとみデンタルクリニック","サトミデンタルクリニック","Satomi Dental Clinic","3","39","201","高知県高知市北本町４－５－３３－１Ｆ",33.565948,133.554471,"","1","1","1","1","1","1","0","1","1","1","1","1","1","0","1","1","1","1","1","1","0","1","1","1","1","1","1","0","1","1","1","1","1","1","0","1","1","1","1","1","1","0","0","","疑い: 木 曜日フラグは営業日だが時刻が無い","原データ"
"3933393110950","かたた歯科クリニック","カタタシカクリニック","かたた歯科クリニック","カタタシカクリニック","","3","39","201","高知県高知市桟橋通２－８－１８",33.547808,133.547269,"http://katata-dc.com","1","1","1","0","1","1","0","1","1","1","0","1","1","0","1","1","1","0","1","1","0","1","1","1","0","1","1","0","1","1","1","0","1","1","0","1","1","1","0","1","1","0","0","12月29日 12月30日 12月31日 1月1日 1月2日 1月3日","","原データ"
"3933393111120","はまだデンタルクリニック","ハマダデンタルクリニック","はまだデンタルクリニック","ハマダデンタルクリニック","hamadadentalclinic","3","39","201","高知県高知市九反田８－１７",33.557518681,133.548354632,"","1","1","0","1","1","1","0","1","1","1","1","1","1","1","1","1","1","1","1","1","1","1","1","1","1","1","1","1","1","1","1","1","1","1","1","1","1","1","1","1","1","1","0","8月14日 8月15日 8月13日 12月30日 12月31日 1月1日 1月2日 1月3日","書き換えた: 緯度経度 0.0, 0.0 → 住居表示の点（元データに座標が無い）","住居表示"
"3933393111540","医療法人緑智会　いしもと歯科クリニック","イリョウホウジン　リョクチカイ　イシモトシカクリニック","いしもと歯科クリニック","イシモトシカクリニック","","3","39","201","高知県高知市朝倉本町１丁目９番４０号",33.54778656,133.491299348,"https://ishimoto-d.jp","1","1","1","1","1","1","0","1","1","1","1","1","1","0","1","1","1","1","1","1","0","1","1","1","1","1","1","0","1","1","1","1","1","1","0","1","1","1","1","1","1","0","0","8月12日 8月13日 8月14日 8月15日 12月30日 12月31日 1月2日 1月3日 5月6日 5月4日 5月5日","書き換えた: 緯度経度 0.0, 0.0 → 住居表示の点（元データに座標が無い）","住居表示"
"3933393112260","さえんば　嶋本歯科","サエンバシマモトシカ","さえんば嶋本歯科","サエンバシマモトシカ","Senba Shimamoto Shika","3","39","201","高知県高知市桜井町１－９－３５",33.562171,133.549561,"https://saenba-shimamotoshika.jp","1","1","1","0","1","1","0","1","1","1","0","1","1","1","1","1","1","0","1","1","1","1","1","1","0","1","1","1","1","1","1","0","1","1","1","1","1","1","0","1","1","1","0","12月29日12月30日１２月31日 1月1日 1月2日 1月3日","","原データ"
"3933393112550","島﨑歯科医院","シマサキシカイイン","島﨑歯科医院","シマサキシカイイン","shimasakisikaiin","3","39","201","高知県高知市一宮中町３－１１－１７",33.588263482,133.57451525700003,"https://www.shimasaki-dental-clinic.com","1","1","1","0","1","1","0","1","1","1","0","1","1","0","1","1","1","0","1","1","0","1","1","1","0","1","1","0","1","1","1","0","1","1","0","1","1","1","0","1","1","0","0","","書き換えた: 緯度経度 0.0, 0.0 → 住居表示の点（元データに座標が無い）","住居表示"
"3933393112680","やすおか歯科医院","ヤスオカシカイイン","やすおか歯科医院","ヤスオカシカイイン","Yasuoka Dental Clinic","3","39","201","高知県高知市北御座１１－２１",33.567886174,133.562331117,"https://www.yasuokadc.com/","1","1","1","0","1","1","0","1","1","1","1","1","1","1","1","1","1","1","1","1","1","1","1","1","1","1","1","1","1","1","1","1","1","1","1","1","1","1","1","1","1","1","0","12月30日 12月31日 1月1日 1月2日 1月3日","書き換えた: 緯度経度 0.0, 0.0 → 住居表示の点（元データに座標が無い） / 疑い: 月 曜日フラグは営業日だが時刻が無い / 疑い: 火 曜日フラグは営業日だが時刻が無い / 疑い: 水 曜日フラグは営業日だが時刻が無い / 疑い: 金 曜日フラグは営業日だが時刻が無い / 疑い: 土 曜日フラグは営業日だが時刻が無い","住居表示"
"3933395100870","岡本歯科診療所","オカモトシカシンリョウショ","岡本歯科医院","オカモトシカイイン","Okamoto Shika Iin","3","39","201","高知県高知市鷹匠町１－１－１",33.556996,133.536847,"","1","1","1","1","1","1","0","1","1","1","1","1","1","0","1","1","1","1","1","1","0","1","1","1","1","1","1","0","1","1","1","1","1","1","0","1","1","1","1","1","1","0","0","12月30日 12月31日 1月1日 1月2日 1月3日","","原データ"
"3933395101040","金子歯科クリニック","カネコシカクリニック","金子歯科","カネコシカ","Kaneko sika","3","39","201","高知県高知市中宝永町",33.558969,133.552929,"","1","1","1","0","1","1","0","1","1","1","0","1","1","0","1","1","1","0","1","1","0","1","1","1","0","1","1","0","1","1","1","0","1","1","0","1","1","1","0","1","1","0","0","8月13日 8月14日 8月15日 12月29日 12月30日 12月31日 1月1日 1月2日 1月3日","","原データ"
"3933395103060","長野歯科","ナガノシカ","長野歯科","ナガノシカ","Nagano Dental Clinic","3","39","201","高知県高知市愛宕町３－１２－３２",33.571358,133.537117,"","1","1","1","1","1","0","0","1","1","1","1","1","0","0","1","1","1","1","1","0","0","1","1","1","1","1","0","0","1","1","1","1","1","0","0","1","1","1","1","1","0","0","0","12月29日 12月30日 12月31日 1月1日 1月2日 1月3日","","原データ"
"3933395103190","西岡歯科診療所","ニシオカ　シカシンリョウジョ","西岡歯科","ニシオカシカ","nisiokasika","3","39","201","高知県高知市瀬戸西町２－１８８－２",33.513895,133.543415,"","1","1","1","0","1","1","0","1","1","1","1","1","1","1","1","1","1","1","1","1","1","1","1","1","1","1","1","1","1","1","1","1","1","1","1","1","1","1","1","1","1","1","0","12月29日 12月30日 12月31日 1月1日 1月2日 1月3日","","原データ"
"3933395103640","松岡歯科医院","マツオカシカイイン","松岡歯科医院","マツオカシカイイン","Matsuoka Dental Clinic","3","39","201","高知県高知市中宝永町１１番３号",33.558419,133.55464,"","1","1","1","1","1","1","0","1","1","1","1","1","1","0","1","1","1","1","1","1","0","1","1","1","1","1","1","0","1","1","1","1","1","1","0","1","1","1","1","1","1","0","0","1月1日 1月2日 1月3日 12月29日 12月30日 12月31日","","原データ"
"3933395104070","山崎歯科診療所","ヤマサキシカシンリョウショ","山崎歯科","ヤマサキシカ","Yamasaki Dental Clinic","3","39","201","高知県高知市城見町４－３３",33.559144,133.551057,"","1","1","1","0","1","1","0","1","1","1","0","1","1","0","1","1","1","0","1","1","0","1","1","1","0","1","1","0","1","1","1","0","1","1","0","1","1","1","0","1","1","0","0","12月29日 12月30日 12月31日 1月1日 1月2日 1月3日 1月4日","","原データ"
"3933395104100","吉岡歯科診療所","ヨシオカシカシンリョウショ","吉岡歯科診療所","ヨシオカシカシンリョウショ","Yoshioka Shika Shinryosho","3","39","201","高知県高知市高須２丁目１３－５７",33.560906,133.585139,"","1","1","1","1","1","1","0","1","1","1","1","1","1","1","1","1","1","1","1","1","1","1","1","1","1","1","1","1","1","1","1","1","1","1","1","1","1","1","1","1","1","1","0","12月29日 12月30日 12月31日 1月1日 1月2日 1月3日","","原データ"
"3933395104780","たおか歯科","タオカシカ","たおか歯科","タオカシカ","Taoka Shika","3","39","201","高知県高知市上町二丁目二番二十四号",33.557798,133.524376,"http://www.taoka-shika.com/","1","1","1","0","1","1","0","1","1","1","1","1","1","1","1","1","1","1","1","1","1","1","1","1","1","1","1","1","1","1","1","1","1","1","1","1","1","1","1","1","1","1","0","12月31日 12月30日 1月3日 1月2日 1月1日","","原データ"
"3933395105080","岸歯科診療所","キシシカシンリョウショ","岸歯科","キシシカ","Kishi Dental Clinic","3","39","201","高知県高知市大川筋２丁目５番３２号",33.564311,133.53152,"","1","1","1","1","1","1","0","1","1","1","1","1","1","0","1","1","1","1","1","1","0","1","1","1","1","1","1","0","1","1","1","1","1","1","0","1","1","1","1","1","1","0","0","12月30日 12月31日 1月1日 1月2日 1月3日","","原データ"
"3933395105240","医療法人　利重会　岡林歯科","イリョウホウジン　リジュウカイ　オカバヤシシカ","岡林歯科","オカバヤシシカ","Okabayashi Shika","3","39","201","高知県高知市北本町",33.565989,133.538319,"","1","1","1","1","1","0","0","1","1","1","1","1","0","0","1","1","1","1","1","0","0","1","1","1","1","1","0","0","1","1","1","1","1","0","0","1","1","1","1","1","0","0","0","12月29日 12月30日 12月31日 1月1日 1月2日 1月3日","","原データ"
"3933395105370","小松歯科診療所","コマツシカシンリョウジョ","小松歯科診療所","コマツシカシンリョウジョ","Komatsu Dental Clinic","3","39","201","高知県高知市旭駅前町１－５",33.556142,133.509339,"","1","1","1","0","1","1","0","1","1","1","1","1","1","1","1","1","1","1","1","1","1","1","1","1","1","1","1","1","1","1","1","1","1","1","1","1","1","1","1","1","1","1","0","","","原データ"
"3933395105790","土本歯科","ツチモトシカ","土本歯科","ツチモトシカ","Tsuchimoto Dental Clinic","3","39","201","高知県高知市南御座３－１２",33.565171,133.563497,"","1","1","1","0","1","1","0","1","1","1","1","1","1","1","1","1","1","1","1","1","1","1","1","1","1","1","1","1","1","1","1","1","1","1","1","1","1","1","1","1","1","1","0","","","原データ"
"3933395106670","山本歯科診療所","ヤマモトシカシンリョウショ","山本歯科","ヤマモトシカ","Yamamoto Dental Clinic","3","39","201","高知県高知市菜園場町７－１８",33.558699,133.548674,"http://saenbayama.wp.xdomain.jp","1","1","1","1","1","1","0","1","1","1","1","1","1","0","1","1","1","1","1","1","0","1","1","1","1","1","1","0","1","1","1","1","1","1","0","1","1","1","1","1","1","0","0","12月31日 12月30日 8月15日 8月14日 8月13日 1月4日 1月3日 1月2日 1月1日","","原データ"
"3933395106830","楠瀬歯科クリニック","クスノセシカクリニック","楠瀬歯科クリニック","クスノセシカクリニック","Kusunose sikakurinikku","3","39","201","高知県高知市上町２－５－２５",33.557068,133.52376,"","1","1","1","0","1","1","0","1","1","1","0","1","1","0","1","1","1","0","1","1","0","1","1","1","0","1","1","0","1","1","1","0","1","1","0","1","1","1","0","1","1","0","0","12月31日 12月30日 12月23日 11月23日 11月3日 10月12日 9月23日 9月15日 8月15日 8月14日 8月13日 7月20日 5月6日 5月5日 5月3日 4月29日 3月20日 2月11日 1月14日 1月3日 1月2日 1月1日 9月21日 9月22日 1月4日","","原データ"
"3933395107130","西本歯科","ニシモトシカ","西本歯科","ニシモトシカ","Nishimoto Dental Clinic","3","39","201","高知県高知市曙町１丁目８番３４号",33.551009,133.49061,"","1","1","1","0","1","1","0","1","1","1","1","1","1","1","1","1","1","1","1","1","1","1","1","1","1","1","1","1","1","1","1","1","1","1","1","1","1","1","1","1","1","1","0","12月31日 1月3日 1月2日 1月1日 12月24日","疑い: 木 曜日フラグは休みだが時刻が入っている","原データ"
"3933395107390","友永歯科","トモナガシカ","友永歯科","トモナガシカ","Tomonaga Dental Clinic","3","39","201","高知県高知市南はりまや町２－８－９",33.557346,133.544805,"https://www.tomonaga-dental.com/","1","1","1","1","1","1","0","1","1","1","1","1","1","1","1","1","1","1","1","1","1","1","1","1","1","1","1","1","1","1","1","1","1","1","1","1","1","1","1","1","1","1","0","12月31日 12月30日 1月3日 1月2日 1月1日 12月24日","","原データ"
"3933395107680","横山歯科診療所","ヨコヤマシカシンリョウショ","横山歯科診療所","ヨコヤマシカシンリョウショ","Yokoyama Dental Clinic  Yokoyama Shika Shinryosho","3","39","201","高知県高知市はりまや町２－３－８",33.56207,133.543764,"","1","1","1","1","1","0","0","1","1","1","1","1","0","0","1","1","1","1","1","0","0","1","1","1","1","1","0","0","1","1","1","1","1","0","0","1","1","1","1","1","0","0","0","12月31日 12月30日  1月3日 1月2日 1月1日","","原データ"
"3933395108430","国藤歯科診療所","クニトウシカ　シンリョウショ","国藤歯科","クニトウシカ","kunito SIKA","3","39","201","高知県高知市中万々１－８　小谷ビル２Ｆ",33.569542,133.519568,"","1","1","0","1","1","1","0","1","1","1","1","1","1","1","1","1","1","1","1","1","1","1","1","1","1","1","1","1","1","1","1","1","1","1","1","1","1","1","1","1","1","1","0","","","原データ"
"3933395108560","フカミ歯科診療所","フカミシカシンリョウショ","フカミ歯科","フカミシカ","Fukami Dental Clinic","3","39","201","高知県高知市十津　３丁目６－２６－１",33.524015,133.574626,"https://www.fukamishika.com","1","1","1","1","1","1","0","1","1","1","1","1","1","1","1","1","1","1","1","1","1","1","1","1","1","1","1","1","1","1","1","1","1","1","1","1","1","1","1","1","1","1","0","祝日のない週の水曜午前中（改行）12月30日 12月31日 1月1日 1月2日 1月3日 8月15日","","原データ"
"3933395108980","島崎歯科医院","シマサキシカイイン","島崎歯科医院","シマサキシカイイン","Shimasaki Dental Clinic","3","39","201","高知県高知市一宮中町　３－１１－２７",33.587942,133.574599,"","1","1","1","1","1","1","0","1","1","1","1","1","1","0","1","1","1","1","1","1","0","1","1","1","1","1","1","0","1","1","1","1","1","1","0","1","1","1","1","1","1","0","0","12月24日 12月29日 12月30日 12月31日 1月1日 1月2日 1月3日","","原データ"
"3933395109020","山本歯科医院","ヤマモトシカイイン","山本歯科医院","ヤマモトシカイイン","","3","39","201","高知県高知市東城山町１００－１",33.550227,133.51713,"","1","1","1","1","1","1","0","1","1","1","1","1","1","0","1","1","1","1","1","1","0","1","1","1","1","1","1","0","1","1","1","1","1","1","0","1","1","1","1","1","1","0","0","12月30日 12月31日 1月1日 1月2日 1月3日","","原データ"
"3933395109150","窪歯科","クボシカ","窪歯科","クボシカ","Kubosika","3","39","201","高知県高知市堺町１－２１　ＪＴＢ高知ビル４Ｆ",33.559441,133.541677,"","1","1","1","1","1","1","0","1","1","1","1","1","1","1","1","1","1","1","1","1","1","1","1","1","1","1","1","1","1","1","1","1","1","1","1","1","1","1","1","1","1","1","0","12月31日 12月30日 12月29日 12月28日 8月11日 8月10日 8月9日 1月4日 1月3日 1月2日 1月1日","","原データ"
"3933395109310","前田歯科クリニック","マエダシカクリニック","前田歯科クリニック","マエダシカクリニック","Maeda Shika Clinic","3","39","201","高知県高知市葛島２丁目２番１５号",33.55728,133.570986,"","1","1","1","1","1","1","0","1","1","1","1","1","1","0","1","1","1","1","1","1","0","1","1","1","1","1","1","0","1","1","1","1","1","1","0","1","1","1","1","1","1","0","0","12月30日 12月31日 1月1日 1月2日 1月3日 8月13日 8月14日","","原データ"
"3933395109440","川島歯科診療所","カワシマシカシンリョウショ","川島歯科診療所","カワシマシカシンリョウショ","","3","39","201","高知県高知市伊勢崎町７－２０",33.570441,133.53177,"http://www.kawashima-dental.com","1","0","1","0","0","1","0","1","1","1","1","1","1","1","1","1","1","1","1","1","1","1","1","1","1","1","1","1","1","1","1","1","1","1","1","1","1","1","1","1","1","1","0","12月29日 12月30日 12月31日 1月1日 1月2日 1月3日","","原データ"
"3933395109860","青木歯科","アオキシカ","青木歯科","アオキシカ","AOKI DENTAL OFFICE","3","39","201","高知県高知市西秦泉寺",33.576691,133.533662,"","1","1","1","0","1","1","0","1","1","1","0","1","1","1","1","1","1","0","1","1","0","1","1","1","0","1","1","0","1","1","1","0","1","1","0","1","1","1","0","1","1","0","0","12月29日 12月30日 8月9日 8月10日 12月31日 1月1日 8月11日 1月2日 1月3日","","原データ"
"3933395110390","川添歯科診療所","カワゾエシカシンリョウショ","川添歯科診療所","カワゾエシカ","kawazoe Shika Shinryousho","3","39","204","高知県南国市岡豊町常通寺島１４８",33.587531,133.621551,"","1","1","1","1","1","1","0","1","1","1","1","1","1","0","1","1","1","1","1","1","0","1","1","1","1","1","1","0","1","1","1","1","1","1","0","1","1","1","1","1","1","0","0","1月3日 1月2日 1月1日 12月29日 12月30日 12月31日 12月24日","","原データ"
"3933395110680","平和歯科診療所","ヘイワシカシンリョウショ","平和歯科診療所","ヘイワシカシンリョウショ","Heiwasikasinryousyo","3","39","204","高知県南国市駅前町２－６－２３",33.577799,133.646514,"","1","1","1","0","1","1","0","1","1","1","0","1","1","0","1","1","1","0","1","1","0","1","1","1","0","1","1","0","1","1","1","0","1","1","0","1","1","1","0","1","1","0","0","1月1日 1月2日 1月3日 1月4日 12月30日 12月31日","","原データ"
"3933395110840","医療法人泰和会森本歯科診療所","イリョウホウジンタイワカイ","森本歯科診療所","モリモトシカシンリョウショ","MORIMOTO DENTAL CLINIC","3","39","204","高知県南国市大そね甲１２１８",33.574533,133.650362,"","1","1","1","0","1","1","0","","","","","","","","","","","","","","","","","","","","","","","","","","","","","","","","","","","","0","8月13日、8月15日、12月29日、12月30日、12月31日、1月1日、1月2日、1月3日、1月4日","","原データ"
"3933395111300","西川歯科診療所","ニシガワシカシンリョウショ","西川歯科","ニシガワシカ","nisigawasiak","3","39","204","高知県南国市物部１５１２番地",33.554883,133.676287,"","1","1","1","1","1","1","0","1","1","1","1","1","1","0","1","1","1","1","1","1","0","1","1","1","1","1","1","0","1","1","1","1","1","1","0","1","1","1","1","1","1","0","0","12月29日 12月30日 12月31日 1月1日 1月2日 1月3日","","原データ"
"3933395111430","高島歯科医院","タカシマシカイイン","高島歯科医院","タカシマシカイイン","Takashima Dental Clinic","3","39","204","高知県南国市大そね甲２２８７",33.574523,133.642581,"http://www.dentaka.net","1","1","1","1","1","1","0","1","1","1","1","1","1","1","1","1","1","1","1","1","1","1","1","1","1","1","1","1","1","1","1","1","1","1","1","1","1","1","1","1","1","1","0","12月31日 12月30日 12月29日 1月3日 1月2日 1月1日 8月12日 8月13日 8月14日","","原データ"
"3933395111850","西村歯科医院","ニシムラシカイイン","西村歯科医院","ニシムラシカイイン","Nishimura Dental Clinic","3","39","386","高知県吾川郡いの町波川５５４ー２",33.54681,133.411721,"","1","1","1","0","1","1","0","1","1","1","0","1","1","0","1","1","1","0","1","1","0","1","1","1","0","1","1","0","1","1","1","0","1","1","0","1","1","1","0","1","1","0","0","12月28日 12月29日 12月30日 12月31日 1月1日 1月2日 1月3日 1月4日","","原データ"
"3933395111980","別役歯科","ベッチャク　シカ","別役歯科","ベッチャク　シカ","BETTYAKUSHIKA","3","39","201","高知県高知市春野町弘岡上９１－１",33.504363,133.461005,"","1","1","1","1","1","1","0","1","1","1","1","1","1","0","1","1","1","1","1","1","0","1","1","1","1","1","1","0","1","1","1","1","1","1","0","1","1","1","1","1","1","0","0","","","原データ"
"3933395112310","医療法人健歯野村会野村歯科医院","イリョウホウジンケンシノムラカイノムラシカイイン","野村歯科医院","ノムラシカイイン","Nomura  Shikaiin","3","39","201","高知県高知市本町２－２－２７　３Ｆ",33.558870883,133.536800146,"","1","1","1","1","1","1","0","1","1","1","1","1","1","0","1","1","1","0","1","1","0","1","1","1","1","1","1","0","1","1","1","0","1","1","0","1","1","1","1","1","1","0","0","12月31日 12月30日 1月3日 1月2日 1月1日1月4日","書き換えた: 緯度経度 0.0, 0.0 → 住居表示の点（元データに座標が無い）","住居表示"
"3933395112440","嶋本歯科医院","シマモトシカイイン","嶋本歯科医院","シマモトシカイイン","Shimamoto Dental Clinic","3","39","201","高知県高知市桜井町２－５－１３",33.561721556,133.550861799,"https://www.shimamotoshika.net/home.html","1","1","1","1","1","1","0","1","1","1","1","1","1","1","1","1","1","1","1","1","1","1","1","1","1","1","1","1","1","1","1","1","1","1","1","1","1","1","1","1","1","1","0","12月29日 12月30日 12月31日 1月1日 1月2日 1月3日","書き換えた: 緯度経度 0.0, 0.0 → 住居表示の点（元データに座標が無い）","住居表示"
"3933395112570","田村歯科医院","タムラ　シカイイン","田村歯科医院","タムラ　シカイイン","Tamura Dental Clinic","3","39","201","高知県高知市大津乙１６１番地１７",33.570773,133.600171,"","1","1","1","0","1","1","0","1","1","1","0","1","1","0","1","1","1","0","1","1","0","1","1","1","0","1","1","0","1","1","1","0","1","1","0","1","1","1","0","1","1","0","0","12月29日 12月30日 12月31日 1月1日 1月2日 1月3日","","原データ"
"3933395112600","須藤歯科医院","ストウシカイイン","須藤歯科医院","ストウシカイイン","Sutou Shika Iin","3","39","201","高知県高知市桟橋通り１－１３－２",33.551844,133.544775,"","1","1","1","1","1","1","0","1","1","1","1","1","1","1","1","1","1","1","1","1","1","1","1","1","1","1","1","1","1","1","1","1","1","1","1","1","1","1","1","1","1","1","0","12月31日 12月30日 12月29日 1月3日 1月2日 1月1日","","原データ"
"3933395112730","崎岡歯科医院","サキオカシカイイン","崎岡歯科","サキオカシカ","Sakioka Dental Clinic","3","39","201","高知県高知市瀬戸南町１－２－３",33.509907,133.543938,"","1","1","1","0","1","1","0","1","1","1","0","1","1","0","1","1","1","0","1","1","0","1","1","1","0","1","1","0","1","1","1","0","1","1","0","1","1","1","0","1","1","0","0","1月1日 1月2日 1月3日 12月29日 12月30日 12月31日","","原データ"
"3933395113030","医療法人茂見会　岡林歯科医院","イリョウホウジンシゲミカイ　オカバヤシシカイイン","岡林歯科医院","オカバヤシシカイイン","OKABAYASHI DentalClinic OKABAYASHI SHIKA","3","39","201","高知県高知市愛宕町２丁目１０番２３号",33.567479,133.536971,"http://www.shigemikai.com/","1","1","1","0","1","1","0","1","1","1","1","1","1","1","1","1","1","1","1","1","1","1","1","1","1","1","1","1","1","1","1","1","1","1","1","1","1","1","1","1","1","1","0","12月30日 12月31日 1月1日 1月2日 1月3日","","原データ"
"3933395113290","福井歯科医院","フクイシカイイン","医療法人高義会福井歯科医院","イリョウホウジンコウギカイフクイシカイイン","Medical Corporation Kougikai Fukui Dental Clinic","3","39","201","高知県高知市朝倉本町１ー１３ー２１",33.549279,133.4893,"","1","1","1","0","1","1","0","1","1","1","0","1","1","1","1","1","1","0","1","1","1","1","1","1","0","1","1","1","1","1","1","0","1","1","1","1","1","1","0","1","1","1","0","12月31日 12月30日 12月29日 1月4日 1月3日 1月2日 1月1日","","原データ"
"3933395113450","小松歯科","コマツシカ","小松歯科","コマツシカ","","3","39","201","高知県高知市升形３－７　森崎ビル　２Ｆ",33.557533,133.527393,"","1","1","1","0","1","1","0","1","1","1","1","1","1","1","1","1","1","1","1","1","1","1","1","1","1","1","1","1","1","1","1","1","1","1","1","1","1","1","1","1","1","1","0","12月29日 12月30日 12月31日 1月1日 1月2日 1月3日 8月10日 8月11日 8月12日","疑い: 月 曜日フラグは営業日だが時刻が無い / 疑い: 火 曜日フラグは営業日だが時刻が無い / 疑い: 水 曜日フラグは営業日だが時刻が無い / 疑い: 金 曜日フラグは営業日だが時刻が無い / 疑い: 土 曜日フラグは営業日だが時刻が無い","原データ"
"3933395113580","医療法人山本歯科医院","イリョウホウジンヤマモトシカイイン","山本歯科医院","ヤマモトシカイイン","Yamamoto Dental Clinic","3","39","201","高知県高知市鴨部１１４３－４",33.545952,133.506415,"","1","1","1","1","1","1","0","1","1","1","1","1","1","1","1","1","1","1","1","1","1","1","1","1","1","1","1","1","1","1","1","1","1","1","1","1","1","1","1","1","1","1","0","12月31日 1月1日 1月2日 1月3日","","原データ"
"3933395114200","武井歯科医院","タケイシカイイン","武井歯科","タケイシカ","Takei Dentl Clinic","3","39","201","高知県高知市桟橋通",33.553069,133.545358,"https://www.takei-shikaiin.net","1","1","0","0","1","1","0","1","1","0","0","1","1","0","1","1","0","0","1","1","0","1","1","0","0","1","1","0","1","1","0","0","1","1","0","1","1","0","0","1","1","0","0","12月31日 12月30日 1月3日 1月2日 1月1日","","原データ"
"3933395114330","高橋歯科医院","タカハシシカイイン","高橋歯科医院","タカハシシカイイン","Takahashi Dental Clinic","3","39","201","高知県高知市高須新町３－１－５２",33.556041,133.575613,"","1","1","1","1","1","1","0","1","1","1","1","1","1","0","1","1","1","1","1","1","0","1","1","1","1","1","1","0","1","1","1","1","1","1","0","1","1","1","1","1","1","0","0","12月31日 12月30日 12月29日 1月3日 1月2日 1月1日","","原データ"
"3933395114460","竹中歯科診療所","タケナカシカシンリョウショ","竹中歯科","タケナカシカ","Takenaka Dental Clinic","3","39","201","高知県高知市福井町１４２８－３０",33.567433,133.505075,"","1","1","1","0","1","1","0","1","1","1","1","1","1","1","1","1","1","1","1","1","1","1","1","1","1","1","1","1","1","1","1","1","1","1","1","1","1","1","1","1","1","1","0","4月28日29日・5月3日4日5日6日・12月29日30日 12月31日 1月1日 1月2日 1月3日・8月9日~12日15日","","原データ"
"3933395114590","織田歯科医院","オダシカイイン","織田歯科医院","オダシカイイン","Oda Dental Office","3","39","201","高知県高知市升形４－１４",33.557985,133.528365,"https://oda-dental-office.jp","1","1","1","1","1","1","0","1","1","1","1","1","1","1","1","1","1","1","1","1","1","1","1","1","1","1","1","1","1","1","1","1","1","1","1","1","1","1","1","1","1","1","0","12月31日 12月30日 1月4日 1月3日 1月2日 1月1日 8月9日 8月10日 8月11日 8月12日 8月13日","","原データ"
"3933395114750","高須歯科医院","タカスシカイイン","高須歯科","タカスシカ","Takasu Dental Clinic","3","39","201","高知県高知市高須新町",33.559189,133.578071,"","1","1","1","0","1","1","0","1","1","1","0","1","1","0","1","1","1","0","1","1","0","1","1","1","0","1","1","0","1","1","1","0","1","1","0","1","1","1","0","1","1","0","0","12月31日 12月30日 12月29日 1月3日 1月2日 1月1日（改行）祝日のある週は木曜日通常診療、お盆休みは未定","","原データ"
"3933395114880","あけぼのちょう高橋歯科","アケボノチョウタカハシ　シカ","あけぼのちょう　高橋　歯科","アケボノチョウ　タカハシ　シカ","Akebono-town Takahashi Dental Clinic","3","39","201","高知県高知市曙町",33.551615,133.494188,"https://www.poncho-dc.com/","1","1","1","0","1","1","0","1","1","1","0","1","1","0","1","1","1","0","1","1","0","1","1","1","0","1","1","0","1","1","1","0","1","1","0","1","1","1","0","1","1","0","0","12月29日 12月30日 12月31日 1月1日 1月2日 1月3日 1月4日 8月13日 8月14日 8月15日","","原データ"
"3933395114910","梅原歯科医院","ウメバラシカイイン","梅原歯科","ウメバラシカ","Umebara Shika Iin","3","39","201","高知県高知市駅前町５－１　駅前観光ビル３Ｆ",33.565526,133.543908,"","1","1","0","1","1","1","0","1","1","1","1","1","1","1","1","1","1","1","1","1","1","1","1","1","1","1","1","1","1","1","1","1","1","1","1","1","1","1","1","1","1","1","0","12月31日 12月30日 12月29日 1月3日 1月2日 1月1日","","原データ"
"3933395115180","前田歯科医院","マエダシカイイン","前田歯科","マエダシカ","MaeDa Dental Clinic     Maeda Shika","3","39","201","高知県高知市追手筋１丁目１－８",33.561803,133.542044,"","1","1","1","0","1","1","0","1","1","1","1","1","1","1","1","1","1","1","1","1","1","1","1","1","1","1","1","1","1","1","1","1","1","1","1","1","1","1","1","1","1","1","0","12月31日 12月30日 1月3日 1月2日 1月1日","","原データ"
"3933395115210","依岡歯科","ヨリオカシカ","依岡歯科","ヨリオカシカ","yorioka shika","3","39","201","高知県高知市桟橋通３丁目１番２２号",33.547078,133.548666,"https://www.yorioka-dc.com","1","1","1","1","1","1","0","1","1","1","0","1","1","1","1","1","1","1","1","0","1","1","1","1","0","1","1","1","1","1","1","1","1","0","1","1","1","1","1","1","1","1","0","12月31日 12月30日 1月3日 1月2日 1月1日","","原データ"
"3933395115340","オザカ歯科診療所","オザカシカシンリョウジョ","オザカ歯科","オザカシカ","OZAKA Dental Clinic","3","39","201","高知県高知市長浜",33.497045,133.54885,"","1","1","1","1","1","1","0","1","1","1","1","1","1","0","1","1","1","1","1","1","0","1","1","1","1","1","1","0","1","1","1","1","1","1","0","1","1","1","1","1","1","0","0","12月31日 1月1日 1月2日 1月3日","","原データ"
"3933395115890","山崎歯科医院","ヤマザキシカイイン","山崎歯科医院","ヤマザキシカイイン","Yamazaki Dental Clinic","3","39","201","高知県高知市春野町内ノ谷１３８７－２",33.513425,133.521617,"","1","1","1","0","1","1","0","1","1","1","0","1","1","0","1","1","1","0","1","1","0","1","1","1","0","1","1","0","1","1","1","0","1","1","0","1","1","1","0","1","1","0","0","12月30日 12月31日 1月1日 1月2日 1月3日","","原データ"
"3933395116220","桑名歯科診療所","クワナシカシンリョウショ","桑名歯科","クワナシカ","Kuwana Dental Clinic","3","39","201","高知県高知市堺町２－２０",33.559396,133.540433,"https://www.jda.or.jp/search/detail_13784.html","1","1","1","1","1","1","0","1","1","1","1","1","1","1","1","1","1","1","1","1","1","1","1","1","1","1","1","1","1","1","1","1","1","1","1","1","1","1","1","1","1","1","0","12月31日 12月30日 1月3日 1月2日 1月1日","","原データ"
"3933395116510","臼歯会安岡診療所","キュウシカイヤスオカシンリョウショ","安岡歯科","ヤスオカシカ","YASUOKA DENTAL CLINIC","3","39","386","高知県吾川郡いの町新町３５番地",33.547921,133.429111,"http://hyddsukyulkiokvoe.p2.weblife.me/","1","1","1","1","1","1","0","1","1","1","1","1","1","1","1","1","1","1","1","1","1","1","1","1","1","1","1","1","1","1","1","1","1","1","1","1","1","1","1","1","1","1","0","12月30日 12月31日 1月1日 1月2日 1月3日 12月24日","","原データ"
"3933395116770","西岡歯科","ニシオカシカ","西岡歯科","ニシオカシカ","NISHIOKA DENTAL CLINIC","3","39","201","高知県高知市上町",33.555173,133.521744,"","1","1","1","1","1","1","","1","1","1","1","1","1","1","1","1","1","1","1","1","1","1","1","1","1","1","1","1","1","1","1","1","1","1","1","1","1","1","1","1","1","1","0","12月31日 12月30日 8月15日 8月14日 8月13日 1月3日 1月2日 1月1日","疑い: 月 曜日フラグは営業日だが時刻が無い / 疑い: 火 曜日フラグは営業日だが時刻が無い / 疑い: 水 曜日フラグは営業日だが時刻が無い / 疑い: 金 曜日フラグは営業日だが時刻が無い / 疑い: 土 曜日フラグは営業日だが時刻が無い","原データ"
"3933395116800","橋村歯科診療所","ハシムラシカシンリョウショ","橋村歯科診療所","ハシムラシカシンリョウショ","Hashimura Shika Shinryosho","3","39","201","高知県高知市鴨部８９１－５　ＭＴビル２Ｆ",33.545487,133.501824,"","1","1","1","0","1","1","0","1","1","1","0","1","1","0","1","1","1","0","1","1","0","1","1","1","0","1","1","0","1","1","1","0","1","1","0","1","1","1","0","1","1","0","0","12月31日 12月30日 1月3日 1月2日 1月1日 12月29日 7月18日","","原データ"
"3933395117230","大津歯科医院","オオツシカイイン","大津歯科","オオツシカ","ootsu sika","3","39","201","高知県高知市大津乙",33.571198,133.597186,"","1","1","1","0","1","1","0","1","1","1","0","1","1","0","1","1","1","0","1","1","0","1","1","1","0","1","1","0","1","1","1","0","1","1","0","1","1","1","0","1","1","0","0","12月31日 12月30日 12月29日 8月16日 1月4日 1月3日 1月2日 1月1日","","原データ"
"3933395117520","野本歯科診療所","ノモトシカシンリョウショ","野本歯科診療所","ノモトシカシンリョウショ","Nomoto Shika Shinryosho","3","39","201","高知県高知市潮新町２－１－２５　細川ビルＩＩ　２Ｆ",33.550481,133.552054,"","1","1","1","0","1","1","0","1","1","1","0","1","1","0","1","1","1","0","1","1","0","1","1","1","0","1","1","0","1","1","1","0","1","1","0","1","1","1","0","1","1","0","0","12月31日 12月30日 12月29日 1月3日 1月2日 1月1日","","原データ"
"3933395117940","池田歯科医院","イケダシカイイン","池田歯科医院","イケダシカイイン","Ikeda Shika Iin","3","39","201","高知県高知市横浜東町１３－３９",33.517698,133.545248,"","1","1","1","1","1","1","0","1","1","1","1","1","1","1","1","1","1","1","1","1","1","1","1","1","1","1","1","1","1","1","1","1","1","1","1","1","1","1","1","1","1","1","0","12月29日 12月30日 12月31日 1月1日 1月2日 1月3日 1月4日","","原データ"
"3933395118110","上岡歯科医院","カミオカシカイイン","上岡歯科医院","カミオカシカイイン","Kamioka  Dental  Clinic","3","39","201","高知県高知市曙町２丁目４番２５号",33.550604,133.48545,"","1","1","1","0","1","1","0","1","1","1","1","1","1","1","1","1","1","1","1","1","1","1","1","1","1","1","1","1","1","1","1","1","1","1","1","1","1","1","1","1","1","1","0","12月29日 12月30日 12月31日 1月1日 1月2日 1月3日","","原データ"
"3933395118370","中山歯科医院","ナカヤマシカイイン","中山歯科医院","ナカヤマシカイイン","Nakayama Dental Clinic","3","39","201","高知県高知市札場１８番６号",33.563757,133.560803,"","1","1","0","1","1","1","0","1","1","1","1","1","1","1","","","","","","","","","","","","","","","","","","","","","","","","","","","","","0","12月29日 12月30日 12月31日 1月1日 1月2日 1月3日 1月4日 8月9日 8月10日 8月11日","","原データ"
"3933395118820","藤岡歯科医院","フジオカシカイイン","藤岡歯科","フジオカシカ","Fujioka Dental Clinic","3","39","201","高知県高知市百石町　２丁目９番６号",33.549044,133.545453,"","1","1","1","1","1","1","0","1","1","1","1","1","1","1","1","1","1","1","1","1","1","1","1","1","1","1","1","1","1","1","1","1","1","1","1","1","1","1","1","1","1","1","0","12月31日 12月30日 1月3日 1月2日 1月1日","","原データ"
"3933395119090","西内歯科医院","ニシウチシカイイン","西内歯科","ニシウチシカ","Nishiuchi Dental Clinic","3","39","201","高知県高知市新屋敷１丁目８番７号",33.564772,133.522118,"https://nishiuchi-dental-clinic.com/","1","1","1","0","1","1","0","1","1","1","1","1","1","1","1","1","1","1","1","1","1","1","1","1","1","1","1","1","1","1","1","1","1","1","1","1","1","1","1","1","1","1","0","12月31日 12月30日 12月29日 1月2日 1月3日","","原データ"
"3933395119250","岸本歯科","キシモトシカ","岸本歯科","キシモトシカ","kishimoto dental clinic","3","39","201","高知県高知市知寄町１の４の１７清涼ハイツ１階",33.558516,133.558112,"https://kishimotoshika.wixsite.com/kishimoto","1","1","1","0","1","1","0","1","1","1","1","1","1","1","1","1","1","1","1","1","1","1","1","1","1","1","1","1","1","1","1","1","1","1","1","1","1","1","1","1","1","1","0","おおよそ12月29日 12月30日 12月31日 1月1日 1月2日 1月3日 8月15日 ~8月17日","","原データ"
"3933395119540","坂本歯科","サカモト　シカ","坂本歯科","サカモト　シカ","Sakamoto Dental Clinic","3","39","201","高知県高知市愛宕町１－５－８（２Ｆ）",33.566103,133.537886,"","1","1","1","1","1","1","0","1","1","1","0","1","1","0","1","1","1","1","1","1","0","1","1","1","1","1","1","0","1","1","1","1","1","1","0","1","1","1","1","1","1","0","1","12月31日 12月30日 12月29日 1月3日 1月2日 1月1日","","原データ"
"3933395119700","西村歯科医院","ニシムラシカイイン","西村歯科医院","ニシムラシカイイン","Nisimura  Dental  Clinic","3","39","204","高知県南国市駅前町１丁目４番２０号",33.578829,133.645412,"","1","1","1","0","1","1","0","1","1","1","0","1","1","0","1","1","1","0","1","1","0","1","1","1","0","1","1","0","1","1","1","0","1","1","0","1","1","1","0","1","1","0","0","12月31日 12月30日 12月29日 8月15日 8月14日 1月3日 1月2日 1月1日","","原データ"
"3933395119960","岡本歯科医院","オカモトシカイイン","岡本歯科医院","オカモトシカイイン","Okamoto Dental Clinic","3","39","201","高知県高知市塚ノ原９８－４",33.562855,133.493013,"","1","1","1","0","1","1","0","1","1","1","1","1","1","1","1","1","1","1","1","1","1","1","1","1","1","1","1","1","1","1","1","1","1","1","1","1","1","1","1","1","1","1","0","12月31日 12月30日 12月29日 12月28日 12月27日 1月3日 1月2日 1月1日","","原データ"
"3933395120070","六泉寺歯科","ロクセンジシカ","六泉寺歯科","ロクセンジシカ","Rokusenji Dental Clinic","3","39","201","高知県高知市六泉寺町１５－１３",33.539298,133.541611,"https://rokusenji-shika.com/","1","1","1","0","1","1","0","1","1","1","1","1","1","1","1","1","1","1","1","1","1","1","1","1","1","1","1","1","1","1","1","1","1","1","1","1","1","1","1","1","1","1","0","12月31日 12月30日 12月29日 1月3日 1月2日 1月1日","","原データ"
"3933395120100","鬼谷歯科医院","オニタニシカイイン","鬼谷歯科","オニタニシカ","Onitani Dental Clinic","3","39","201","高知県高知市葛島１－１０－７５ファミリープラザ２階",33.558539,133.572518,"","1","1","1","0","1","1","0","1","1","1","1","1","1","1","1","1","1","1","1","1","1","1","1","1","1","1","1","1","1","1","1","1","1","1","1","1","1","1","1","1","1","1","0","12月29日 12月30日 12月31日 1月1日 1月2日 1月3日 12月24日","","原データ"
"3933395120230","みもと歯科医院","ミモトシカイイン","みもと歯科医院","ミモトシカイイン","mimotoshitka","3","39","204","高知県南国市大そね甲１５１５",33.569477,133.647383,"","1","1","1","1","1","1","0","1","1","1","1","1","1","1","1","1","1","1","1","1","1","1","1","1","1","1","1","1","1","1","1","1","1","1","1","1","1","1","1","1","1","1","1","","","原データ"
"3933395120490","きよとお歯科","キヨトオシカ","きよとお歯科","キヨトオシカ","Kiyotoo Dental Clinic","3","39","201","高知県高知市百石町２丁目２９－１２",33.5467,133.543783,"","1","1","1","1","1","1","0","1","1","1","1","1","1","1","1","1","1","1","1","1","1","1","1","1","1","1","1","1","1","1","1","1","1","1","1","1","1","1","1","1","1","1","0","12月31日 12月30日 1月3日 1月2日 1月1日","","原データ"
"3933395120520","ありた歯科","アリタシカ","ありた歯科","アリタシカ","aritashika","3","39","201","高知県高知市潮新町２－１２－３４",33.547439,133.553441,"http://www.arita-dc.net","1","1","0","1","1","1","0","1","1","0","1","1","1","0","1","1","0","1","1","1","0","1","1","0","1","1","1","0","1","1","0","1","1","1","0","1","1","0","1","1","1","0","0","12月29日 12月30日 12月31日 1月1日 1月2日 1月3日 1月4日","","原データ"
"3933395120650","医療法人　吉野会　神田歯科クリニック","イリョウホウジン　ヨシノカイ　コウダシカクリニック","神田歯科クリニック","コウダシカクリニック","Koda Dental Clinic","3","39","201","高知県高知市神田",33.543645,133.510727,"https://www.koda-dc.com","1","1","1","1","1","1","0","1","1","1","1","1","1","0","1","1","1","1","1","1","0","1","1","1","1","1","1","0","1","1","1","1","1","1","0","1","1","1","1","1","1","0","0","12月29日 12月30日 12月31日 1月1日 1月2日 1月3日","","原データ"
"3933395120780","宮川歯科医院","ミヤガワシカイイン","宮川歯科医院","ミヤガワシカイイン","MIYAGAWASHIKAIIN","3","39","201","高知県高知市中久万２２３－１",33.572106,133.524828,"http://www.ne.jp/asahi/miyagawa/dentalclinic/","1","1","1","0","1","1","0","1","1","1","0","1","1","0","1","1","1","0","1","1","0","1","1","1","0","1","1","0","1","1","1","0","1","1","0","1","1","1","0","1","1","0","0","12月31日 12月30日 12月29日 12月28日 1月3日 1月2日 1月1日","","原データ"
"3933395121080","くぼ歯科","クボシカ","くぼ歯科","クボシカ","","3","39","201","高知県高知市南はりやま町２丁目３－３",,,"","1","1","1","1","1","1","1","1","1","1","1","1","1","1","1","1","1","1","1","1","1","1","1","1","1","1","1","1","1","1","1","1","1","1","1","1","1","1","1","1","1","1","1","","空欄にした: 緯度経度 0.0, 0.0（元データに座標が無い。位置レベル8の住所の点が無い） / 疑い: 月 曜日フラグは営業日だが時刻が無い / 疑い: 火 曜日フラグは営業日だが時刻が無い / 疑い: 水 曜日フラグは営業日だが時刻が無い / 疑い: 木 曜日フラグは営業日だが時刻が無い / 疑い: 金 曜日フラグは営業日だが時刻が無い / 疑い: 土 曜日フラグは営業日だが時刻が無い / 疑い: 日 曜日フラグは営業日だが時刻が無い",""
"3933395121110","森澤歯科医院","モリサワシカイイン","森澤歯科医院","モリサワシカイイン","morisakisikaiin","3","39","201","高知県高知市桟橋通２－１０－４",33.546881,133.545828,"","1","1","1","0","1","1","0","1","1","1","0","1","1","0","1","1","1","0","1","1","0","1","1","1","0","1","1","0","1","1","1","0","1","1","0","1","1","1","0","1","1","0","1","1月1日 1月2日 1月3日 12月29日 12月30日 12月31日","","原データ"
"3933395121370","のむら歯科","ノムラシカ","のむら歯科","ノムラシカ","Nomura Dental  Clinic","3","39","201","高知県高知市城山町１０－６",33.551166,133.515688,"","1","1","0","1","1","1","0","1","1","0","1","1","1","0","1","1","0","1","1","1","0","1","1","0","1","1","1","0","1","1","0","1","1","1","0","1","1","0","1","1","1","0","0","","","原データ"
"3933395121400","オオニシ歯科","オオニシシカ","オオニシ歯科","オオニシシカ","OHNISHI Dental Clinic","3","39","201","高知県高知市大津乙",33.57169,133.595897,"http://www.866-0024.com/","1","1","1","0","1","1","0","1","1","1","1","1","1","1","1","1","1","1","1","1","1","1","1","1","1","1","1","1","1","1","1","1","1","1","1","1","1","1","1","1","1","1","0","12月31日 12月30日 12月29日 1月3日 1月2日 1月1日","","原データ"
"3933395121530","たかはし矯正歯科","タカハシキョウセイシカ","たかはし矯正歯科","タカハシキョウセイシカ","Takahashi Orthodontic Clinic","3","39","201","高知県高知市追手筋２丁目５番１１号",33.560666,133.535308,"http://www.takahashi-kyosei.com/","1","1","1","0","1","1","0","1","1","1","1","1","1","1","1","1","1","1","1","1","1","1","1","1","1","1","1","1","1","1","1","1","1","1","1","1","1","1","1","1","1","1","0","12月31日 12月30日 12月29日 8月12日 8月11日 8月10日 1月3日 1月2日 1月1日","","原データ"
"3933395121660","ふじい小児・矯正歯科クリニック","フジイショウニキョウセイシカクリニック","ふじい歯科クリニック","フジイシカクリニック","Fujii Dental Clinic","3","39","201","高知県高知市横内４５７－１",33.566302,133.500781,"","0","0","1","0","0","1","0","0","0","1","0","0","1","0","0","0","1","0","0","1","0","0","0","1","0","0","1","0","0","0","1","0","0","1","0","0","0","1","0","0","1","0","0","12月29日 12月30日 12月31日 1月1日 1月2日 1月3日","","原データ"
"3933395121790","井上歯科医院","イノウエシカイイン","井上歯科","イノウエシカ","INOUE Dental Clinic","3","39","201","高知県高知市朝倉甲藤原ビル２階",33.540968,133.49288,"","1","1","1","1","1","1","0","1","1","1","1","1","1","0","1","1","1","1","1","1","0","1","1","1","1","1","1","0","1","1","1","1","1","1","0","1","1","1","1","1","1","0","0","12月31日 12月30日 8月15日 8月14日 8月13日 1月4日 1月3日 1月2日 1月1日 8月12日 12月24日","","原データ"
"3933395121820","秦泉寺歯科医院","ジンゼンジシカイイン","秦泉寺歯科","ジンゼンジシカ","jinzenjidc","3","39","201","高知県高知市中秦泉寺４５－２Ｆ",33.57884,133.536731,"http://www.jnznj-dc.com/","1","1","1","0","1","1","0","1","1","1","1","1","1","1","1","1","1","1","1","1","1","1","1","1","1","1","1","1","1","1","1","1","1","1","1","1","1","1","1","1","1","1","0","12月31日 12月30日 1月3日 1月2日 1月1日","","原データ"
"3933395121950","藤崎歯科医院","フジサキシカイイン","藤崎歯科","フジサキシカ","Fujisaki Dental Clinic","3","39","201","高知県高知市帯屋町１丁目７番１８号",33.560477,133.541027,"","1","1","0","1","1","1","0","1","1","1","1","1","1","1","1","1","1","1","1","1","1","1","1","1","1","1","1","1","1","1","1","1","1","1","1","1","1","1","1","1","1","1","0","12月31日 1月1日 1月2日 1月3日","","原データ"
"3933395122090","いのべ歯科医院","イノベ　シカイイン","いのべ歯科医院","イノベ　シカイイン","Inobe Dental Office","3","39","201","高知県高知市上町５丁目６－７",33.556034,133.518474,"","1","1","1","1","1","1","0","1","1","1","1","1","1","0","1","1","1","1","1","1","0","1","1","1","1","1","1","0","1","1","1","1","1","1","0","1","1","1","1","1","1","0","0","12月29日 12月30日 12月3日 1月1日 1月2日 1月3日","","原データ"
"3933395122120","岩田歯科診療所","イワタシカシンリョウショ","岩田歯科","イワタシカ","Iwata Dental Clinic(Iwata Shika)","3","39","201","高知県高知市梅ノ辻９－１８",33.553527,133.542733,"","1","1","1","1","1","1","0","1","1","1","1","1","1","0","1","1","1","1","1","1","0","1","1","1","1","1","1","0","1","1","1","1","1","1","0","1","1","1","1","1","1","0","0","R8；2月6日・８月10日・12月29日・12月30日・12月31日（改行）R9；１月２日","","原データ"
"3933395122250","津田歯科","ツダ　シカ","津田歯科","ツダ　シカ","tsuda  dental office","3","39","201","高知県高知市新本町２丁目１３－４６",33.56894,133.547307,"","0","","","","","0","0","","","","","","","","","","","","","","","","","","","","","","","","","","","","","","","","","","","","0","12月27日 12月28日 12月29日 12月30日 12月31日 1月1日 1月2日 1月3日 1月4日 1月5日","","原データ"
"3933395122380","まえだ歯科","マエダシカ","まえだ歯科","マエダシカ","Maeda Dental Clinic","3","39","201","高知県高知市伊勢崎町１１－７",33.569476,133.52906,"","1","1","1","0","1","1","0","1","1","1","1","1","1","1","1","1","1","1","1","1","1","1","1","1","1","1","1","1","1","1","1","1","1","1","1","1","1","1","1","1","1","1","0","12月31日 12月30日 1月3日 1月2日 1月1日","","原データ"
"3933395122670","安光歯科","ヤスミツシカ","安光歯科","ヤスミツシカ","Yasumitsu Dental Clinic","3","39","386","高知県吾川郡いの町天王南２丁目１－１",33.530212,133.447309,"HTTP://www.yasumitsu.net","1","1","0","1","1","1","0","1","1","0","1","1","1","0","1","1","0","1","1","1","0","1","1","0","1","1","1","0","1","1","0","1","1","1","0","1","1","0","1","1","1","0","0","12月31日 12月30日 1月3日 1月2日 1月1日","疑い: ホームページアドレス HTTP://www.yasumitsu.net（URL として読めない形式）","原データ"
"3933395122700","森本歯科医院","モリモトシカイイン","森本歯科","モリモトシカ","Morimoto Dental Clinic","3","39","201","高知県高知市高須東町７－１５",33.559964,133.593053,"","1","1","1","0","1","1","0","1","1","1","0","1","1","0","1","1","1","0","1","1","0","1","1","1","0","1","1","0","1","1","1","0","1","1","0","1","1","1","0","1","1","0","0","12月29日 12月30日 12月31日 1月1日 1月2日 1月3日 8月13日 8月14日 8月15日 12月24日","","原データ"
"3933395122960","西山歯科","ニシヤマシカ","西山歯科","ニシヤマシカ","nishiyama dental clinic","3","39","201","高知県高知市日の出町４－１０",33.561158,133.555759,"","1","1","1","0","1","1","0","1","1","1","1","1","1","1","1","1","1","1","1","1","1","1","1","1","1","1","1","1","1","1","1","1","1","1","1","1","1","1","1","1","1","1","0","12月28日 12月29日 12月30日 12月31日 1月1日 1月2日 1月3日","","原データ"
"3933395123000","前田歯科医院","マエダシカイイン","前田歯科医院","マエダシカイイン","Maeda Dental Clinic","3","39","201","高知県高知市朝倉西町２丁目１６番１２号　アーネスト針木２１７号",33.53749,133.478634,"","1","1","1","0","1","1","0","1","1","1","1","1","1","1","1","1","1","1","1","1","1","1","1","1","1","1","1","1","1","1","1","1","1","1","1","1","1","1","1","1","1","1","0","12月31日 12月30日 12月29日 1月3日 1月2日 1月1日","","原データ"
"3933395123130","大原歯科医院","オオハラシカイイン","大原歯科","オオハラシカ","ooharashikaiinn","3","39","386","高知県吾川郡いの町３６３０",33.548671,133.427708,"ohara-dent.com","1","1","1","0","1","1","0","1","1","1","1","1","1","1","1","1","1","1","1","1","1","1","1","1","1","1","1","1","1","1","1","1","1","1","1","1","1","1","1","1","1","1","0","12月30日 12月31日 1月1日 1月2日 1月3日 12月24日","疑い: ホームページアドレス ohara-dent.com（スキームが無い）","原データ"
"3933395123260","あさぎ歯科医院","アサギシカイイン","あさぎ歯科医院","アサギシカイイン","Asagi Dental Clinic","3","39","201","高知県高知市高須２－３－５０",33.559477,133.584611,"","1","1","1","0","1","1","0","1","1","1","0","1","1","0","1","1","1","0","1","1","0","1","1","1","0","1","1","0","1","1","1","0","1","1","0","1","1","1","0","1","1","0","0","1月1日 1月2日 1月3日 8月15日 12月31日","","原データ"
"3933395123420","岡本歯科","オカモトシカ","岡本歯科","オカモトシカ","Okamoto Dental Clinic","3","39","201","高知県高知市朝倉甲８６−４",33.543365,133.498231,"https://dental-okamoto.com/","1","1","1","1","1","0","0","1","1","1","1","1","1","1","1","1","1","1","1","1","1","1","1","1","1","1","1","1","1","1","1","1","1","1","1","1","1","1","1","1","1","1","0","12月31日 12月30日 12月29日 8月15日 8月14日 8月13日 8月12日 1月3日 1月2日 1月1日","","原データ"
"3933395123550","はまだ子ども歯科矯正歯科","ハマダコドモシカキョウセイシカ","はまだ子ども歯科矯正歯科","ハマダコドモシカキョウセイシカ","Hamada Dental Clinic For Children","3","39","201","高知県高知市百石町１－１５－１５",33.550111,133.543619,"http://www.hamada-ddsc.jp/index.html","1","0","1","0","1","1","1","1","0","1","0","1","1","1","1","0","1","0","1","1","1","1","0","1","0","1","1","0","1","1","1","0","1","1","1","1","0","1","0","1","1","0","1","12月30日 12月31日 1月1日 1月2日 1月3日","","原データ"
"3933395123680","かっとう歯科","カットウシカ","かっとう歯科","カットウシカ","Katto Dental Office","3","39","201","高知県高知市本町１－７－１４",33.558307,133.53995,"","1","1","1","1","1","0","0","1","1","1","1","1","1","1","1","1","1","1","1","1","1","1","1","1","1","1","1","1","1","1","1","1","1","1","1","1","1","1","1","1","1","1","0","12月31日 12月30日 1月3日 1月2日 1月1日","","原データ"
"3933395123840","吉川歯科医院","ヨシカワシカイイン","吉川歯科医院","ヨシカワシカイイン","yosikawasikaiin","3","39","201","高知県高知市北本町１－７－１８",33.566181,133.539905,"","1","1","1","0","1","1","0","1","1","1","0","1","1","0","1","1","1","0","1","1","0","1","1","1","0","1","1","0","1","1","1","0","1","1","0","1","1","1","0","1","1","0","0","12月29日 12月30日 12月31日 1月1日 1月2日 1月3日 8月11日","","原データ"
"3933395123970","横浜ニュータウンくぼ歯科","ヨコハマニュータウンクボシカ","横浜ニュータウンくぼ歯科","ヨコハマニュータウンクボシカ","yokohamanyu-taunkuboshika","3","39","201","高知県高知市横浜新町３丁目１１８",33.518281,133.534216,"","1","1","1","0","1","1","0","1","1","1","1","1","1","1","1","1","1","1","1","1","1","1","1","1","1","1","1","1","1","1","1","1","1","1","1","1","1","1","1","1","1","1","0","12月31日 12月30日 8月14日 8月13日 1月3日 1月2日 1月1日","","原データ"
"3933395124010","安田歯科","ヤスダシカ","安田歯科","ヤスダシカ","yasuda shika","3","39","201","高知県高知市愛宕山南町３－９",33.57428,133.538355,"","1","1","1","0","1","1","0","1","1","1","1","1","1","1","1","1","1","1","1","1","1","1","1","1","1","1","1","1","1","1","1","1","1","1","1","1","1","1","1","1","1","1","0","12月31日 12月30日 1月4日 1月3日 1月2日 1月1日","","原データ"
"3933395124140","医療法人　口誠会　大野歯科","イリョウホウジン　コウセイカイ　オオノシカ","大野歯科","オオノシカ","Ohno shika","3","39","201","高知県高知市旭町３丁目６７番地１",33.55534,133.505023,"http://www.ohno-dental.net/","1","1","1","0","1","1","0","1","1","1","1","1","1","1","1","1","1","1","1","1","1","1","1","1","1","1","1","1","1","1","1","1","1","1","1","1","1","1","1","1","1","1","0","12月31日 12月30日 8月11日 8月10日 1月3日 1月2日 1月1日","","原データ"
"3933395124300","大西歯科","オオニシシカ","大西歯科","オオニシシカ","Onishi Shika","3","39","201","高知県高知市槇山町１３番５号",33.535635,133.483187,"","1","1","1","0","1","1","0","1","1","1","0","1","1","0","1","1","1","0","1","1","0","1","1","1","0","1","1","0","1","1","1","0","1","1","0","1","1","1","0","1","1","0","0","12月31日 12月30日 8月16日 8月15日 8月14日 1月4日 1月3日 1月2日 1月1日","","原データ"
"3933395124560","広田歯科医院","ヒロタシカイイン","広田歯科医院","ヒロタシカイイン","Hirotashikaiin","3","39","201","高知県高知市春野町芳原３４０１",33.504953,133.516607,"http://hirotashika.la.coocan.jp","1","1","1","0","1","1","0","1","1","1","0","1","1","0","1","1","1","0","1","1","0","1","1","1","0","1","1","0","1","1","1","0","1","1","0","1","1","1","0","1","1","0","0","12/30 12/31 1/1 1/2 1/3","","原データ"
"3933395124690","松木歯科医院","マツギシカイイン","松木歯科医院","マツギシカイイン","Matsugi DentalClinic","3","39","201","高知県高知市愛宕町４－１３－４",33.574758,133.537494,"","1","1","1","0","1","1","0","1","1","1","0","1","1","0","1","1","1","0","1","1","0","1","1","1","0","1","1","0","1","1","1","0","1","1","0","1","1","1","0","1","1","0","0","12月27日 12月28日 12月29日 12月30日 12月31日 1月1日 1月2日 1月3日","","原データ"
"3933395124850","医療法人社団圭翔会　潮江歯科クリニック","イリョウホウジンシャダンケイショウカイ　ウシオエシカクリニック","潮江歯科クリニック","ウシオエシカクリニック","Ushioe Shika Clinic","3","39","201","高知県高知市塩屋崎町２－１－１",33.549572,133.542075,"","1","1","1","1","1","1","1","1","1","1","1","1","1","1","1","1","1","1","1","1","1","1","1","1","1","1","1","1","1","1","1","1","1","1","1","1","1","1","1","1","1","1","1","1月1日 1月2日 1月3日","","原データ"
"3933395125020","つつい歯科","ツツイシカ","つつい歯科","ツツイシカ","TSUTSUI Dental Clinic  TSUTSUI Shika","3","39","201","高知県高知市知寄町２－２－４１知寄町マンション１Ｆ",33.558208,133.560842,"","1","1","1","0","1","1","0","1","1","1","1","1","1","1","1","1","1","1","1","1","1","1","1","1","1","1","1","1","1","1","1","1","1","1","1","1","1","1","1","1","1","1","0","12月31日 12月30日 1月3日 1月2日 1月1日","","原データ"
"3933395125150","おおくぼ歯科","オオクボシカ","おおくぼ歯科","オオクボシカ","Okubo Dental Clinic","3","39","201","高知県高知市福井町８０４ー１",33.566355,133.511538,"https://www.8230052.com","1","1","1","1","1","1","0","1","1","1","1","1","1","0","1","1","1","1","1","1","0","1","1","1","1","1","1","0","1","1","1","1","1","1","0","1","1","1","1","1","1","0","0","","","原データ"
"3933395125310","たけさき歯科","タケサキシカ","たけさき歯科","タケサキシカ","TAKESAKISIKA","3","39","201","高知県高知市旭上町６番３号",33.557423,133.505045,"","1","1","1","1","1","1","0","1","1","1","1","1","1","1","1","1","1","1","1","1","1","1","1","1","1","1","1","1","1","1","1","1","1","1","1","1","1","1","1","1","1","1","0","12月29日 12月30日 12月31日 1月1日 1月2日 1月3日","","原データ"
"3933395125440","志和デンタルオフィス","シワデンタルオフィス","志和デンタルオフィス","シワデンタルオフィス","Shiwa Dental Office","3","39","201","高知県高知市高須３丁目４番５０号",33.56072,133.589909,"","1","1","1","0","1","1","0","1","1","1","0","1","1","0","1","1","1","0","1","1","0","1","1","1","0","1","1","0","1","1","1","0","1","1","0","1","1","1","0","1","1","0","0","12月30日 12月31日 1月1日 1月2日 1月3日 1月4日","","原データ"
"3933395125570","山﨑歯科診療所","ヤマサキシカシンリョウジョ","山﨑歯科","ヤマサキシカシンリョウジョ","yamasakisika","3","39","201","高知県高知市朝倉本町",33.54697,133.492438,"","1","1","1","0","1","1","0","1","1","1","0","1","1","0","1","1","1","0","1","1","0","1","1","1","0","1","1","0","1","1","1","0","1","1","0","1","1","1","0","1","1","0","0","12月29日12月30日 12月31日 1月1日 1月2日 1月3日","","原データ"
"3933395125600","小松歯科診療所","コマツシカシンリョウショ","小松歯科","コマツシカ","Komatu Shika","3","39","201","高知県高知市南はりまや町１－１７－８",33.559085,133.544566,"","1","1","1","1","1","1","0","1","1","1","1","1","1","0","1","1","1","1","1","1","0","1","1","1","1","1","1","0","1","1","1","1","1","1","0","1","1","1","1","1","1","0","0","12月29日 12月30日 12月31日 1月1日 1月2日 1月3日 1月4日","","原データ"
"3933395125730","みやべ歯科","ミヤベシカ","みやべ歯科","ミヤベシカ","Miyabe Sika","3","39","201","高知県高知市大膳町１－３６",33.558643,133.524338,"https://itp.ne.jp/info/399002395400000899/","1","1","1","1","1","1","0","1","1","1","1","1","1","0","1","1","1","1","1","1","0","1","1","1","1","1","1","0","1","1","1","1","1","1","0","1","1","1","1","1","1","0","0","12月30日 12月31日 1月1日 1月2日 1月3日","","原データ"
"3933395125860","依岡歯科クリニック","ヨリオカクリニック","依岡歯科クリニック","ヨリオカシカクリニック","yorioka dental clinic","3","39","201","高知県高知市小津町８－３",33.563819,133.528272,"http://8203208.com","1","1","1","0","1","1","0","1","1","1","1","1","1","1","1","1","1","1","1","1","1","1","1","1","1","1","1","1","1","1","1","1","1","1","1","1","1","1","1","1","1","1","0","12月29日 12月30日 12月31日 1月1日 1月2日 1月3日 12月28日","","原データ"
"3933395125990","ほそかわ歯科医院","ホソカワシカイイン","ほそかわ歯科医院","ホソカワシカイイン","HOSOKAWA SIKAIIN","3","39","201","高知県高知市東秦泉寺７６－１",33.577903,133.54623,"","1","1","0","1","1","1","0","1","1","0","1","1","1","0","1","1","0","1","1","1","0","1","1","0","1","1","1","0","1","1","0","1","1","1","0","1","1","0","1","1","1","0","0","12月31日 12月30日 12月29日 1月3日 1月2日 1月1日","疑い: 日 曜日フラグは休みだが時刻が入っている","原データ"
"3933395126030","田原歯科診療所","タハラシカシンリョウショ","田原歯科診療所","タハラシカシンリョウショ","Tahara Shika Shinryosho","3","39","205","高知県土佐市高岡町甲１９６５番地１",33.495355,133.428369,"","1","1","1","0","1","1","0","1","1","1","1","1","1","1","1","1","1","1","1","1","1","1","1","1","1","1","1","1","1","1","1","1","1","1","1","1","1","1","1","1","1","1","0","12月31日 12月30日 12月29日 1月3日 1月2日 1月1日","","原データ"
"3933395126160","久万田歯科","クマダシカ","久万田歯科","クマダシカ","Kumada Dental Clinic","3","39","386","高知県吾川郡いの町枝川２９９",33.551092,133.447642,"","1","1","1","0","1","1","0","1","1","1","1","1","1","1","1","1","1","1","1","1","1","1","1","1","1","1","1","1","1","1","1","1","1","1","1","1","1","1","1","1","1","1","0","12月30日 12月31日 1月1日 1月2日 1月3日","","原データ"
"3933395126320","ごとう歯科","ゴトウシカ","ごとう歯科","ゴトウシカ","Goto Dental Clinic","3","39","201","高知県高知市一宮中町１丁目１４番４０号　シルキーハイツ１階",33.581697,133.571001,"","1","1","0","1","1","1","0","1","1","1","1","1","1","1","1","1","1","1","1","1","1","1","1","1","1","1","1","1","1","1","1","1","1","1","1","1","1","1","1","1","1","1","0","12月29日 12月30日 12月31日 1月1日 1月2日 1月3日 8月9日 8月10日 8月11日 8月12日 8月13日","","原データ"
"3933395126580","公文歯科","クモンシカ","公文歯科","クモンシカ","Kumon Shika","3","39","201","高知県高知市中水道７－１９",33.568251,133.536144,"http://www.kumon-shika.com/","1","1","1","0","1","1","0","1","1","1","1","1","1","1","1","1","1","1","1","1","1","1","1","1","1","1","1","1","1","1","1","1","1","1","1","1","1","1","1","1","1","1","0","12月30日 12月31日 1月1日 1月2日 1月3日 8月10日 8月11日","","原データ"
"3933395126610","高橋歯科","タカハシシカ","高橋歯科","タカハシシカ","Takahashi Dental Clinic","3","39","201","高知県高知市長尾山町８３",33.557548,133.502834,"","1","1","1","0","1","1","0","1","1","1","0","1","1","0","1","1","1","0","1","1","0","1","1","1","0","1","1","0","1","1","1","0","1","1","0","1","1","1","0","1","1","0","0","12月31日 12月30日 12月29日 8月15日 8月14日 8月13日 1月4日 1月3日 1月2日 1月1日","","原データ"
"3933395200190","岡崎歯科クリニック","オカザキシカクリニック","岡崎歯科クリニック","オカザキシカクリニック","Okazaki Dentalclinic","3","39","203","高知県安芸市庄之芝町９－４２",33.503291,133.899374,"","1","1","1","0","1","1","0","1","1","1","0","1","1","0","1","1","1","0","1","1","0","1","1","1","0","1","1","0","1","1","1","0","1","1","0","1","1","1","1","1","1","0","0","12月29日 12月30日 12月31日 1月1日 1月2日 1月3日","","原データ"
"3933395200350","津田歯科医院","ツダシカイイン","津田歯科","ツダシカ","Tudasika","3","39","203","高知県安芸市本町２丁目４－２９",33.499044,133.906308,"","1","1","0","1","0","1","0","1","1","0","1","0","1","0","1","1","0","1","0","1","0","1","1","0","1","0","1","0","1","1","0","1","0","1","0","1","1","0","1","0","1","0","0","GW お盆期間　12月29日 12月30日 12月31日 1月1日 1月2日 1月3日","","原データ"
"3933395200510","長野歯科","ナガノシカ","長野歯科","ナガノシカ","naganosika","3","39","203","高知県安芸市久世町２－１",33.501,133.905888,"","1","1","1","1","1","1","0","1","1","1","1","1","1","0","1","1","1","1","1","1","0","1","1","1","1","1","1","0","1","1","1","1","1","1","0","1","1","1","1","1","1","0","0","12月29日 12月30日 12月31日 1月1日 1月2日 1月3日","","原データ"
"3933395200770","松田歯科医院","マツダシカイイン","松田歯科","マツダシカ","Matsuda Shika","3","39","203","高知県安芸市本町２－６－５",33.499889,133.907366,"","1","1","1","1","1","1","0","1","1","1","1","1","1","0","1","1","1","1","1","1","0","1","1","1","1","1","1","0","1","1","1","1","1","1","0","1","1","1","1","1","1","0","0","12月29日 12月30日 12月31日 1月1日 1月2日 1月3日","","原データ"
"3933395201490","安岡歯科診療所","ヤスオカシカシンリョウショ","安岡歯科診療所","ヤスオカシカシンリョウショ","Yasuoka Dental Clinic","3","39","303","高知県安芸郡田野町１４４７－３",33.4301,134.00689,"","1","1","1","1","1","1","0","1","1","1","1","1","1","0","1","1","1","1","1","1","0","1","1","1","1","1","1","0","1","1","1","1","1","1","0","1","1","1","1","1","1","0","0","12月29日 12月30日 12月31日 1月1日 1月2日 1月3日 1月4日","","原データ"
"3933395201780","普光江歯科診療所","フコウエ　シカ　シンリョウショ","普光江歯科","フコウエ　シカ","FUKOE DENTAL CLINIC","3","39","303","高知県安芸郡田野町２１４７−３",33.426745,134.009201,"http://fukoe-shika.com","1","1","1","1","1","1","1","1","1","1","1","1","1","1","1","1","1","1","1","1","1","1","1","1","1","1","1","1","1","1","1","1","1","1","1","1","1","1","1","1","1","1","1","12月28日 1月5日 8月16日 12月29日 5月3日 8月17日 12月30日 5月4日 12月31日 5月5日 1月1日 5月6日 1月2日 8月13日 1月3日 8月14日 1月4日 8月15日","疑い: 月 曜日フラグは営業日だが時刻が無い / 疑い: 火 曜日フラグは営業日だが時刻が無い / 疑い: 水 曜日フラグは営業日だが時刻が無い / 疑い: 木 曜日フラグは営業日だが時刻が無い / 疑い: 金 曜日フラグは営業日だが時刻が無い / 疑い: 土 曜日フラグは営業日だが時刻が無い / 疑い: 日 曜日フラグは営業日だが時刻が無い","原データ"
"3933395201940","手島歯科","テシマシカ","手島歯科","テシマシカ","TesimaSika","3","39","302","高知県安芸郡奈半利町乙",33.426967,134.020205,"","1","1","1","0","1","1","0","1","1","1","0","1","1","0","1","1","1","0","1","1","0","1","1","1","0","1","1","0","1","1","1","0","1","1","0","1","1","1","0","1","1","0","0","12月28日 12月29日 12月30日 12月31日 1月19日 1月2日 1月3日","","原データ"
"3933395202240","おぎ歯科医院","オギシカイイン","おぎ歯科","オギシカ","Ogi Shika","3","39","203","高知県安芸市本町３丁目４－１６",33.499186,133.90465,"","1","1","1","0","1","1","0","1","1","1","0","1","1","0","1","1","1","0","1","1","0","1","1","1","0","1","1","0","1","1","1","0","1","1","0","1","1","1","0","1","1","0","0","1月1日 1月2日 1月3日 12月29日 12月30日 12月31日 12月24日","","原データ"
"3933395202370","せんとう歯科","セントウシカ","せんとう歯科","セントウシカ","SENTO Dental Clinic","3","39","203","高知県安芸市矢ノ丸３丁目２番１９号",33.503676,133.907188,"","1","1","1","0","1","1","0","1","1","1","1","1","1","1","1","1","1","1","1","1","1","1","1","1","1","1","1","1","1","1","1","1","1","1","1","1","1","1","1","1","1","1","0","12月30日 12月31日 1月1日 1月2日 1月3日 12月29日","","原データ"
"3933395202400","小森歯科医院","コモリシカイイン","小森歯科医院","コモリシカイイン","Komori Sika Clinic","3","39","302","高知県安芸郡奈半利町乙１６７７ー１",33.425267,134.02103,"","1","1","1","0","1","1","0","1","1","1","0","1","1","0","1","1","1","0","1","1","0","1","1","1","0","1","1","0","1","1","1","0","1","1","0","1","1","1","0","1","1","0","0","12月31日 12月30日 12月29日 12月28日 1月3日 1月2日 1月1日","疑い: 木 曜日フラグは休みだが時刻が入っている","原データ"
"3933395202530","芸西歯科","ゲイセイシカ","芸西歯科","ゲイセイシカ","Geisei Dental Clinic","3","39","307","高知県安芸郡芸西村和食甲１２９０",33.526582,133.80882,"","1","1","0","1","1","1","0","1","1","0","1","1","1","0","1","1","0","1","1","1","0","1","1","0","1","1","1","0","1","1","0","1","1","1","0","1","1","0","1","1","1","0","0","12月31日 12月30日 12月29日 8月15日 8月14日 8月13日 1月4日 1月3日 1月2日 1月1日","","原データ"
"3933395202790","みやた歯科","ミヤタシカ","みやた歯科","ミヤタシカ","Miyata Shika","3","39","304","高知県安芸郡安田町安田１６５３",33.435615,133.983461,"","1","1","1","0","1","1","0","1","1","1","0","1","1","0","1","1","1","0","1","1","0","1","1","1","0","1","1","0","1","1","1","0","1","1","0","1","1","1","0","1","1","0","0","12月29日 12月31日 1月1日 1月2日 1月3日 8月13日 8月14日 8月15日 12月30日","","原データ"
"3933395300120","河合歯科医院","カワイシカイイン","河合歯科医院","カワイシカイイン","kawaishikaiinn","3","39","205","高知県土佐市宇佐町宇佐",33.446598,133.438489,"http://www.kawai-shika.jp","1","1","1","1","1","1","1","1","1","1","1","1","1","1","1","1","1","1","1","1","1","1","1","1","1","1","1","1","1","1","1","1","1","1","1","1","1","1","1","1","1","1","0","12月30日 12月31日 1月1日 1月2日 1月3日","疑い: 日 曜日フラグは営業日だが時刻が無い","原データ"
"3933395300410","瀬戸歯科診療所","セトシカシンリョウショ","瀬戸歯科","セトシカ","Seto Shika Sinryosho","3","39","205","高知県土佐市高岡町乙１５３",33.497133,133.422892,"","1","1","1","1","1","1","0","1","1","1","1","1","1","0","1","1","1","1","1","1","0","1","1","1","1","1","1","0","1","1","1","1","1","1","0","1","1","1","1","1","1","0","0","12月29日 12月30日 12月31日 1月1日 1月2日 1月3日","","原データ"
"3933395300670","福島歯科医院","フクシマシカイイン","福島歯科医院","フクシマシカイイン","Fukushima shika Iin","3","39","205","高知県土佐市蓮池１２０６－２",33.493093,133.413239,"","1","1","1","1","1","1","0","1","1","1","1","1","1","1","1","1","1","1","1","1","1","1","1","1","1","1","1","1","1","1","1","1","1","1","1","1","1","1","1","1","1","1","0","12月31日 12月30日 1月3日 1月2日 1月1日","","原データ"
"3933395300830","秋山歯科診療所","アキヤマシカシンリョウショ","秋山歯科","アキヤマシカ","AKiYaMa ShiKa Shinryoso","3","39","205","高知県土佐市高岡町乙３４７６－６",33.498019,133.426816,"","1","1","0","1","1","1","0","1","1","1","1","1","1","1","1","1","1","1","1","1","1","1","1","1","1","1","1","1","1","1","1","1","1","1","1","1","1","1","1","1","1","1","0","12月31日 12月30日 1月4日 1月3日 1月2日 1月1日","","原データ"
"3933395301420","福島歯科医院","フクシマシカイイン","福島歯科医院","フクシマシカイイン","Fukushima dental clinic","3","39","206","高知県須崎市青木町６－５",33.390727,133.289988,"","1","1","1","1","1","1","0","1","1","1","1","1","1","1","1","1","1","1","1","1","1","1","1","1","1","1","1","1","1","1","1","1","1","1","1","1","1","1","1","1","1","1","1","","","原データ"
"3933395301550","田村歯科診療所","タムラシカシンリョウショ","田村歯科","タムラシカ","Tamura Shika","3","39","206","高知県須崎市鍛冶町６－３０",33.391159,133.289363,"http://tamura-dent.cihp.jp/","1","1","1","1","1","1","0","1","1","1","1","1","1","0","1","1","1","1","1","1","0","1","1","1","1","1","1","0","1","1","1","1","1","1","0","1","1","1","1","1","1","0","0","12月29日 12月30日 12月31日 1月1日 1月2日 1月3日 1月4日","","原データ"
"3933395301840","高橋歯科診療所","タカハシシカシンリョウジョ","高橋歯科診療所","タカハシシカシンリョウジョ","Takahashi Shika Shinryosho","3","39","411","高知県高岡郡津野町力石２９０１番地２",33.393681,133.026224,"","1","1","1","1","1","0","0","1","1","1","1","1","0","0","1","1","1","1","1","0","0","1","1","1","1","1","0","0","1","1","1","1","1","1","0","1","1","1","1","1","0","0","0","12月31日 12月30日 8月16日 8月15日 8月14日 1月4日 1月3日 1月2日 1月1日","","原データ"
"3933395301970","国民健康保険梼原歯科診療所","コクミンケンコウホケンユスハラシカシンリョウジョ","梼原歯科","ユスハラシカ","Yusuhara Sika","3","39","405","高知県高岡郡檮原町川西路２３０３番地１",33.392712,132.924475,"","1","1","1","1","1","1","0","1","1","1","1","1","1","0","1","1","1","1","1","1","0","1","1","1","1","1","1","0","1","1","1","1","1","1","0","1","1","1","1","1","1","0","0","8月15日 1月1日 1月2日 1月3日","","原データ"
"3933395302010","野中歯科","ノナカシカ","野中歯科","ノナカシカ","Nonaka Sika","3","39","206","高知県須崎市西崎町７－２６",33.41217,133.29258,"","1","1","1","1","1","1","0","1","1","0","1","1","1","0","1","1","0","1","1","1","0","1","1","0","1","1","1","0","1","1","1","1","1","0","0","1","1","0","1","1","1","0","0","12月31日 12月30日 12月29日 1月3日 1月2日 1月1日","疑い: 水 曜日フラグは営業日だが時刻が無い","原データ"
"3933395302300","大野見村歯科診療所","オオノミムラシカシンリョウショ","大野見村歯科診療所","オオノミムラシカ","Oonomimura Dental Clinic","3","39","401","高知県高岡郡中土佐町大野見吉野１４",33.3371495,133.140648247,"","0","0","0","0","0","1","0","0","0","0","0","0","1","0","0","0","0","0","0","1","0","0","0","0","0","0","1","0","0","0","0","0","0","1","0","0","0","0","0","0","1","0","0","月~金．日．年末年始","書き換えた: 緯度経度 0.0, 0.0 → 地番の点（元データに座標が無い）","地番"
"3933395302690","矢野歯科医院","ヤノシカイイン","矢野歯科","ヤノシカ","YanoDentalOffice","3","39","205","高知県土佐市高岡町甲１８４１ー１",33.495894,133.422661,"https://yano-do.com","1","1","1","0","1","1","0","1","1","1","1","1","1","1","1","1","1","1","1","1","1","1","1","1","1","1","1","1","1","1","1","1","1","1","1","1","1","1","1","1","1","1","0","8月13日 8月14日 8月15日 8月16日 12月30日 12月31日 1月1日 1月2日 1月3日","","原データ"
"3933395302720","たかはし歯科医院","タカハシシカイイン","たかはし歯科医院","タカハシシカイイン","Takahashi Dental Clinic","3","39","206","高知県須崎市大間東町１－７",33.406928,133.287602,"","1","1","1","1","1","1","0","1","1","1","1","1","1","0","1","1","1","1","1","1","0","1","1","1","1","1","1","0","1","1","1","1","1","1","0","1","1","1","1","1","1","0","0","","","原データ"
"3933395303600","高橋歯科医院","タカハシ　シカイイン","高橋歯科医院","タカハシ　シカイイン","Takahashi Shika Iin","3","39","206","高知県須崎市中町",33.388891,133.282964,"","1","1","1","0","1","1","0","1","1","1","1","1","1","0","1","1","1","1","1","1","0","1","1","1","1","1","1","0","1","1","1","1","1","1","0","1","1","1","1","1","1","0","0","12月31日 12月30日 1月3日 1月2日 1月1日","","原データ"
"3933395303860","山田歯科医院","ヤマダシカイイン","山田歯科","ヤマダシカ","Yamada Dental Clinic","3","39","206","高知県須崎市東古市町１－３",33.390773358,133.288076884,"","1","1","1","1","1","1","0","1","1","1","1","1","1","0","1","1","1","1","1","1","0","1","1","1","1","1","1","0","1","1","1","1","1","1","0","1","1","1","1","1","1","0","0","12月30日 12月31日 1月1日 1月2日 1月3日 4月29日 5月3日 5月4日 5月5日","書き換えた: 緯度経度 0.0, 0.0 → 住居表示の点（元データに座標が無い） / 疑い: 土 曜日フラグは営業日だが時刻が無い","住居表示"
"3933395303990","吉野歯科","ヨシノシカ","吉野歯科","ヨシノシカ","Yoshino Sika","3","39","206","高知県須崎市大間東町１８８",33.410125,133.289551,"","1","1","1","0","1","1","0","1","1","1","0","1","1","0","1","1","1","0","1","1","0","1","1","1","0","1","1","0","1","1","1","0","1","1","0","1","1","1","0","1","1","0","0","12月31日 12月30日 1月3日 1月2日 1月1日","疑い: 木 曜日フラグは休みだが時刻が入っている","原データ"
"3933395304160","まるとみ歯科医院","マルトミシカイイン","まるとみ歯科","マルトミシカ","marutomi shika","3","39","206","高知県須崎市西町",33.387418,133.279126,"","1","1","1","0","1","1","0","1","1","1","0","1","1","0","1","1","1","0","1","1","0","1","1","1","0","1","1","0","1","1","1","0","1","1","0","1","1","1","0","1","1","0","0","12月31日 12月30日 1月3日 1月2日 1月1日","","原データ"
"3933395400440","町田歯科診療所","マチダシカシンリョウショ","町田歯科","マチダシカ","Machida Dental Clinic","3","39","210","高知県四万十市中村東下町２３番地",32.992234,132.931952,"","1","1","1","1","1","1","0","1","1","1","1","1","1","1","1","1","1","1","1","1","1","1","1","1","1","1","1","1","1","1","1","1","1","1","1","1","1","1","1","1","1","1","0","12月31日 12月30日 12月29日 12月28日 8月15日 1月4日 1月3日 1月2日 1月1日","","原データ"
"3933395400860","本田歯科","ホンダシカ","本田歯科","ホンダシカ","Honda Shika","3","39","210","高知県四万十市中村本町１－４",32.993143,132.93381,"","1","1","1","1","1","1","0","1","1","1","1","1","1","0","1","1","1","1","1","1","0","1","1","1","1","1","1","0","1","1","1","1","1","1","0","1","1","1","1","1","1","0","0","12月31日 1月1日 1月2日 1月3日","","原データ"
"3933395401160","宮定歯科医院","ミヤサダシカイイン","宮定歯科医院","ミヤサダシカイイン","Miyasada Dental Clinic","3","39","210","高知県四万十市右山五月町３番２０号",32.988479,132.93874,"","1","1","1","0","1","1","0","1","1","1","0","1","1","0","1","1","1","0","1","1","0","1","1","1","0","1","1","0","1","1","1","0","1","1","0","1","1","1","0","1","1","0","0","12月31日 12月30日 8月15日 8月14日 8月13日 1月3日 1月2日 1月1日","","原データ"
"3933395401320","山本歯科医院","ヤマモトシカイイン","山本歯科","ヤマモトシカ","Yamamoto Dental Clinic","3","39","210","高知県四万十市具同田黒２－１６－５",32.984246,132.921826,"","1","1","1","1","1","1","0","1","1","1","1","1","1","1","1","1","1","1","1","1","0","1","1","1","1","1","1","0","1","1","1","1","1","1","0","1","1","1","1","1","1","0","0","8月13日 1月4日 8月14日 8月15日 12月30日 12月31日 1月1日 1月2日 1月3日","","原データ"
"3933395401450","医療法人　紀親会　朝日歯科","イリョウホウジン　キシンカイ　アサヒシカ","朝日歯科","アサヒシカ","ASAHI Shika","3","39","210","高知県四万十市中村於東町２６",32.993696,132.936074,"","1","1","1","1","1","1","0","1","1","1","1","1","1","0","1","1","1","1","1","1","0","1","1","1","1","1","1","0","1","1","1","1","1","1","0","1","1","1","1","1","1","0","0","12月31日 12月30日 12月29日 1月3日 1月2日 1月1日 8月13日 8月14日 8月15日","","原データ"
"3933395401610","田中歯科医院","タナカシカイイン","田中歯科医院","タナカシカイイン","Tanaka Shika Iin","3","39","210","高知県四万十市中村小姓町４９",32.994187,132.932952,"https://kyujin-tanakadc.jp","1","1","1","0","1","1","0","1","1","1","1","1","1","1","1","1","1","1","1","1","1","1","1","1","1","1","1","1","1","1","1","1","1","1","1","1","1","1","1","1","1","1","0","1月2日 1月3日 8月13日 8月14日 8月15日 12月29日 12月30日 12月31日","","原データ"
"3933395401900","前田歯科矯正歯科","マエダ　シカキョウセイシカ","前田歯科","マエダ　シカ","Maeda Dental Clinic","3","39","208","高知県宿毛市萩原１番３１号",32.938419,132.725261,"","1","1","1","0","1","1","0","1","1","1","0","1","1","0","1","1","1","0","1","1","0","1","1","1","0","1","1","0","1","1","1","0","1","1","0","1","1","1","0","1","1","0","0","12月31日 12月30日 8月15日 8月14日 1月3日 1月2日 1月1日　8月13日　12月29日","疑い: 木 曜日フラグは休みだが時刻が入っている","原データ"
"3933395402620","芝﨑歯科医院","シバサキシカイイン","芝崎歯科","シバサキシカ","","3","39","428","高知県幡多郡黒潮町入野２９４０－１",33.031169,133.014413,"","1","1","1","0","1","1","0","1","1","1","0","1","1","0","1","1","1","0","1","1","0","1","1","1","0","1","1","0","1","1","1","0","1","1","0","1","1","1","0","1","1","0","0","休診日(12月29日～1月3日　ゴールデンウィーク期間中　お盆期間中)","","原データ"
"3933395402880","小谷歯科診療所","オダニシカシンリョウショ","小谷歯科","オダニシカ","Odani Dental Clinic","3","39","428","高知県幡多郡黒潮町上川口８７７",33.041751,133.055783,"","1","1","1","0","1","1","0","1","1","1","1","1","1","1","1","1","1","1","1","1","1","1","1","1","1","1","1","1","1","1","1","1","1","1","1","1","1","1","1","1","1","1","0","1月3日 1月2日 1月1日 12月30日 12月31日","","原データ"
"3933395404350","二神歯科医院","フタガミシカイイン","二神歯科医院","フタガミシカイイン","Hutagami Shika Iin","3","39","208","高知県宿毛市平田町戸内４３００－１",32.952657,132.797218,"","1","1","1","1","1","1","0","1","1","1","1","1","1","0","1","1","1","1","1","1","0","1","1","1","1","1","1","0","1","1","1","1","1","1","0","1","1","1","1","1","1","0","0","12月30日 12月31日 1月1日 1月2日 1月3日","","原データ"
"3933395404510","池本歯科医院","イケモトシカイイン","池本歯科医院","イケモトシカイイン","Ikemoto Dental Clinic","3","39","210","高知県四万十市右山五月町１０－１４",32.987346,132.941387,"","1","1","1","0","1","1","0","1","1","1","0","1","1","0","1","1","1","0","1","1","0","1","1","1","0","1","1","0","1","1","1","0","1","1","0","1","1","1","0","1","1","0","0","12月31日 12月30日 12月29日 1月3日 1月2日 1月1日","","原データ"
"3933395404640","竹松歯科","タケマツシカ","竹松歯科","タケマツシカ","Takematsu Dental Clinic","3","39","208","高知県宿毛市中央１－６－３５",32.937636,132.724663,"","1","1","1","1","1","1","0","1","1","1","1","1","1","0","1","1","1","1","1","1","0","1","1","1","1","1","1","0","1","1","1","1","1","1","0","1","1","1","1","1","1","0","0","12月31日 12月30日 8月15日 1月3日 1月2日 1月1日 8月14日","","原データ"
"3933395404800","坂本歯科医院","サカモトシカイイン","坂本歯科医院","サカモトシカイイン","Sakamoto Dental Clinic","3","39","208","高知県宿毛市幸町２－１８",32.935828,132.722771,"","1","1","1","0","1","1","0","1","1","1","0","1","1","0","1","1","1","0","1","1","0","1","1","1","0","1","1","0","1","1","1","0","1","1","0","1","1","1","0","1","1","0","0","12月31日 12月30日 12月29日 8月15日 8月14日 1月3日 1月2日 1月1日 8月13日","","原データ"
"3933395404930","平井歯科医院","ヒライシカイイン","平井歯科","ヒライシカ","Hirai Shika Iin","3","39","208","高知県宿毛市高砂２２－１１",32.927159,132.701591,"","1","1","1","1","1","1","0","1","1","1","1","1","1","1","1","1","1","1","1","1","1","1","1","1","1","1","1","1","1","1","1","1","1","1","1","1","1","1","1","1","1","1","0","12月31日 12月30日 8月15日 8月14日 8月13日 1月3日 1月2日 1月1日 12月24日","","原データ"
"3933395405070","にいや歯科医院","ニイヤシカイイン","にいや歯科医院","ニイヤシカイイン","Niiya Dental Clinic","3","39","210","高知県四万十市具同２２４１－５",32.982154,132.920606,"","1","1","1","0","1","1","0","1","1","1","0","1","1","1","1","1","1","0","1","1","1","1","1","1","0","1","1","1","1","1","1","0","1","1","1","1","1","1","0","1","1","1","0","8月13日 1月3日 1月2日 1月1日 12月31日 12月30日 12月29日 8月14日","","原データ"
"3933395405230","北代歯科","キタダイシカ","北代歯科","キタダイシカ","KITADAI Dental Clinic","3","39","210","高知県四万十市中村小姓町６番地",32.993137,132.932344,"","1","1","1","0","1","1","0","1","1","1","1","1","1","1","1","1","1","1","1","1","1","1","1","1","1","1","1","1","1","1","1","1","1","1","1","1","1","1","1","1","1","1","0","12月31日 12月30日 1月3日 1月2日 1月1日 12月29日 8月13日 8月14日 8月15日","","原データ"
"3933395405490","幸徳歯科","コウトクシカ","幸徳歯科","コウトクシカ","Koutoku Shika","3","39","210","高知県四万十市中村大橋通６丁目１番２４号",32.991212,132.936799,"","1","1","1","0","1","1","0","1","1","1","1","1","1","1","1","1","1","1","1","1","1","1","1","1","1","1","1","1","1","1","1","1","1","1","1","1","1","1","1","1","1","1","0","1月1日 1月2日 1月3日 8月13日 8月14日 8月15日 12月26日12月27日 12月28日 12月29日 12月30日 12月31日","","原データ"
"3933395405650","医療法人光","イリョウホヒカリヒカリ","安光歯科医院","ヤスミツシカイイン","Yasumitsu Sikaiin","3","39","428","高知県幡多郡黒潮町入野２５８１－１",33.028538,133.012627,"","1","1","1","0","1","1","0","1","1","1","0","1","1","0","1","1","1","0","1","1","0","1","1","1","0","1","1","0","1","1","1","0","1","1","0","1","1","1","0","1","1","0","0","12月31日12月30日8月15日 8月14日 8月13日 1月3日 1月2日 1月1日","","原データ"
"3933395405810","和泉歯科医院","イズミシカイイン","和泉歯科医院","イズミシカイイン","Izumi  Dental  clinic","3","39","428","高知県幡多郡黒潮町入野２０８２－９",33.025072,133.010169,"","1","1","0","0","1","1","0","1","1","0","0","1","1","0","1","1","0","0","1","1","0","1","1","0","0","1","1","0","1","1","0","0","1","1","0","1","1","0","0","1","1","0","1","12月30日 12月31日 1月1日 1月2日 1月3日 8月13日 8月14日 8月15日","","原データ"
"3933395405940","カタクラ歯科","カタクラ　シカ","カタクラ歯科","カタクラ　シカ","Katakura Shika","3","39","208","高知県宿毛市片島１５番２１号",32.926231,132.700997,"","1","1","1","1","1","1","0","1","1","1","1","1","1","0","1","1","1","1","1","1","0","1","1","1","1","1","1","0","1","1","1","1","1","1","0","1","1","1","1","1","1","0","0","8月13日 8月14日 8月15日 8月16日 12月30日 12月31日 1月1日 1月2日 1月3日1月4日","","原データ"
"3933395406080","高畑歯科","タカハタシカ","高畑歯科","タカハタシカ","TaKaHaTaShiKa","3","39","210","高知県四万十市具同田黒２－４－２８",32.987837,132.920098,"","1","1","1","0","1","1","0","1","1","1","0","1","1","0","1","1","1","0","1","1","0","1","1","1","0","1","1","0","1","1","1","0","1","1","0","1","1","1","0","1","1","0","0","12月30日 12月31日 1月1日 1月2日 1月3日","","原データ"
"3933395406110","さつき新谷歯科","サツキニイヤシカ","さつき新谷歯科","サツキニイヤシカ","Satsukiniiya Sika","3","39","210","高知県四万十市右山五番１４番１６号",32.986263,132.940899,"","1","1","1","1","1","1","0","1","1","1","1","1","1","1","1","1","1","1","1","1","1","1","1","1","1","1","1","1","1","1","1","1","1","1","1","1","1","1","1","1","1","1","0","8月13日 8月14日 8月15日 12月29日 12月30日 12月31日 1月1日 1月2日 1月3日","","原データ"
"3933395406240","京町歯科診療所","キョウマチシカシンリョウショ","京町歯科","キョウマチシカ","kyomachi shika shinryosyo","3","39","210","高知県四万十市中村大橋通３－２４－１",32.990945,132.932824,"","1","1","1","1","1","1","0","1","1","1","1","1","1","1","1","1","1","1","1","1","1","1","1","1","1","1","1","1","1","1","1","1","1","1","1","1","1","1","1","1","1","1","0","","","原データ"
"3933395406370","佐賀歯科診療所","サガシカシンリョウショ","佐賀歯科診療所","サガシカシンリョウショ","sagasikasinryousho","3","39","428","高知県幡多郡黒潮町佐賀",33.080486,133.107658,"","0","0","1","1","0","1","0","0","0","1","1","0","1","0","0","0","1","1","0","1","0","0","0","1","1","0","1","0","0","0","1","1","0","1","0","0","0","1","1","0","1","0","1","12月30日 12月31日 1月1日 1月2日 1月3日","","原データ"
"3933395406400","ながおか歯科医院","ナガオカシカイイン","ながおか歯科","ナガオカシカ","Nagaoka Shika","3","39","424","高知県幡多郡大月町弘見２１０３－２",32.843704,132.707473,"","1","1","1","1","1","1","0","1","1","1","1","1","1","1","1","1","1","1","1","1","1","1","1","1","1","1","1","1","1","1","1","1","1","1","1","1","1","1","1","1","1","1","0","8月14日 8月15日 8月16日 12月24日 12月30日 12月31日 1月1日 1月2日 1月3日","","原データ"
"3933395406530","西町歯科医院","ニシマチ　シカイイン","西町歯科医院","ニシマチ　シカイイン","Nishimachi Dental Clinic","3","39","208","高知県宿毛市西町２－２０－１５",32.927814,132.686482,"","1","1","1","0","1","1","0","1","1","1","1","1","1","1","1","1","1","1","1","1","1","1","1","1","1","1","1","1","1","1","1","1","1","1","1","1","1","1","1","1","1","1","0","12月31日 12月30日 8月15日 8月14日 8月13日 1月3日 1月2日 1月1日","","原データ"
"3933395406660","松岡歯科医院","マツオカシカイイン","松岡歯科医院","マツオカシカイイン","","3","39","210","高知県四万十市中村東町３丁目２番２２号",32.997128,132.937346,"","1","1","1","1","1","1","0","1","1","1","1","1","1","0","1","1","1","1","1","1","0","1","1","1","1","1","1","0","1","1","1","1","1","1","0","1","1","1","1","1","1","0","0","12月30日 1月3日 12月31日 8月13日 12月28日 1月1日 8月14日 12月29日 1月2日 8月15日 12月24日","","原データ"
"3933395406790","佐々山歯科","ササヤマシカ","佐々山歯科","ササヤマシカ","Sasayama Dental Clinic","3","39","424","高知県幡多郡大月町弘見",32.844179,132.709231,"","1","1","1","1","1","1","0","1","1","1","1","1","1","1","1","1","1","1","1","1","1","1","1","1","1","1","1","1","1","1","1","1","1","1","1","1","1","1","1","1","1","1","0","12月31日 12月30日 1月3日 1月2日","","原データ"
"3933395406820","米花歯科医院","ベイカシカイイン","米花歯科","ベイカシカ","beikashikaiin","3","39","208","高知県宿毛市山奈町山田１３７６－３",32.967826,132.81327,"","1","1","1","1","1","0","0","1","1","1","1","1","0","0","1","1","1","1","1","0","0","1","1","1","1","1","0","0","1","1","1","1","1","0","0","1","1","1","1","1","0","0","0","GW、1月1日 1月2日 1月3日 8月13日 8月14日 8月15日 8月16日 12月30日 12月31日","","原データ"
"3933395406950","黒潮町拳ノ川歯科診療所","クロシオチョウ　コブシノカワシカシンリョウショ","拳ノ川歯科診療所","コブシノカワシカシンリョウショ","Kobusinokawa Sika Sinryousho","3","39","428","高知県幡多郡黒潮町拳ノ川",33.135733,133.123492,"","","","","","","","","0","0","0","0","0","0","0","0","1","0","0","0","0","0","0","0","0","0","0","0","0","0","1","0","0","0","0","0","0","0","0","0","0","0","0","0","12月31日 12月30日 1月3日 1月2日 1月1日","","原データ"
"3933395407090","川村歯科","カワムラシカ","川村歯科","カワムラシカ","KawamuraDentalClinic","3","39","210","高知県四万十市具同田黒",32.984252,132.919966,"http://www.kawamurashika.jp","1","1","1","1","1","1","0","1","1","1","1","1","1","1","1","1","1","1","1","1","1","1","1","1","1","1","1","1","1","1","1","1","1","1","1","1","1","1","1","1","1","1","0","12月31日 12月30日 12月29日 8月15日 8月14日 8月13日 1月3日 1月2日 1月1日","","原データ"
"3933395407410","岡村歯科医院","オカムラシカイイン","岡村歯科","オカムラシカ","okamurashika","3","39","210","高知県四万十市古津賀１丁目１４６",32.985066,132.956792,"","1","1","1","0","1","1","0","1","1","1","1","1","1","1","1","1","1","1","1","1","1","1","1","1","1","1","1","1","1","1","1","1","1","1","1","1","1","1","1","1","1","1","0","12月29日 12月30日 12月31日 1月1日 1月2日 1月4日 8月13日 8月14日 8月15日","","原データ"
"3933395407700","おきのしま歯科","オキノシマシカ","おきのしま歯科","オキノシマシカ","","3","39","208","高知県宿毛市沖の島町母島１７３９",32.730282,132.542321,"","1","1","1","1","1","1","0","1","1","1","1","1","1","1","1","1","1","1","1","1","1","1","1","1","1","1","1","1","1","1","1","1","1","1","1","1","1","1","1","1","1","1","0","1月1日 1月2日 1月3日 1月4日 8月13日 8月14日 8月15日 12月28日 12月29日 12月30日 12月31日","","原データ"
"3933395407830","楠井　歯科","クスイ　シカ","楠井歯科","クスイ　シカ","kusui shika","3","39","209","高知県土佐清水市本町１０－６",32.777276,132.95516,"","1","1","1","0","1","1","0","1","1","1","0","1","1","0","1","1","1","0","1","1","0","1","1","1","0","1","1","0","1","1","1","0","1","1","0","1","1","1","0","1","1","0","0","8月15日 8月16日 12月31日 1月1日 1月2日 1月3日 12月24日","","原データ"
"3933395408130","ＨＯＮＤＡデンタルクリニック","ホンダデンタルクリニック","ＨＯＮＤＡデンタルクリニック","ホンダデンタルクリニック","","3","39","208","高知県宿毛市中央４－２－２９",32.937128743,132.7295566,"","1","1","1","0","1","1","0","1","1","1","0","1","1","0","1","1","1","0","1","1","0","1","1","1","0","1","1","0","1","1","1","0","1","1","0","1","1","1","0","1","1","0","0","1月1日 1月2日 1月3日","書き換えた: 緯度経度 0.0, 0.0 → 住居表示の点（元データに座標が無い）","住居表示"
"3933395500210","医療法人恒石会恒石歯科","イリョウホウジン　ツネイシカイ　ツネイシシカ","医療法人恒石会恒石歯科","イリョウホウジン　ツネイシカイ　ツネイシシカ","Tuneishi Shika","3","39","211","高知県香南市赤岡町９８０－４",33.54016,133.727303,"","1","1","1","1","1","1","0","1","1","1","1","1","1","1","1","1","1","1","1","1","1","1","1","1","1","1","1","1","1","1","1","1","1","1","1","1","1","1","1","1","1","1","0","12月31日 12月30日 12月29日 1月3日 1月2日 1月1日 12月24日","","原データ"
"3933395500470","岡西歯科診療所","オカニシシカシンリョウショ","岡西歯科診療所","オカニシシカシンリョウショ","Okanishi Dental Clinic","3","39","212","高知県香美市土佐山田町神母ノ木３７７－８",33.617297,133.715291,"","1","1","1","1","1","1","0","1","1","1","1","1","1","0","1","1","1","1","1","1","0","1","1","1","1","1","1","0","1","1","1","1","1","1","0","1","1","1","1","1","1","0","0","12月29日 12月30日 12月31日 1月1日 1月2日 1月3日","","原データ"
"3933395500890","たけもと歯科","タケモトシカ","たけもと歯科","タケモトシカ","Takemoto Dental Clinic","3","39","212","高知県香美市土佐山田町東本町２－２－４５",33.60672,133.687197,"","1","1","1","0","1","1","0","","","","","","","","","","","","","","","","","","","","","","","","","","","","","","","","","","","","0","12月29日 12月30日 12月31日 1月1日 1月2日 1月3日 8月12日 8月13日 8月14日 8月15日","","原データ"
"3933395500920","医療法人　奉徳会　山下歯科","イリョウホウジン　ホウトクカイ　ヤマシタシカ","山下歯科","ヤマシタシカ","Yamashita Dental clinic","3","39","212","高知県香美市土佐山田町東本町３－５７－３",33.606379,133.689416,"","1","1","1","0","1","1","0","1","1","1","1","1","1","1","1","1","1","1","1","1","1","1","1","1","1","1","1","1","1","1","1","1","1","1","1","1","1","1","1","1","1","1","0","12月31日 12月30日 12月29日 12月28日 1月3日 1月2日 1月1日","","原データ"
"3933395501190","黒岩歯科医院","クロイワシカイイン","黒岩歯科医院","クロイワシカイイン","Kuroiwa Dental Clinic","3","39","211","高知県香南市野市町西野２６６７－１",33.560868,133.700434,"","1","1","1","1","1","1","0","1","1","1","1","1","1","1","1","1","1","1","1","1","1","1","1","1","1","1","1","1","1","1","1","1","1","1","1","1","1","1","1","1","1","1","0","12月29日 12月30日 12月31日 1月1日 1月2日 1月3日　ゴールデンウイーク（改行）お盆・８月中旬頃は不定期","","原データ"
"3933395501220","小松歯科診療所","コマツシカシンリョウショ","小松歯科","コマツシカ","Komatu Sika","3","39","211","高知県香南市野市町西野１９８６",33.563368,133.69488,"","1","1","1","1","1","1","1","1","1","1","1","1","1","1","1","1","1","1","1","1","1","1","1","1","1","1","1","1","1","1","1","1","1","1","1","1","1","1","1","1","1","1","0","","疑い: 日 曜日フラグは営業日だが時刻が無い","原データ"
"3933395501480","医療法人乾会乾歯科","イリョウホウジン　イヌイカイ　イヌイシカ","乾歯科","イヌイシカ","Inui Dental Clinic","3","39","211","高知県香南市野市町西野２７０６－２０",33.56473,133.700412,"https://www.inui-shika.com","1","1","1","1","1","1","0","1","1","1","1","1","1","1","1","1","1","1","1","1","0","1","1","1","1","1","1","0","1","1","1","1","1","1","0","1","1","1","1","1","1","0","0","12月30日 12月31日 1月1日 1月2日","","原データ"
"3933395501770","高橋歯科医院","タカハシシカイイン","高橋歯科医院","タカハシシカイイン","Takahashi Dentel Clinic","3","39","212","高知県香美市香北町美良布１２０８－１",33.648638,133.781814,"","1","1","0","1","1","1","0","1","1","0","1","1","1","0","1","1","0","1","1","1","0","1","1","0","1","1","1","0","1","1","0","1","1","1","0","1","1","0","1","1","1","0","0","12月31日 12月30日 1月3日 1月2日 1月1日","","原データ"
"3933395501800","佐々木歯科診療所","ササキシカシンリョウショ","佐々木歯科","ササキシカ","Sasaki Dental Clinic","3","39","212","高知県香美市香北町美良布１０８１－１",33.65197,133.779315,"","1","1","1","0","1","1","0","1","1","1","1","1","1","1","1","1","1","1","1","1","1","1","1","1","1","1","1","1","1","1","1","1","1","1","1","1","1","1","1","1","1","1","0","12月31日 12月30日 12月29日 1月3日 1月2日 1月1日","","原データ"
"3933395501930","今井歯科医院","イマイシカイイン","今井歯科","イマイシカ","imai shika  iin","3","39","211","高知県香南市赤岡町５７４",33.542057,133.723183,"","1","1","1","1","1","1","0","1","1","1","1","1","1","0","1","1","1","1","1","1","0","1","1","1","1","1","1","0","1","1","1","1","1","1","0","1","1","1","1","1","1","0","0","土曜日　不定休","","原データ"
"3933395502070","大島歯科医院","オオシマ　シカイイン","大島歯科","オオシマ　シカ","Ohshima Dental Office","3","39","211","高知県香南市野市町下井",33.558152,133.688214,"","1","1","1","0","1","1","0","1","1","1","0","1","1","0","1","1","1","0","1","1","0","1","1","1","0","1","1","0","1","1","1","0","1","1","0","1","1","1","0","1","1","0","0","12月30日 12月31日 1月1日 1月2日 1月3日","","原データ"
"3933395502100","香美市立物部歯科診療所","カミシリツモノベシカシンリョウショ","香美市立物部歯科診療所","カミシリツモノベシカシンリョウショ","","3","39","212","高知県香美市物部町大栃８７８－３ふれあいプラザ内",33.69605285,133.874402475,"","0","1","1","0","1","1","0","1","1","1","1","1","1","1","1","1","1","1","1","1","1","1","1","1","1","1","1","1","1","1","1","1","1","1","1","1","1","1","1","1","1","1","0","12月30日 12月31日 1月1日 1月2日 1月3日 1月4日 8月13日 8月14日 8月15日 12月24日","書き換えた: 緯度経度 0.0, 0.0 → 地番の点（元データに座標が無い）","地番"
"3933395502230","八井田歯科医院","ヤイダシカイイン","八井田歯科","ヤイダシカ","YaIDa Dental Clinic  YaIDa Shika Iin","3","39","212","高知県香美市土佐山田町西本町５－３－１９",33.604416,133.679893,"","1","1","1","0","1","1","0","1","1","1","0","1","1","0","1","1","1","0","1","1","0","1","1","1","0","1","1","0","1","1","1","0","1","1","0","1","1","1","0","1","1","0","0","12月30日 12月31日 1月1日 1月2日 1月3日","","原データ"
"3933395600240","矢野歯科診療所","ヤノシカシンリョウショ","矢野歯科診療所","ヤノシカシンリョウショ","Yano Dental Clinic","3","39","412","高知県高岡郡四万十町新開町",33.209192,133.129313,"","1","1","0","1","1","1","0","1","1","0","1","1","1","0","1","1","0","1","1","1","0","1","1","0","1","1","1","0","1","1","0","1","1","1","0","1","1","0","1","1","1","0","0","12月31日 12月30日 12月29日 1月3日 1月2日 1月1日 12月24日","","原データ"
"3933395600820","長山歯科診療所","ナガヤマシカシンリョウショ","長山歯科医院","ナガヤマシカイイン","Nagayama Dental Clinic","3","39","412","高知県高岡郡四万十町黒石５６４ー１",33.225391,133.19307,"","1","1","1","1","1","1","0","1","1","1","1","1","1","1","1","1","1","1","1","1","1","1","1","1","1","1","1","1","1","1","1","1","1","1","1","1","1","1","1","1","1","1","0","12月31日 12月30日 12月29日 8月16日 8月15日 8月14日 1月4日 1月3日 1月2日 1月1日","","原データ"
"3933395601120","どい歯科クリニック","ドイシカクリニック","どい歯科クリニック","ドイシカクリニック","Doi Dental Clinic","3","39","412","高知県高岡郡四万十町北琴平町１２－２９",33.214511,133.136792,"","1","1","1","1","1","0","0","1","1","1","1","1","0","0","1","1","1","1","1","0","0","1","1","1","1","1","0","0","1","1","1","1","1","0","0","1","1","1","1","1","0","0","0","12月31日 12月30日 1月3日 1月2日 1月1日","","原データ"
"3933395601250","医療法人善佳会いわさき歯科","イリョウホウジンゼンカカイイワサキシカ","いわさき歯科","イワサキシカ","Iwasaki Dental Clinic","3","39","412","高知県高岡郡四万十町大正４６０番地８",33.198687,132.974351,"","1","1","1","1","1","0","0","1","1","1","1","1","0","0","1","1","1","1","1","0","0","1","1","1","1","1","0","0","1","1","1","1","1","0","0","1","1","1","1","1","0","0","0","12月31日 12月30日 12月29日 8月16日 8月15日 8月14日 1月3日 1月2日 1月1日","","原データ"
"3933395601380","こうなん歯科","コウナンシカ","こうなん歯科","コウナンシカ","Kohnan Dental Clinic","3","39","412","高知県高岡郡四万十町榊山町",33.212436,133.13949,"","1","1","1","0","1","1","0","1","1","1","0","1","1","0","1","1","1","0","1","1","0","1","1","1","0","1","1","0","1","1","1","0","1","1","0","1","1","1","0","1","1","0","0","12月31日 12月30日 12月29日 8月15日 8月14日 8月13日 8月12日 1月4日 1月3日 1月2日 1月1日","","原データ"
"3933395601410","小畠　歯科医院","コバタシカイイン","小畠歯科医院","コバタシカイイン","KOBATA Shikaiin","3","39","412","高知県高岡郡四万十町琴平町１４－３５",33.212702,133.136107,"","1","1","1","0","1","1","0","1","1","1","0","1","1","0","1","1","1","0","1","1","0","1","1","1","0","1","1","0","1","1","1","0","1","1","0","1","1","1","0","1","1","0","0","12月28日 12月29日 12月30日 12月31日 1月1日 1月2日 1月3日 1月4日 1月5日","","原データ"
"3933395601540","かつみ歯科","カツミシカ","かつみ歯科","カツミシカ","katsumi Dental Clinic","3","39","412","高知県高岡郡四万十町仁井田１２２３－１",33.243767,133.161138,"","1","1","1","1","1","1","0","1","1","1","1","1","1","0","1","1","1","0","1","1","0","1","1","1","1","1","1","0","1","1","1","0","1","1","0","1","1","1","1","1","1","0","0","GW,お盆期間、年末年始4","","原データ"
"3933395700720","中内歯科診療所","ナカウチシカシンリョウジョ","中内歯科","ナカウチシカ","Nakauchi Shika","3","39","387","高知県吾川郡仁淀川町森２５７７－１８",33.53558,133.129377,"","1","1","1","1","1","1","0","1","1","1","1","1","1","0","1","1","1","1","1","1","0","1","1","1","1","1","1","0","1","1","1","1","1","1","0","1","1","1","1","1","1","0","0","12月30日 12月31日 1月1日 1月2日 1月3日 12月24日 12月29日","","原データ"
"3933395700980","岡林歯科医院","オカバヤシ　シカイイン","岡林歯科","オカバヤシシカ","Okabayashi Dental Clinic","3","39","402","高知県高岡郡佐川町乙１８３９－１",33.507162,133.282507,"","1","1","1","1","1","1","0","1","1","1","1","1","1","0","1","1","1","1","1","1","0","1","1","1","1","1","1","0","1","1","1","1","1","1","0","1","1","1","1","1","1","0","0","12月30日 12月31日 1月1日 1月2日 1月3日 1月4日 8月11日 8月12日 8月13日","","原データ"
"3933395701310","日高歯科","ヒダカシカ","日高歯科","ヒダカシカ","hidakasika","3","39","410","高知県高岡郡日高村本郷２３１－２",,,"","1","1","1","0","1","1","0","1","1","1","1","1","1","1","1","1","1","1","1","1","1","1","1","1","1","1","1","1","1","1","1","1","1","1","1","1","1","1","1","1","1","1","0","","空欄にした: 緯度経度 0.0, 0.0（元データに座標が無い。位置レベル8の住所の点が無い）",""
"3933395701600","嶋崎歯科医院","シマサキシカイイン","嶋崎歯科医院","シマサキシカイイン","shimasaki dental clinic","3","39","402","高知県高岡郡佐川町乙１８７０－２",33.509251,133.284374,"","1","1","1","0","1","1","0","1","1","1","1","1","1","1","1","1","1","1","1","1","1","1","1","1","1","1","1","1","1","1","1","1","1","1","1","1","1","1","1","1","1","1","0","12月31日 12月30日 1月3日 1月2日 1月1日","","原データ"
"3933395800620","西川歯科診療所","ニシガワシカシンリョウショ","西川歯科","ニシガワシカ","Nishigawa Shika Shinryosho","3","39","363","高知県土佐郡土佐町田井１３７０－９",33.748138,133.557053,"","1","1","1","1","1","1","0","1","1","1","1","1","1","0","1","1","1","1","1","0","0","1","1","1","1","1","1","0","1","1","1","1","1","1","0","1","1","1","1","1","1","0","0","12月29日、12月30日、12月31日、1月1日、1月2日、1月3日、3月30日、3月31日、4月30日、5月1日、5月2日","","原データ"
"3933395800880","秋山歯科診療所","アキヤマシカシンリョウショ","秋山歯科","アキヤマシカシンリョウショ","AKIYAMA DENNTAL  CLINIC","3","39","344","高知県長岡郡大豊町川口１９１９－１",33.772097,133.658608,"","1","1","1","0","1","1","0","1","1","1","0","1","1","0","1","1","1","0","1","1","0","1","1","1","0","1","1","0","1","1","1","0","1","1","0","1","1","1","0","1","1","0","0","土曜日午後　12月29日 12月30日 12月31日 1月1日 1月2日 1月3日 8月13日 8月14日 8月15日","","原データ"
"3933395900230","村戸歯科診療所","ムラトシカシンリョウショ","村戸歯科","ムラトシカ","Murato Shika","3","39","202","高知県室戸市吉良川町甲２７８９",33.331737,134.099001,"","1","1","1","1","1","1","0","","","","","","","","","","","","","","","","","","","","","","","","","","","","","","","","","","","","0","12月29日、12月30日、12月31日、1月1日、1月2日、1月3日、8月14日、8月15日（改行）土曜午後、祝日がない週木曜午後休診","","原データ"
"3933395900520","浮津松本歯科クリニック","ウキツマツモトシカクリニック","松本歯科クリニック","マツモトシカクリニック","Ukitsu Matsumoto Dental Clinic","3","39","202","高知県室戸市浮津二番町１２４",33.292136,134.144944,"","1","1","1","0","1","1","0","1","1","1","0","1","1","0","1","1","1","0","1","1","0","1","1","1","0","1","1","0","1","1","1","0","1","1","0","1","1","1","0","1","1","0","0","12月29日 12月30日 12月31日 1月1日 1月2日 1月3日 8月15日","疑い: 木 曜日フラグは休みだが時刻が入っている","原データ"
"3933395900780","医療法人展久会東洋歯科クリニック","イリョウホウジン　ノブヒサカイ　トウヨウシカクリニック","東洋歯科クリニック","トウヨウシカクリニック","ToYo Dental Clinic","3","39","301","高知県安芸郡東洋町大字　河内１５１－１",33.546712,134.293155,"","1","1","1","1","1","1","0","0","1","1","1","1","1","0","1","1","1","1","1","0","0","1","1","1","1","1","1","0","1","1","1","1","1","0","0","1","1","1","1","1","1","0","0","8月13日 8月14日 8月15日 12月29日 12月30日 12月31日 1月1日 1月2日 1月3日 1月4日","","原データ"
"3933395900940","山下歯科医院","ヤマシタシカイイン","山下歯科","ヤマシタシカ","Yamashita Dental Clinic","3","39","202","高知県室戸市羽根町乙１２７１－１",33.367011,134.058729,"","1","1","1","1","1","1","0","1","1","1","1","1","1","0","1","1","1","1","1","1","0","1","1","1","1","1","1","0","1","1","1","1","1","1","0","1","1","1","1","1","1","0","0","12月31日 12月30日 8月16日 8月15日 8月14日 1月4日 1月3日 1月2日 1月1日","","原データ"
"3933395901110","松本歯科診療所","マツモトシカシンリョウジョ","松本歯科診療所","マツモトシカシンリョウジョ","Matsumoto Shika Shinryosho","3","39","202","高知県室戸市吉良川町甲２８２６",33.331683,134.097849,"","1","1","1","1","1","1","0","1","1","1","1","1","1","0","1","1","1","1","1","1","0","1","1","1","1","1","1","0","1","1","1","1","1","1","0","1","1","1","1","1","1","0","0","","","原データ"
"3933396000300","安岡歯科診療所","ヤスオカシカシンリョウショ","安岡歯科","ヤスオカシカ","Yasuoka Shika","3","39","209","高知県土佐清水市下ノ加江２１６番地",32.865632,132.955211,"","1","1","1","1","1","1","0","1","1","1","1","1","1","1","1","1","1","1","1","1","1","1","1","1","1","1","1","1","1","1","1","1","1","1","1","1","1","1","1","1","1","1","0","12月29日 12月30日 12月31日 1月1日 1月2日 1月3日","","原データ"
"3933396000560","大西歯科医院","オオニシシカイイン","大西歯科","オオニシシカ","Onishi Shika","3","39","209","高知県土佐清水市寿町１－６－１",32.779583,132.953125,"","1","1","1","1","1","1","0","1","1","1","1","1","1","0","1","1","1","1","1","1","0","1","1","1","1","1","1","0","1","1","1","1","1","1","0","1","1","1","1","1","1","0","0","12月31日 12月30日 1月3日 1月2日 1月1日","","原データ"
"3933396000720","植垣歯科","ウエガキシカ","植垣歯科","ウエガキシカ","uegakishika","3","39","209","高知県土佐清水市天神町１３－１",32.778794,132.948506,"https://uegaki-dental.com/","1","1","1","0","1","1","0","1","1","1","1","1","1","1","1","1","1","1","1","1","1","1","1","1","1","1","1","1","1","1","1","1","1","1","1","1","1","1","1","1","1","1","0","12月31日 12月30日 1月3日 1月2日 1月1日 8月13日 8月14日 8月15日","","原データ"
"3933396000850","幸歯科医院","ユキシカイイン","幸歯科医院","ユキシカイイン","Yuki Shikaiin","3","39","209","高知県土佐清水市栄町２ー１４",32.778165,132.954133,"","1","1","1","1","1","1","0","1","1","1","1","1","0","1","1","1","1","1","1","1","1","1","1","1","1","1","0","1","1","1","1","1","1","1","1","1","1","1","1","1","1","1","0","12月30日 12月31日 1月1日 1月2日 1月3日 1月4日","","原データ"
"3933396100330","葉やまの歯いしゃさん","ハヤマノハイシャサン","葉やまの歯いしゃさん","ハヤマノハイシャサン","Hayamanohaishasan","3","39","411","高知県高岡郡津野町姫野々４００－３",33.439753,133.214669,"","1","1","1","0","1","1","0","1","1","1","0","1","1","0","1","1","1","0","1","1","0","1","1","1","0","1","1","0","1","1","1","0","1","1","0","1","1","1","0","1","1","0","0","12月30日 12月31日 1月1日 1月2日 1月3日","","原データ"
"3933396100460","きらり歯科医院","キラリシカイイン","きらり歯科医院","キラリシカイイン","KIRARI SHIKAIIN","3","39","401","高知県高岡郡中土佐町久礼２０９８－１",33.333408,133.222283,"http://kirari-shika.jp/","1","1","1","1","1","1","0","1","1","1","1","1","1","0","1","1","1","1","1","1","0","1","1","1","1","1","1","0","1","1","1","1","1","1","0","1","1","1","1","1","1","0","0","12月30日 12月31日 1月1日 1月2日 1月3日","","原データ"
"3933396200100","ながの歯科","ナガノシカ","ながの歯科","ナガノシカ","Nagano Dental Clinic","3","39","211","高知県香南市夜須町坪井４３１－１",33.536436,133.753311,"","1","1","1","1","1","1","0","1","1","1","1","1","1","1","1","1","1","1","1","1","1","1","1","1","1","1","1","1","1","1","1","1","1","1","1","1","1","1","1","1","1","1","0","12月31日 12月30日 1月3日 1月2日 1月1日","","原データ"
"3933396200360","間島歯科医院","マシマシカイイン","間島歯科医院","マシマシカイイン","MASHIMA DENTAL OFFICE","3","39","204","高知県南国市植野１７４−８",33.619196,133.643217,"http://mashimadental.com","1","1","1","0","1","1","0","1","1","1","1","1","1","1","1","1","1","1","1","1","1","1","1","1","1","1","1","1","1","1","1","1","1","1","1","1","1","1","1","1","1","1","0","12月29日 12月30日 12月31日 1月1日 1月2日 1月3日","","原データ"
"3933396200490","米田歯科","ヨネダシカ","米田歯科","ヨネダシカ","Yoneda Dental Clinic","3","39","204","高知県南国市緑ケ丘１丁目１１０５－１",33.533351,133.611524,"","1","1","1","0","1","1","0","1","1","1","1","1","1","1","1","1","1","1","1","1","1","1","1","1","1","1","1","1","1","1","1","1","1","1","1","1","1","1","1","1","1","1","0","12月31日 12月30日 12月29日 1月3日 1月2日 1月1日","","原データ"
"3933396200520","池田歯科クリニック","イケダシカクリニック","池田歯科","イケダシカ","Ikeda Dental Clinic","3","39","211","高知県香南市野市町土居１５１５－２",33.559794,133.721603,"","1","1","1","0","1","1","0","1","1","1","1","1","1","1","1","1","1","1","1","1","1","1","1","1","1","1","1","1","1","1","1","1","1","1","1","1","1","1","1","1","1","1","0","12月31日 12月30日 12月29日 1月3日 1月2日 1月1日","","原データ"
"3933396200650","あけぼの街道　佐々木歯科医院","アケボノカイドウ　ササキシカイイン","あけぼの街道　佐々木歯科","アケボノカイドウ　ササキシカ","Akebonokaidou Sasaki Dental Clinic","3","39","212","高知県香美市土佐山田町４８２の３",33.608232,133.682087,"","1","1","1","1","1","1","0","1","1","1","1","1","1","0","1","1","1","1","1","1","0","1","1","1","1","1","1","0","1","1","1","1","1","1","0","1","1","1","1","1","1","0","0","12月31日 12月30日 1月3日 1月2日 1月1日 12月29日","","原データ"
"3933396200780","ながやま歯科医院","ナガヤマシカイイン","ながやま歯科","ナガヤマシカ","Nagayama Dental  Clinic","3","39","211","高知県香南市野市町みどり野３－５８－１",33.564973,133.715787,"","1","1","0","1","1","1","0","","","","","","","","","","","","","","","","","","","","","","","","","","","","","","","","","","","","0","12月30日 12月31日 1月1日 1月2日 1月3日 8月12日 8月13日 8月14日 8月15日","疑い: 水 曜日フラグは休みだが時刻が入っている","原データ"
"3933396200810","山本歯科医院","ヤマモトシカイイン","山本歯科","ヤマモトシカ","Yamamoto Dental Clinic","3","39","212","高知県香美市土佐山田町４６１－５",33.607863,133.679404,"https://www.yamamotoshikaiin.net","1","1","1","1","1","1","0","1","1","1","1","1","1","1","1","1","1","1","1","1","1","1","1","1","1","1","1","1","1","1","1","1","1","1","1","1","1","1","1","1","1","1","0","12月31日 12月30日 8月11日 8月10日 1月3日 1月2日 1月1日","","原データ"
"3933396200940","岡田歯科","オカダシカ","岡田歯科","オカダシカ","OKADA Dental Clinic","3","39","204","高知県南国市小籠８５３－６",33.577292,133.62926,"","1","1","1","0","1","1","0","1","1","1","0","1","1","0","1","1","1","0","1","1","0","1","1","1","0","1","1","0","1","1","1","0","1","1","0","1","1","1","0","1","1","0","0","12月31日 12月30日 1月3日 1月2日 1月1日","","原データ"
"3933396201110","辻益デンタルクリニック","ツジマスデンタルクリニック","辻益デンタル","ツジマスデンタル","Tsujimasu Dental Clinic","3","39","341","高知県長岡郡本山町本山６２０",33.759785,133.588056,"","1","1","1","1","1","1","0","1","1","1","1","1","1","1","1","1","1","1","1","1","1","1","1","1","1","1","1","1","1","1","1","1","1","1","1","1","1","1","1","1","1","1","0","12月31日 12月30日 1月3日 1月2日 1月1日 12月24日","","原データ"
"3933396201370","医療法人　かにたに歯科","イリョウホウジン　カニタニシカ","かにたに歯科","カニタニシカ","","3","39","204","高知県南国市大そね甲７６５－１",,,"","1","1","1","0","1","1","0","1","1","1","0","1","1","0","1","1","1","0","1","1","0","1","1","1","0","1","1","0","1","1","1","0","1","1","0","1","1","1","0","1","1","0","0","12月29日12月30日 12月31日 1月1日 1月2日 1月3日","空欄にした: 緯度経度 0.0, 0.0（元データに座標が無い。位置レベル8の住所の点が無い）",""
"3933396201400","医療法人　山北歯科診療所","イリョウホウジン　ヤマキタシカシンリョウショ","山北歯科診療所","イリョウホウジン　ヤマキタシカシンリョウショ","YamakitaShikaShinryosyo","3","39","211","高知県香南市香我美町山北２８３３",33.58403,133.746314,"","1","1","1","1","1","0","0","1","1","1","1","1","0","0","1","1","1","1","1","0","0","1","1","1","1","1","0","0","1","1","1","1","1","0","0","1","1","1","1","1","0","0","0","12月29日 12月30日 12月31日 1月1日 1月2日 1月3日 1月4日","","原データ"
"3933396201530","かぎやまデンタルクリニック","カギヤマデンタルクリニック","かぎやまデンタルクリニック","カギヤマデンタルクリニック","","3","39","212","高知県香美市土佐山田町宝町１丁目１－２５",33.604312,133.684939,"https://kagiyama-dc.com/","1","1","1","0","1","1","0","1","1","1","1","1","1","1","1","1","1","1","1","1","1","1","1","1","1","1","1","1","1","1","1","1","1","1","1","1","1","1","1","1","1","1","0","12月29日 12月30日 12月31日 1月1日 1月2日 1月3日","","原データ"
"3933396201660","医療法人くずめ会　楠目歯科診療所","イリョウホウジンクズメカイ　クズメシカシンリョウショ","楠目歯科診療所","クズメシカシンリョウショ","kuzumesikasinnryousho","3","39","212","高知県香美市土佐山田町楠目",33.609012,133.700387,"","1","1","1","0","1","1","0","1","1","1","1","1","1","1","1","1","1","1","1","1","1","1","1","1","1","1","1","1","1","1","1","1","1","1","1","1","1","1","1","1","1","1","0","12月29日 12月30日 12月31日 1月1日 1月2日 1月3日","","原データ"
"3933396201820","塩田歯科","シオタシカ","塩田歯科","シオタシカ","Shiota Dental Clinic","3","39","205","高知県土佐市高岡町乙３５２３－６",,,"","1","1","1","1","1","0","0","1","1","1","1","1","1","1","1","1","1","1","1","1","1","1","1","1","1","1","1","1","1","1","1","1","1","1","1","1","1","1","1","1","1","1","0","8月12日 8月13日 12月30日 12月31日 1月1日 1月2日 1月3日 12月29日","空欄にした: 緯度経度 0.0, 0.0（元データに座標が無い。位置レベル8の住所の点が無い）",""
"3933396201950","やまもも歯科クリニック","ヤマモモシカクリニック","やまもも歯科クリニック","ヤマモモシカクリニック","yamamomo dental clinic","3","39","204","高知県南国市十市１７７０－４",33.528669,133.624413,"","1","1","0","1","1","1","0","1","1","1","1","1","1","1","1","1","1","1","1","1","1","1","1","1","1","1","1","1","1","1","1","1","1","1","1","1","1","1","1","1","1","1","0","12月29日 12月30日 12月31日 1月1日 1月2日 1月3日","","原データ"
"3933396202120","どんぐり歯科","ドングリシカ","どんぐり歯科","ドングリシカ","","3","39","211","高知県香南市野市町西野２２７－１",33.573124,133.696841,"","1","1","1","1","1","1","0","1","1","1","1","1","1","0","1","1","1","1","1","1","0","1","1","1","1","1","1","0","1","1","1","1","1","1","0","1","1","1","1","1","1","0","0","12月29日 12月30日 12月31日 1月1日 1月2日 1月3日","","原データ"
"3933396202380","医療法人健仁会　小松歯科","イリョウホウジンケンジンカイ　コマツシカ","小松歯科","コマツシカ","Komatsu Dental Clinic","3","39","212","高知県香美市土佐山田町百石町１丁目６番１２号",33.607953,133.693844,"","1","1","1","0","1","1","0","1","1","1","1","1","1","1","1","1","1","1","1","1","1","1","1","1","1","1","1","1","1","1","1","1","1","1","1","1","1","1","1","1","1","1","0","12月29日 12月30日 12月31日 1月1日 1月2日 1月3日","","原データ"
"3933396202700","医療法人善哉会　おなが通り歯科","イリョウホウジンゼンザイカイ　オナガドオリシカ","おなが通り歯科","オナガドオリシカ","Onagadoori shika","3","39","204","高知県南国市篠原１７０４－１",33.574654,133.636547,"http://www.onagadorishika.com/","1","1","1","1","1","1","0","1","1","1","1","1","1","0","1","1","1","1","1","1","0","1","1","1","1","1","1","0","1","1","1","1","1","1","0","1","1","1","1","1","1","0","0","8月12日 8月13日 8月14日 8月15日 12月29日 12月30日 12月31日 1月1日 1月2日 1月3日","","原データ"
"3933396202830","きよおか歯科","キヨオカシカ","きよおか歯科","キヨオカシカ","kiyooka dental clinic","3","39","204","高知県南国市篠原１２０－１２",33.560914,133.531543,"","1","1","1","0","1","1","0","1","1","1","1","1","1","1","1","1","1","1","1","1","1","1","1","1","1","1","1","1","1","1","1","1","1","1","1","1","1","1","1","1","1","1","0","12月31日 1月2日 1月3日 1月4日 1月5日 12月24日 8月11日 8月12日","","原データ"
"3933396203420","まよデンタルクリニック","マヨデンタルクリニック","まよデンタルクリニック","マヨデンタルクリニック","","3","39","211","高知県香南市野市町東野１６４８－８",,,"","1","1","1","0","1","1","0","1","1","1","1","1","1","1","1","1","1","1","1","1","1","1","1","1","1","1","1","1","1","1","1","1","1","1","1","1","1","1","1","1","1","1","1","","空欄にした: 緯度経度 0.0, 0.0（元データに座標が無い。位置レベル8の住所の点が無い）",""
"3933396203550","くにとう歯科医院","クニトウシカイイン","","","KUNITOUSHIKAIIN","3","39","204","高知県南国市大そね甲９５３－１",33.567152,133.649919,"","1","1","0","1","1","1","0","","","","","","","","","","","","","","","","","","","","","","","","","","","","","","","","","","","","0","","","原データ"
"3933396300010","まつおか歯科","マツオカシカ","まつおか歯科","マツオカシカ","Matsuoka Shika","3","39","201","高知県高知市中万々１８４－９",33.569333,133.515332,"http://nttbj.itp.ne.jp/0888754180/index.html","1","1","1","0","1","1","0","1","1","1","1","1","1","1","1","1","1","1","1","1","1","1","1","1","1","1","1","1","1","1","1","1","1","1","1","1","1","1","1","1","1","1","1","12月31日 12月30日 1月3日 1月2日 1月1日","","原データ"
"3933396300030","長岡歯科医院","ナガオカ　シカイイン","長岡歯科","ナガオカ　シカ","Nagaoka Shika","3","39","211","高知県香南市野市町西野６５２－２０",33.566668,133.696769,"","1","1","0","1","1","1","0","1","1","0","1","1","1","0","1","1","0","1","1","1","0","1","1","0","1","1","1","0","1","1","0","1","1","1","0","1","1","0","1","1","1","0","0","12月31日 12月24日 12月29日","","原データ"
"3933396300040","森歯科医院","モリシカイイン","森歯科医院","モリシカイイン","Mori Shika Shinryosho","3","39","386","高知県吾川郡いの町１７００",33.548641,133.427682,"","1","0","1","0","0","0","0","1","1","1","1","1","1","1","1","1","1","1","1","1","1","1","1","1","1","1","1","1","1","1","1","1","1","1","1","1","1","1","1","1","1","1","0","12月31日 12月30日 12月29日 1月3日 1月2日 1月1日","","原データ"
"3933396300390","森本歯科","モリモトシカ","森本歯科","モリモトシカ","MORIMOTO  SHIKA","3","39","201","高知県高知市春野町弘岡下３９９３－９",33.558644,133.531282,"","1","1","1","0","1","1","0","1","1","1","0","1","1","0","1","1","1","0","1","1","0","1","1","1","0","1","1","0","1","1","1","0","1","1","0","1","1","1","0","1","1","0","0","12月29日30日 12月31日 1月1日 1月2日 1月3日（改行）お盆休み２日あり（山の日前後）","","原データ"
"3933396300420","谷歯科医院","タニシカイイン","谷歯科医院","タニシカイイン","Tani Dental Clinic","3","39","201","高知県高知市春野町芳原字松ヶ内７９１－１",,,"","1","1","1","0","1","1","0","1","1","1","1","1","1","1","1","1","1","1","1","1","1","1","1","1","1","1","1","1","1","1","1","1","1","1","1","1","1","1","1","1","1","1","0","","空欄にした: 緯度経度 0.0, 0.0（元データに座標が無い。位置レベル8の住所の点が無い）",""
"3933396300550","片岡歯科","カタオカシカ","片岡歯科","カタオカシカ","Kataoka Shika","3","39","386","高知県吾川郡いの町上八川甲１９４１ー４",33.646024,133.340152,"","1","1","1","1","1","1","0","1","1","1","1","1","1","0","1","1","1","1","1","1","0","1","1","1","1","1","1","0","1","1","1","1","1","1","0","1","1","1","1","1","1","0","0","12月31日 1月1日 1月2日 1月3日 8月8日 8月9日 8月10日 8月11日","","原データ"
"3933396300680","はやかわ歯科医院","ハヤカワシカイイン","はやかわ歯科医院","ハヤカワシカイイン","hayakawasikaiin","3","39","402","高知県高岡郡佐川町甲８５３－１",,,"","1","1","0","1","1","1","0","1","1","1","1","1","1","1","1","1","1","1","1","1","1","1","1","1","1","1","1","1","1","1","1","1","1","1","1","1","1","1","1","1","1","1","0","12月30日 12月31日 1月1日 1月2日 1月3日","空欄にした: 緯度経度 0.0, 0.0（元データに座標が無い。位置レベル8の住所の点が無い）",""
"3933396300840","ふくしまデンタルクリニック","フクシマデンタルクリニック","ふくしまデンタルクリニック","フクシマデンタルクリニック","Fukushima Dental Clinic","3","39","205","高知県土佐市高岡町乙",33.498926,133.421434,"","1","1","1","0","1","1","0","1","1","1","1","1","1","1","1","1","1","1","1","1","1","1","1","1","1","1","1","1","1","1","1","1","1","1","1","1","1","1","1","1","1","1","0","","","原データ"
"3933396310330","おかだ歯科クリニック","オカダシカクリニック","おかだ歯科クリニック","オカダシカクリニック","Okada  Dental  Clinic","3","39","201","高知県高知市新本町２丁目１９番２号",33.569962,133.544219,"http://www.0888755181.com/","1","1","1","1","1","1","0","1","1","1","1","1","1","0","1","1","1","1","1","1","0","1","1","1","1","1","1","0","1","1","1","1","1","1","0","1","1","1","1","1","1","0","0","12月31日 12月30日 8月16日 8月15日 8月14日 8月13日 8月12日 1月3日 1月2日 1月1日","","原データ"
"3933396400290","医療法人彩光会安芸やまもと歯科","イリョウホウジン　サイコウカイ　アキヤマモトシカ","安芸やまもと歯科","アキヤマモトシカ","","3","39","203","高知県安芸市東浜",,,"https://www.aki-yamamotoshika.com","1","1","1","0","1","1","0","1","1","1","1","1","1","0","1","1","1","1","1","1","0","1","1","1","1","1","1","0","1","1","1","1","1","1","0","1","1","1","1","1","1","0","0","GW,お盆","空欄にした: 緯度経度 0.0, 0.0（元データに座標が無い。位置レベル8の住所の点が無い）",""
"3933930138643","そらいろ歯科","ソライロシカ","","","","3","39","201","高知県高知市廿代町１５−２０ダイアパレス第２−１０１",33.563179265,133.537611107,"","","","","","","","","","","","","","","","","","","","","","","","","","","","","","","","","","","","","","","","","","","","","","書き換えた: 緯度経度 0.0, 0.0 → 住居表示の点（元データに座標が無い）","住居表示"
"393fi108351","本田歯科","ホンダシカ","","","","3","39","210","高知県四万十市中村本町１－４",,,"","1","1","1","1","1","1","0","","","","","","","","","","","","","","","","","","","","","","","","","","","","","","","","","","","","0","","空欄にした: 緯度経度 0.0, 0.0（元データに座標が無い。位置レベル8の住所の点が無い）",""
