"ID","診療科目コード","診療科目名","診療時間帯","月_診療開始時間","月_診療終了時間","火_診療開始時間","火_診療終了時間","水_診療開始時間","水_診療終了時間","木_診療開始時間","木_診療終了時間","金_診療開始時間","金_診療終了時間","土_診療開始時間","土_診療終了時間","日_診療開始時間","日_診療終了時間","祝_診療開始時間","祝_診療終了時間","月_外来受付開始時間","月_外来受付終了時間","火_外来受付開始時間","火_外来受付終了時間","水_外来受付開始時間","水_外来受付終了時間","木_外来受付開始時間","木_外来受付終了時間","金_外来受付開始時間","金_外来受付終了時間","土_外来受付開始時間","土_外来受付終了時間","日_外来受付開始時間","日_外来受付終了時間","祝_外来受付開始時間","祝_外来受付終了時間","注記"
"3933390000000","08001","歯科","1","","","","","","","09:30","12:00","","","10:00","12:00","09:00","15:00","09:00","15:00","","","","","","","09:30","12:00","","","10:00","12:00","09:00","15:00","09:00","15:00",""
"3933390000000","08001","歯科","2","","","","","","","13:00","16:00","","","13:00","16:00","","","","","","","","","","","13:00","16:00","","","13:00","16:00","","","","",""
"3933390000000","08001","歯科","3","","","","","","","","","","","","","","","","","","","","","","","","","","","","","","","","",""
"3933390000000","08991","障害者歯科　休日救急診療","1","","","","","","","","","","","","","","","","","","","","","","","","","","","","","","","","",""
"3933390000000","08991","障害者歯科　休日救急診療","2","","","","","","","","","","","","","","","","","","","","","","","","","","","","","","","","",""
"3933390000000","08991","障害者歯科　休日救急診療","3","","","","","","","","","","","","","","","","","","","","","","","","","","","","","","","","",""
"3933393100430","08001","歯科","1","09:00","12:30","09:00","12:30","09:00","12:30","","","09:00","12:30","09:00","12:30","","","","","","","","","","","","","","","","","","","","","空欄にした: 月_外来受付 00:00-00:00（開始と終了が同じ） / 空欄にした: 火_外来受付 00:00-00:00（開始と終了が同じ） / 空欄にした: 水_外来受付 00:00-00:00（開始と終了が同じ） / 空欄にした: 金_外来受付 00:00-00:00（開始と終了が同じ） / 空欄にした: 土_外来受付 00:00-00:00（開始と終了が同じ）"
"3933393100430","08001","歯科","2","14:00","18:00","14:00","18:00","14:00","18:00","","","14:00","18:00","14:00","18:00","","","","","","","","","","","","","","","","","","","","","空欄にした: 月_外来受付 00:00-00:00（開始と終了が同じ） / 空欄にした: 火_外来受付 00:00-00:00（開始と終了が同じ） / 空欄にした: 水_外来受付 00:00-00:00（開始と終了が同じ） / 空欄にした: 金_外来受付 00:00-00:00（開始と終了が同じ） / 空欄にした: 土_外来受付 00:00-00:00（開始と終了が同じ）"
"3933393100430","08001","歯科","3","","","","","","","","","","","","","","","","","","","","","","","","","","","","","","","","","空欄にした: 月_診療 00:00-00:00（開始と終了が同じ） / 空欄にした: 火_診療 00:00-00:00（開始と終了が同じ） / 空欄にした: 水_診療 00:00-00:00（開始と終了が同じ） / 空欄にした: 金_診療 00:00-00:00（開始と終了が同じ） / 空欄にした: 土_診療 00:00-00:00（開始と終了が同じ） / 空欄にした: 月_外来受付 00:00-00:00（開始と終了が同じ） / 空欄にした: 火_外来受付 00:00-00:00（開始と終了が同じ） / 空欄にした: 水_外来受付 00:00-00:00（開始と終了が同じ） / 空欄にした: 金_外来受付 00:00-00:00（開始と終了が同じ） / 空欄にした: 土_外来受付 00:00-00:00（開始と終了が同じ）"
"3933393100560","08001","歯科","1","09:30","12:30","09:30","12:30","09:30","12:30","","","09:30","12:30","09:30","12:30","","","","","09:30","18:00","09:30","18:00","09:30","18:00","","","09:30","18:00","09:30","18:00","","","","",""
"3933393100560","08001","歯科","2","14:00","18:00","14:00","18:00","14:00","18:00","","","14:00","18:00","14:00","17:00","","","","","","","","","","","","","","","","","","","","","空欄にした: 月_外来受付 00:00-00:00（開始と終了が同じ） / 空欄にした: 火_外来受付 00:00-00:00（開始と終了が同じ） / 空欄にした: 水_外来受付 00:00-00:00（開始と終了が同じ） / 空欄にした: 金_外来受付 00:00-00:00（開始と終了が同じ） / 空欄にした: 土_外来受付 00:00-00:00（開始と終了が同じ）"
"3933393100560","08001","歯科","3","","","","","","","","","","","","","","","","","","","","","","","","","","","","","","","","","空欄にした: 月_診療 00:00-00:00（開始と終了が同じ） / 空欄にした: 火_診療 00:00-00:00（開始と終了が同じ） / 空欄にした: 水_診療 00:00-00:00（開始と終了が同じ） / 空欄にした: 金_診療 00:00-00:00（開始と終了が同じ） / 空欄にした: 土_診療 00:00-00:00（開始と終了が同じ） / 空欄にした: 月_外来受付 00:00-00:00（開始と終了が同じ） / 空欄にした: 火_外来受付 00:00-00:00（開始と終了が同じ） / 空欄にした: 水_外来受付 00:00-00:00（開始と終了が同じ） / 空欄にした: 金_外来受付 00:00-00:00（開始と終了が同じ） / 空欄にした: 土_外来受付 00:00-00:00（開始と終了が同じ）"
"3933393100690","08001","歯科","1","09:00","13:00","09:00","13:00","09:00","13:00","","","09:00","13:00","09:00","13:00","","","","","09:00","13:00","09:00","13:00","09:00","13:00","","","09:00","13:00","09:00","13:00","","","","",""
"3933393100690","08001","歯科","2","14:30","18:30","14:30","18:30","14:30","18:30","","","14:30","18:30","14:30","17:00","","","","","14:30","18:30","14:30","18:30","14:30","18:30","","","14:30","18:30","14:30","17:00","","","","",""
"3933393100690","08001","歯科","3","","","","","","","","","","","","","","","","","","","","","","","","","","","","","","","","",""
"3933393100980","08001","歯科","1","09:30","13:00","09:30","13:00","09:30","13:00","09:30","12:30","09:30","13:00","09:30","12:30","","","","","","","","","","","","","","","","","","","","",""
"3933393100980","08001","歯科","2","14:30","18:30","14:30","18:30","14:30","18:30","","","14:30","18:30","","","","","","","","","","","","","","","","","","","","","","",""
"3933393100980","08001","歯科","3","","","","","","","","","","","","","","","","","","","","","","","","","","","","","","","","",""
"3933393101020","08001","歯科","1","09:00","13:00","09:00","13:00","09:00","12:30","09:00","13:00","09:00","13:00","09:00","13:00","","","","","09:00","13:00","09:00","13:00","09:00","12:30","09:00","13:00","09:00","13:00","09:00","13:00","","","","",""
"3933393101020","08001","歯科","2","14:30","18:30","14:30","18:30","","","14:30","18:30","14:30","18:30","14:30","18:30","","","","","14:30","18:30","14:30","18:30","","","14:30","18:30","14:30","18:30","14:30","18:30","","","","",""
"3933393101020","08001","歯科","3","","","","","","","","","","","","","","","","","","","","","","","","","","","","","","","","",""
"3933393101150","08001","歯科","1","09:00","12:30","09:00","12:30","09:00","12:30","","","09:00","12:30","09:00","12:30","","","","","08:45","12:15","08:45","12:15","08:45","12:15","","","08:45","12:15","08:45","12:15","","","","",""
"3933393101150","08001","歯科","2","14:00","18:00","14:00","18:00","14:00","18:00","","","14:00","18:00","14:00","18:00","","","","","13:45","17:45","13:45","17:45","13:45","17:45","","","13:45","17:45","13:45","17:45","","","","",""
"3933393101150","08001","歯科","3","","","","","","","","","","","","","","","","","","","","","","","","","","","","","","","","",""
"3933393101280","08001","歯科","1","09:00","13:00","09:00","13:00","09:00","13:00","","","09:00","13:00","09:00","13:00","","","","","09:00","12:30","09:00","12:30","09:00","12:30","","","09:00","12:30","09:00","12:30","","","","",""
"3933393101280","08001","歯科","2","14:00","18:00","14:00","18:00","14:00","18:00","","","14:00","18:00","14:00","18:00","","","","","14:00","17:30","14:00","17:30","14:00","17:30","","","14:00","17:30","14:00","17:30","","","","",""
"3933393101280","08001","歯科","3","","","","","","","","","","","","","","","","","","","","","","","","","","","","","","","","",""
"3933393101280","08002","矯正歯科","1","09:00","13:00","09:00","13:00","09:00","13:00","","","09:00","13:00","09:00","13:00","","","","","09:00","12:30","09:00","12:30","09:00","12:30","","","09:00","12:30","09:00","12:30","","","","",""
"3933393101280","08002","矯正歯科","2","14:00","18:00","14:00","18:00","14:00","18:00","","","14:00","18:00","14:00","18:00","","","","","14:00","17:30","14:00","17:30","14:00","17:30","","","14:00","17:30","14:00","17:30","","","","",""
"3933393101280","08002","矯正歯科","3","","","","","","","","","","","","","","","","","","","","","","","","","","","","","","","","",""
"3933393101280","08004","小児歯科","1","09:00","13:00","09:00","13:00","09:00","13:00","","","09:00","13:00","09:00","13:00","","","","","09:00","12:30","09:00","12:30","09:00","12:30","","","09:00","12:30","09:00","12:30","","","","",""
"3933393101280","08004","小児歯科","2","14:00","18:00","14:00","18:00","14:00","18:00","","","14:00","18:00","14:00","18:00","","","","","14:00","17:30","14:00","17:30","14:00","17:30","","","14:00","17:30","14:00","17:30","","","","",""
"3933393101280","08004","小児歯科","3","","","","","","","","","","","","","","","","","","","","","","","","","","","","","","","","",""
"3933393101310","08001","歯科","1","09:30","18:00","09:00","18:00","09:00","18:00","","","09:00","18:00","09:00","18:00","","","","","09:00","18:00","09:00","18:00","09:00","18:00","","","09:00","18:00","09:00","18:00","","","","",""
"3933393101310","08001","歯科","2","","","","","","","","","","","","","","","","","","","","","","","","","","","","","","","","",""
"3933393101310","08001","歯科","3","","","","","","","","","","","","","","","","","","","","","","","","","","","","","","","","",""
"3933393101310","08003","歯科口腔外科","1","09:30","18:00","09:00","18:00","09:00","18:00","","","09:00","18:00","09:00","18:00","","","","","09:00","18:00","09:00","18:00","09:00","18:00","","","09:00","18:00","09:00","18:00","","","","",""
"3933393101310","08003","歯科口腔外科","2","","","","","","","","","","","","","","","","","","","","","","","","","","","","","","","","",""
"3933393101310","08003","歯科口腔外科","3","","","","","","","","","","","","","","","","","","","","","","","","","","","","","","","","",""
"3933393101310","08004","小児歯科","1","09:30","18:00","09:00","18:00","09:00","18:00","","","09:00","18:00","09:00","18:00","","","","","09:00","18:00","09:00","18:00","09:00","18:00","","","09:00","18:00","09:00","18:00","","","","",""
"3933393101310","08004","小児歯科","2","","","","","","","","","","","","","","","","","","","","","","","","","","","","","","","","",""
"3933393101310","08004","小児歯科","3","","","","","","","","","","","","","","","","","","","","","","","","","","","","","","","","",""
"3933393101440","08001","歯科","1","09:30","13:00","09:30","13:00","","","09:30","13:00","09:30","13:00","09:30","13:00","","","","","09:30","12:30","09:30","12:30","","","09:30","12:30","09:30","12:30","09:30","12:30","","","","",""
"3933393101440","08001","歯科","2","14:30","19:00","14:30","19:00","","","14:30","19:00","14:30","19:00","14:30","19:00","","","","","14:30","18:30","14:30","18:30","","","14:30","18:30","14:30","18:30","14:30","18:30","","","","",""
"3933393101440","08001","歯科","3","","","","","","","","","","","","","","","","","","","","","","","","","","","","","","","","","空欄にした: 月_診療 00:00-00:00（開始と終了が同じ） / 空欄にした: 火_診療 00:00-00:00（開始と終了が同じ） / 空欄にした: 木_診療 00:00-00:00（開始と終了が同じ） / 空欄にした: 金_診療 00:00-00:00（開始と終了が同じ） / 空欄にした: 土_診療 00:00-00:00（開始と終了が同じ） / 空欄にした: 月_外来受付 00:00-00:00（開始と終了が同じ） / 空欄にした: 火_外来受付 00:00-00:00（開始と終了が同じ） / 空欄にした: 木_外来受付 00:00-00:00（開始と終了が同じ） / 空欄にした: 金_外来受付 00:00-00:00（開始と終了が同じ） / 空欄にした: 土_外来受付 00:00-00:00（開始と終了が同じ）"
"3933393101570","08001","歯科","1","09:00","13:00","09:00","13:00","09:00","13:00","09:00","13:00","09:00","13:00","09:00","13:00","","","","","09:00","12:30","09:00","12:30","09:00","12:30","09:00","12:30","09:00","12:30","09:00","12:30","","","","","疑い: 施設情報のファイルの「毎週決まった曜日に休診（木）」が 0（休診）だが、この行に木曜の診療時間が入っている"
"3933393101570","08001","歯科","2","14:00","18:00","14:00","18:00","14:00","18:00","14:00","18:00","14:00","18:00","14:00","18:00","","","","","14:00","17:30","14:00","17:30","14:00","17:30","14:00","17:30","14:00","17:30","14:00","17:30","","","","","疑い: 施設情報のファイルの「毎週決まった曜日に休診（木）」が 0（休診）だが、この行に木曜の診療時間が入っている"
"3933393101570","08001","歯科","3","","","","","","","","","","","","","","","","","","","","","","","","","","","","","","","","","空欄にした: 月_診療 00:00-00:00（開始と終了が同じ） / 空欄にした: 火_診療 00:00-00:00（開始と終了が同じ） / 空欄にした: 水_診療 00:00-00:00（開始と終了が同じ） / 空欄にした: 木_診療 00:00-00:00（開始と終了が同じ） / 空欄にした: 金_診療 00:00-00:00（開始と終了が同じ） / 空欄にした: 土_診療 00:00-00:00（開始と終了が同じ） / 空欄にした: 月_外来受付 00:00-00:00（開始と終了が同じ） / 空欄にした: 火_外来受付 00:00-00:00（開始と終了が同じ） / 空欄にした: 水_外来受付 00:00-00:00（開始と終了が同じ） / 空欄にした: 木_外来受付 00:00-00:00（開始と終了が同じ） / 空欄にした: 金_外来受付 00:00-00:00（開始と終了が同じ） / 空欄にした: 土_外来受付 00:00-00:00（開始と終了が同じ）"
"3933393101570","08002","矯正歯科","1","09:00","13:00","09:00","13:00","09:00","13:00","09:00","13:00","09:00","13:00","09:00","13:00","","","","","09:00","12:30","09:00","12:30","09:00","12:30","09:00","12:30","09:00","12:30","09:00","12:30","","","","","疑い: 施設情報のファイルの「毎週決まった曜日に休診（木）」が 0（休診）だが、この行に木曜の診療時間が入っている"
"3933393101570","08002","矯正歯科","2","14:00","18:00","14:00","18:00","14:00","18:00","14:00","18:00","14:00","18:00","14:00","18:00","","","","","14:00","17:30","14:00","17:30","14:00","17:30","14:00","17:30","14:00","17:30","14:00","17:30","","","","","疑い: 施設情報のファイルの「毎週決まった曜日に休診（木）」が 0（休診）だが、この行に木曜の診療時間が入っている"
"3933393101570","08002","矯正歯科","3","","","","","","","","","","","","","","","","","","","","","","","","","","","","","","","","","空欄にした: 月_診療 00:00-00:00（開始と終了が同じ） / 空欄にした: 火_診療 00:00-00:00（開始と終了が同じ） / 空欄にした: 水_診療 00:00-00:00（開始と終了が同じ） / 空欄にした: 木_診療 00:00-00:00（開始と終了が同じ） / 空欄にした: 金_診療 00:00-00:00（開始と終了が同じ） / 空欄にした: 土_診療 00:00-00:00（開始と終了が同じ） / 空欄にした: 月_外来受付 00:00-00:00（開始と終了が同じ） / 空欄にした: 火_外来受付 00:00-00:00（開始と終了が同じ） / 空欄にした: 水_外来受付 00:00-00:00（開始と終了が同じ） / 空欄にした: 木_外来受付 00:00-00:00（開始と終了が同じ） / 空欄にした: 金_外来受付 00:00-00:00（開始と終了が同じ） / 空欄にした: 土_外来受付 00:00-00:00（開始と終了が同じ）"
"3933393101570","08003","歯科口腔外科","1","09:00","13:00","09:00","13:00","09:00","13:00","09:00","13:00","09:00","13:00","09:00","13:00","","","","","09:00","12:30","09:00","12:30","09:00","12:30","09:00","12:30","09:00","12:30","09:00","12:30","","","","","疑い: 施設情報のファイルの「毎週決まった曜日に休診（木）」が 0（休診）だが、この行に木曜の診療時間が入っている"
"3933393101570","08003","歯科口腔外科","2","14:00","18:00","14:00","18:00","14:00","18:00","14:00","18:00","14:00","18:00","14:00","18:00","","","","","14:00","17:30","14:00","17:30","14:00","17:30","14:00","17:30","14:00","17:30","14:00","17:30","","","","","疑い: 施設情報のファイルの「毎週決まった曜日に休診（木）」が 0（休診）だが、この行に木曜の診療時間が入っている"
"3933393101570","08003","歯科口腔外科","3","","","","","","","","","","","","","","","","","","","","","","","","","","","","","","","","","空欄にした: 月_診療 00:00-00:00（開始と終了が同じ） / 空欄にした: 火_診療 00:00-00:00（開始と終了が同じ） / 空欄にした: 水_診療 00:00-00:00（開始と終了が同じ） / 空欄にした: 木_診療 00:00-00:00（開始と終了が同じ） / 空欄にした: 金_診療 00:00-00:00（開始と終了が同じ） / 空欄にした: 土_診療 00:00-00:00（開始と終了が同じ） / 空欄にした: 月_外来受付 00:00-00:00（開始と終了が同じ） / 空欄にした: 火_外来受付 00:00-00:00（開始と終了が同じ） / 空欄にした: 水_外来受付 00:00-00:00（開始と終了が同じ） / 空欄にした: 木_外来受付 00:00-00:00（開始と終了が同じ） / 空欄にした: 金_外来受付 00:00-00:00（開始と終了が同じ） / 空欄にした: 土_外来受付 00:00-00:00（開始と終了が同じ）"
"3933393101570","08004","小児歯科","1","09:00","13:00","09:00","13:00","09:00","13:00","09:00","13:00","09:00","13:00","09:00","13:00","","","","","09:00","12:30","09:00","12:30","09:00","12:30","09:00","12:30","09:00","12:30","09:00","12:30","","","","","疑い: 施設情報のファイルの「毎週決まった曜日に休診（木）」が 0（休診）だが、この行に木曜の診療時間が入っている"
"3933393101570","08004","小児歯科","2","14:00","18:00","14:00","18:00","14:00","18:00","14:00","18:00","14:00","18:00","14:00","18:00","","","","","14:00","17:30","14:00","17:30","14:00","17:30","14:00","17:30","14:00","17:30","14:00","17:30","","","","","疑い: 施設情報のファイルの「毎週決まった曜日に休診（木）」が 0（休診）だが、この行に木曜の診療時間が入っている"
"3933393101570","08004","小児歯科","3","","","","","","","","","","","","","","","","","","","","","","","","","","","","","","","","","空欄にした: 月_診療 00:00-00:00（開始と終了が同じ） / 空欄にした: 火_診療 00:00-00:00（開始と終了が同じ） / 空欄にした: 水_診療 00:00-00:00（開始と終了が同じ） / 空欄にした: 木_診療 00:00-00:00（開始と終了が同じ） / 空欄にした: 金_診療 00:00-00:00（開始と終了が同じ） / 空欄にした: 土_診療 00:00-00:00（開始と終了が同じ） / 空欄にした: 月_外来受付 00:00-00:00（開始と終了が同じ） / 空欄にした: 火_外来受付 00:00-00:00（開始と終了が同じ） / 空欄にした: 水_外来受付 00:00-00:00（開始と終了が同じ） / 空欄にした: 木_外来受付 00:00-00:00（開始と終了が同じ） / 空欄にした: 金_外来受付 00:00-00:00（開始と終了が同じ） / 空欄にした: 土_外来受付 00:00-00:00（開始と終了が同じ）"
"3933393101570","08005","小児矯正歯科","1","09:00","13:00","09:00","13:00","09:00","13:00","09:00","13:00","09:00","13:00","09:00","13:00","","","","","09:00","12:30","09:00","12:30","09:00","12:30","09:00","12:30","09:00","12:30","09:00","12:30","","","","","疑い: 施設情報のファイルの「毎週決まった曜日に休診（木）」が 0（休診）だが、この行に木曜の診療時間が入っている"
"3933393101570","08005","小児矯正歯科","2","14:00","18:00","14:00","18:00","14:00","18:00","14:00","18:00","14:00","18:00","14:00","18:00","","","","","14:00","17:30","14:00","17:30","14:00","17:30","14:00","17:30","14:00","17:30","14:00","17:30","","","","","疑い: 施設情報のファイルの「毎週決まった曜日に休診（木）」が 0（休診）だが、この行に木曜の診療時間が入っている"
"3933393101570","08005","小児矯正歯科","3","","","","","","","","","","","","","","","","","","","","","","","","","","","","","","","","","空欄にした: 月_診療 00:00-00:00（開始と終了が同じ） / 空欄にした: 火_診療 00:00-00:00（開始と終了が同じ） / 空欄にした: 水_診療 00:00-00:00（開始と終了が同じ） / 空欄にした: 木_診療 00:00-00:00（開始と終了が同じ） / 空欄にした: 金_診療 00:00-00:00（開始と終了が同じ） / 空欄にした: 土_診療 00:00-00:00（開始と終了が同じ） / 空欄にした: 月_外来受付 00:00-00:00（開始と終了が同じ） / 空欄にした: 火_外来受付 00:00-00:00（開始と終了が同じ） / 空欄にした: 水_外来受付 00:00-00:00（開始と終了が同じ） / 空欄にした: 木_外来受付 00:00-00:00（開始と終了が同じ） / 空欄にした: 金_外来受付 00:00-00:00（開始と終了が同じ） / 空欄にした: 土_外来受付 00:00-00:00（開始と終了が同じ）"
"3933393101570","08991","訪問歯科","1","09:00","13:00","09:00","13:00","09:00","13:00","","","09:00","13:00","09:00","13:00","","","","","09:00","12:30","09:00","12:30","09:00","12:30","","","09:00","12:30","09:00","12:30","","","","",""
"3933393101570","08991","訪問歯科","2","14:00","18:00","14:00","18:00","14:00","18:00","","","14:00","18:00","14:00","18:00","","","","","14:00","17:30","14:00","17:30","14:00","17:30","","","14:00","17:30","14:00","17:30","","","","",""
"3933393101570","08991","訪問歯科","3","","","","","","","","","","","","","","","","","","","","","","","","","","","","","","","","","空欄にした: 月_診療 00:00-00:00（開始と終了が同じ） / 空欄にした: 火_診療 00:00-00:00（開始と終了が同じ） / 空欄にした: 水_診療 00:00-00:00（開始と終了が同じ） / 空欄にした: 金_診療 00:00-00:00（開始と終了が同じ） / 空欄にした: 土_診療 00:00-00:00（開始と終了が同じ） / 空欄にした: 月_外来受付 00:00-00:00（開始と終了が同じ） / 空欄にした: 火_外来受付 00:00-00:00（開始と終了が同じ） / 空欄にした: 水_外来受付 00:00-00:00（開始と終了が同じ） / 空欄にした: 金_外来受付 00:00-00:00（開始と終了が同じ） / 空欄にした: 土_外来受付 00:00-00:00（開始と終了が同じ）"
"3933393101600","08001","歯科","1","09:00","12:30","09:00","12:30","09:00","12:30","","","09:00","12:30","09:00","12:30","","","","","09:00","12:30","09:00","12:30","09:00","12:30","","","09:00","12:30","09:00","12:30","","","","",""
"3933393101600","08001","歯科","2","14:00","18:00","14:00","18:00","14:00","18:00","","","14:00","18:00","14:00","18:00","","","","","14:00","18:00","14:00","18:00","14:00","18:00","","","14:00","18:00","14:00","18:00","","","","",""
"3933393101600","08001","歯科","3","","","","","","","","","","","","","","","","","","","","","","","","","","","","","","","","",""
"3933393101840","08001","歯科","1","09:00","18:00","09:00","18:00","09:00","18:00","","","09:00","18:00","09:00","18:00","","","","","","","","","","","","","","","","","","","","",""
"3933393101840","08001","歯科","2","","","","","","","","","","","","","","","","","","","","","","","","","","","","","","","","",""
"3933393101840","08001","歯科","3","","","","","","","","","","","","","","","","","","","","","","","","","","","","","","","","",""
"3933393101840","08004","小児歯科","1","09:00","18:00","09:00","18:00","09:00","18:00","","","09:00","18:00","09:00","18:00","","","","","","","","","","","","","","","","","","","","",""
"3933393101840","08004","小児歯科","2","","","","","","","","","","","","","","","","","","","","","","","","","","","","","","","","",""
"3933393101840","08004","小児歯科","3","","","","","","","","","","","","","","","","","","","","","","","","","","","","","","","","",""
"3933393101990","08001","歯科","1","09:00","12:00","09:00","12:00","09:00","12:00","","","09:00","12:00","09:00","12:00","","","","","08:50","17:45","08:50","17:45","08:50","17:45","","","08:50","17:45","","","","","","",""
"3933393101990","08001","歯科","2","14:00","18:00","14:00","18:00","14:00","18:00","","","14:00","18:00","","","","","","","","","","","","","","","","","08:50","16:45","","","","",""
"3933393101990","08001","歯科","3","","","","","","","","","","","14:00","17:00","","","","","","","","","","","","","","","","","","","","",""
"3933393101990","08002","矯正歯科","1","09:00","12:00","09:00","12:00","09:00","12:00","","","09:00","12:00","09:00","12:00","","","","","08:50","17:45","08:50","17:45","08:50","17:45","","","08:50","17:45","","","","","","",""
"3933393101990","08002","矯正歯科","2","14:00","18:00","14:00","18:00","14:00","18:00","","","14:00","18:00","","","","","","","","","","","","","","","","","08:50","16:45","","","","",""
"3933393101990","08002","矯正歯科","3","","","","","","","","","","","14:00","17:00","","","","","","","","","","","","","","","","","","","","",""
"3933393101990","08003","歯科口腔外科","1","09:00","12:00","09:00","12:00","09:00","12:00","","","09:00","12:00","09:00","12:00","","","","","08:50","17:45","08:50","17:45","08:50","17:45","","","08:50","17:45","","","","","","",""
"3933393101990","08003","歯科口腔外科","2","14:00","18:00","14:00","18:00","14:00","18:00","","","14:00","18:00","","","","","","","","","","","","","","","","","08:50","16:45","","","","",""
"3933393101990","08003","歯科口腔外科","3","","","","","","","","","","","14:00","17:00","","","","","","","","","","","","","","","","","","","","",""
"3933393101990","08004","小児歯科","1","09:00","12:00","09:00","12:00","09:00","12:00","","","09:00","12:00","09:00","12:00","","","","","08:50","17:45","08:50","17:45","08:50","17:45","","","08:50","17:45","","","","","","",""
"3933393101990","08004","小児歯科","2","14:00","18:00","14:00","18:00","14:00","18:00","","","14:00","18:00","","","","","","","","","","","","","","","","","08:50","16:45","","","","",""
"3933393101990","08004","小児歯科","3","","","","","","","","","","","14:00","17:00","","","","","","","","","","","","","","","","","","","","",""
"3933393102030","08001","歯科","1","09:00","12:00","09:00","12:00","09:00","12:00","09:00","12:00","09:00","12:00","09:00","12:00","","","","","09:00","12:00","09:00","12:00","09:00","12:00","09:00","12:00","09:00","12:00","09:00","12:00","","","","",""
"3933393102030","08001","歯科","2","14:00","18:30","14:00","18:30","14:00","18:30","14:00","18:30","14:00","18:30","14:00","17:00","","","","","14:00","18:30","14:00","18:30","14:00","18:30","14:00","18:30","14:00","18:30","14:00","17:00","","","","",""
"3933393102030","08001","歯科","3","","","","","","","","","","","","","","","","","","","","","","","","","","","","","","","","",""
"3933393102030","08002","矯正歯科","1","09:00","12:00","09:00","12:00","09:00","12:00","09:00","12:00","09:00","12:00","09:00","12:00","","","","","09:00","12:00","09:00","12:00","09:00","12:00","09:00","12:00","09:00","12:00","09:00","12:00","","","","",""
"3933393102030","08002","矯正歯科","2","14:00","18:30","14:00","18:30","14:00","18:30","14:00","18:30","14:00","18:30","14:00","17:00","","","","","14:00","18:30","14:00","18:30","14:00","18:30","14:00","18:30","14:00","18:30","14:00","17:00","","","","",""
"3933393102030","08002","矯正歯科","3","","","","","","","","","","","","","","","","","","","","","","","","","","","","","","","","",""
"3933393102030","08004","小児歯科","1","09:00","12:00","09:00","12:00","09:00","12:00","09:00","12:00","09:00","12:00","09:00","12:00","","","","","09:00","12:00","09:00","12:00","09:00","12:00","09:00","12:00","09:00","12:00","09:00","12:00","","","","",""
"3933393102030","08004","小児歯科","2","14:00","18:30","14:00","18:30","14:00","18:30","14:00","18:30","14:00","18:30","14:00","17:00","","","","","14:00","18:30","14:00","18:30","14:00","18:30","14:00","18:30","14:00","18:30","14:00","17:00","","","","",""
"3933393102030","08004","小児歯科","3","","","","","","","","","","","","","","","","","","","","","","","","","","","","","","","","",""
"3933393102290","08001","歯科","1","09:00","12:30","09:00","12:30","09:00","12:30","","","09:00","12:30","09:00","14:30","","","","","09:00","12:00","09:00","12:00","09:00","12:00","","","09:00","12:00","09:00","14:00","","","","",""
"3933393102290","08001","歯科","2","14:00","18:30","14:00","18:30","14:00","18:30","","","14:00","18:30","","","","","","","14:00","18:00","14:00","18:00","14:00","18:00","","","14:00","18:00","","","","","","",""
"3933393102290","08001","歯科","3","","","","","","","","","","","","","","","","","","","","","","","","","","","","","","","","",""
"3933393102320","08002","矯正歯科","1","01:00","18:00","01:00","18:00","01:00","18:00","","","01:00","18:00","01:00","18:00","","","","","01:00","18:00","01:00","18:00","01:00","18:00","","","01:00","18:00","01:00","18:00","","","","","疑い: 月_診療 01:00-18:00（開始が 06:00 より前） / 疑い: 火_診療 01:00-18:00（開始が 06:00 より前） / 疑い: 水_診療 01:00-18:00（開始が 06:00 より前） / 疑い: 金_診療 01:00-18:00（開始が 06:00 より前） / 疑い: 土_診療 01:00-18:00（開始が 06:00 より前） / 疑い: 月_外来受付 01:00-18:00（開始が 06:00 より前） / 疑い: 火_外来受付 01:00-18:00（開始が 06:00 より前） / 疑い: 水_外来受付 01:00-18:00（開始が 06:00 より前） / 疑い: 金_外来受付 01:00-18:00（開始が 06:00 より前） / 疑い: 土_外来受付 01:00-18:00（開始が 06:00 より前）"
"3933393102320","08002","矯正歯科","2","","","","","","","","","","","","","","","","","","","","","","","","","","","","","","","","",""
"3933393102320","08002","矯正歯科","3","","","","","","","","","","","","","","","","","","","","","","","","","","","","","","","","",""
"3933393102580","08001","歯科","1","","","09:00","12:30","09:00","12:30","09:00","12:30","09:00","18:00","09:00","18:00","","","","","","","09:00","12:30","09:00","12:30","09:00","12:30","09:00","12:30","09:00","12:30","","","","","空欄にした: 月_診療 00:00-00:00（開始と終了が同じ） / 空欄にした: 月_外来受付 00:00-00:00（開始と終了が同じ）"
"3933393102580","08001","歯科","2","","","14:00","18:00","14:00","18:00","14:00","18:00","14:00","18:00","14:00","18:00","","","","","","","14:00","18:00","14:00","18:00","14:00","18:00","14:00","18:00","14:00","18:00","","","","","空欄にした: 月_診療 00:00-00:00（開始と終了が同じ） / 空欄にした: 月_外来受付 00:00-00:00（開始と終了が同じ）"
"3933393102580","08001","歯科","3","","","","","","","","","","","","","","","","","","","","","","","","","","","","","","","","",""
"3933393102900","08001","歯科","1","10:00","13:00","10:00","13:00","10:00","13:00","10:00","13:00","10:00","13:00","09:30","13:00","","","","","10:00","13:00","10:00","13:00","10:00","13:00","10:00","13:00","10:00","13:00","09:30","13:00","","","","",""
"3933393102900","08001","歯科","2","14:30","19:00","14:30","19:00","14:30","19:00","14:30","19:00","14:30","19:00","","","","","","","14:30","19:00","14:30","19:00","14:30","19:00","14:30","19:00","14:30","19:00","","","","","","",""
"3933393102900","08001","歯科","3","","","","","","","","","","","","","","","","","","","","","","","","","","","","","","","","",""
"3933393102900","08003","歯科口腔外科","1","10:00","13:00","10:00","13:00","10:00","13:00","10:00","13:00","10:00","13:00","09:30","13:00","","","","","10:00","13:00","10:00","13:00","10:00","13:00","10:00","13:00","10:00","13:00","09:30","13:00","","","","",""
"3933393102900","08003","歯科口腔外科","2","14:30","19:00","14:30","19:00","14:30","19:00","14:30","19:00","14:30","19:00","","","","","","","14:30","19:00","14:30","19:00","14:30","19:00","14:30","19:00","14:30","19:00","","","","","","",""
"3933393102900","08003","歯科口腔外科","3","","","","","","","","","","","","","","","","","","","","","","","","","","","","","","","","",""
"3933393102900","08004","小児歯科","1","10:00","13:00","10:00","13:00","10:00","13:00","10:00","13:00","10:00","13:00","09:30","13:00","","","","","10:00","13:00","10:00","13:00","10:00","13:00","10:00","13:00","10:00","13:00","09:30","13:00","","","","",""
"3933393102900","08004","小児歯科","2","14:30","19:00","14:30","19:00","14:30","19:00","14:30","19:00","14:30","19:00","","","","","","","14:30","19:00","14:30","19:00","14:30","19:00","14:30","19:00","14:30","19:00","","","","","","",""
"3933393102900","08004","小児歯科","3","","","","","","","","","","","","","","","","","","","","","","","","","","","","","","","","",""
"3933393103040","08001","歯科","1","09:30","13:30","09:30","13:30","","","09:30","13:30","09:30","13:30","09:30","13:30","","","","","","","","","","","","","","","","","","","","",""
"3933393103040","08001","歯科","2","15:00","19:00","15:00","19:00","","","15:00","19:00","15:00","19:00","15:00","19:00","","","","","","","","","","","","","","","","","","","","",""
"3933393103040","08001","歯科","3","","","","","","","","","","","","","","","","","","","","","","","","","","","","","","","","",""
"3933393103040","08002","矯正歯科","1","09:30","13:30","09:30","13:30","","","09:30","13:30","09:30","13:30","09:30","13:30","","","","","","","","","","","","","","","","","","","","",""
"3933393103040","08002","矯正歯科","2","15:00","19:00","15:00","19:00","","","15:00","19:00","15:00","19:00","15:00","19:00","","","","","","","","","","","","","","","","","","","","",""
"3933393103040","08002","矯正歯科","3","","","","","","","","","","","","","","","","","","","","","","","","","","","","","","","","",""
"3933393103040","08003","歯科口腔外科","1","09:30","13:30","09:30","13:30","","","09:30","13:30","09:30","13:30","09:30","13:30","","","","","","","","","","","","","","","","","","","","",""
"3933393103040","08003","歯科口腔外科","2","15:00","19:00","15:00","19:00","","","15:00","19:00","15:00","19:00","15:00","19:00","","","","","","","","","","","","","","","","","","","","",""
"3933393103040","08003","歯科口腔外科","3","","","","","","","","","","","","","","","","","","","","","","","","","","","","","","","","",""
"3933393103040","08004","小児歯科","1","09:30","13:30","09:30","13:30","","","09:30","13:30","09:30","13:30","09:30","13:30","","","","","","","","","","","","","","","","","","","","",""
"3933393103040","08004","小児歯科","2","15:00","19:00","15:00","19:00","","","15:00","19:00","15:00","19:00","15:00","19:00","","","","","","","","","","","","","","","","","","","","",""
"3933393103040","08004","小児歯科","3","","","","","","","","","","","","","","","","","","","","","","","","","","","","","","","","",""
"3933393103170","08001","歯科","1","09:00","12:30","09:00","12:30","09:00","12:30","","","09:00","12:30","09:00","12:30","","","","","09:00","12:00","09:00","12:00","09:00","12:00","","","09:00","12:00","09:00","12:00","","","","",""
"3933393103170","08001","歯科","2","14:00","18:00","14:00","18:00","14:00","18:00","","","14:00","18:00","14:00","18:00","","","","","14:00","17:30","14:00","17:30","14:00","17:30","","","14:00","17:30","14:00","17:30","","","","",""
"3933393103170","08001","歯科","3","","","","","","","","","","","","","","","","","","","","","","","","","","","","","","","","",""
"3933393103170","08004","小児歯科","1","09:00","12:30","09:00","12:30","09:00","12:30","","","09:00","12:30","09:00","12:30","","","","","09:00","12:00","09:00","12:00","09:00","12:00","","","09:00","12:00","09:00","12:00","","","","",""
"3933393103170","08004","小児歯科","2","14:00","18:00","14:00","18:00","14:00","18:00","","","14:00","18:00","14:00","18:00","","","","","14:00","17:30","14:00","17:30","14:00","17:30","","","14:00","17:30","14:00","17:30","","","","",""
"3933393103170","08004","小児歯科","3","","","","","","","","","","","","","","","","","","","","","","","","","","","","","","","","",""
"3933393103460","08001","歯科","1","09:00","12:30","09:00","12:30","09:00","12:30","","","09:00","12:30","09:00","12:30","","","","","","","","","","","","","","","","","","","","",""
"3933393103460","08001","歯科","2","14:00","18:00","14:00","18:00","14:00","18:00","","","14:00","18:00","14:00","18:00","","","","","","","","","","","","","","","","","","","","",""
"3933393103460","08001","歯科","3","","","","","","","","","","","","","","","","","","","","","","","","","","","","","","","","",""
"3933393103590","08001","歯科","1","09:00","12:30","09:00","12:30","09:00","12:30","","","09:00","12:30","09:00","12:30","","","","","09:00","12:30","09:00","12:30","09:00","12:30","","","09:00","12:30","09:00","12:30","","","","",""
"3933393103590","08001","歯科","2","14:00","18:00","14:00","18:00","14:00","18:00","","","14:00","18:00","14:00","18:00","","","","","14:00","18:00","14:00","18:00","14:00","18:00","","","14:00","18:00","14:00","18:00","","","","",""
"3933393103590","08001","歯科","3","","","","","","","","","","","","","","","","","","","","","","","","","","","","","","","","",""
"3933393103590","08003","歯科口腔外科","1","09:00","12:30","09:00","12:30","09:00","12:30","","","09:00","12:30","09:00","12:30","","","","","09:00","12:30","09:00","12:30","09:00","12:30","","","09:00","12:30","09:00","12:30","","","","",""
"3933393103590","08003","歯科口腔外科","2","14:00","18:00","14:00","18:00","14:00","18:00","","","14:00","18:00","14:00","18:00","","","","","14:00","18:00","14:00","18:00","14:00","18:00","","","14:00","18:00","14:00","18:00","","","","",""
"3933393103590","08003","歯科口腔外科","3","","","","","","","","","","","","","","","","","","","","","","","","","","","","","","","","",""
"3933393103590","08004","小児歯科","1","09:00","12:30","09:00","12:30","09:00","12:30","","","09:00","12:30","09:00","12:30","","","","","09:00","12:30","09:00","12:30","09:00","12:30","","","09:00","12:30","09:00","12:30","","","","",""
"3933393103590","08004","小児歯科","2","14:00","18:00","14:00","18:00","14:00","18:00","","","14:00","18:00","14:00","18:00","","","","","14:00","18:00","14:00","18:00","14:00","18:00","","","14:00","18:00","14:00","18:00","","","","",""
"3933393103590","08004","小児歯科","3","","","","","","","","","","","","","","","","","","","","","","","","","","","","","","","","",""
"3933393103880","08001","歯科","1","09:00","12:30","09:00","12:30","09:00","12:30","","","09:00","12:30","09:00","12:30","","","","","09:00","12:00","09:00","12:00","09:00","12:00","","","09:00","12:00","09:00","12:00","","","","",""
"3933393103880","08001","歯科","2","14:00","18:00","14:00","18:00","14:00","18:00","","","14:00","18:00","14:00","18:00","","","","","14:00","17:30","14:00","17:30","14:00","17:30","","","14:00","17:30","14:00","17:30","","","","",""
"3933393103880","08001","歯科","3","","","","","","","","","","","","","","","","","","","","","","","","","","","","","","","","",""
"3933393103880","08002","矯正歯科","1","09:00","12:30","09:00","12:30","09:00","12:30","","","09:00","12:30","09:00","12:30","","","","","09:00","12:00","09:00","12:00","09:00","12:00","","","09:00","12:00","09:00","12:00","","","","",""
"3933393103880","08002","矯正歯科","2","14:00","18:00","14:00","18:00","14:00","18:00","","","14:00","18:00","14:00","18:00","","","","","14:00","17:30","14:00","17:30","14:00","17:30","","","14:00","17:30","14:00","17:30","","","","",""
"3933393103880","08002","矯正歯科","3","","","","","","","","","","","","","","","","","","","","","","","","","","","","","","","","",""
"3933393103880","08004","小児歯科","1","09:00","12:30","09:00","12:30","09:00","12:30","","","09:00","12:30","09:00","12:30","","","","","09:00","12:00","09:00","12:00","09:00","12:00","","","09:00","12:00","09:00","12:00","","","","",""
"3933393103880","08004","小児歯科","2","14:00","18:00","14:00","18:00","14:00","18:00","","","14:00","18:00","14:00","18:00","","","","","14:00","17:30","14:00","17:30","14:00","17:30","","","14:00","17:30","14:00","17:30","","","","",""
"3933393103880","08004","小児歯科","3","","","","","","","","","","","","","","","","","","","","","","","","","","","","","","","","",""
"3933393103880","08005","小児矯正歯科","1","09:00","12:00","09:00","12:00","09:00","12:00","","","09:00","12:00","09:00","12:30","","","","","09:00","12:00","09:00","12:00","09:00","12:00","","","09:00","12:00","09:00","12:00","","","","",""
"3933393103880","08005","小児矯正歯科","2","14:00","17:30","14:00","17:30","14:00","17:30","","","14:00","17:30","14:00","17:30","","","","","14:00","17:30","14:00","17:30","14:00","17:30","","","14:00","17:30","14:00","17:30","","","","",""
"3933393103880","08005","小児矯正歯科","3","","","","","","","","","","","","","","","","","","","","","","","","","","","","","","","","","空欄にした: 月_診療 00:00-00:00（開始と終了が同じ） / 空欄にした: 火_診療 00:00-00:00（開始と終了が同じ） / 空欄にした: 水_診療 00:00-00:00（開始と終了が同じ） / 空欄にした: 金_診療 00:00-00:00（開始と終了が同じ） / 空欄にした: 土_診療 00:00-00:00（開始と終了が同じ） / 空欄にした: 月_外来受付 00:00-00:00（開始と終了が同じ） / 空欄にした: 火_外来受付 00:00-00:00（開始と終了が同じ） / 空欄にした: 水_外来受付 00:00-00:00（開始と終了が同じ） / 空欄にした: 金_外来受付 00:00-00:00（開始と終了が同じ） / 空欄にした: 土_外来受付 00:00-00:00（開始と終了が同じ）"
"3933393104050","08001","歯科","1","09:00","12:30","09:00","12:30","09:00","12:30","","","09:00","12:30","09:00","12:30","","","","","09:00","12:30","09:00","12:30","09:00","12:30","","","09:00","12:30","09:00","12:30","","","","",""
"3933393104050","08001","歯科","2","14:00","18:00","14:00","18:00","14:00","18:00","","","14:00","18:00","14:00","18:00","","","","","14:00","18:00","14:00","18:00","14:00","18:00","","","14:00","18:00","14:00","18:00","","","","",""
"3933393104050","08001","歯科","3","","","","","","","","","","","","","","","","","","","","","","","","","","","","","","","","",""
"3933393104180","08002","矯正歯科","1","09:00","12:00","09:00","12:00","09:00","12:00","","","09:00","12:00","09:00","12:00","","","","","09:00","11:30","09:00","11:30","09:00","11:30","","","09:00","11:30","09:00","11:30","","","","",""
"3933393104180","08002","矯正歯科","2","14:00","18:00","14:00","18:00","14:00","18:00","","","14:00","18:00","14:00","18:00","","","","","14:00","17:30","14:00","17:30","14:00","17:30","","","14:00","17:30","14:00","17:30","","","","",""
"3933393104180","08002","矯正歯科","3","","","","","","","","","","","","","","","","","","","","","","","","","","","","","","","","",""
"3933393104210","08001","歯科","1","09:00","12:00","09:00","12:00","09:00","12:00","","","09:00","12:00","09:00","12:00","","","","","09:00","12:00","09:00","12:00","09:00","12:00","","","09:00","12:00","09:00","12:00","","","","",""
"3933393104210","08001","歯科","2","14:00","19:00","14:00","19:00","14:00","19:00","","","14:00","19:00","14:00","19:00","","","","","14:00","18:30","14:00","18:30","14:00","18:30","","","14:00","18:30","14:00","18:30","","","","",""
"3933393104210","08001","歯科","3","","","","","","","","","","","","","","","","","","","","","","","","","","","","","","","","",""
"3933393104760","08001","歯科","1","09:00","12:30","09:00","12:30","09:00","12:30","09:00","12:30","09:00","12:30","09:00","12:30","","","","","09:00","12:00","09:00","12:00","09:00","12:00","09:00","12:00","09:00","12:00","09:00","12:00","","","","",""
"3933393104760","08001","歯科","2","14:00","18:30","14:00","18:30","","","14:00","18:30","14:00","18:30","14:00","18:30","","","","","14:00","18:00","14:00","18:00","","","14:00","18:00","14:00","18:00","14:00","18:00","","","","",""
"3933393104760","08001","歯科","3","","","","","","","","","","","","","","","","","","","","","","","","","","","","","","","","",""
"3933393104760","08004","小児歯科","1","09:00","12:30","09:00","12:30","","","09:00","12:30","09:00","12:30","09:00","12:30","","","","","09:00","12:00","09:00","12:00","","","09:00","12:00","09:00","12:00","09:00","12:00","","","","",""
"3933393104760","08004","小児歯科","2","14:00","18:30","14:00","18:30","","","14:00","18:30","14:00","18:30","14:00","18:30","","","","","14:00","18:00","14:00","18:00","","","14:00","18:00","14:00","18:00","14:00","18:00","","","","",""
"3933393104760","08004","小児歯科","3","","","","","","","","","","","","","","","","","","","","","","","","","","","","","","","","",""
"3933393104890","08001","歯科","1","","","","","","","","","","","","","","","","","","","","","","","","","","","","","","","","",""
"3933393104890","08001","歯科","2","","","","","","","","","","","","","","","","","","","","","","","","","","","","","","","","",""
"3933393104890","08001","歯科","3","","","","","","","","","","","","","","","","","","","","","","","","","","","","","","","","",""
"3933393104890","08002","矯正歯科","1","","","","","","","","","","","","","","","","","","","","","","","","","","","","","","","","",""
"3933393104890","08002","矯正歯科","2","","","","","","","","","","","","","","","","","","","","","","","","","","","","","","","","",""
"3933393104890","08002","矯正歯科","3","","","","","","","","","","","","","","","","","","","","","","","","","","","","","","","","",""
"3933393104890","08003","歯科口腔外科","1","","","","","","","","","","","","","","","","","","","","","","","","","","","","","","","","",""
"3933393104890","08003","歯科口腔外科","2","","","","","","","","","","","","","","","","","","","","","","","","","","","","","","","","",""
"3933393104890","08003","歯科口腔外科","3","","","","","","","","","","","","","","","","","","","","","","","","","","","","","","","","",""
"3933393104890","08004","小児歯科","1","","","","","","","","","","","","","","","","","","","","","","","","","","","","","","","","",""
"3933393104890","08004","小児歯科","2","","","","","","","","","","","","","","","","","","","","","","","","","","","","","","","","",""
"3933393104890","08004","小児歯科","3","","","","","","","","","","","","","","","","","","","","","","","","","","","","","","","","",""
"3933393104920","08001","歯科","1","09:00","11:30","09:00","11:30","09:00","11:30","","","09:00","11:30","09:00","11:30","","","","","08:50","11:00","08:50","11:00","08:50","11:00","","","08:50","11:00","08:50","11:00","","","","",""
"3933393104920","08001","歯科","2","14:00","18:30","14:00","18:30","14:00","18:30","","","14:00","18:30","14:00","18:30","","","","","14:00","18:00","14:00","18:00","14:00","18:00","","","14:00","18:00","14:00","18:00","","","","",""
"3933393104920","08001","歯科","3","","","","","","","","","","","","","","","","","","","","","","","","","","","","","","","","","空欄にした: 月_診療 00:00-00:00（開始と終了が同じ） / 空欄にした: 火_診療 00:00-00:00（開始と終了が同じ） / 空欄にした: 水_診療 00:00-00:00（開始と終了が同じ） / 空欄にした: 金_診療 00:00-00:00（開始と終了が同じ） / 空欄にした: 土_診療 00:00-00:00（開始と終了が同じ） / 空欄にした: 月_外来受付 00:00-00:00（開始と終了が同じ） / 空欄にした: 火_外来受付 00:00-00:00（開始と終了が同じ） / 空欄にした: 水_外来受付 00:00-00:00（開始と終了が同じ） / 空欄にした: 金_外来受付 00:00-00:00（開始と終了が同じ） / 空欄にした: 土_外来受付 00:00-00:00（開始と終了が同じ）"
"3933393105060","08001","歯科","1","09:30","17:30","09:30","17:30","09:30","12:30","","","09:30","17:30","09:30","17:30","","","","","","","","","","","","","","","","","","","","","空欄にした: 月_外来受付 00:00-00:00（開始と終了が同じ） / 空欄にした: 火_外来受付 00:00-00:00（開始と終了が同じ） / 空欄にした: 水_外来受付 00:00-00:00（開始と終了が同じ） / 空欄にした: 金_外来受付 00:00-00:00（開始と終了が同じ） / 空欄にした: 土_外来受付 00:00-00:00（開始と終了が同じ）"
"3933393105060","08001","歯科","2","","","","","13:30","17:30","","","","","","","","","","","","","","","","","","","","","","","","","","","空欄にした: 月_外来受付 00:00-00:00（開始と終了が同じ） / 空欄にした: 火_外来受付 00:00-00:00（開始と終了が同じ） / 空欄にした: 水_外来受付 00:00-00:00（開始と終了が同じ） / 空欄にした: 金_外来受付 00:00-00:00（開始と終了が同じ） / 空欄にした: 土_外来受付 00:00-00:00（開始と終了が同じ）"
"3933393105060","08001","歯科","3","","","","","","","","","","","","","","","","","","","","","","","","","","","","","","","","","空欄にした: 月_外来受付 00:00-00:00（開始と終了が同じ） / 空欄にした: 火_外来受付 00:00-00:00（開始と終了が同じ） / 空欄にした: 水_外来受付 00:00-00:00（開始と終了が同じ） / 空欄にした: 金_外来受付 00:00-00:00（開始と終了が同じ） / 空欄にした: 土_外来受付 00:00-00:00（開始と終了が同じ）"
"3933393105060","08002","矯正歯科","1","09:30","17:30","09:30","17:30","09:30","12:30","","","09:30","17:30","09:30","17:30","","","","","","","","","","","","","","","","","","","","","空欄にした: 月_外来受付 00:00-00:00（開始と終了が同じ） / 空欄にした: 火_外来受付 00:00-00:00（開始と終了が同じ） / 空欄にした: 水_外来受付 00:00-00:00（開始と終了が同じ） / 空欄にした: 金_外来受付 00:00-00:00（開始と終了が同じ） / 空欄にした: 土_外来受付 00:00-00:00（開始と終了が同じ）"
"3933393105060","08002","矯正歯科","2","","","","","13:30","17:30","","","","","","","","","","","","","","","","","","","","","","","","","","","空欄にした: 月_外来受付 00:00-00:00（開始と終了が同じ） / 空欄にした: 火_外来受付 00:00-00:00（開始と終了が同じ） / 空欄にした: 水_外来受付 00:00-00:00（開始と終了が同じ） / 空欄にした: 金_外来受付 00:00-00:00（開始と終了が同じ） / 空欄にした: 土_外来受付 00:00-00:00（開始と終了が同じ）"
"3933393105060","08002","矯正歯科","3","","","","","","","","","","","","","","","","","","","","","","","","","","","","","","","","","空欄にした: 月_外来受付 00:00-00:00（開始と終了が同じ） / 空欄にした: 火_外来受付 00:00-00:00（開始と終了が同じ） / 空欄にした: 水_外来受付 00:00-00:00（開始と終了が同じ） / 空欄にした: 金_外来受付 00:00-00:00（開始と終了が同じ） / 空欄にした: 土_外来受付 00:00-00:00（開始と終了が同じ）"
"3933393105060","08003","歯科口腔外科","1","09:30","17:30","09:30","17:30","09:30","12:30","","","09:30","17:30","09:30","17:30","","","","","","","","","","","","","","","","","","","","","空欄にした: 月_外来受付 00:00-00:00（開始と終了が同じ） / 空欄にした: 火_外来受付 00:00-00:00（開始と終了が同じ） / 空欄にした: 水_外来受付 00:00-00:00（開始と終了が同じ） / 空欄にした: 金_外来受付 00:00-00:00（開始と終了が同じ） / 空欄にした: 土_外来受付 00:00-00:00（開始と終了が同じ）"
"3933393105060","08003","歯科口腔外科","2","","","","","13:30","17:30","","","","","","","","","","","","","","","","","","","","","","","","","","","空欄にした: 月_外来受付 00:00-00:00（開始と終了が同じ） / 空欄にした: 火_外来受付 00:00-00:00（開始と終了が同じ） / 空欄にした: 水_外来受付 00:00-00:00（開始と終了が同じ） / 空欄にした: 金_外来受付 00:00-00:00（開始と終了が同じ） / 空欄にした: 土_外来受付 00:00-00:00（開始と終了が同じ）"
"3933393105060","08003","歯科口腔外科","3","","","","","","","","","","","","","","","","","","","","","","","","","","","","","","","","","空欄にした: 月_外来受付 00:00-00:00（開始と終了が同じ） / 空欄にした: 火_外来受付 00:00-00:00（開始と終了が同じ） / 空欄にした: 水_外来受付 00:00-00:00（開始と終了が同じ） / 空欄にした: 金_外来受付 00:00-00:00（開始と終了が同じ） / 空欄にした: 土_外来受付 00:00-00:00（開始と終了が同じ）"
"3933393105060","08004","小児歯科","1","09:30","17:30","09:30","17:30","09:30","12:30","","","09:30","17:30","09:30","17:30","","","","","","","","","","","","","","","","","","","","","空欄にした: 月_外来受付 00:00-00:00（開始と終了が同じ） / 空欄にした: 火_外来受付 00:00-00:00（開始と終了が同じ） / 空欄にした: 水_外来受付 00:00-00:00（開始と終了が同じ） / 空欄にした: 金_外来受付 00:00-00:00（開始と終了が同じ） / 空欄にした: 土_外来受付 00:00-00:00（開始と終了が同じ）"
"3933393105060","08004","小児歯科","2","","","","","13:30","17:30","","","","","","","","","","","","","","","","","","","","","","","","","","","空欄にした: 月_外来受付 00:00-00:00（開始と終了が同じ） / 空欄にした: 火_外来受付 00:00-00:00（開始と終了が同じ） / 空欄にした: 水_外来受付 00:00-00:00（開始と終了が同じ） / 空欄にした: 金_外来受付 00:00-00:00（開始と終了が同じ） / 空欄にした: 土_外来受付 00:00-00:00（開始と終了が同じ）"
"3933393105060","08004","小児歯科","3","","","","","","","","","","","","","","","","","","","","","","","","","","","","","","","","","空欄にした: 月_外来受付 00:00-00:00（開始と終了が同じ） / 空欄にした: 火_外来受付 00:00-00:00（開始と終了が同じ） / 空欄にした: 水_外来受付 00:00-00:00（開始と終了が同じ） / 空欄にした: 金_外来受付 00:00-00:00（開始と終了が同じ） / 空欄にした: 土_外来受付 00:00-00:00（開始と終了が同じ）"
"3933393105060","08005","小児矯正歯科","1","09:30","17:30","09:30","17:30","09:30","12:30","","","09:30","17:30","09:30","17:30","","","","","","","","","","","","","","","","","","","","","空欄にした: 月_外来受付 00:00-00:00（開始と終了が同じ） / 空欄にした: 火_外来受付 00:00-00:00（開始と終了が同じ） / 空欄にした: 水_外来受付 00:00-00:00（開始と終了が同じ） / 空欄にした: 金_外来受付 00:00-00:00（開始と終了が同じ） / 空欄にした: 土_外来受付 00:00-00:00（開始と終了が同じ）"
"3933393105060","08005","小児矯正歯科","2","","","","","13:30","17:30","","","","","","","","","","","","","","","","","","","","","","","","","","","空欄にした: 月_外来受付 00:00-00:00（開始と終了が同じ） / 空欄にした: 火_外来受付 00:00-00:00（開始と終了が同じ） / 空欄にした: 水_外来受付 00:00-00:00（開始と終了が同じ） / 空欄にした: 金_外来受付 00:00-00:00（開始と終了が同じ） / 空欄にした: 土_外来受付 00:00-00:00（開始と終了が同じ）"
"3933393105060","08005","小児矯正歯科","3","","","","","","","","","","","","","","","","","","","","","","","","","","","","","","","","","空欄にした: 月_外来受付 00:00-00:00（開始と終了が同じ） / 空欄にした: 火_外来受付 00:00-00:00（開始と終了が同じ） / 空欄にした: 水_外来受付 00:00-00:00（開始と終了が同じ） / 空欄にした: 金_外来受付 00:00-00:00（開始と終了が同じ） / 空欄にした: 土_外来受付 00:00-00:00（開始と終了が同じ）"
"3933393105220","08001","歯科","1","09:00","12:30","09:00","12:30","09:00","12:30","09:00","12:30","09:00","12:30","09:00","12:30","","","","","09:00","12:30","09:00","12:30","09:00","12:30","09:00","12:30","09:00","12:30","09:00","12:30","","","","",""
"3933393105220","08001","歯科","2","14:00","18:00","14:00","18:00","14:00","18:00","","","14:00","18:00","14:00","17:00","","","","","14:00","18:00","14:00","18:00","14:00","18:00","","","14:00","18:00","14:00","17:00","","","","",""
"3933393105220","08001","歯科","3","","","","","","","","","","","","","","","","","","","","","","","","","","","","","","","","",""
"3933393105220","08003","歯科口腔外科","1","09:00","12:30","09:00","12:30","09:00","12:30","09:00","12:30","09:00","12:30","09:00","12:30","","","","","09:00","12:30","09:00","12:30","09:00","12:30","09:00","12:30","09:00","12:30","09:00","12:30","","","","",""
"3933393105220","08003","歯科口腔外科","2","14:00","18:00","14:00","18:00","14:00","18:00","","","14:00","18:00","14:00","17:00","","","","","14:00","18:00","14:00","18:00","14:00","18:00","","","14:00","18:00","14:00","17:00","","","","",""
"3933393105220","08003","歯科口腔外科","3","","","","","","","","","","","","","","","","","","","","","","","","","","","","","","","","",""
"3933393105220","08004","小児歯科","1","09:00","12:30","09:00","12:30","09:00","12:30","09:00","12:30","09:00","12:30","09:00","12:30","","","","","09:00","12:30","09:00","12:30","09:00","12:30","09:00","12:30","09:00","12:30","09:00","12:30","","","","",""
"3933393105220","08004","小児歯科","2","14:00","18:00","14:00","18:00","14:00","18:00","","","14:00","18:00","14:00","17:00","","","","","14:00","18:00","14:00","18:00","14:00","18:00","","","14:00","18:00","14:00","17:00","","","","",""
"3933393105220","08004","小児歯科","3","","","","","","","","","","","","","","","","","","","","","","","","","","","","","","","","",""
"3933393105350","08001","歯科","1","10:00","12:30","10:00","12:30","10:00","12:30","10:00","12:30","10:00","12:30","10:00","12:30","","","","","10:00","12:30","10:00","12:30","10:00","12:30","10:00","12:30","10:00","12:30","10:00","12:30","","","","",""
"3933393105350","08001","歯科","2","14:30","18:00","14:30","18:00","14:30","18:00","14:30","18:00","14:30","18:00","14:30","18:00","","","","","14:30","18:00","14:30","18:00","14:30","18:00","14:30","18:00","14:30","18:00","14:30","18:00","","","","",""
"3933393105350","08001","歯科","3","","","","","","","","","","","","","","","","","","","","","","","","","","","","","","","","",""
"3933393105350","08002","矯正歯科","1","10:00","12:30","10:00","12:30","10:00","12:30","10:00","12:30","10:00","12:30","10:00","12:30","","","","","10:00","12:30","10:00","12:30","10:00","12:30","10:00","12:30","10:00","12:30","10:00","12:30","","","","",""
"3933393105350","08002","矯正歯科","2","14:30","18:00","14:30","18:00","14:30","18:00","14:30","18:00","14:30","18:00","14:30","18:00","","","","","14:30","18:00","14:30","18:00","14:30","18:00","14:30","18:00","14:30","18:00","14:30","18:00","","","","",""
"3933393105350","08002","矯正歯科","3","","","","","","","","","","","","","","","","","","","","","","","","","","","","","","","","",""
"3933393105480","08001","歯科","1","","","09:30","13:30","09:30","13:30","09:30","13:30","09:30","13:30","09:30","13:30","","","","","","","09:20","13:00","09:20","13:00","09:20","13:00","09:20","13:15","09:20","13:00","","","","",""
"3933393105480","08001","歯科","2","","","15:00","19:00","15:00","19:00","15:00","19:00","15:00","19:00","15:00","19:00","","","","","","","14:50","18:30","14:50","18:30","14:50","18:30","14:50","18:30","14:50","18:30","","","","",""
"3933393105480","08001","歯科","3","","","","","","","","","","","","","","","","","","","","","","","","","","","","","","","","",""
"3933393105480","08003","歯科口腔外科","1","","","09:30","13:30","09:30","13:30","09:30","13:30","09:30","13:30","09:30","13:30","","","","","","","09:20","13:00","09:20","13:00","09:20","13:00","09:20","13:00","09:20","13:00","","","","",""
"3933393105480","08003","歯科口腔外科","2","","","15:00","19:00","15:00","19:00","15:00","19:00","15:00","19:00","15:00","19:00","","","","","","","14:50","18:30","14:50","18:30","14:50","18:30","14:50","18:30","14:50","18:30","","","","",""
"3933393105480","08003","歯科口腔外科","3","","","","","","","","","","","","","","","","","","","","","","","","","","","","","","","","",""
"3933393105510","08001","歯科","1","09:00","12:30","09:00","12:30","09:00","12:30","","","09:00","12:30","09:00","12:30","","","","","09:00","12:00","09:00","12:00","09:00","12:00","","","09:00","12:00","09:00","12:00","","","","",""
"3933393105510","08001","歯科","2","14:30","18:00","14:30","18:00","14:30","18:00","","","14:30","18:00","14:00","16:30","","","","","14:30","17:30","14:30","17:30","14:30","17:30","","","14:30","17:30","14:00","16:00","","","","",""
"3933393105510","08001","歯科","3","","","","","","","","","","","","","","","","","","","","","","","","","","","","","","","","",""
"3933393105510","08003","歯科口腔外科","1","","","","","","","","","","","","","","","","","","","","","","","","","","","","","","","","",""
"3933393105510","08003","歯科口腔外科","2","","","","","","","","","","","","","","","","","","","","","","","","","","","","","","","","",""
"3933393105510","08003","歯科口腔外科","3","","","","","","","","","","","","","","","","","","","","","","","","","","","","","","","","",""
"3933393105510","08004","小児歯科","1","","","","","","","","","","","","","","","","","","","","","","","","","","","","","","","","",""
"3933393105510","08004","小児歯科","2","","","","","","","","","","","","","","","","","","","","","","","","","","","","","","","","",""
"3933393105510","08004","小児歯科","3","","","","","","","","","","","","","","","","","","","","","","","","","","","","","","","","",""
"3933393105770","08001","歯科","1","08:30","12:00","08:30","12:00","08:30","12:00","","","08:30","12:00","08:30","12:00","","","","","08:30","12:00","08:30","12:00","08:30","12:00","","","08:30","12:00","08:30","12:00","","","","",""
"3933393105770","08001","歯科","2","13:30","17:00","13:30","17:00","13:30","17:00","","","13:30","17:00","13:30","17:00","","","","","13:30","17:00","13:30","17:00","13:30","17:00","","","13:30","17:00","13:30","17:00","","","","",""
"3933393105770","08001","歯科","3","","","","","","","","","","","","","","","","","","","","","","","","","","","","","","","","",""
"3933393105770","08002","矯正歯科","1","08:30","12:00","08:30","12:00","08:30","12:00","","","08:30","12:00","08:30","12:00","","","","","08:30","12:00","08:30","12:00","08:30","12:00","","","08:30","12:00","08:30","12:00","","","","",""
"3933393105770","08002","矯正歯科","2","13:30","17:00","13:30","17:00","13:30","17:00","","","13:30","17:00","13:30","17:00","","","","","13:30","17:00","13:30","17:00","13:30","17:00","","","13:30","17:00","13:30","17:00","","","","",""
"3933393105770","08002","矯正歯科","3","","","","","","","","","","","","","","","","","","","","","","","","","","","","","","","","",""
"3933393105770","08003","歯科口腔外科","1","08:30","12:00","08:30","12:00","08:30","12:00","","","08:30","12:00","08:30","12:00","","","","","08:30","12:00","08:30","12:00","08:30","12:00","","","08:30","12:00","08:30","12:00","","","","",""
"3933393105770","08003","歯科口腔外科","2","13:30","17:00","13:30","17:00","13:30","17:00","","","13:30","17:00","13:30","17:00","","","","","13:30","17:00","13:30","17:00","13:30","17:00","","","13:30","17:00","13:30","17:00","","","","",""
"3933393105770","08003","歯科口腔外科","3","","","","","","","","","","","","","","","","","","","","","","","","","","","","","","","","","空欄にした: 水_診療 00:00-00:00（開始と終了が同じ）"
"3933393105770","08004","小児歯科","1","08:30","12:00","08:30","12:00","08:30","12:00","","","08:30","12:00","08:30","12:00","","","","","08:30","12:00","08:30","12:00","08:30","12:00","","","08:30","12:00","08:30","12:00","","","","",""
"3933393105770","08004","小児歯科","2","13:30","17:00","13:30","17:00","13:30","17:00","","","13:30","17:00","13:30","17:00","","","","","13:30","17:00","13:30","17:00","13:30","17:00","","","13:30","17:00","13:30","17:00","","","","",""
"3933393105770","08004","小児歯科","3","","","","","","","","","","","","","","","","","","","","","","","","","","","","","","","","",""
"3933393105770","08005","小児矯正歯科","1","08:30","12:00","08:30","12:00","08:30","12:00","","","08:30","12:00","08:30","12:00","","","","","08:30","12:00","08:30","12:00","08:30","12:00","","","08:30","12:00","08:30","12:00","","","","",""
"3933393105770","08005","小児矯正歯科","2","13:30","17:00","13:30","17:00","13:30","17:00","","","13:30","17:00","13:30","17:00","","","","","13:30","17:00","13:30","17:00","13:30","17:00","","","13:30","17:00","13:30","17:00","","","","",""
"3933393105770","08005","小児矯正歯科","3","","","","","","","","","","","","","","","","","","","","","","","","","","","","","","","","",""
"3933393105800","08001","歯科","1","09:00","18:30","09:00","18:30","","","09:00","18:30","09:00","18:30","09:00","18:30","","","","","","","","","","","","","","","","","","","","",""
"3933393105800","08001","歯科","2","","","","","","","","","","","","","","","","","","","","","","","","","","","","","","","","",""
"3933393105800","08001","歯科","3","","","","","","","","","","","","","","","","","","","","","","","","","","","","","","","","",""
"3933393105800","08003","歯科口腔外科","1","09:00","18:30","09:00","18:30","","","09:00","18:30","09:00","18:30","09:00","18:30","","","","","","","","","","","","","","","","","","","","",""
"3933393105800","08003","歯科口腔外科","2","","","","","","","","","","","","","","","","","","","","","","","","","","","","","","","","",""
"3933393105800","08003","歯科口腔外科","3","","","","","","","","","","","","","","","","","","","","","","","","","","","","","","","","",""
"3933393105800","08004","小児歯科","1","09:00","18:30","09:00","18:30","","","09:00","18:30","09:00","18:30","09:00","18:30","","","","","","","","","","","","","","","","","","","","",""
"3933393105800","08004","小児歯科","2","","","","","","","","","","","","","","","","","","","","","","","","","","","","","","","","",""
"3933393105800","08004","小児歯科","3","","","","","","","","","","","","","","","","","","","","","","","","","","","","","","","","",""
"3933393106070","08001","歯科","1","09:00","13:00","09:00","13:00","09:00","13:00","09:00","13:00","09:00","13:00","09:00","13:00","","","","","09:00","13:00","09:00","13:00","09:00","13:00","09:00","13:00","09:00","13:00","09:00","13:00","","","","",""
"3933393106070","08001","歯科","2","14:00","18:00","14:00","18:00","14:00","18:00","","","14:00","18:00","14:00","18:00","","","","","14:00","18:00","14:00","18:00","14:00","18:00","","","14:00","18:00","14:00","18:00","","","","",""
"3933393106070","08001","歯科","3","","","","","","","","","","","","","","","","","","","","","","","","","","","","","","","","",""
"3933393106070","08003","歯科口腔外科","1","09:00","13:00","09:00","13:00","09:00","13:00","09:00","13:00","09:00","13:00","09:00","13:00","","","","","09:00","13:00","09:00","13:00","09:00","13:00","09:00","13:00","09:00","13:00","09:00","13:00","","","","",""
"3933393106070","08003","歯科口腔外科","2","14:00","18:00","14:00","18:00","14:00","18:00","","","14:00","18:00","14:00","18:00","","","","","14:00","18:00","14:00","18:00","14:00","18:00","","","14:00","18:00","14:00","18:00","","","","",""
"3933393106070","08003","歯科口腔外科","3","","","","","","","","","","","","","","","","","","","","","","","","","","","","","","","","",""
"3933393106070","08004","小児歯科","1","09:00","13:00","09:00","13:00","09:00","13:00","09:00","13:00","09:00","13:00","09:00","13:00","","","","","09:00","13:00","09:00","13:00","09:00","13:00","09:00","13:00","09:00","13:00","09:00","13:00","","","","",""
"3933393106070","08004","小児歯科","2","14:00","18:00","14:00","18:00","14:00","18:00","","","14:00","18:00","14:00","18:00","","","","","14:00","18:00","14:00","18:00","14:00","18:00","14:00","18:00","14:00","18:00","14:00","18:00","","","","",""
"3933393106070","08004","小児歯科","3","","","","","","","","","","","","","","","","","","","","","","","","","","","","","","","","",""
"3933393106100","08001","歯科","1","09:00","13:00","09:00","13:00","09:00","13:00","","","09:00","13:00","09:00","13:00","","","","","09:00","13:00","09:00","13:00","09:00","13:00","","","09:00","13:00","09:00","13:00","","","","",""
"3933393106100","08001","歯科","2","15:00","19:00","15:00","19:00","15:00","19:00","","","15:00","19:00","14:00","17:00","","","","","15:00","19:00","15:00","19:00","15:00","19:00","","","15:00","19:00","14:00","17:00","","","","",""
"3933393106100","08001","歯科","3","","","","","","","","","","","","","","","","","","","","","","","","","","","","","","","","",""
"3933393106100","08003","歯科口腔外科","1","09:00","13:00","09:00","13:00","09:00","13:00","","","09:00","13:00","09:00","13:00","","","","","09:00","13:00","09:00","13:00","09:00","13:00","","","09:00","13:00","09:00","13:00","","","","",""
"3933393106100","08003","歯科口腔外科","2","15:00","19:00","15:00","19:00","15:00","19:00","","","15:00","19:00","14:00","17:00","","","","","15:00","19:00","15:00","19:00","15:00","19:00","","","15:00","19:00","14:00","17:00","","","","",""
"3933393106100","08003","歯科口腔外科","3","","","","","","","","","","","","","","","","","","","","","","","","","","","","","","","","",""
"3933393106100","08004","小児歯科","1","09:00","13:00","09:00","13:00","09:00","13:00","","","09:00","13:00","09:00","13:00","","","","","09:00","13:00","09:00","13:00","09:00","13:00","","","09:00","13:00","09:00","13:00","","","","",""
"3933393106100","08004","小児歯科","2","15:00","19:00","15:00","19:00","15:00","19:00","","","15:00","19:00","14:00","17:00","","","","","15:00","19:00","15:00","19:00","15:00","19:00","","","15:00","19:00","14:00","17:00","","","","",""
"3933393106100","08004","小児歯科","3","","","","","","","","","","","","","","","","","","","","","","","","","","","","","","","","",""
"3933393106360","08001","歯科","1","09:00","12:30","09:00","12:30","09:00","12:30","09:00","12:30","09:00","12:30","09:00","12:30","","","","","09:00","12:30","09:00","12:30","09:00","12:30","09:00","12:30","09:00","12:30","09:00","12:30","","","","",""
"3933393106360","08001","歯科","2","","","","","","","","","","","","","","","","","","","","","","","","","","","","","","","","",""
"3933393106360","08001","歯科","3","","","","","","","","","","","","","","","","","","","","","","","","","","","","","","","","",""
"3933393106490","08001","歯科","1","09:00","13:00","09:00","13:00","","","","","09:00","13:00","09:00","13:00","","","","","09:00","12:00","09:00","12:00","","","","","09:00","12:00","09:00","12:00","","","","",""
"3933393106490","08001","歯科","2","15:00","18:00","15:00","18:00","","","","","15:00","18:00","14:00","17:00","","","","","15:00","17:00","15:00","17:00","","","","","15:00","17:00","14:00","16:00","","","","",""
"3933393106490","08001","歯科","3","","","","","","","","","","","","","","","","","","","","","","","","","","","","","","","","",""
"3933393106490","08003","歯科口腔外科","1","09:00","13:00","09:00","13:00","","","","","09:00","13:00","09:00","13:00","","","","","09:00","12:00","09:00","12:00","","","","","09:00","12:00","09:00","12:00","","","","",""
"3933393106490","08003","歯科口腔外科","2","15:00","18:00","15:00","18:00","","","","","15:00","18:00","14:00","17:00","","","","","15:00","17:00","15:00","17:00","","","","","15:00","17:00","14:00","16:00","","","","",""
"3933393106490","08003","歯科口腔外科","3","","","","","","","","","","","","","","","","","","","","","","","","","","","","","","","","",""
"3933393106490","08004","小児歯科","1","09:00","13:00","09:00","13:00","","","","","09:00","13:00","09:00","13:00","","","","","09:00","12:00","09:00","12:00","","","","","09:00","12:00","09:00","12:00","","","","",""
"3933393106490","08004","小児歯科","2","15:00","18:00","15:00","18:00","","","","","15:00","18:00","14:00","17:00","","","","","15:00","17:00","15:00","17:00","","","","","15:00","17:00","14:00","16:00","","","","",""
"3933393106490","08004","小児歯科","3","","","","","","","","","","","","","","","","","","","","","","","","","","","","","","","","",""
"3933393106520","08001","歯科","1","09:00","12:30","09:00","12:30","09:00","12:30","","","09:00","12:30","09:00","12:30","","","","","09:00","12:00","09:00","12:00","09:00","12:00","","","09:00","12:00","09:00","12:00","","","","",""
"3933393106520","08001","歯科","2","14:00","18:00","14:00","18:00","14:00","18:00","","","14:00","18:00","14:00","18:00","","","","","14:00","17:30","14:00","17:30","14:00","17:30","","","14:00","17:30","14:00","17:30","","","","",""
"3933393106520","08001","歯科","3","","","","","","","","","","","","","","","","","","","","","","","","","","","","","","","","",""
"3933393106520","08002","矯正歯科","1","09:00","12:30","09:00","12:30","09:00","12:30","","","09:00","12:30","09:00","12:30","","","","","09:00","12:00","09:00","12:00","09:00","12:00","","","09:00","12:00","09:00","12:00","","","","",""
"3933393106520","08002","矯正歯科","2","14:00","18:00","14:00","18:00","14:00","18:00","","","14:00","18:00","14:00","18:00","","","","","14:00","17:30","14:00","17:30","14:00","17:30","","","14:00","17:30","14:00","17:30","","","","",""
"3933393106520","08002","矯正歯科","3","","","","","","","","","","","","","","","","","","","","","","","","","","","","","","","","",""
"3933393106520","08004","小児歯科","1","09:00","12:30","09:00","12:30","09:00","12:30","","","09:00","12:30","09:00","12:30","","","","","09:00","12:00","09:00","12:00","09:00","12:00","","","09:00","12:00","09:00","12:00","","","","",""
"3933393106520","08004","小児歯科","2","14:00","18:00","14:00","18:00","14:00","18:00","","","14:00","18:00","14:00","18:00","","","","","14:00","17:30","14:00","17:30","14:00","17:30","","","14:00","17:30","14:00","17:30","","","","",""
"3933393106520","08004","小児歯科","3","","","","","","","","","","","","","","","","","","","","","","","","","","","","","","","","",""
"3933393106650","08001","歯科","1","09:30","13:30","09:30","13:30","09:30","13:30","09:30","13:30","09:30","13:30","09:30","13:30","","","","","","","","","","","","","","","","","","","","","疑い: 施設情報のファイルの「毎週決まった曜日に休診（木）」が 0（休診）だが、この行に木曜の診療時間が入っている"
"3933393106650","08001","歯科","2","15:00","18:30","15:00","18:30","15:00","18:30","15:00","18:30","15:00","18:30","15:00","17:00","","","","","","","","","","","","","","","","","","","","","疑い: 施設情報のファイルの「毎週決まった曜日に休診（木）」が 0（休診）だが、この行に木曜の診療時間が入っている"
"3933393106650","08001","歯科","3","","","","","","","","","","","","","","","","","","","","","","","","","","","","","","","","",""
"3933393106650","08003","歯科口腔外科","1","","","","","","","","","","","","","","","","","","","","","","","","","","","","","","","","",""
"3933393106650","08003","歯科口腔外科","2","","","","","","","","","","","","","","","","","","","","","","","","","","","","","","","","",""
"3933393106650","08003","歯科口腔外科","3","","","","","","","","","","","","","","","","","","","","","","","","","","","","","","","","",""
"3933393106650","08991","歯科相談","1","","","","","","","","","","","","","","","","","","","","","","","","","","","","","","","","",""
"3933393106650","08991","歯科相談","2","","","","","","","","","","","","","","","","","","","","","","","","","","","","","","","","",""
"3933393106650","08991","歯科相談","3","","","","","","","","","","","","","","","","","","","","","","","","","","","","","","","","",""
"3933393106780","08001","歯科","1","09:00","13:00","09:00","13:00","","","09:00","13:00","09:00","13:00","09:00","13:00","","","","","09:00","13:00","09:00","13:00","","","09:00","13:00","09:00","13:00","09:00","13:00","","","","",""
"3933393106780","08001","歯科","2","14:00","18:00","14:00","18:00","","","14:00","18:00","14:00","18:00","14:00","18:00","","","","","14:00","18:00","14:00","18:00","","","14:00","18:00","14:00","18:00","14:00","18:00","","","","",""
"3933393106780","08001","歯科","3","","","","","","","","","","","","","","","","","","","","","","","","","","","","","","","","",""
"3933393106780","08003","歯科口腔外科","1","09:00","13:00","09:00","13:00","","","09:00","13:00","09:00","13:00","09:00","13:00","","","","","09:00","13:00","09:00","13:00","","","09:00","13:00","09:00","13:00","09:00","13:00","","","","",""
"3933393106780","08003","歯科口腔外科","2","14:00","18:00","14:00","18:00","","","14:00","18:00","14:00","18:00","14:00","18:00","","","","","14:00","18:00","14:00","18:00","","","14:00","18:00","14:00","18:00","14:00","18:00","","","","",""
"3933393106780","08003","歯科口腔外科","3","","","","","","","","","","","","","","","","","","","","","","","","","","","","","","","","",""
"3933393106780","08004","小児歯科","1","09:00","13:00","09:00","13:00","","","09:00","13:00","09:00","13:00","09:00","13:00","","","","","09:00","13:00","09:00","13:00","","","09:00","13:00","09:00","13:00","09:00","13:00","","","","",""
"3933393106780","08004","小児歯科","2","14:00","18:00","14:00","18:00","","","14:00","18:00","14:00","18:00","14:00","18:00","","","","","14:00","18:00","14:00","18:00","","","14:00","18:00","14:00","18:00","14:00","18:00","","","","",""
"3933393106780","08004","小児歯科","3","","","","","","","","","","","","","","","","","","","","","","","","","","","","","","","","",""
"3933393107110","08001","歯科","1","09:00","12:30","09:00","12:30","09:00","12:30","09:00","12:30","09:00","12:30","09:00","12:30","","","","","09:00","12:00","09:00","12:00","09:00","12:00","09:00","12:00","09:00","12:00","09:00","12:00","","","","",""
"3933393107110","08001","歯科","2","14:00","17:30","14:00","17:30","14:00","17:30","14:00","17:30","14:30","17:30","14:00","17:00","","","","","14:00","16:50","14:00","16:50","14:00","16:50","14:00","16:50","14:30","16:50","14:00","16:00","","","","",""
"3933393107110","08001","歯科","3","","","","","","","","","","","","","","","","","","","","","","","","","","","","","","","","",""
"3933393107110","08002","矯正歯科","1","09:00","12:30","09:00","12:30","09:00","12:30","09:00","12:30","09:00","12:30","09:00","12:30","","","","","09:00","12:00","09:00","12:00","09:00","12:00","09:00","12:00","09:00","12:00","09:00","12:00","","","","",""
"3933393107110","08002","矯正歯科","2","14:00","17:30","14:00","17:30","14:00","17:30","14:00","17:30","14:30","17:30","14:00","17:00","","","","","14:00","16:50","14:00","16:50","14:00","16:50","14:00","16:50","14:30","16:50","14:00","16:00","","","","",""
"3933393107110","08002","矯正歯科","3","","","","","","","","","","","","","","","","","","","","","","","","","","","","","","","","",""
"3933393107110","08003","歯科口腔外科","1","09:00","12:30","09:00","12:30","09:00","12:30","09:00","12:30","09:00","12:30","09:00","12:30","","","","","09:00","12:00","09:00","12:00","09:00","12:00","09:00","12:00","09:00","12:00","09:00","12:00","","","","",""
"3933393107110","08003","歯科口腔外科","2","14:00","17:30","14:00","17:30","14:00","17:30","14:00","17:30","14:30","17:30","14:00","17:00","","","","","14:00","16:50","14:00","16:50","14:00","16:50","14:00","16:50","14:30","16:50","14:00","16:00","","","","",""
"3933393107110","08003","歯科口腔外科","3","","","","","","","","","","","","","","","","","","","","","","","","","","","","","","","","",""
"3933393107110","08004","小児歯科","1","09:00","12:30","09:00","12:30","09:00","12:30","09:00","12:30","09:00","12:30","09:00","12:30","","","","","09:00","12:00","09:00","12:00","09:00","12:00","09:00","12:00","09:00","12:00","09:00","12:00","","","","",""
"3933393107110","08004","小児歯科","2","14:00","17:30","14:00","17:30","14:00","17:30","14:00","17:30","14:30","17:30","14:00","17:00","","","","","14:00","16:50","14:00","16:50","14:00","16:50","14:00","16:50","14:30","16:50","14:00","16:00","","","","",""
"3933393107110","08004","小児歯科","3","","","","","","","","","","","","","","","","","","","","","","","","","","","","","","","","",""
"3933393107240","08001","歯科","1","09:00","13:00","09:00","13:00","09:00","13:00","09:00","13:00","09:00","13:00","09:00","13:00","","","","","","","","","","","","","","","","","","","","",""
"3933393107240","08001","歯科","2","14:30","18:30","14:30","18:30","","","14:30","18:30","14:30","18:30","14:30","18:30","","","","","","","","","","","","","","","","","","","","",""
"3933393107240","08001","歯科","3","","","","","","","","","","","","","","","","","","","","","","","","","","","","","","","","",""
"3933393107240","08002","矯正歯科","1","09:00","13:00","09:00","13:00","09:00","13:00","09:00","13:00","09:00","13:00","09:00","13:00","","","","","","","","","","","","","","","","","","","","",""
"3933393107240","08002","矯正歯科","2","14:30","18:30","14:30","18:30","","","14:30","18:30","14:30","18:30","14:30","18:30","","","","","","","","","","","","","","","","","","","","",""
"3933393107240","08002","矯正歯科","3","","","","","","","","","","","","","","","","","","","","","","","","","","","","","","","","",""
"3933393107240","08003","歯科口腔外科","1","09:00","13:00","09:00","13:00","09:00","13:00","09:00","13:00","09:00","13:00","09:00","13:00","","","","","","","","","","","","","","","","","","","","",""
"3933393107240","08003","歯科口腔外科","2","14:30","18:30","14:30","18:30","","","14:30","18:30","14:30","18:30","14:30","18:30","","","","","","","","","","","","","","","","","","","","",""
"3933393107240","08003","歯科口腔外科","3","","","","","","","","","","","","","","","","","","","","","","","","","","","","","","","","",""
"3933393107240","08004","小児歯科","1","09:00","13:00","09:00","13:00","09:00","13:00","09:00","13:00","09:00","13:00","09:00","13:00","","","","","","","","","","","","","","","","","","","","",""
"3933393107240","08004","小児歯科","2","14:30","18:30","14:30","18:30","","","14:30","18:30","14:30","18:30","14:30","18:30","","","","","","","","","","","","","","","","","","","","",""
"3933393107240","08004","小児歯科","3","","","","","","","","","","","","","","","","","","","","","","","","","","","","","","","","",""
"3933393107370","08002","矯正歯科","1","","","09:30","18:30","09:30","18:30","09:30","18:30","09:30","18:30","09:30","18:30","","","","","","","","","","","","","","","","","","","","",""
"3933393107370","08002","矯正歯科","2","","","","","","","","","","","","","","","","","","","","","","","","","","","","","","","","",""
"3933393107370","08002","矯正歯科","3","","","","","","","","","","","","","","","","","","","","","","","","","","","","","","","","",""
"3933393107400","08001","歯科","1","09:00","13:00","09:00","13:00","09:00","13:00","09:00","13:00","09:00","13:00","09:00","13:00","","","","","09:00","13:00","09:00","13:00","09:00","13:00","09:00","13:00","09:00","13:00","09:00","13:00","","","","",""
"3933393107400","08001","歯科","2","14:30","18:30","14:30","18:30","14:30","18:30","14:30","18:30","14:30","18:30","14:30","18:30","","","","","14:30","18:00","14:30","18:00","14:30","18:00","14:30","18:00","14:30","18:00","14:30","18:00","","","","",""
"3933393107400","08001","歯科","3","","","","","","","","","","","","","","","","","","","","","","","","","","","","","","","","",""
"3933393107660","08001","歯科","1","09:00","12:30","09:00","12:30","09:00","12:30","","","09:00","12:30","09:00","12:30","","","","","","","","","","","","","","","","","","","","",""
"3933393107660","08001","歯科","2","14:00","18:00","14:00","18:00","14:00","17:00","","","14:00","17:00","14:00","18:00","","","","","","","","","","","","","","","","","","","","",""
"3933393107660","08001","歯科","3","","","","","","","","","","","","","","","","","","","","","","","","","","","","","","","","",""
"3933393107660","08003","歯科口腔外科","1","","","","","","","","","","","","","","","","","","","","","","","","","","","","","","","","",""
"3933393107660","08003","歯科口腔外科","2","","","","","","","","","","","","","","","","","","","","","","","","","","","","","","","","",""
"3933393107660","08003","歯科口腔外科","3","","","","","","","","","","","","","","","","","","","","","","","","","","","","","","","","",""
"3933393107660","08004","小児歯科","1","","","","","","","","","","","","","","","","","","","","","","","","","","","","","","","","",""
"3933393107660","08004","小児歯科","2","","","","","","","","","","","","","","","","","","","","","","","","","","","","","","","","",""
"3933393107660","08004","小児歯科","3","","","","","","","","","","","","","","","","","","","","","","","","","","","","","","","","",""
"3933393108410","08001","歯科","1","","","","","","","","","","","","","","","","","","","","","","","","","","","","","","","","",""
"3933393108410","08001","歯科","2","","","","","","","","","","","","","","","","","","","","","","","","","","","","","","","","",""
"3933393108410","08001","歯科","3","","","","","","","","","","","","","","","","","","","","","","","","","","","","","","","","",""
"3933393108410","08002","矯正歯科","1","","","","","","","","","","","","","","","","","","","","","","","","","","","","","","","","",""
"3933393108410","08002","矯正歯科","2","","","","","","","","","","","","","","","","","","","","","","","","","","","","","","","","",""
"3933393108410","08002","矯正歯科","3","","","","","","","","","","","","","","","","","","","","","","","","","","","","","","","","",""
"3933393108410","08003","歯科口腔外科","1","","","","","","","","","","","","","","","","","","","","","","","","","","","","","","","","",""
"3933393108410","08003","歯科口腔外科","2","","","","","","","","","","","","","","","","","","","","","","","","","","","","","","","","",""
"3933393108410","08003","歯科口腔外科","3","","","","","","","","","","","","","","","","","","","","","","","","","","","","","","","","",""
"3933393108410","08004","小児歯科","1","","","","","","","","","","","","","","","","","","","","","","","","","","","","","","","","",""
"3933393108410","08004","小児歯科","2","","","","","","","","","","","","","","","","","","","","","","","","","","","","","","","","",""
"3933393108410","08004","小児歯科","3","","","","","","","","","","","","","","","","","","","","","","","","","","","","","","","","",""
"3933393108540","08001","歯科","1","08:30","18:15","08:30","18:15","","","08:30","18:15","08:30","18:15","08:30","18:15","","","","","08:30","17:45","08:30","17:45","","","08:30","17:45","08:30","17:45","08:30","17:45","","","","",""
"3933393108540","08001","歯科","2","","","","","","","","","","","","","","","","","","","","","","","","","","","","","","","","",""
"3933393108540","08001","歯科","3","","","","","","","","","","","","","","","","","","","","","","","","","","","","","","","","",""
"3933393108540","08003","歯科口腔外科","1","08:30","18:15","08:30","18:15","","","08:30","18:15","08:30","18:15","08:30","18:15","","","","","08:30","17:45","08:30","17:45","","","08:30","17:45","08:30","17:45","08:30","17:45","","","","",""
"3933393108540","08003","歯科口腔外科","2","","","","","","","","","","","","","","","","","","","","","","","","","","","","","","","","",""
"3933393108540","08003","歯科口腔外科","3","","","","","","","","","","","","","","","","","","","","","","","","","","","","","","","","",""
"3933393108540","08004","小児歯科","1","08:30","18:15","08:30","18:15","","","08:30","18:15","08:30","18:15","08:30","18:15","","","","","08:30","17:45","08:30","17:45","","","08:30","17:45","08:30","17:45","08:30","17:45","","","","",""
"3933393108540","08004","小児歯科","2","","","","","","","","","","","","","","","","","","","","","","","","","","","","","","","","",""
"3933393108540","08004","小児歯科","3","","","","","","","","","","","","","","","","","","","","","","","","","","","","","","","","",""
"3933393108670","08001","歯科","1","09:00","12:30","09:00","12:30","09:00","12:30","","","09:00","12:30","09:00","12:30","","","","","","","","","","","","","","","","","","","","",""
"3933393108670","08001","歯科","2","14:00","18:00","14:00","18:00","14:00","18:00","","","14:00","18:00","14:00","18:00","","","","","","","","","","","","","","","","","","","","",""
"3933393108670","08001","歯科","3","","","","","","","","","","","","","","","","","","","","","","","","","","","","","","","","",""
"3933393108670","08004","小児歯科","1","09:00","12:30","09:00","12:30","09:00","12:30","","","09:00","12:30","09:00","12:30","","","","","","","","","","","","","","","","","","","","",""
"3933393108670","08004","小児歯科","2","14:00","18:00","14:00","18:00","14:00","18:00","","","14:00","18:00","14:00","18:00","","","","","","","","","","","","","","","","","","","","",""
"3933393108670","08004","小児歯科","3","","","","","","","","","","","","","","","","","","","","","","","","","","","","","","","","",""
"3933393108700","08001","歯科","1","09:00","12:00","09:00","12:00","09:00","12:00","09:00","12:00","09:00","12:00","09:00","12:00","","","","","09:00","12:00","09:00","12:00","09:00","12:00","09:00","12:00","09:00","12:00","09:00","12:00","","","","",""
"3933393108700","08001","歯科","2","14:00","17:00","14:00","17:00","14:00","17:00","14:00","17:00","14:00","17:00","14:00","17:00","","","","","14:00","17:00","14:00","17:00","14:00","17:00","14:00","17:00","14:00","17:00","14:00","17:00","","","","",""
"3933393108700","08001","歯科","3","","","","","","","","","","","","","","","","","","","","","","","","","","","","","","","","",""
"3933393108700","08004","小児歯科","1","09:00","12:00","09:00","12:00","09:00","12:00","09:00","12:00","09:00","12:00","09:00","12:00","","","","","09:00","12:00","09:00","12:00","09:00","12:00","09:00","12:00","09:00","12:00","09:00","12:00","","","","",""
"3933393108700","08004","小児歯科","2","14:00","17:00","14:00","17:00","14:00","17:00","14:00","17:00","14:00","17:00","14:00","17:00","","","","","14:00","17:00","14:00","17:00","14:00","17:00","14:00","17:00","14:00","17:00","14:00","17:00","","","","",""
"3933393108700","08004","小児歯科","3","","","","","","","","","","","","","","","","","","","","","","","","","","","","","","","","",""
"3933393108830","08001","歯科","1","09:00","12:30","09:00","12:30","","","09:00","12:30","09:00","12:30","09:00","12:30","","","","","09:00","12:30","09:00","12:30","","","09:00","12:30","09:00","12:30","09:00","12:30","","","","",""
"3933393108830","08001","歯科","2","14:00","18:00","14:00","18:00","","","14:00","18:00","14:00","18:00","14:00","17:00","","","","","14:00","18:00","14:00","18:00","","","14:00","18:00","14:00","18:00","14:00","17:00","","","","",""
"3933393108830","08001","歯科","3","","","","","","","","","","","","","","","","","","","","","","","","","","","","","","","","",""
"3933393108830","08003","歯科口腔外科","1","09:00","12:30","09:00","12:30","","","09:00","12:30","09:00","12:30","09:00","12:30","","","","","09:00","12:30","09:00","12:30","","","09:00","12:30","09:00","12:30","09:00","12:30","","","","",""
"3933393108830","08003","歯科口腔外科","2","14:00","18:00","14:00","18:00","","","14:00","18:00","14:00","18:00","14:00","17:00","","","","","14:00","18:00","14:00","18:00","","","14:00","18:00","14:00","18:00","14:00","17:00","","","","",""
"3933393108830","08003","歯科口腔外科","3","","","","","","","","","","","","","","","","","","","","","","","","","","","","","","","","",""
"3933393108830","08004","小児歯科","1","09:00","12:30","09:00","12:30","","","09:00","12:30","09:00","12:30","09:00","12:30","","","","","09:00","12:30","09:00","12:30","","","09:00","12:30","09:00","12:30","09:00","12:30","","","","",""
"3933393108830","08004","小児歯科","2","14:00","18:00","14:00","18:00","","","14:00","18:00","14:00","18:00","14:00","17:00","","","","","14:00","18:00","14:00","18:00","","","14:00","18:00","14:00","18:00","14:00","17:00","","","","",""
"3933393108830","08004","小児歯科","3","","","","","","","","","","","","","","","","","","","","","","","","","","","","","","","","",""
"3933393108960","08001","歯科","1","09:00","14:00","09:00","14:00","09:00","14:00","09:00","14:00","09:00","14:00","09:00","14:00","","","","","09:00","14:00","09:00","14:00","09:00","14:00","09:00","14:00","09:00","14:00","09:00","14:00","","","","",""
"3933393108960","08001","歯科","2","15:00","18:30","15:00","18:30","15:00","18:30","15:00","18:30","15:00","18:30","15:00","18:30","","","","","15:00","18:30","15:00","18:30","15:00","18:30","15:00","18:30","15:00","18:30","15:00","18:30","","","","",""
"3933393108960","08001","歯科","3","","","","","","","","","","","","","","","","","","","","","","","","","","","","","","","","",""
"3933393108960","08002","矯正歯科","1","09:00","14:00","09:00","14:00","09:00","14:00","09:00","14:00","09:00","14:00","09:00","14:00","","","","","09:00","14:00","09:00","14:00","09:00","14:00","09:00","14:00","09:00","14:00","09:00","14:00","","","","",""
"3933393108960","08002","矯正歯科","2","15:00","18:30","15:00","18:30","15:00","18:30","15:00","18:30","15:00","18:30","15:00","18:30","","","","","15:00","18:30","15:00","18:30","15:00","18:30","15:00","18:30","15:00","18:30","15:00","18:30","","","","",""
"3933393108960","08002","矯正歯科","3","","","","","","","","","","","","","","","","","","","","","","","","","","","","","","","","",""
"3933393108960","08004","小児歯科","1","09:00","14:00","09:00","14:00","09:00","14:00","09:00","14:00","09:00","14:00","09:00","14:00","","","","","09:00","14:00","09:00","14:00","09:00","14:00","09:00","14:00","09:00","14:00","09:00","14:00","","","","",""
"3933393108960","08004","小児歯科","2","15:00","18:30","15:00","18:30","15:00","18:30","15:00","18:30","15:00","18:30","15:00","18:30","","","","","15:00","18:30","15:00","18:30","15:00","18:30","15:00","18:30","15:00","18:30","15:00","18:30","","","","",""
"3933393108960","08004","小児歯科","3","","","","","","","","","","","","","","","","","","","","","","","","","","","","","","","","",""
"3933393109000","08001","歯科","1","09:00","12:30","09:00","12:30","","","09:00","12:30","09:00","12:30","09:00","12:30","","","","","","","","","","","","","","","","","","","","",""
"3933393109000","08001","歯科","2","14:00","18:30","14:00","18:30","","","14:00","18:30","14:00","18:30","14:00","18:00","","","","","","","","","","","","","","","","","","","","",""
"3933393109000","08001","歯科","3","","","","","","","","","","","","","","","","","","","","","","","","","","","","","","","","",""
"3933393109000","08003","歯科口腔外科","1","09:00","12:30","09:00","12:30","","","09:00","12:30","09:00","12:30","09:00","12:30","","","","","","","","","","","","","","","","","","","","",""
"3933393109000","08003","歯科口腔外科","2","14:00","18:30","14:00","18:30","","","14:00","18:30","14:00","18:30","14:00","18:00","","","","","","","","","","","","","","","","","","","","",""
"3933393109000","08003","歯科口腔外科","3","","","","","","","","","","","","","","","","","","","","","","","","","","","","","","","","",""
"3933393109000","08004","小児歯科","1","09:00","12:30","09:00","12:30","","","09:00","12:30","09:00","12:30","09:00","12:30","","","","","","","","","","","","","","","","","","","","",""
"3933393109000","08004","小児歯科","2","14:00","18:30","14:00","18:30","","","14:00","18:30","14:00","18:30","14:00","18:00","","","","","","","","","","","","","","","","","","","","",""
"3933393109000","08004","小児歯科","3","","","","","","","","","","","","","","","","","","","","","","","","","","","","","","","","",""
"3933393109130","08001","歯科","1","","","","","","","","","","","","","","","","","","","","","","","","","","","","","","","","",""
"3933393109130","08001","歯科","2","","","","","","","","","","","","","","","","","","","","","","","","","","","","","","","","",""
"3933393109130","08001","歯科","3","","","","","","","","","","","","","","","","","","","","","","","","","","","","","","","","",""
"3933393109550","08001","歯科","1","09:00","12:30","09:00","12:30","","","09:00","12:30","09:00","12:30","09:00","12:30","","","","","09:00","12:30","09:00","12:30","","","09:00","12:30","09:00","12:30","09:00","12:30","","","","",""
"3933393109550","08001","歯科","2","14:00","18:30","14:00","18:30","","","14:00","18:30","14:00","18:30","14:00","18:30","","","","","14:00","18:30","14:00","18:30","","","14:00","18:30","14:00","18:30","14:00","18:30","","","","",""
"3933393109550","08001","歯科","3","","","","","","","","","","","","","","","","","","","","","","","","","","","","","","","","",""
"3933393109550","08003","歯科口腔外科","1","","","","","","","","","","","","","","","","","","","","","","","","","","","","","","","","",""
"3933393109550","08003","歯科口腔外科","2","","","","","","","","","","","","","","","","","","","","","","","","","","","","","","","","",""
"3933393109550","08003","歯科口腔外科","3","","","","","","","","","","","","","","","","","","","","","","","","","","","","","","","","",""
"3933393109550","08004","小児歯科","1","","","","","","","","","","","","","","","","","","","","","","","","","","","","","","","","",""
"3933393109550","08004","小児歯科","2","","","","","","","","","","","","","","","","","","","","","","","","","","","","","","","","",""
"3933393109550","08004","小児歯科","3","","","","","","","","","","","","","","","","","","","","","","","","","","","","","","","","",""
"3933393109710","08001","歯科","1","09:00","13:00","09:00","13:00","09:00","13:00","","","09:00","13:00","09:00","13:00","","","","","09:00","12:30","09:00","12:30","09:00","12:30","","","09:00","12:30","09:00","12:30","","","","",""
"3933393109710","08001","歯科","2","14:30","18:30","14:30","18:30","14:30","18:30","","","14:30","18:30","14:30","17:30","","","","","14:30","18:00","14:30","18:00","14:30","18:00","","","14:30","18:00","14:30","17:00","","","","",""
"3933393109710","08001","歯科","3","","","","","","","","","","","","","","","","","","","","","","","","","","","","","","","","",""
"3933393109710","08003","歯科口腔外科","1","09:00","13:00","09:00","13:00","09:00","13:00","","","09:00","13:00","09:00","13:00","","","","","09:00","12:30","09:00","12:30","09:00","12:30","","","09:00","12:30","09:00","12:30","","","","",""
"3933393109710","08003","歯科口腔外科","2","14:30","18:30","14:30","18:30","14:30","18:30","","","14:30","18:30","14:30","17:30","","","","","14:30","18:00","14:30","18:00","14:30","18:00","","","14:30","17:00","14:30","17:00","","","","",""
"3933393109710","08003","歯科口腔外科","3","","","","","","","","","","","","","","","","","","","","","","","","","","","","","","","","",""
"3933393109710","08004","小児歯科","1","09:00","13:00","09:00","13:00","09:00","13:00","","","09:00","13:00","09:00","13:00","","","","","09:00","12:30","09:00","12:30","09:00","12:30","","","09:00","12:30","09:00","12:30","","","","",""
"3933393109710","08004","小児歯科","2","14:30","18:30","14:30","18:30","14:30","18:30","","","14:30","18:30","14:30","18:30","","","","","14:30","18:00","14:30","18:00","14:30","18:00","","","14:30","18:00","14:30","17:00","","","","",""
"3933393109710","08004","小児歯科","3","","","","","","","","","","","","","","","","","","","","","","","","","","","","","","","","",""
"3933393109840","08001","歯科","1","09:00","12:30","09:00","12:30","","","09:00","12:30","09:00","12:30","09:00","17:00","","","","","09:00","12:30","09:00","12:30","","","09:00","12:30","09:00","12:30","09:00","17:00","","","","",""
"3933393109840","08001","歯科","2","14:00","18:30","14:00","18:30","","","14:00","18:30","14:00","18:30","","","","","","","14:00","18:30","14:00","18:30","","","14:00","18:30","14:00","18:30","","","","","","",""
"3933393109840","08001","歯科","3","","","","","","","","","","","","","","","","","","","","","","","","","","","","","","","","",""
"3933393109840","08003","歯科口腔外科","1","09:00","12:30","09:00","12:30","","","09:00","12:30","09:00","12:30","09:00","17:00","","","","","09:00","12:30","09:00","12:30","","","09:00","12:30","09:00","12:30","09:00","17:00","","","","",""
"3933393109840","08003","歯科口腔外科","2","14:00","18:30","14:00","18:30","","","14:00","18:30","14:00","18:30","","","","","","","14:00","18:30","14:00","18:30","","","14:00","18:30","14:00","18:30","","","","","","",""
"3933393109840","08003","歯科口腔外科","3","","","","","","","","","","","","","","","","","","","","","","","","","","","","","","","","",""
"3933393109840","08004","小児歯科","1","09:00","12:30","09:00","12:30","","","09:00","12:30","09:00","12:30","09:00","17:00","","","","","09:00","12:30","09:00","12:30","","","09:00","12:30","09:00","12:30","09:00","17:00","","","","",""
"3933393109840","08004","小児歯科","2","14:00","18:30","14:00","18:30","","","14:00","18:30","14:00","18:30","","","","","","","14:00","18:30","14:00","18:30","","","14:00","18:30","14:00","18:30","","","","","","",""
"3933393109840","08004","小児歯科","3","","","","","","","","","","","","","","","","","","","","","","","","","","","","","","","","",""
"3933393109970","08001","歯科","1","09:00","19:00","09:00","19:00","","","09:00","19:00","09:00","19:00","09:00","18:00","","","","","","","","","","","","","","","","","","","","",""
"3933393109970","08001","歯科","2","","","","","","","","","","","","","","","","","","","","","","","","","","","","","","","","",""
"3933393109970","08001","歯科","3","","","","","","","","","","","","","","","","","","","","","","","","","","","","","","","","",""
"3933393109970","08003","歯科口腔外科","1","09:00","19:00","09:00","19:00","","","09:00","19:00","09:00","19:00","09:00","18:00","","","","","","","","","","","","","","","","","","","","",""
"3933393109970","08003","歯科口腔外科","2","","","","","","","","","","","","","","","","","","","","","","","","","","","","","","","","",""
"3933393109970","08003","歯科口腔外科","3","","","","","","","","","","","","","","","","","","","","","","","","","","","","","","","","",""
"3933393109970","08004","小児歯科","1","09:00","19:00","09:00","19:00","","","09:00","19:00","09:00","19:00","09:00","18:00","","","","","","","","","","","","","","","","","","","","",""
"3933393109970","08004","小児歯科","2","","","","","","","","","","","","","","","","","","","","","","","","","","","","","","","","",""
"3933393109970","08004","小児歯科","3","","","","","","","","","","","","","","","","","","","","","","","","","","","","","","","","",""
"3933393110080","08001","歯科","1","09:00","12:30","09:00","12:30","09:00","12:30","","","09:00","12:30","09:00","12:30","","","","","","","","","","","","","","","","","","","","",""
"3933393110080","08001","歯科","2","14:00","18:30","14:00","18:30","14:00","18:30","","","14:00","18:30","14:00","18:30","","","","","","","","","","","","","","","","","","","","",""
"3933393110080","08001","歯科","3","","","","","","","","","","","","","","","","","","","","","","","","","","","","","","","","",""
"3933393110080","08003","歯科口腔外科","1","","","","","","","","","","","","","","","","","","","","","","","","","","","","","","","","",""
"3933393110080","08003","歯科口腔外科","2","","","","","","","","","","","","","","","","","","","","","","","","","","","","","","","","",""
"3933393110080","08003","歯科口腔外科","3","","","","","","","","","","","","","","","","","","","","","","","","","","","","","","","","",""
"3933393110080","08004","小児歯科","1","","","","","","","","","","","","","","","","","","","","","","","","","","","","","","","","",""
"3933393110080","08004","小児歯科","2","","","","","","","","","","","","","","","","","","","","","","","","","","","","","","","","",""
"3933393110080","08004","小児歯科","3","","","","","","","","","","","","","","","","","","","","","","","","","","","","","","","","",""
"3933393110110","08001","歯科","1","09:00","13:00","09:00","13:00","09:00","13:00","09:00","13:00","09:00","13:00","09:00","13:00","","","","","","","","","","","","","","","","","","","","",""
"3933393110110","08001","歯科","2","14:30","19:00","14:30","17:00","14:30","19:00","14:30","17:00","14:30","19:00","14:30","17:00","","","","","","","","","","","","","","","","","","","","",""
"3933393110110","08001","歯科","3","","","","","","","","","","","","","","","","","","","","","","","","","","","","","","","","",""
"3933393110240","08001","歯科","1","08:30","12:30","08:30","12:30","08:30","12:30","","","08:30","12:30","08:30","12:30","","","","","","","","","","","","","","","","","","","","",""
"3933393110240","08001","歯科","2","14:00","18:00","14:00","18:00","14:00","18:00","","","14:00","18:00","14:00","18:00","","","","","","","","","","","","","","","","","","","","",""
"3933393110240","08001","歯科","3","","","","","","","","","","","","","","","","","","","","","","","","","","","","","","","","",""
"3933393110240","08002","矯正歯科","1","08:30","12:30","08:30","12:30","08:30","12:30","","","08:30","12:30","08:30","12:30","","","","","","","","","","","","","","","","","","","","",""
"3933393110240","08002","矯正歯科","2","14:00","18:00","14:00","18:00","14:00","18:00","","","14:00","18:00","14:00","18:00","","","","","","","","","","","","","","","","","","","","",""
"3933393110240","08002","矯正歯科","3","","","","","","","","","","","","","","","","","","","","","","","","","","","","","","","","",""
"3933393110240","08003","歯科口腔外科","1","08:30","12:30","08:30","12:30","08:30","12:30","","","08:30","12:30","08:30","12:30","","","","","","","","","","","","","","","","","","","","",""
"3933393110240","08003","歯科口腔外科","2","14:00","18:00","14:00","18:00","14:00","18:00","","","14:00","18:00","14:00","18:00","","","","","","","","","","","","","","","","","","","","",""
"3933393110240","08003","歯科口腔外科","3","","","","","","","","","","","","","","","","","","","","","","","","","","","","","","","","",""
"3933393110240","08004","小児歯科","1","08:30","12:30","08:30","12:30","08:30","12:30","","","08:30","12:30","08:30","12:30","","","","","","","","","","","","","","","","","","","","",""
"3933393110240","08004","小児歯科","2","14:00","18:00","14:00","18:00","14:00","18:00","","","14:00","18:00","14:00","18:00","","","","","","","","","","","","","","","","","","","","",""
"3933393110240","08004","小児歯科","3","","","","","","","","","","","","","","","","","","","","","","","","","","","","","","","","",""
"3933393110370","08001","歯科","1","09:00","12:00","09:00","12:00","09:00","12:00","09:00","12:00","09:00","12:00","09:00","12:00","","","","","","","","","","","","","","","","","","","","",""
"3933393110370","08001","歯科","2","13:30","18:30","13:30","18:30","13:30","18:30","13:30","18:30","13:30","18:30","13:30","18:00","","","","","","","","","","","","","","","","","","","","",""
"3933393110370","08001","歯科","3","","","","","","","","","","","","","","","","","","","","","","","","","","","","","","","","",""
"3933393110370","08002","矯正歯科","1","09:00","12:00","09:00","12:00","09:00","12:00","09:00","12:00","09:00","12:00","09:00","12:00","","","","","","","","","","","","","","","","","","","","",""
"3933393110370","08002","矯正歯科","2","13:30","18:30","13:30","18:30","13:30","18:30","13:30","18:30","13:30","18:30","13:30","18:00","","","","","","","","","","","","","","","","","","","","",""
"3933393110370","08002","矯正歯科","3","","","","","","","","","","","","","","","","","","","","","","","","","","","","","","","","",""
"3933393110370","08003","歯科口腔外科","1","09:00","12:00","09:00","12:00","09:00","12:00","09:00","12:00","09:00","12:00","09:00","12:00","","","","","","","","","","","","","","","","","","","","",""
"3933393110370","08003","歯科口腔外科","2","13:30","18:30","13:30","18:30","13:30","18:30","13:30","18:30","13:30","18:30","13:30","18:00","","","","","","","","","","","","","","","","","","","","",""
"3933393110370","08003","歯科口腔外科","3","","","","","","","","","","","","","","","","","","","","","","","","","","","","","","","","",""
"3933393110370","08004","小児歯科","1","09:00","12:00","09:00","12:00","09:00","12:00","09:00","12:00","09:00","12:00","09:00","12:00","","","","","","","","","","","","","","","","","","","","",""
"3933393110370","08004","小児歯科","2","13:30","18:30","13:30","18:30","13:30","18:30","13:30","18:30","13:30","18:30","13:30","18:00","","","","","","","","","","","","","","","","","","","","",""
"3933393110370","08004","小児歯科","3","","","","","","","","","","","","","","","","","","","","","","","","","","","","","","","","",""
"3933393110400","08001","歯科","1","09:30","13:00","09:30","13:00","09:30","13:00","","","09:30","13:00","09:30","13:00","","","","","09:30","12:30","09:30","12:30","09:30","12:30","","","09:30","12:30","09:30","12:30","","","","",""
"3933393110400","08001","歯科","2","14:30","18:30","14:30","18:30","14:30","18:30","","","14:30","18:30","14:30","17:30","","","","","14:30","18:00","14:30","18:00","14:30","18:00","","","14:30","18:00","14:30","17:00","","","","",""
"3933393110400","08001","歯科","3","","","","","","","","","","","","","","","","","","","","","","","","","","","","","","","","",""
"3933393110400","08002","矯正歯科","1","09:30","13:00","09:30","13:00","09:30","13:00","","","09:30","13:00","09:30","13:00","","","","","09:30","12:30","09:30","12:30","09:30","12:30","","","09:30","12:30","09:30","12:30","","","","",""
"3933393110400","08002","矯正歯科","2","14:30","18:30","14:30","18:30","14:30","18:30","","","14:30","18:30","14:30","17:30","","","","","14:30","18:00","14:30","18:00","14:30","18:00","","","14:30","18:00","14:30","17:00","","","","",""
"3933393110400","08002","矯正歯科","3","","","","","","","","","","","","","","","","","","","","","","","","","","","","","","","","",""
"3933393110400","08003","歯科口腔外科","1","09:30","13:00","09:30","13:00","09:30","13:00","","","09:30","13:00","09:30","13:00","","","","","09:30","12:30","09:30","12:30","09:30","12:30","","","09:30","12:30","09:30","12:30","","","","",""
"3933393110400","08003","歯科口腔外科","2","14:30","18:30","14:30","18:30","14:30","18:30","","","14:30","18:30","14:30","17:30","","","","","14:30","18:00","14:30","18:00","14:30","18:00","","","14:30","18:00","14:30","17:00","","","","",""
"3933393110400","08003","歯科口腔外科","3","","","","","","","","","","","","","","","","","","","","","","","","","","","","","","","","",""
"3933393110400","08004","小児歯科","1","09:30","13:00","09:30","13:00","09:30","13:00","","","09:30","13:00","09:30","13:00","","","","","09:30","12:30","09:30","12:30","09:30","12:30","","","09:30","12:30","09:30","12:30","","","","",""
"3933393110400","08004","小児歯科","2","14:30","18:30","14:30","18:30","14:30","18:30","","","14:30","18:30","14:30","17:30","","","","","14:30","18:00","14:30","18:00","14:30","18:00","","","14:30","18:00","14:30","17:00","","","","",""
"3933393110400","08004","小児歯科","3","","","","","","","","","","","","","","","","","","","","","","","","","","","","","","","","",""
"3933393110950","08001","歯科","1","09:00","18:00","09:00","18:00","09:00","18:00","","","09:00","18:00","09:00","16:00","","","","","09:00","18:00","09:00","18:00","09:00","18:00","","","09:00","18:00","09:00","16:00","","","","",""
"3933393110950","08001","歯科","2","","","","","","","","","","","","","","","","","","","","","","","","","","","","","","","","",""
"3933393110950","08001","歯科","3","","","","","","","","","","","","","","","","","","","","","","","","","","","","","","","","",""
"3933393110950","08003","歯科口腔外科","1","09:00","18:00","09:00","18:00","09:00","18:00","","","09:00","18:00","09:00","16:00","","","","","09:00","18:00","09:00","18:00","09:00","18:00","","","09:00","18:00","09:00","16:00","","","","",""
"3933393110950","08003","歯科口腔外科","2","","","","","","","","","","","","","","","","","","","","","","","","","","","","","","","","",""
"3933393110950","08003","歯科口腔外科","3","","","","","","","","","","","","","","","","","","","","","","","","","","","","","","","","",""
"3933393111120","08001","歯科","1","09:00","12:30","09:00","12:30","","","09:00","12:30","09:00","12:30","09:00","12:30","","","","","09:00","12:30","09:00","12:30","","","09:00","12:30","09:00","12:30","09:00","12:30","","","","",""
"3933393111120","08001","歯科","2","14:00","18:30","14:00","18:30","","","14:00","18:30","14:00","18:30","14:00","18:30","","","","","14:00","18:30","14:00","18:30","","","14:00","18:30","14:00","18:30","14:00","18:30","","","","",""
"3933393111120","08001","歯科","3","","","","","","","","","","","","","","","","","","","","","","","","","","","","","","","","",""
"3933393111120","08003","歯科口腔外科","1","09:00","12:30","09:00","12:30","","","09:00","12:30","09:00","12:30","09:00","12:30","","","","","09:00","12:30","09:00","12:30","","","09:00","12:30","09:00","12:30","09:00","12:30","","","","",""
"3933393111120","08003","歯科口腔外科","2","14:00","18:30","14:00","18:30","","","14:00","18:30","14:00","18:30","14:00","18:30","","","","","14:00","18:30","14:00","18:30","","","14:00","18:30","14:00","18:30","14:00","18:30","","","","",""
"3933393111120","08003","歯科口腔外科","3","","","","","","","","","","","","","","","","","","","","","","","","","","","","","","","","",""
"3933393111120","08004","小児歯科","1","09:00","12:30","09:00","12:30","","","09:00","12:30","09:00","12:30","09:00","12:30","","","","","09:00","12:30","09:00","12:30","","","09:00","12:30","09:00","12:30","09:00","12:30","","","","",""
"3933393111120","08004","小児歯科","2","14:00","18:30","14:00","18:30","","","14:00","18:30","14:00","18:30","14:00","18:30","","","","","14:00","18:30","14:00","18:30","","","14:00","18:30","14:00","18:30","14:00","18:30","","","","",""
"3933393111120","08004","小児歯科","3","","","","","","","","","","","","","","","","","","","","","","","","","","","","","","","","",""
"3933393111540","08001","歯科","1","09:00","12:30","09:00","12:30","09:00","12:30","09:00","12:30","09:00","12:30","09:00","12:30","","","","","","","","","","","","","","","","","","","","",""
"3933393111540","08001","歯科","2","14:00","18:30","14:00","18:30","14:00","18:30","","","14:00","18:30","14:00","18:30","","","","","","","","","","","","","","","","","","","","",""
"3933393111540","08001","歯科","3","","","","","","","","","","","","","","","","","","","","","","","","","","","","","","","","",""
"3933393111540","08003","歯科口腔外科","1","09:00","12:30","09:00","12:30","09:00","12:30","09:00","12:30","09:00","12:30","09:00","12:30","","","","","","","","","","","","","","","","","","","","",""
"3933393111540","08003","歯科口腔外科","2","14:00","18:30","14:00","18:30","14:00","18:30","","","14:00","18:30","14:00","18:30","","","","","","","","","","","","","","","","","","","","",""
"3933393111540","08003","歯科口腔外科","3","","","","","","","","","","","","","","","","","","","","","","","","","","","","","","","","",""
"3933393111540","08004","小児歯科","1","09:00","12:30","09:00","12:30","09:00","12:30","09:00","12:30","09:00","12:30","09:00","12:30","","","","","","","","","","","","","","","","","","","","",""
"3933393111540","08004","小児歯科","2","14:00","18:30","14:00","18:30","14:00","18:30","","","14:00","18:30","14:00","18:30","","","","","","","","","","","","","","","","","","","","",""
"3933393111540","08004","小児歯科","3","","","","","","","","","","","","","","","","","","","","","","","","","","","","","","","","",""
"3933393112260","08001","歯科","1","09:00","18:30","09:00","17:30","09:00","18:30","","","08:30","17:30","08:30","17:00","","","","","09:00","18:00","09:00","17:00","09:00","18:00","","","08:30","17:00","08:30","16:30","","","","",""
"3933393112260","08001","歯科","2","","","","","","","","","","","","","","","","","","","","","","","","","","","","","","","","",""
"3933393112260","08001","歯科","3","","","","","","","","","","","","","","","","","","","","","","","","","","","","","","","","",""
"3933393112260","08004","小児歯科","1","","","","","","","","","","","","","","","","","","","","","","","","","","","","","","","","",""
"3933393112260","08004","小児歯科","2","","","","","","","","","","","","","","","","","","","","","","","","","","","","","","","","",""
"3933393112260","08004","小児歯科","3","","","","","","","","","","","","","","","","","","","","","","","","","","","","","","","","",""
"3933393112550","08001","歯科","1","09:00","18:00","09:00","18:00","09:00","18:00","","","09:00","18:00","","","","","","","09:00","18:00","09:00","18:00","09:00","18:00","","","09:00","18:00","","","","","","",""
"3933393112550","08001","歯科","2","","","","","","","","","","","09:00","17:00","","","","","","","","","","","","","","","09:00","17:00","","","","",""
"3933393112550","08001","歯科","3","","","","","","","","","","","","","","","","","","","","","","","","","","","","","","","","",""
"3933393112550","08004","小児歯科","1","09:00","18:00","09:00","18:00","09:00","18:00","","","09:00","18:00","","","","","","","09:00","18:00","09:00","18:00","09:00","18:00","","","09:00","18:00","","","","","","",""
"3933393112550","08004","小児歯科","2","","","","","","","","","","","09:00","17:00","","","","","","","","","","","","","","","09:00","17:00","","","","",""
"3933393112550","08004","小児歯科","3","","","","","","","","","","","","","","","","","","","","","","","","","","","","","","","","",""
"3933393112680","08001","歯科","1","","","","","","","","","","","","","","","","","","","","","","","","","","","","","","","","",""
"3933393112680","08001","歯科","2","","","","","","","","","","","","","","","","","","","","","","","","","","","","","","","","",""
"3933393112680","08001","歯科","3","","","","","","","","","","","","","","","","","","","","","","","","","","","","","","","","",""
"3933393112680","08003","歯科口腔外科","1","","","","","","","","","","","","","","","","","","","","","","","","","","","","","","","","",""
"3933393112680","08003","歯科口腔外科","2","","","","","","","","","","","","","","","","","","","","","","","","","","","","","","","","",""
"3933393112680","08003","歯科口腔外科","3","","","","","","","","","","","","","","","","","","","","","","","","","","","","","","","","",""
"3933393112680","08004","小児歯科","1","","","","","","","","","","","","","","","","","","","","","","","","","","","","","","","","",""
"3933393112680","08004","小児歯科","2","","","","","","","","","","","","","","","","","","","","","","","","","","","","","","","","",""
"3933393112680","08004","小児歯科","3","","","","","","","","","","","","","","","","","","","","","","","","","","","","","","","","",""
"3933395100870","08001","歯科","1","08:30","12:30","08:30","12:30","08:30","12:30","08:30","12:30","08:30","12:30","08:30","12:30","","","","","08:30","17:30","08:30","17:30","08:30","17:30","08:30","17:30","08:30","17:30","08:30","12:30","","","","",""
"3933395100870","08001","歯科","2","13:30","17:30","13:30","17:30","13:30","17:30","13:30","17:30","13:30","17:30","","","","","","","","","","","","","","","","","","","","","","",""
"3933395100870","08001","歯科","3","","","","","","","","","","","","","","","","","","","","","","","","","","","","","","","","",""
"3933395101040","08001","歯科","1","09:00","12:00","09:00","12:00","09:00","12:00","","","09:00","12:00","09:00","12:00","","","","","09:00","11:30","09:00","11:30","09:00","11:30","","","09:00","11:30","09:00","11:30","","","","",""
"3933395101040","08001","歯科","2","13:30","18:00","13:30","18:00","13:30","18:00","","","13:30","18:00","13:30","18:00","","","","","13:30","17:30","13:30","17:30","13:30","17:30","","","13:30","17:30","13:30","17:30","","","","",""
"3933395101040","08001","歯科","3","","","","","","","","","","","","","","","","","","","","","","","","","","","","","","","","","空欄にした: 月_診療 00:00-00:00（開始と終了が同じ） / 空欄にした: 火_診療 00:00-00:00（開始と終了が同じ） / 空欄にした: 水_診療 00:00-00:00（開始と終了が同じ） / 空欄にした: 金_診療 00:00-00:00（開始と終了が同じ） / 空欄にした: 土_診療 00:00-00:00（開始と終了が同じ） / 空欄にした: 月_外来受付 00:00-00:00（開始と終了が同じ） / 空欄にした: 火_外来受付 00:00-00:00（開始と終了が同じ） / 空欄にした: 水_外来受付 00:00-00:00（開始と終了が同じ） / 空欄にした: 金_外来受付 00:00-00:00（開始と終了が同じ） / 空欄にした: 土_外来受付 00:00-00:00（開始と終了が同じ）"
"3933395101040","08004","小児歯科","1","09:00","12:00","09:00","12:00","09:00","12:00","","","09:00","12:00","09:00","12:00","","","","","09:00","11:30","09:00","11:30","09:00","11:30","","","09:00","11:30","09:00","11:30","","","","",""
"3933395101040","08004","小児歯科","2","13:30","18:00","13:30","18:00","13:30","18:00","","","13:30","18:00","13:30","18:00","","","","","13:30","17:30","13:30","17:30","13:30","17:30","","","13:30","17:30","13:30","17:30","","","","",""
"3933395101040","08004","小児歯科","3","","","","","","","","","","","","","","","","","","","","","","","","","","","","","","","","","空欄にした: 月_診療 00:00-00:00（開始と終了が同じ） / 空欄にした: 火_診療 00:00-00:00（開始と終了が同じ） / 空欄にした: 水_診療 00:00-00:00（開始と終了が同じ） / 空欄にした: 金_診療 00:00-00:00（開始と終了が同じ） / 空欄にした: 土_診療 00:00-00:00（開始と終了が同じ） / 空欄にした: 月_外来受付 00:00-00:00（開始と終了が同じ） / 空欄にした: 火_外来受付 00:00-00:00（開始と終了が同じ） / 空欄にした: 水_外来受付 00:00-00:00（開始と終了が同じ） / 空欄にした: 金_外来受付 00:00-00:00（開始と終了が同じ） / 空欄にした: 土_外来受付 00:00-00:00（開始と終了が同じ）"
"3933395103060","08001","歯科","1","08:30","12:00","08:30","12:00","08:30","12:00","08:30","12:00","08:30","12:00","","","","","","","08:30","12:00","08:30","12:00","08:30","12:00","08:30","12:00","08:30","12:00","","","","","","",""
"3933395103060","08001","歯科","2","13:30","17:00","13:30","17:00","13:30","17:00","13:30","17:00","13:30","17:00","","","","","","","13:30","17:00","13:30","17:00","13:30","17:00","13:30","17:00","13:30","17:00","","","","","","",""
"3933395103060","08001","歯科","3","","","","","","","","","","","","","","","","","","","","","","","","","","","","","","","","",""
"3933395103190","08001","歯科","1","09:00","12:00","09:00","12:00","09:00","12:00","","","09:00","12:00","09:00","12:00","","","","","09:00","12:00","09:00","12:00","09:00","12:00","","","09:00","12:00","09:00","12:00","","","","",""
"3933395103190","08001","歯科","2","13:30","18:00","13:30","18:00","13:30","18:00","","","13:30","18:00","13:30","17:00","","","","","13:30","18:00","13:30","18:00","13:30","18:00","","","13:30","18:00","13:30","17:00","","","","",""
"3933395103190","08001","歯科","3","","","","","","","","","","","","","","","","","","","","","","","","","","","","","","","","",""
"3933395103640","08001","歯科","1","09:00","18:00","09:00","18:00","09:00","18:00","09:00","18:00","09:00","18:00","","","","","","","","","","","","","","","","","","","","","","",""
"3933395103640","08001","歯科","2","","","","","","","","","","","09:00","13:00","","","","","","","","","","","","","","","","","","","","",""
"3933395103640","08001","歯科","3","","","","","","","","","","","","","","","","","","","","","","","","","","","","","","","","",""
"3933395103640","08004","小児歯科","1","","","","","","","","","","","","","","","","","","","","","","","","","","","","","","","","",""
"3933395103640","08004","小児歯科","2","","","","","","","","","","","","","","","","","","","","","","","","","","","","","","","","",""
"3933395103640","08004","小児歯科","3","","","","","","","","","","","","","","","","","","","","","","","","","","","","","","","","",""
"3933395104070","08001","歯科","1","09:00","12:00","09:00","12:00","09:00","12:00","","","09:00","12:00","09:00","12:00","","","","","","","","","","","","","","","","","","","","",""
"3933395104070","08001","歯科","2","14:30","17:00","14:30","17:00","14:30","17:00","","","14:30","17:00","","","","","","","","","","","","","","","","","","","","","","",""
"3933395104070","08001","歯科","3","","","","","","","","","","","","","","","","","","","","","","","","","","","","","","","","",""
"3933395104100","08001","歯科","1","09:00","12:00","09:00","12:00","09:00","12:00","09:00","12:30","09:00","12:00","09:00","13:00","","","","","09:00","11:30","09:00","11:30","09:00","11:30","09:00","11:30","09:00","11:30","09:00","12:00","","","","",""
"3933395104100","08001","歯科","2","14:00","18:00","14:00","18:00","14:00","18:00","14:00","16:00","14:00","18:00","","","","","","","14:00","17:30","14:00","17:30","14:00","17:30","14:00","15:30","14:00","17:30","","","","","","",""
"3933395104100","08001","歯科","3","","","","","","","","","","","","","","","","","","","","","","","","","","","","","","","","",""
"3933395104100","08004","小児歯科","1","09:00","12:30","09:00","12:30","09:00","12:30","09:00","12:30","09:00","12:30","09:00","13:00","","","","","09:00","11:30","09:00","11:30","09:00","11:30","09:00","11:30","09:00","11:30","09:00","12:00","","","","",""
"3933395104100","08004","小児歯科","2","14:00","18:00","14:00","18:00","14:00","18:00","14:00","16:00","14:00","18:00","","","","","","","14:00","17:30","14:00","17:30","14:00","17:30","14:00","15:30","14:00","17:30","","","","","","",""
"3933395104100","08004","小児歯科","3","","","","","","","","","","","","","","","","","","","","","","","","","","","","","","","","",""
"3933395104100","08005","小児矯正歯科","1","","","","","","","","","","","","","","","","","","","","","","","","","","","","","","","","",""
"3933395104100","08005","小児矯正歯科","2","","","","","","","","","","","","","","","","","","","","","","","","","","","","","","","","",""
"3933395104100","08005","小児矯正歯科","3","","","","","","","","","","","","","","","","","","","","","","","","","","","","","","","","",""
"3933395104780","08001","歯科","1","09:00","20:00","09:00","20:00","09:00","20:00","","","09:00","20:00","09:00","17:00","","","","","","","","","","","","","","","","","","","","",""
"3933395104780","08001","歯科","2","","","","","","","","","","","","","","","","","","","","","","","","","","","","","","","","",""
"3933395104780","08001","歯科","3","","","","","","","","","","","","","","","","","","","","","","","","","","","","","","","","",""
"3933395104780","08002","矯正歯科","1","09:00","20:00","09:00","20:00","09:00","20:00","","","09:00","20:00","09:00","17:00","","","","","","","","","","","","","","","","","","","","",""
"3933395104780","08002","矯正歯科","2","","","","","","","","","","","","","","","","","","","","","","","","","","","","","","","","",""
"3933395104780","08002","矯正歯科","3","","","","","","","","","","","","","","","","","","","","","","","","","","","","","","","","",""
"3933395104780","08004","小児歯科","1","09:00","20:00","09:00","20:00","09:00","20:00","","","09:00","20:00","09:00","17:00","","","","","","","","","","","","","","","","","","","","",""
"3933395104780","08004","小児歯科","2","","","","","","","","","","","","","","","","","","","","","","","","","","","","","","","","",""
"3933395104780","08004","小児歯科","3","","","","","","","","","","","","","","","","","","","","","","","","","","","","","","","","",""
"3933395105080","08001","歯科","1","08:50","12:30","08:50","12:30","08:50","12:30","08:50","12:30","08:50","12:30","08:50","12:30","","","","","08:50","12:00","08:50","12:00","08:50","12:00","08:50","12:00","08:50","12:00","08:50","12:00","","","","",""
"3933395105080","08001","歯科","2","13:50","17:00","13:50","17:00","13:50","17:00","","","13:50","17:00","13:50","15:30","","","","","13:50","16:30","13:50","16:30","13:50","16:30","","","13:50","16:30","13:50","15:00","","","","",""
"3933395105080","08001","歯科","3","","","","","","","","","","","","","","","","","","","","","","","","","","","","","","","","",""
"3933395105240","08001","歯科","1","09:00","12:00","09:00","12:00","09:00","12:00","09:00","12:00","09:00","12:00","","","","","","","09:00","11:30","09:00","11:30","09:00","11:30","09:00","11:30","09:00","11:30","","","","","","",""
"3933395105240","08001","歯科","2","14:00","18:00","14:00","18:00","14:00","18:00","14:00","18:00","14:00","18:00","","","","","","","14:00","17:30","14:00","17:30","14:00","17:30","14:00","17:30","14:00","17:30","","","","","","",""
"3933395105240","08001","歯科","3","","","","","","","","","","","","","","","","","","","","","","","","","","","","","","","","","空欄にした: 月_診療 00:00-00:00（開始と終了が同じ） / 空欄にした: 火_診療 00:00-00:00（開始と終了が同じ） / 空欄にした: 水_診療 00:00-00:00（開始と終了が同じ） / 空欄にした: 木_診療 00:00-00:00（開始と終了が同じ） / 空欄にした: 金_診療 00:00-00:00（開始と終了が同じ） / 空欄にした: 月_外来受付 00:00-00:00（開始と終了が同じ） / 空欄にした: 火_外来受付 00:00-00:00（開始と終了が同じ） / 空欄にした: 水_外来受付 00:00-00:00（開始と終了が同じ） / 空欄にした: 木_外来受付 00:00-00:00（開始と終了が同じ） / 空欄にした: 金_外来受付 00:00-00:00（開始と終了が同じ）"
"3933395105370","08001","歯科","1","09:00","13:00","09:00","13:00","09:00","13:00","","","09:00","13:00","09:00","13:00","","","","","08:30","12:30","08:30","12:30","08:30","12:30","","","08:30","12:30","08:30","12:30","","","","",""
"3933395105370","08001","歯科","2","14:00","17:00","14:00","17:00","14:00","17:00","","","14:00","17:00","14:00","17:00","","","","","14:00","17:00","14:00","17:00","14:00","17:00","","","14:00","17:00","14:00","17:00","","","","",""
"3933395105370","08001","歯科","3","","","","","","","","","","","","","","","","","","","","","","","","","","","","","","","","",""
"3933395105370","08002","矯正歯科","1","09:00","13:00","09:00","13:00","09:00","13:00","","","09:00","13:00","09:00","13:00","","","","","08:30","12:30","08:30","12:30","08:30","12:30","","","08:30","12:30","08:30","12:30","","","","",""
"3933395105370","08002","矯正歯科","2","14:00","17:00","14:00","17:00","14:00","17:00","","","14:00","17:00","14:00","17:00","","","","","14:00","17:00","14:00","17:00","14:00","17:00","","","14:00","17:00","14:00","17:00","","","","",""
"3933395105370","08002","矯正歯科","3","","","","","","","","","","","","","","","","","","","","","","","","","","","","","","","","","空欄にした: 月_診療 00:00-00:00（開始と終了が同じ） / 空欄にした: 火_診療 00:00-00:00（開始と終了が同じ） / 空欄にした: 水_診療 00:00-00:00（開始と終了が同じ） / 空欄にした: 金_診療 00:00-00:00（開始と終了が同じ） / 空欄にした: 土_診療 00:00-00:00（開始と終了が同じ） / 空欄にした: 月_外来受付 00:00-00:00（開始と終了が同じ） / 空欄にした: 火_外来受付 00:00-00:00（開始と終了が同じ） / 空欄にした: 水_外来受付 00:00-00:00（開始と終了が同じ） / 空欄にした: 金_外来受付 00:00-00:00（開始と終了が同じ） / 空欄にした: 土_外来受付 00:00-00:00（開始と終了が同じ）"
"3933395105790","08001","歯科","1","09:00","18:30","09:00","18:30","09:00","18:30","","","09:00","18:30","09:00","17:00","","","","","","","","","","","","","","","","","","","","",""
"3933395105790","08001","歯科","2","","","","","","","","","","","","","","","","","","","","","","","","","","","","","","","","",""
"3933395105790","08001","歯科","3","","","","","","","","","","","","","","","","","","","","","","","","","","","","","","","","",""
"3933395105790","08003","歯科口腔外科","1","09:00","18:30","09:00","18:30","09:00","18:30","","","09:00","18:30","09:00","17:00","","","","","","","","","","","","","","","","","","","","",""
"3933395105790","08003","歯科口腔外科","2","","","","","","","","","","","","","","","","","","","","","","","","","","","","","","","","",""
"3933395105790","08003","歯科口腔外科","3","","","","","","","","","","","","","","","","","","","","","","","","","","","","","","","","",""
"3933395105790","08004","小児歯科","1","09:00","18:30","09:00","18:30","09:00","18:30","","","09:00","18:30","09:00","17:00","","","","","","","","","","","","","","","","","","","","",""
"3933395105790","08004","小児歯科","2","","","","","","","","","","","","","","","","","","","","","","","","","","","","","","","","",""
"3933395105790","08004","小児歯科","3","","","","","","","","","","","","","","","","","","","","","","","","","","","","","","","","",""
"3933395106670","08001","歯科","1","09:00","12:30","09:00","12:30","09:00","12:30","09:00","12:30","09:00","12:30","09:00","12:30","","","","","","","","","","","","","","","","","","","","",""
"3933395106670","08001","歯科","2","02:30","06:30","02:30","06:30","02:30","06:30","","","02:30","06:30","","","","","","","","","","","","","","","","","","","","","","","疑い: 月_診療 02:30-06:30（開始が 06:00 より前） / 疑い: 火_診療 02:30-06:30（開始が 06:00 より前） / 疑い: 水_診療 02:30-06:30（開始が 06:00 より前） / 疑い: 金_診療 02:30-06:30（開始が 06:00 より前）"
"3933395106670","08001","歯科","3","","","","","","","","","","","","","","","","","","","","","","","","","","","","","","","","",""
"3933395106670","08004","小児歯科","1","09:00","12:30","09:00","12:30","09:00","12:30","09:00","12:30","09:00","12:30","09:00","12:30","","","","","","","","","","","","","","","","","","","","",""
"3933395106670","08004","小児歯科","2","02:30","06:30","02:30","06:30","02:30","06:30","","","02:30","06:30","","","","","","","","","","","","","","","","","","","","","","","疑い: 月_診療 02:30-06:30（開始が 06:00 より前） / 疑い: 火_診療 02:30-06:30（開始が 06:00 より前） / 疑い: 水_診療 02:30-06:30（開始が 06:00 より前） / 疑い: 金_診療 02:30-06:30（開始が 06:00 より前）"
"3933395106670","08004","小児歯科","3","","","","","","","","","","","","","","","","","","","","","","","","","","","","","","","","",""
"3933395106830","08001","歯科","1","09:00","13:00","09:00","13:00","09:00","13:00","","","09:00","13:00","09:00","13:00","","","","","09:00","12:30","09:00","12:30","09:00","12:30","","","09:00","12:30","09:00","12:30","","","","",""
"3933395106830","08001","歯科","2","14:00","18:00","14:00","18:00","14:00","18:00","","","14:00","18:00","14:00","18:00","","","","","14:00","17:30","14:00","17:30","14:00","17:30","","","14:00","17:30","14:00","17:30","","","","",""
"3933395106830","08001","歯科","3","","","","","","","","","","","","","","","","","","","","","","","","","","","","","","","","","空欄にした: 月_診療 00:00-00:00（開始と終了が同じ） / 空欄にした: 火_診療 00:00-00:00（開始と終了が同じ） / 空欄にした: 水_診療 00:00-00:00（開始と終了が同じ） / 空欄にした: 金_診療 00:00-00:00（開始と終了が同じ） / 空欄にした: 土_診療 00:00-00:00（開始と終了が同じ） / 空欄にした: 月_外来受付 00:00-00:00（開始と終了が同じ） / 空欄にした: 火_外来受付 00:00-00:00（開始と終了が同じ） / 空欄にした: 水_外来受付 00:00-00:00（開始と終了が同じ） / 空欄にした: 金_外来受付 00:00-00:00（開始と終了が同じ） / 空欄にした: 土_外来受付 00:00-00:00（開始と終了が同じ）"
"3933395106830","08002","矯正歯科","1","09:00","13:00","09:00","13:00","09:00","13:00","","","09:00","13:00","09:00","13:00","","","","","09:00","12:30","09:00","12:30","09:00","12:30","","","09:00","12:30","09:00","12:30","","","","",""
"3933395106830","08002","矯正歯科","2","14:00","18:00","14:00","18:00","14:00","18:00","","","14:00","18:00","14:00","18:00","","","","","14:00","17:30","14:00","17:30","14:00","17:30","","","14:00","17:30","14:00","17:30","","","","",""
"3933395106830","08002","矯正歯科","3","","","","","","","","","","","","","","","","","","","","","","","","","","","","","","","","","空欄にした: 月_診療 00:00-00:00（開始と終了が同じ） / 空欄にした: 火_診療 00:00-00:00（開始と終了が同じ） / 空欄にした: 水_診療 00:00-00:00（開始と終了が同じ） / 空欄にした: 金_診療 00:00-00:00（開始と終了が同じ） / 空欄にした: 土_診療 00:00-00:00（開始と終了が同じ） / 空欄にした: 月_外来受付 00:00-00:00（開始と終了が同じ） / 空欄にした: 火_外来受付 00:00-00:00（開始と終了が同じ） / 空欄にした: 水_外来受付 00:00-00:00（開始と終了が同じ） / 空欄にした: 金_外来受付 00:00-00:00（開始と終了が同じ） / 空欄にした: 土_外来受付 00:00-00:00（開始と終了が同じ）"
"3933395106830","08004","小児歯科","1","09:00","13:00","09:00","13:00","09:00","13:00","","","09:00","13:00","09:00","13:00","","","","","09:00","12:30","09:00","12:30","09:00","12:30","","","09:00","12:30","09:00","12:30","","","","",""
"3933395106830","08004","小児歯科","2","14:00","18:00","14:00","18:00","14:00","18:00","","","14:00","18:00","14:00","18:00","","","","","14:00","17:30","14:00","17:30","14:00","17:30","","","14:00","17:30","14:00","17:30","","","","",""
"3933395106830","08004","小児歯科","3","","","","","","","","","","","","","","","","","","","","","","","","","","","","","","","","","空欄にした: 月_診療 00:00-00:00（開始と終了が同じ） / 空欄にした: 火_診療 00:00-00:00（開始と終了が同じ） / 空欄にした: 水_診療 00:00-00:00（開始と終了が同じ） / 空欄にした: 金_診療 00:00-00:00（開始と終了が同じ） / 空欄にした: 土_診療 00:00-00:00（開始と終了が同じ） / 空欄にした: 月_外来受付 00:00-00:00（開始と終了が同じ） / 空欄にした: 火_外来受付 00:00-00:00（開始と終了が同じ） / 空欄にした: 水_外来受付 00:00-00:00（開始と終了が同じ） / 空欄にした: 金_外来受付 00:00-00:00（開始と終了が同じ） / 空欄にした: 土_外来受付 00:00-00:00（開始と終了が同じ）"
"3933395107130","08001","歯科","1","09:00","18:00","09:00","18:00","09:00","18:00","09:00","13:00","09:00","18:00","09:00","17:00","","","","","08:00","18:00","08:00","18:00","08:00","18:00","08:00","13:00","08:00","18:00","08:00","17:00","","","","","疑い: 施設情報のファイルの「毎週決まった曜日に休診（木）」が 0（休診）だが、この行に木曜の診療時間が入っている"
"3933395107130","08001","歯科","2","","","","","","","","","","","","","","","","","","","","","","","","","","","","","","","","",""
"3933395107130","08001","歯科","3","","","","","","","","","","","","","","","","","","","","","","","","","","","","","","","","",""
"3933395107130","08002","矯正歯科","1","09:00","18:00","09:00","18:00","09:00","18:00","09:00","13:00","09:00","18:00","09:00","17:00","","","","","08:00","18:00","08:00","18:00","08:00","18:00","08:00","13:00","08:00","18:00","08:00","17:00","","","","","疑い: 施設情報のファイルの「毎週決まった曜日に休診（木）」が 0（休診）だが、この行に木曜の診療時間が入っている"
"3933395107130","08002","矯正歯科","2","","","","","","","","","","","","","","","","","","","","","","","","","","","","","","","","",""
"3933395107130","08002","矯正歯科","3","","","","","","","","","","","","","","","","","","","","","","","","","","","","","","","","",""
"3933395107130","08003","歯科口腔外科","1","09:00","18:00","09:00","18:00","09:00","18:00","09:00","13:00","09:00","18:00","09:00","17:00","","","","","08:00","18:00","08:00","18:00","08:00","18:00","08:00","13:00","08:00","18:00","08:00","17:00","","","","","疑い: 施設情報のファイルの「毎週決まった曜日に休診（木）」が 0（休診）だが、この行に木曜の診療時間が入っている"
"3933395107130","08003","歯科口腔外科","2","","","","","","","","","","","","","","","","","","","","","","","","","","","","","","","","",""
"3933395107130","08003","歯科口腔外科","3","","","","","","","","","","","","","","","","","","","","","","","","","","","","","","","","",""
"3933395107130","08004","小児歯科","1","09:00","18:00","09:00","18:00","09:00","18:00","09:00","13:00","09:00","18:00","09:00","17:00","","","","","08:00","18:00","08:00","18:00","08:00","18:00","08:00","13:00","08:00","18:00","08:00","17:00","","","","","疑い: 施設情報のファイルの「毎週決まった曜日に休診（木）」が 0（休診）だが、この行に木曜の診療時間が入っている"
"3933395107130","08004","小児歯科","2","","","","","","","","","","","","","","","","","","","","","","","","","","","","","","","","",""
"3933395107130","08004","小児歯科","3","","","","","","","","","","","","","","","","","","","","","","","","","","","","","","","","",""
"3933395107390","08001","歯科","1","09:00","12:30","09:00","12:30","09:00","12:30","09:00","12:30","09:00","12:30","09:00","12:30","","","","","09:00","12:00","09:00","12:00","09:00","12:00","09:00","12:00","09:00","12:00","09:00","12:00","","","","",""
"3933395107390","08001","歯科","2","14:00","18:00","14:00","18:00","14:00","18:00","14:00","18:00","14:00","18:00","","","","","","","14:00","17:30","14:00","17:30","14:00","17:30","14:00","17:30","14:00","17:30","","","","","","","空欄にした: 土_診療 00:00-00:00（開始と終了が同じ） / 空欄にした: 土_外来受付 00:00-00:00（開始と終了が同じ）"
"3933395107390","08001","歯科","3","","","","","","","","","","","","","","","","","","","","","","","","","","","","","","","","","空欄にした: 月_診療 00:00-00:00（開始と終了が同じ） / 空欄にした: 火_診療 00:00-00:00（開始と終了が同じ） / 空欄にした: 水_診療 00:00-00:00（開始と終了が同じ） / 空欄にした: 木_診療 00:00-00:00（開始と終了が同じ） / 空欄にした: 金_診療 00:00-00:00（開始と終了が同じ） / 空欄にした: 土_診療 00:00-00:00（開始と終了が同じ） / 空欄にした: 月_外来受付 00:00-00:00（開始と終了が同じ） / 空欄にした: 火_外来受付 00:00-00:00（開始と終了が同じ） / 空欄にした: 水_外来受付 00:00-00:00（開始と終了が同じ） / 空欄にした: 木_外来受付 00:00-00:00（開始と終了が同じ） / 空欄にした: 金_外来受付 00:00-00:00（開始と終了が同じ） / 空欄にした: 土_外来受付 00:00-00:00（開始と終了が同じ）"
"3933395107390","08004","小児歯科","1","09:00","12:30","09:00","12:30","09:00","12:30","09:00","12:30","09:00","12:30","09:00","12:30","","","","","09:00","12:00","09:00","12:00","09:00","12:00","09:00","12:00","09:00","12:00","09:00","12:00","","","","",""
"3933395107390","08004","小児歯科","2","14:00","18:00","14:00","18:00","14:00","18:00","14:00","18:00","14:00","18:00","","","","","","","14:00","17:30","14:00","17:30","14:00","17:30","14:00","17:30","14:00","17:30","","","","","","","空欄にした: 土_診療 00:00-00:00（開始と終了が同じ） / 空欄にした: 土_外来受付 00:00-00:00（開始と終了が同じ）"
"3933395107390","08004","小児歯科","3","","","","","","","","","","","","","","","","","","","","","","","","","","","","","","","","","空欄にした: 月_診療 00:00-00:00（開始と終了が同じ） / 空欄にした: 火_診療 00:00-00:00（開始と終了が同じ） / 空欄にした: 水_診療 00:00-00:00（開始と終了が同じ） / 空欄にした: 木_診療 00:00-00:00（開始と終了が同じ） / 空欄にした: 金_診療 00:00-00:00（開始と終了が同じ） / 空欄にした: 土_診療 00:00-00:00（開始と終了が同じ） / 空欄にした: 月_外来受付 00:00-00:00（開始と終了が同じ） / 空欄にした: 火_外来受付 00:00-00:00（開始と終了が同じ） / 空欄にした: 水_外来受付 00:00-00:00（開始と終了が同じ） / 空欄にした: 木_外来受付 00:00-00:00（開始と終了が同じ） / 空欄にした: 金_外来受付 00:00-00:00（開始と終了が同じ） / 空欄にした: 土_外来受付 00:00-00:00（開始と終了が同じ）"
"3933395107680","08001","歯科","1","08:30","12:30","08:30","12:30","08:30","12:30","08:30","12:00","08:30","12:30","","","","","","","","","","","","","","","","","","","","","","",""
"3933395107680","08001","歯科","2","14:00","18:00","14:00","18:00","14:00","18:00","13:00","17:00","14:00","18:00","","","","","","","","","","","","","","","","","","","","","","",""
"3933395107680","08001","歯科","3","","","","","","","","","","","","","","","","","","","","","","","","","","","","","","","","",""
"3933395108430","08001","歯科","1","09:00","12:00","09:00","12:00","","","09:00","12:00","09:00","12:00","09:00","12:00","","","","","09:00","12:00","09:00","12:00","","","09:00","12:00","09:00","12:00","09:00","12:00","","","","",""
"3933395108430","08001","歯科","2","13:00","18:00","13:00","18:00","","","13:00","18:00","13:00","18:00","13:00","15:00","","","","","13:00","18:00","13:00","18:00","","","13:00","18:00","13:00","18:00","13:00","15:00","","","","",""
"3933395108430","08001","歯科","3","","","","","","","","","","","","","","","","","","","","","","","","","","","","","","","","",""
"3933395108560","08001","歯科","1","09:00","12:30","09:00","12:30","09:00","12:30","09:00","12:30","09:00","12:30","09:00","13:00","","","","","09:00","12:00","09:00","12:00","09:00","12:00","09:00","12:00","09:00","12:00","09:00","12:30","","","","",""
"3933395108560","08001","歯科","2","14:00","18:30","14:00","18:30","14:00","18:30","14:00","18:30","14:00","18:30","","","","","","","14:00","18:00","14:00","18:00","14:00","18:00","14:00","18:00","14:00","18:00","","","","","","",""
"3933395108560","08001","歯科","3","","","","","","","","","","","","","","","","","","","","","","","","","","","","","","","","",""
"3933395108560","08004","小児歯科","1","09:00","12:30","09:00","12:30","09:00","12:30","09:00","12:30","09:00","12:30","09:00","13:00","","","","","09:00","12:00","09:00","12:00","09:00","12:00","09:00","12:00","09:00","12:00","09:00","12:30","","","","",""
"3933395108560","08004","小児歯科","2","14:00","18:30","14:00","18:30","14:00","18:30","14:00","18:30","14:00","18:30","","","","","","","14:00","18:00","14:00","18:00","14:00","18:00","14:00","18:00","14:00","18:00","","","","","","",""
"3933395108560","08004","小児歯科","3","","","","","","","","","","","","","","","","","","","","","","","","","","","","","","","","",""
"3933395108980","08001","歯科","1","09:00","13:00","09:00","13:00","09:00","13:00","09:00","13:00","09:00","13:00","09:00","13:00","","","","","08:30","12:40","08:30","12:40","08:30","12:40","08:30","12:40","08:30","12:40","08:30","12:40","","","","",""
"3933395108980","08001","歯科","2","14:00","17:30","14:00","17:30","14:00","17:30","","","14:00","17:30","","","","","","","13:30","17:15","13:30","17:15","13:30","17:15","","","13:30","17:15","","","","","","","空欄にした: 木_診療 00:00-00:00（開始と終了が同じ） / 空欄にした: 土_診療 00:00-00:00（開始と終了が同じ） / 空欄にした: 木_外来受付 00:00-00:00（開始と終了が同じ） / 空欄にした: 土_外来受付 00:00-00:00（開始と終了が同じ）"
"3933395108980","08001","歯科","3","","","","","","","","","","","","","","","","","","","","","","","","","","","","","","","","","空欄にした: 月_診療 00:00-00:00（開始と終了が同じ） / 空欄にした: 火_診療 00:00-00:00（開始と終了が同じ） / 空欄にした: 水_診療 00:00-00:00（開始と終了が同じ） / 空欄にした: 木_診療 00:00-00:00（開始と終了が同じ） / 空欄にした: 金_診療 00:00-00:00（開始と終了が同じ） / 空欄にした: 土_診療 00:00-00:00（開始と終了が同じ） / 空欄にした: 月_外来受付 00:00-00:00（開始と終了が同じ） / 空欄にした: 火_外来受付 00:00-00:00（開始と終了が同じ） / 空欄にした: 水_外来受付 00:00-00:00（開始と終了が同じ） / 空欄にした: 木_外来受付 00:00-00:00（開始と終了が同じ） / 空欄にした: 金_外来受付 00:00-00:00（開始と終了が同じ） / 空欄にした: 土_外来受付 00:00-00:00（開始と終了が同じ）"
"3933395109020","08001","歯科","1","09:00","12:30","09:00","12:30","09:00","12:30","09:00","12:30","09:00","12:30","09:00","12:30","","","","","09:00","11:30","09:00","11:30","09:00","11:30","09:00","11:30","09:00","11:30","09:00","11:30","","","","",""
"3933395109020","08001","歯科","2","13:45","17:30","13:45","17:30","13:45","17:30","13:45","17:30","13:45","17:30","","","","","","","13:45","17:30","13:45","17:30","13:45","17:30","13:45","17:30","13:45","17:30","","","","","","",""
"3933395109020","08001","歯科","3","","","","","","","","","","","","","","","","","","","","","","","","","","","","","","","","",""
"3933395109150","08001","歯科","1","09:00","12:00","09:00","12:00","09:00","12:00","09:00","12:00","09:00","12:00","09:00","12:00","","","","","","","","","","","","","","","","","","","","",""
"3933395109150","08001","歯科","2","13:00","17:00","13:00","17:00","","","13:00","17:00","13:00","17:00","","","","","","","","","","","","","","","","","","","","","","",""
"3933395109150","08001","歯科","3","","","","","","","","","","","","","","","","","","","","","","","","","","","","","","","","",""
"3933395109150","08002","矯正歯科","1","09:00","12:00","09:00","12:00","09:00","12:00","09:00","12:00","09:00","12:00","09:00","12:00","","","","","","","","","","","","","","","","","","","","",""
"3933395109150","08002","矯正歯科","2","13:00","17:00","13:00","17:00","","","13:00","17:00","13:00","17:00","","","","","","","","","","","","","","","","","","","","","","",""
"3933395109150","08002","矯正歯科","3","","","","","","","","","","","","","","","","","","","","","","","","","","","","","","","","",""
"3933395109310","08001","歯科","1","09:00","12:30","09:00","12:30","09:00","12:30","09:00","12:30","09:00","12:30","09:00","12:30","","","","","09:00","12:30","09:00","12:30","09:00","12:30","09:00","12:30","09:00","12:30","09:00","12:30","","","","",""
"3933395109310","08001","歯科","2","14:00","18:30","14:00","18:30","14:00","18:30","","","14:00","18:30","","","","","","","14:00","18:30","14:00","18:30","14:00","18:30","","","14:00","18:30","","","","","","",""
"3933395109310","08001","歯科","3","","","","","","","","","","","","","","","","","","","","","","","","","","","","","","","","",""
"3933395109310","08003","歯科口腔外科","1","09:00","12:30","09:00","12:30","09:00","12:30","09:00","12:30","09:00","12:30","09:00","12:30","","","","","09:00","12:30","19:00","12:30","09:00","12:30","09:00","12:30","09:00","12:30","09:00","12:30","","","","",""
"3933395109310","08003","歯科口腔外科","2","14:00","18:30","14:00","18:30","14:00","18:30","","","14:00","18:30","","","","","","","14:00","18:30","14:00","18:30","14:00","18:30","","","14:00","18:30","","","","","","",""
"3933395109310","08003","歯科口腔外科","3","","","","","","","","","","","","","","","","","","","","","","","","","","","","","","","","",""
"3933395109440","08001","歯科","1","10:00","12:00","","","10:00","12:00","","","","","10:00","12:00","","","","","","","","","","","","","","","","","","","","",""
"3933395109440","08001","歯科","2","13:30","17:00","","","13:30","17:00","","","","","13:30","17:00","","","","","","","","","","","","","","","","","","","","",""
"3933395109440","08001","歯科","3","","","","","","","","","","","","","","","","","","","","","","","","","","","","","","","","",""
"3933395109440","08002","矯正歯科","1","10:00","12:00","","","10:00","12:00","","","","","10:00","12:00","","","","","","","","","","","","","","","","","","","","",""
"3933395109440","08002","矯正歯科","2","13:30","17:00","","","13:30","17:00","","","","","13:30","17:00","","","","","","","","","","","","","","","","","","","","",""
"3933395109440","08002","矯正歯科","3","","","","","","","","","","","","","","","","","","","","","","","","","","","","","","","","",""
"3933395109860","08001","歯科","1","09:00","12:30","09:00","12:30","09:00","12:30","","","09:00","12:30","09:00","12:30","","","","","09:00","12:00","09:00","12:00","09:00","12:00","","","09:00","12:00","09:00","12:00","","","","",""
"3933395109860","08001","歯科","2","14:00","18:30","14:00","18:30","14:00","18:30","","","14:00","18:30","14:00","17:00","","","","","13:30","18:00","13:30","18:00","13:30","18:00","","","13:30","18:00","13:30","16:30","","","","",""
"3933395109860","08001","歯科","3","","","","","","","","","","","","","","","","","","","","","","","","","","","","","","","","","空欄にした: 月_診療 00:00-00:00（開始と終了が同じ） / 空欄にした: 火_診療 00:00-00:00（開始と終了が同じ） / 空欄にした: 水_診療 00:00-00:00（開始と終了が同じ） / 空欄にした: 金_診療 00:00-00:00（開始と終了が同じ） / 空欄にした: 土_診療 00:00-00:00（開始と終了が同じ） / 空欄にした: 月_外来受付 00:00-00:00（開始と終了が同じ） / 空欄にした: 火_外来受付 00:00-00:00（開始と終了が同じ） / 空欄にした: 水_外来受付 00:00-00:00（開始と終了が同じ） / 空欄にした: 金_外来受付 00:00-00:00（開始と終了が同じ） / 空欄にした: 土_外来受付 00:00-00:00（開始と終了が同じ）"
"3933395109860","08002","矯正歯科","1","09:00","12:30","09:00","12:30","09:00","12:30","","","09:00","12:30","09:00","12:30","","","","","09:00","12:00","09:00","12:00","09:00","12:00","","","09:00","12:00","09:00","12:00","","","","",""
"3933395109860","08002","矯正歯科","2","14:00","18:30","14:00","18:30","14:00","18:30","","","14:00","18:30","14:00","17:00","","","","","13:30","18:00","13:30","18:00","13:30","18:00","","","13:30","18:00","13:30","16:30","","","","",""
"3933395109860","08002","矯正歯科","3","","","","","","","","","","","","","","","","","","","","","","","","","","","","","","","","","空欄にした: 月_診療 00:00-00:00（開始と終了が同じ） / 空欄にした: 火_診療 00:00-00:00（開始と終了が同じ） / 空欄にした: 水_診療 00:00-00:00（開始と終了が同じ） / 空欄にした: 金_診療 00:00-00:00（開始と終了が同じ） / 空欄にした: 土_診療 00:00-00:00（開始と終了が同じ） / 空欄にした: 月_外来受付 00:00-00:00（開始と終了が同じ） / 空欄にした: 火_外来受付 00:00-00:00（開始と終了が同じ） / 空欄にした: 水_外来受付 00:00-00:00（開始と終了が同じ） / 空欄にした: 金_外来受付 00:00-00:00（開始と終了が同じ） / 空欄にした: 土_外来受付 00:00-00:00（開始と終了が同じ）"
"3933395109860","08003","歯科口腔外科","1","09:00","12:30","09:00","12:30","09:00","12:30","","","09:00","12:30","09:00","12:30","","","","","09:00","12:00","09:00","12:00","09:00","12:00","","","09:00","12:00","09:00","12:00","","","","",""
"3933395109860","08003","歯科口腔外科","2","14:00","18:30","14:00","18:30","14:00","18:30","","","14:00","18:30","14:00","17:00","","","","","13:30","18:00","13:30","18:00","13:30","18:00","","","13:30","18:00","13:30","16:30","","","","",""
"3933395109860","08003","歯科口腔外科","3","","","","","","","","","","","","","","","","","","","","","","","","","","","","","","","","","空欄にした: 月_診療 00:00-00:00（開始と終了が同じ） / 空欄にした: 火_診療 00:00-00:00（開始と終了が同じ） / 空欄にした: 水_診療 00:00-00:00（開始と終了が同じ） / 空欄にした: 金_診療 00:00-00:00（開始と終了が同じ） / 空欄にした: 土_診療 00:00-00:00（開始と終了が同じ） / 空欄にした: 月_外来受付 00:00-00:00（開始と終了が同じ） / 空欄にした: 火_外来受付 00:00-00:00（開始と終了が同じ） / 空欄にした: 水_外来受付 00:00-00:00（開始と終了が同じ） / 空欄にした: 金_外来受付 00:00-00:00（開始と終了が同じ） / 空欄にした: 土_外来受付 00:00-00:00（開始と終了が同じ）"
"3933395109860","08004","小児歯科","1","09:00","12:30","09:00","12:30","09:00","12:30","","","09:00","12:30","09:00","12:30","","","","","09:00","12:00","09:00","12:00","09:00","12:00","","","09:00","12:00","09:00","12:00","","","","",""
"3933395109860","08004","小児歯科","2","14:00","18:30","14:00","18:30","14:00","18:30","","","14:00","18:30","14:00","17:00","","","","","13:30","18:00","13:30","18:00","13:30","18:00","","","13:30","18:00","13:30","16:30","","","","",""
"3933395109860","08004","小児歯科","3","","","","","","","","","","","","","","","","","","","","","","","","","","","","","","","","","空欄にした: 月_診療 00:00-00:00（開始と終了が同じ） / 空欄にした: 火_診療 00:00-00:00（開始と終了が同じ） / 空欄にした: 水_診療 00:00-00:00（開始と終了が同じ） / 空欄にした: 金_診療 00:00-00:00（開始と終了が同じ） / 空欄にした: 土_診療 00:00-00:00（開始と終了が同じ） / 空欄にした: 月_外来受付 00:00-00:00（開始と終了が同じ） / 空欄にした: 火_外来受付 00:00-00:00（開始と終了が同じ） / 空欄にした: 水_外来受付 00:00-00:00（開始と終了が同じ） / 空欄にした: 金_外来受付 00:00-00:00（開始と終了が同じ） / 空欄にした: 土_外来受付 00:00-00:00（開始と終了が同じ）"
"3933395109860","08005","小児矯正歯科","1","","","","","","","","","","","","","","","","","","","","","","","","","","","","","","","","",""
"3933395109860","08005","小児矯正歯科","2","","","","","","","","","","","","","","","","","","","","","","","","","","","","","","","","",""
"3933395109860","08005","小児矯正歯科","3","","","","","","","","","","","","","","","","","","","","","","","","","","","","","","","","",""
"3933395110390","08001","歯科","1","09:00","12:00","09:00","12:00","09:00","12:00","09:00","12:00","09:00","12:00","09:00","12:00","","","","","08:30","12:00","08:30","12:00","08:30","12:00","","","08:30","12:00","","","","","","",""
"3933395110390","08001","歯科","2","14:30","18:00","14:30","18:00","14:30","18:00","","","14:30","18:00","","","","","","","14:00","18:00","14:00","18:00","14:00","18:00","","","14:00","18:00","","","","","","",""
"3933395110390","08001","歯科","3","","","","","","","","","","","","","","","","","","","","","","","","","","","","","","","","",""
"3933395110390","08002","矯正歯科","1","","","","","","","","","","","","","","","","","","","","","","","","","","","","","","","","",""
"3933395110390","08002","矯正歯科","2","","","","","","","","","","","","","","","","","","","","","","","","","","","","","","","","",""
"3933395110390","08002","矯正歯科","3","","","","","","","","","","","","","","","","","","","","","","","","","","","","","","","","",""
"3933395110680","08001","歯科","1","09:00","12:30","09:00","12:30","09:00","12:30","","","09:00","12:30","09:00","12:30","","","","","09:00","12:30","09:00","12:30","09:00","12:30","","","09:00","12:30","09:00","12:30","","","","",""
"3933395110680","08001","歯科","2","14:00","18:30","14:00","18:30","14:00","18:30","","","14:00","18:30","14:00","18:30","","","","","14:00","18:30","14:00","18:30","14:00","18:30","","","14:00","18:30","14:00","18:30","","","","",""
"3933395110680","08001","歯科","3","","","","","","","","","","","","","","","","","","","","","","","","","","","","","","","","",""
"3933395110680","08004","小児歯科","1","09:00","12:30","09:00","12:30","09:00","12:30","","","09:00","12:30","09:00","12:30","","","","","09:00","12:30","09:00","12:30","09:00","12:30","","","09:00","12:30","09:00","12:30","","","","",""
"3933395110680","08004","小児歯科","2","14:00","18:30","14:00","18:30","14:00","18:30","","","14:00","18:30","14:00","18:30","","","","","14:00","18:30","14:00","18:30","14:00","18:30","","","14:00","18:30","14:00","18:30","","","","",""
"3933395110680","08004","小児歯科","3","","","","","","","","","","","","","","","","","","","","","","","","","","","","","","","","",""
"3933395110840","08001","歯科","1","08:30","12:30","08:30","12:30","08:30","12:30","","","08:30","12:30","08:30","12:30","","","","","08:30","11:30","08:30","11:30","08:30","11:30","","","08:30","11:30","08:30","11:30","","","","",""
"3933395110840","08001","歯科","2","13:30","17:30","13:30","17:30","13:30","17:30","","","13:30","17:30","13:30","17:30","","","","","13:30","16:30","13:30","16:30","13:30","16:30","","","13:30","16:30","13:30","16:30","","","","",""
"3933395110840","08001","歯科","3","","","","","","","","","","","","","","","","","","","","","","","","","","","","","","","","","空欄にした: 月_診療 00:00-00:00（開始と終了が同じ） / 空欄にした: 火_診療 00:00-00:00（開始と終了が同じ） / 空欄にした: 水_診療 00:00-00:00（開始と終了が同じ） / 空欄にした: 金_診療 00:00-00:00（開始と終了が同じ） / 空欄にした: 土_診療 00:00-00:00（開始と終了が同じ） / 空欄にした: 月_外来受付 00:00-00:00（開始と終了が同じ） / 空欄にした: 火_外来受付 00:00-00:00（開始と終了が同じ） / 空欄にした: 水_外来受付 00:00-00:00（開始と終了が同じ） / 空欄にした: 金_外来受付 00:00-00:00（開始と終了が同じ） / 空欄にした: 土_外来受付 00:00-00:00（開始と終了が同じ）"
"3933395110840","08002","矯正歯科","1","08:30","12:30","08:30","12:30","08:30","12:30","","","08:30","12:30","08:30","12:30","","","","","08:30","11:30","08:30","11:30","08:30","11:30","","","08:30","11:30","08:30","11:30","","","","",""
"3933395110840","08002","矯正歯科","2","13:30","17:30","13:30","17:30","13:30","17:30","","","13:30","17:30","13:30","17:30","","","","","13:30","16:30","13:30","16:30","13:30","16:30","","","13:30","16:30","13:30","16:30","","","","",""
"3933395110840","08002","矯正歯科","3","","","","","","","","","","","","","","","","","","","","","","","","","","","","","","","","","空欄にした: 月_診療 00:00-00:00（開始と終了が同じ） / 空欄にした: 火_診療 00:00-00:00（開始と終了が同じ） / 空欄にした: 水_診療 00:00-00:00（開始と終了が同じ） / 空欄にした: 金_診療 00:00-00:00（開始と終了が同じ） / 空欄にした: 土_診療 00:00-00:00（開始と終了が同じ） / 空欄にした: 月_外来受付 00:00-00:00（開始と終了が同じ） / 空欄にした: 火_外来受付 00:00-00:00（開始と終了が同じ） / 空欄にした: 水_外来受付 00:00-00:00（開始と終了が同じ） / 空欄にした: 金_外来受付 00:00-00:00（開始と終了が同じ） / 空欄にした: 土_外来受付 00:00-00:00（開始と終了が同じ）"
"3933395111300","08001","歯科","1","08:30","12:00","08:30","12:00","08:30","12:00","08:30","12:00","08:30","12:00","08:30","12:00","","","","","08:00","11:30","08:00","11:30","08:00","11:30","08:00","11:30","08:00","11:30","08:00","11:30","","","","",""
"3933395111300","08001","歯科","2","13:30","18:00","13:30","18:00","13:30","18:00","","","13:30","18:00","","","","","","","13:00","17:30","13:00","17:30","13:00","17:30","","","13:00","17:30","","","","","","",""
"3933395111300","08001","歯科","3","","","","","","","","","","","","","","","","","","","","","","","","","","","","","","","","",""
"3933395111430","08001","歯科","1","09:00","12:00","09:00","12:00","09:00","12:00","09:00","12:00","09:00","12:00","09:00","12:00","","","","","09:00","12:00","09:00","12:00","09:00","12:00","09:00","12:00","09:00","12:00","09:00","12:00","","","","",""
"3933395111430","08001","歯科","2","14:00","18:45","14:00","18:45","14:00","18:45","14:00","18:45","14:00","18:45","","","","","","","14:00","18:45","14:00","18:45","14:00","18:45","14:00","18:45","14:00","18:45","","","","","","","空欄にした: 土_診療 00:00-00:00（開始と終了が同じ） / 空欄にした: 土_外来受付 00:00-00:00（開始と終了が同じ）"
"3933395111430","08001","歯科","3","","","","","","","","","","","","","","","","","","","","","","","","","","","","","","","","","空欄にした: 月_診療 00:00-00:00（開始と終了が同じ） / 空欄にした: 火_診療 00:00-00:00（開始と終了が同じ） / 空欄にした: 水_診療 00:00-00:00（開始と終了が同じ） / 空欄にした: 木_診療 00:00-00:00（開始と終了が同じ） / 空欄にした: 金_診療 00:00-00:00（開始と終了が同じ） / 空欄にした: 土_診療 00:00-00:00（開始と終了が同じ） / 空欄にした: 月_外来受付 00:00-00:00（開始と終了が同じ） / 空欄にした: 火_外来受付 00:00-00:00（開始と終了が同じ） / 空欄にした: 水_外来受付 00:00-00:00（開始と終了が同じ） / 空欄にした: 木_外来受付 00:00-00:00（開始と終了が同じ） / 空欄にした: 金_外来受付 00:00-00:00（開始と終了が同じ） / 空欄にした: 土_外来受付 00:00-00:00（開始と終了が同じ）"
"3933395111430","08004","小児歯科","1","09:00","12:00","09:00","12:00","09:00","12:00","09:00","12:00","09:00","12:00","09:00","12:00","","","","","09:00","12:00","09:00","12:00","09:00","12:00","09:00","12:00","09:00","12:00","09:00","12:00","","","","",""
"3933395111430","08004","小児歯科","2","14:00","18:45","14:00","18:45","14:00","18:45","14:00","18:45","14:00","18:45","","","","","","","14:00","18:45","14:00","18:45","14:00","18:45","14:00","18:45","14:00","18:45","","","","","","","空欄にした: 土_診療 00:00-00:00（開始と終了が同じ） / 空欄にした: 土_外来受付 00:00-00:00（開始と終了が同じ）"
"3933395111430","08004","小児歯科","3","","","","","","","","","","","","","","","","","","","","","","","","","","","","","","","","","空欄にした: 月_診療 00:00-00:00（開始と終了が同じ） / 空欄にした: 火_診療 00:00-00:00（開始と終了が同じ） / 空欄にした: 水_診療 00:00-00:00（開始と終了が同じ） / 空欄にした: 木_診療 00:00-00:00（開始と終了が同じ） / 空欄にした: 金_診療 00:00-00:00（開始と終了が同じ） / 空欄にした: 土_診療 00:00-00:00（開始と終了が同じ） / 空欄にした: 月_外来受付 00:00-00:00（開始と終了が同じ） / 空欄にした: 火_外来受付 00:00-00:00（開始と終了が同じ） / 空欄にした: 水_外来受付 00:00-00:00（開始と終了が同じ） / 空欄にした: 木_外来受付 00:00-00:00（開始と終了が同じ） / 空欄にした: 金_外来受付 00:00-00:00（開始と終了が同じ） / 空欄にした: 土_外来受付 00:00-00:00（開始と終了が同じ）"
"3933395111850","08001","歯科","1","08:30","10:30","08:30","10:30","08:30","10:30","","","08:30","10:30","08:30","10:30","","","","","08:30","10:00","08:30","10:00","08:30","10:00","","","08:30","10:00","08:30","10:00","","","","",""
"3933395111850","08001","歯科","2","13:30","15:30","13:30","15:30","13:30","15:30","","","13:30","15:30","","","","","","","13:30","15:00","13:30","15:00","13:30","15:00","","","13:30","15:00","","","","","","",""
"3933395111850","08001","歯科","3","","","","","","","","","","","","","","","","","","","","","","","","","","","","","","","","",""
"3933395111980","08001","歯科","1","09:00","12:00","09:00","12:00","09:00","12:00","09:00","12:00","09:00","12:00","09:00","12:00","","","","","09:00","12:00","09:00","12:00","09:00","12:00","09:00","12:00","09:00","12:00","09:00","12:00","","","","",""
"3933395111980","08001","歯科","2","14:00","17:00","14:00","17:00","14:00","17:00","14:00","17:00","14:00","17:00","","","","","","","14:00","17:00","14:00","17:00","14:00","17:00","14:00","17:00","14:00","17:00","","","","","","",""
"3933395111980","08001","歯科","3","","","","","","","","","","","","","","","","","","","","","","","","","","","","","","","","",""
"3933395111980","08004","小児歯科","1","","","","","","","","","","","","","","","","","09:00","12:00","09:00","12:00","09:00","12:00","09:00","12:00","09:00","12:00","09:00","12:00","","","","",""
"3933395111980","08004","小児歯科","2","","","","","","","","","","","","","","","","","14:00","17:00","14:00","17:00","14:00","17:00","14:00","17:00","14:00","17:00","14:00","17:00","","","","",""
"3933395111980","08004","小児歯科","3","","","","","","","","","","","","","","","","","","","","","","","","","","","","","","","","",""
"3933395112310","08001","歯科","1","08:30","12:30","08:30","12:30","08:30","12:30","08:30","12:30","08:30","12:30","08:30","12:30","","","","","08:30","12:00","08:30","12:00","08:30","12:00","08:30","12:00","08:30","12:00","08:30","12:00","","","","",""
"3933395112310","08001","歯科","2","14:00","18:00","14:00","18:00","14:00","18:00","","","14:00","18:00","14:00","18:00","","","","","14:00","17:30","14:00","17:30","14:00","17:30","","","14:00","17:30","14:00","17:30","","","","",""
"3933395112310","08001","歯科","3","","","","","","","","","","","","","","","","","","","","","","","","","","","","","","","","",""
"3933395112440","08001","歯科","1","08:00","12:00","08:00","12:00","08:00","12:00","08:00","12:00","10:00","12:00","08:00","12:00","","","","","08:00","11:30","08:00","11:30","08:00","11:30","08:00","11:30","10:00","11:30","08:00","11:30","","","","",""
"3933395112440","08001","歯科","2","13:00","17:00","13:00","17:00","13:00","17:00","13:00","17:00","13:00","19:00","13:00","15:00","","","","","13:00","16:30","13:00","16:30","13:00","16:30","13:00","16:30","13:00","18:30","13:00","14:30","","","","",""
"3933395112440","08001","歯科","3","","","","","","","","","","","","","","","","","","","","","","","","","","","","","","","","",""
"3933395112440","08002","矯正歯科","1","08:00","12:00","08:00","12:00","08:00","12:00","08:00","12:00","10:00","12:00","08:00","12:00","","","","","08:00","11:30","08:00","11:30","08:00","11:30","08:00","11:30","10:00","11:30","08:00","11:30","","","","",""
"3933395112440","08002","矯正歯科","2","13:00","17:00","13:00","17:00","13:00","17:00","13:00","17:00","13:00","19:00","13:00","15:00","","","","","13:00","16:30","13:00","16:30","13:00","16:30","13:00","16:30","13:00","18:30","13:00","14:30","","","","",""
"3933395112440","08002","矯正歯科","3","","","","","","","","","","","","","","","","","","","","","","","","","","","","","","","","",""
"3933395112440","08003","歯科口腔外科","1","08:00","12:00","08:00","12:00","08:00","12:00","08:00","12:00","10:00","12:00","08:00","12:00","","","","","08:00","11:30","08:00","11:30","08:00","11:30","08:00","11:30","10:00","11:30","08:00","11:30","","","","",""
"3933395112440","08003","歯科口腔外科","2","13:00","17:00","13:00","17:00","13:00","17:00","13:00","17:00","13:00","19:00","13:00","15:00","","","","","13:00","16:30","13:00","16:30","13:00","16:30","13:00","16:30","13:00","18:30","13:00","14:30","","","","",""
"3933395112440","08003","歯科口腔外科","3","","","","","","","","","","","","","","","","","","","","","","","","","","","","","","","","",""
"3933395112440","08004","小児歯科","1","08:00","12:00","08:00","12:00","08:00","12:00","08:00","12:00","10:00","12:00","08:00","12:00","","","","","08:00","11:30","08:00","11:30","08:00","11:30","08:00","11:30","10:00","11:30","08:00","11:30","","","","",""
"3933395112440","08004","小児歯科","2","13:00","17:00","13:00","17:00","13:00","17:00","13:00","17:00","13:00","19:00","13:00","15:00","","","","","13:00","16:30","13:00","16:30","13:00","16:30","13:00","16:30","13:00","18:30","13:00","14:30","","","","",""
"3933395112440","08004","小児歯科","3","","","","","","","","","","","","","","","","","","","","","","","","","","","","","","","","",""
"3933395112570","08001","歯科","1","09:00","12:30","09:00","12:30","09:00","12:30","","","09:00","12:30","09:00","12:30","","","","","09:00","12:00","09:00","12:00","09:00","12:00","","","09:00","12:00","09:00","12:00","","","","",""
"3933395112570","08001","歯科","2","14:00","18:30","14:00","18:30","14:00","18:30","","","14:00","18:30","14:00","18:30","","","","","14:00","18:00","14:00","18:00","14:00","18:00","","","14:00","18:00","14:00","18:00","","","","",""
"3933395112570","08001","歯科","3","","","","","","","","","","","","","","","","","","","","","","","","","","","","","","","","",""
"3933395112570","08004","小児歯科","1","09:00","12:30","09:00","12:30","09:00","12:30","","","09:00","12:30","09:00","12:30","","","","","09:00","12:00","09:00","12:00","09:00","12:00","","","09:00","12:00","09:00","12:00","","","","",""
"3933395112570","08004","小児歯科","2","14:00","18:30","14:00","18:30","14:00","18:30","","","14:00","18:30","14:00","18:30","","","","","14:00","18:00","14:00","18:00","14:00","18:00","","","14:00","18:00","14:00","18:00","","","","",""
"3933395112570","08004","小児歯科","3","","","","","","","","","","","","","","","","","","","","","","","","","","","","","","","","",""
"3933395112600","08001","歯科","1","09:00","18:30","09:00","18:30","09:00","18:30","09:00","18:30","09:00","18:30","","","","","","","09:00","18:30","09:00","18:30","09:00","18:30","09:00","18:30","09:00","18:30","","","","","","",""
"3933395112600","08001","歯科","2","","","","","","","","","","","09:00","13:00","","","","","","","","","","","","","","","09:00","18:30","","","","",""
"3933395112600","08001","歯科","3","","","","","","","","","","","","","","","","","","","","","","","","","","","","","","","","",""
"3933395112730","08001","歯科","1","09:00","12:00","09:00","12:00","09:00","12:00","","","09:00","12:00","09:00","12:00","","","","","09:00","11:30","09:00","11:30","09:00","11:30","","","09:00","11:30","09:00","11:30","","","","",""
"3933395112730","08001","歯科","2","14:00","18:00","14:00","18:00","14:00","18:00","","","14:00","18:00","14:00","18:00","","","","","14:00","17:30","14:00","17:30","14:00","17:30","","","14:00","17:30","14:00","17:30","","","","",""
"3933395112730","08001","歯科","3","","","","","","","","","","","","","","","","","","","","","","","","","","","","","","","","",""
"3933395112730","08003","歯科口腔外科","1","09:00","12:00","09:00","12:00","09:00","12:00","","","09:00","12:00","09:00","12:00","","","","","","","","","","","","","","","","","","","","",""
"3933395112730","08003","歯科口腔外科","2","14:00","18:00","14:00","18:00","14:00","18:00","","","14:00","18:00","14:00","18:00","","","","","","","","","","","","","","","","","","","","",""
"3933395112730","08003","歯科口腔外科","3","","","","","","","","","","","","","","","","","","","","","","","","","","","","","","","","",""
"3933395112730","08004","小児歯科","1","09:00","12:00","09:00","12:00","09:00","12:00","","","09:00","12:00","09:00","12:00","","","","","09:00","11:30","09:00","11:30","09:00","11:30","","","09:00","11:30","09:00","11:30","","","","",""
"3933395112730","08004","小児歯科","2","14:00","18:00","14:00","18:00","14:00","18:00","","","14:00","18:00","14:00","18:00","","","","","14:00","17:30","14:00","17:30","14:00","17:30","","","14:00","17:30","14:00","17:30","","","","",""
"3933395112730","08004","小児歯科","3","","","","","","","","","","","","","","","","","","","","","","","","","","","","","","","","",""
"3933395113030","08001","歯科","1","09:00","12:30","09:00","12:30","09:00","12:30","","","09:00","12:30","09:00","12:30","","","","","09:00","12:30","09:00","12:30","09:00","12:30","","","09:00","12:30","09:00","12:30","","","","",""
"3933395113030","08001","歯科","2","14:00","18:00","14:00","18:00","14:00","18:00","","","14:00","18:00","14:00","18:00","","","","","14:00","18:00","14:00","18:00","14:00","18:00","","","14:00","18:00","14:00","18:00","","","","",""
"3933395113030","08001","歯科","3","","","","","","","","","","","","","","","","","","","","","","","","","","","","","","","","","空欄にした: 月_診療 00:00-00:00（開始と終了が同じ） / 空欄にした: 火_診療 00:00-00:00（開始と終了が同じ） / 空欄にした: 水_診療 00:00-00:00（開始と終了が同じ） / 空欄にした: 金_診療 00:00-00:00（開始と終了が同じ） / 空欄にした: 土_診療 00:00-00:00（開始と終了が同じ） / 空欄にした: 月_外来受付 00:00-00:00（開始と終了が同じ） / 空欄にした: 火_外来受付 00:00-00:00（開始と終了が同じ） / 空欄にした: 水_外来受付 00:00-00:00（開始と終了が同じ） / 空欄にした: 金_外来受付 00:00-00:00（開始と終了が同じ） / 空欄にした: 土_外来受付 00:00-00:00（開始と終了が同じ）"
"3933395113030","08002","矯正歯科","1","09:00","12:30","09:00","12:30","09:00","12:30","","","09:00","12:30","09:00","12:30","","","","","09:00","12:30","09:00","12:30","09:00","12:30","","","09:00","12:30","09:00","12:30","","","","",""
"3933395113030","08002","矯正歯科","2","14:00","18:00","14:00","18:00","14:00","18:00","","","14:00","18:00","14:00","18:00","","","","","14:00","18:00","14:00","18:00","14:00","18:00","","","14:00","18:00","14:00","18:00","","","","",""
"3933395113030","08002","矯正歯科","3","","","","","","","","","","","","","","","","","","","","","","","","","","","","","","","","","空欄にした: 月_診療 00:00-00:00（開始と終了が同じ） / 空欄にした: 火_診療 00:00-00:00（開始と終了が同じ） / 空欄にした: 水_診療 00:00-00:00（開始と終了が同じ） / 空欄にした: 金_診療 00:00-00:00（開始と終了が同じ） / 空欄にした: 土_診療 00:00-00:00（開始と終了が同じ） / 空欄にした: 月_外来受付 00:00-00:00（開始と終了が同じ） / 空欄にした: 火_外来受付 00:00-00:00（開始と終了が同じ） / 空欄にした: 水_外来受付 00:00-00:00（開始と終了が同じ） / 空欄にした: 金_外来受付 00:00-00:00（開始と終了が同じ） / 空欄にした: 土_外来受付 00:00-00:00（開始と終了が同じ）"
"3933395113030","08003","歯科口腔外科","1","09:00","12:30","09:00","12:30","09:00","12:30","","","09:00","12:30","09:00","12:30","","","","","09:00","12:30","09:00","12:30","09:00","12:30","","","09:00","12:30","09:00","12:30","","","","",""
"3933395113030","08003","歯科口腔外科","2","14:00","18:00","14:00","18:00","14:00","18:00","","","14:00","18:00","14:00","18:00","","","","","14:00","18:00","14:00","18:00","14:00","18:00","","","14:00","18:00","14:00","18:00","","","","",""
"3933395113030","08003","歯科口腔外科","3","","","","","","","","","","","","","","","","","","","","","","","","","","","","","","","","","空欄にした: 月_診療 00:00-00:00（開始と終了が同じ） / 空欄にした: 火_診療 00:00-00:00（開始と終了が同じ） / 空欄にした: 水_診療 00:00-00:00（開始と終了が同じ） / 空欄にした: 金_診療 00:00-00:00（開始と終了が同じ） / 空欄にした: 土_診療 00:00-00:00（開始と終了が同じ） / 空欄にした: 月_外来受付 00:00-00:00（開始と終了が同じ） / 空欄にした: 火_外来受付 00:00-00:00（開始と終了が同じ） / 空欄にした: 水_外来受付 00:00-00:00（開始と終了が同じ） / 空欄にした: 金_外来受付 00:00-00:00（開始と終了が同じ） / 空欄にした: 土_外来受付 00:00-00:00（開始と終了が同じ）"
"3933395113030","08004","小児歯科","1","09:00","12:30","09:00","12:30","09:00","12:30","","","09:00","12:30","09:00","12:30","","","","","09:00","12:30","09:00","12:30","09:00","12:30","","","09:00","12:30","09:00","12:30","","","","",""
"3933395113030","08004","小児歯科","2","14:00","18:00","14:00","18:00","14:00","18:00","","","14:00","18:00","14:00","18:00","","","","","14:00","18:00","14:00","18:00","14:00","18:00","","","14:00","18:00","14:00","18:00","","","","",""
"3933395113030","08004","小児歯科","3","","","","","","","","","","","","","","","","","","","","","","","","","","","","","","","","","空欄にした: 月_診療 00:00-00:00（開始と終了が同じ） / 空欄にした: 火_診療 00:00-00:00（開始と終了が同じ） / 空欄にした: 水_診療 00:00-00:00（開始と終了が同じ） / 空欄にした: 金_診療 00:00-00:00（開始と終了が同じ） / 空欄にした: 土_診療 00:00-00:00（開始と終了が同じ） / 空欄にした: 月_外来受付 00:00-00:00（開始と終了が同じ） / 空欄にした: 火_外来受付 00:00-00:00（開始と終了が同じ） / 空欄にした: 水_外来受付 00:00-00:00（開始と終了が同じ） / 空欄にした: 金_外来受付 00:00-00:00（開始と終了が同じ） / 空欄にした: 土_外来受付 00:00-00:00（開始と終了が同じ）"
"3933395113290","08001","歯科","1","09:15","12:00","09:15","12:00","09:15","12:00","","","09:15","12:00","09:15","12:00","","","","","09:00","12:00","09:00","12:00","09:00","12:00","","","09:00","12:00","09:00","12:00","","","","",""
"3933395113290","08001","歯科","2","13:30","17:00","13:30","17:00","13:30","17:00","","","13:30","17:00","","","","","","","13:30","17:00","13:30","17:00","13:30","17:00","","","13:30","17:00","13:30","17:00","","","","",""
"3933395113290","08001","歯科","3","","","","","","","","","","","","","","","","","","","","","","","","","","","","","","","","",""
"3933395113450","08001","歯科","1","","","","","","","","","","","","","","","","","","","","","","","","","","","","","","","","",""
"3933395113450","08001","歯科","2","","","","","","","","","","","","","","","","","","","","","","","","","","","","","","","","",""
"3933395113450","08001","歯科","3","","","","","","","","","","","","","","","","","","","","","","","","","","","","","","","","",""
"3933395113450","08002","矯正歯科","1","","","","","","","","","","","","","","","","","","","","","","","","","","","","","","","","",""
"3933395113450","08002","矯正歯科","2","","","","","","","","","","","","","","","","","","","","","","","","","","","","","","","","",""
"3933395113450","08002","矯正歯科","3","","","","","","","","","","","","","","","","","","","","","","","","","","","","","","","","",""
"3933395113450","08004","小児歯科","1","","","","","","","","","","","","","","","","","","","","","","","","","","","","","","","","",""
"3933395113450","08004","小児歯科","2","","","","","","","","","","","","","","","","","","","","","","","","","","","","","","","","",""
"3933395113450","08004","小児歯科","3","","","","","","","","","","","","","","","","","","","","","","","","","","","","","","","","",""
"3933395113580","08001","歯科","1","09:00","19:00","09:00","19:00","","","09:00","19:00","09:00","19:00","","","","","","","","","","","","","","","","","","","","","","",""
"3933395113580","08001","歯科","2","","","","","09:00","17:00","","","","","09:00","17:00","","","","","","","","","","","","","","","","","","","","",""
"3933395113580","08001","歯科","3","","","","","","","","","","","","","","","","","","","","","","","","","","","","","","","","",""
"3933395114200","08001","歯科","1","09:00","12:30","09:00","12:30","","","","","09:00","12:30","09:00","12:30","","","","","09:00","12:00","09:00","12:00","","","","","09:00","12:00","09:00","12:00","","","","",""
"3933395114200","08001","歯科","2","14:00","17:00","14:00","17:00","","","","","14:00","17:00","14:00","17:00","","","","","14:00","16:30","14:00","16:30","","","","","14:00","16:30","14:00","16:30","","","","",""
"3933395114200","08001","歯科","3","","","","","","","","","","","","","","","","","","","","","","","","","","","","","","","","",""
"3933395114330","08001","歯科","1","09:00","12:00","09:00","12:00","09:00","12:00","09:00","12:00","09:00","12:00","09:00","12:00","","","","","09:00","12:00","09:00","12:00","09:00","12:00","09:00","12:00","09:00","12:00","09:00","12:00","","","","",""
"3933395114330","08001","歯科","2","14:00","18:00","14:00","18:00","","","14:00","18:00","14:00","18:00","14:00","16:00","","","","","14:00","18:00","14:00","18:00","","","14:00","18:00","14:00","18:00","14:00","16:00","","","","",""
"3933395114330","08001","歯科","3","","","","","","","","","","","","","","","","","","","","","","","","","","","","","","","","",""
"3933395114460","08001","歯科","1","09:00","12:30","09:00","12:30","09:00","12:30","","","09:00","12:30","09:00","12:30","","","","","09:00","12:00","09:00","12:00","09:00","12:00","","","09:00","12:00","09:00","12:00","","","","",""
"3933395114460","08001","歯科","2","14:30","18:30","14:30","18:30","14:30","18:30","","","14:30","18:30","14:00","18:00","","","","","14:30","18:00","14:30","18:00","14:30","18:00","","","14:30","18:00","14:00","17:30","","","","",""
"3933395114460","08001","歯科","3","","","","","","","","","","","","","","","","","","","","","","","","","","","","","","","","",""
"3933395114460","08002","矯正歯科","1","09:00","12:30","09:00","12:30","09:00","12:30","","","09:00","12:30","09:00","12:30","","","","","09:00","12:00","09:00","12:00","09:00","12:00","","","09:00","12:00","09:00","12:00","","","","",""
"3933395114460","08002","矯正歯科","2","14:30","18:30","14:30","18:30","14:30","18:30","","","14:30","18:30","14:00","18:00","","","","","14:30","18:00","14:30","18:00","14:30","18:00","","","14:30","18:00","14:00","17:30","","","","",""
"3933395114460","08002","矯正歯科","3","","","","","","","","","","","","","","","","","","","","","","","","","","","","","","","","",""
"3933395114460","08003","歯科口腔外科","1","09:00","12:30","09:00","12:30","09:00","12:30","","","09:00","12:30","09:00","12:30","","","","","09:00","12:00","09:00","12:00","09:00","12:00","","","09:00","12:00","09:00","12:00","","","","",""
"3933395114460","08003","歯科口腔外科","2","14:30","18:30","14:30","18:30","14:30","18:30","","","14:30","18:30","14:30","18:00","","","","","14:30","18:00","14:30","18:00","14:30","18:00","","","14:30","18:00","14:00","17:30","","","","",""
"3933395114460","08003","歯科口腔外科","3","","","","","","","","","","","","","","","","","","","","","","","","","","","","","","","","",""
"3933395114460","08004","小児歯科","1","09:00","12:30","09:00","12:30","09:00","12:30","","","09:00","12:30","09:00","12:30","","","","","09:00","12:00","09:00","12:00","09:00","12:00","","","09:00","12:00","09:00","12:00","","","","",""
"3933395114460","08004","小児歯科","2","14:30","18:30","14:30","18:30","14:30","18:30","","","14:30","18:30","14:00","18:00","","","","","14:30","18:00","14:30","18:00","14:30","18:00","","","14:30","18:00","14:00","17:30","","","","",""
"3933395114460","08004","小児歯科","3","","","","","","","","","","","","","","","","","","","","","","","","","","","","","","","","",""
"3933395114460","08005","小児矯正歯科","1","09:00","12:30","09:00","12:30","09:00","12:30","","","09:00","12:30","09:00","12:30","","","","","09:00","12:00","09:00","12:00","09:00","12:00","","","09:00","12:00","09:00","12:00","","","","",""
"3933395114460","08005","小児矯正歯科","2","14:30","18:30","14:30","18:30","14:30","18:30","","","14:30","18:30","14:00","16:00","","","","","14:30","18:00","14:30","18:00","14:30","18:00","","","14:30","18:00","14:00","17:30","","","","",""
"3933395114460","08005","小児矯正歯科","3","","","","","","","","","","","","","","","","","","","","","","","","","","","","","","","","",""
"3933395114590","08001","歯科","1","09:00","13:30","09:00","13:30","09:00","13:30","09:00","13:30","09:00","13:30","09:00","12:00","","","","","09:00","13:00","09:00","13:00","09:00","13:00","09:00","13:00","09:00","13:00","09:00","12:00","","","","",""
"3933395114590","08001","歯科","2","14:30","17:30","14:30","17:30","14:30","17:30","14:30","17:30","14:30","17:30","","","","","","","14:30","16:30","14:30","16:30","14:30","16:00","14:30","16:30","14:30","16:30","","","","","","",""
"3933395114590","08001","歯科","3","","","","","","","","","","","","","","","","","","","","","","","","","","","","","","","","",""
"3933395114750","08001","歯科","1","09:00","12:30","09:00","12:30","09:00","12:30","","","09:00","12:30","09:00","12:30","","","","","09:00","12:30","09:00","12:30","09:00","12:30","","","09:00","12:30","09:00","12:30","","","","",""
"3933395114750","08001","歯科","2","13:30","19:00","13:30","19:00","13:30","19:00","","","13:30","19:00","13:30","17:30","","","","","13:30","18:30","13:30","18:30","13:30","18:30","","","13:30","18:30","13:30","17:00","","","","",""
"3933395114750","08001","歯科","3","","","","","","","","","","","","","","","","","","","","","","","","","","","","","","","","",""
"3933395114750","08004","小児歯科","1","09:00","19:00","09:00","19:00","09:00","19:00","","","09:00","19:00","09:00","17:30","","","","","09:00","18:30","09:00","18:30","09:00","18:30","","","09:00","18:30","09:00","17:00","","","","",""
"3933395114750","08004","小児歯科","2","","","","","","","","","","","","","","","","","","","","","","","","","","","","","","","","",""
"3933395114750","08004","小児歯科","3","","","","","","","","","","","","","","","","","","","","","","","","","","","","","","","","",""
"3933395114880","08001","歯科","1","09:00","12:00","09:00","12:00","09:00","12:00","","","09:00","12:00","09:00","12:00","","","","","09:00","12:00","09:00","12:00","09:00","12:00","","","09:00","12:00","09:00","12:00","","","","",""
"3933395114880","08001","歯科","2","13:30","18:30","13:30","18:30","13:30","18:30","","","13:30","18:30","13:30","18:30","","","","","13:30","18:00","13:30","18:00","13:30","18:00","","","13:30","18:00","13:30","18:00","","","","",""
"3933395114880","08001","歯科","3","","","","","","","","","","","","","","","","","","","","","","","","","","","","","","","","","空欄にした: 月_診療 00:00-00:00（開始と終了が同じ） / 空欄にした: 火_診療 00:00-00:00（開始と終了が同じ） / 空欄にした: 水_診療 00:00-00:00（開始と終了が同じ） / 空欄にした: 金_診療 00:00-00:00（開始と終了が同じ） / 空欄にした: 土_診療 00:00-00:00（開始と終了が同じ） / 空欄にした: 月_外来受付 00:00-00:00（開始と終了が同じ） / 空欄にした: 火_外来受付 00:00-00:00（開始と終了が同じ） / 空欄にした: 水_外来受付 00:00-00:00（開始と終了が同じ） / 空欄にした: 金_外来受付 00:00-00:00（開始と終了が同じ） / 空欄にした: 土_外来受付 00:00-00:00（開始と終了が同じ）"
"3933395114880","08002","矯正歯科","1","09:00","12:00","09:00","12:00","09:00","12:00","","","09:00","12:00","09:00","12:00","","","","","09:00","12:00","09:00","12:00","09:00","12:00","","","09:00","12:00","09:00","12:00","","","","",""
"3933395114880","08002","矯正歯科","2","13:30","18:30","13:30","18:30","13:30","18:30","","","13:30","18:30","13:30","18:30","","","","","13:30","18:00","13:30","18:00","13:30","18:00","","","13:30","18:00","13:30","18:00","","","","",""
"3933395114880","08002","矯正歯科","3","","","","","","","","","","","","","","","","","","","","","","","","","","","","","","","","","空欄にした: 月_診療 00:00-00:00（開始と終了が同じ） / 空欄にした: 火_診療 00:00-00:00（開始と終了が同じ） / 空欄にした: 水_診療 00:00-00:00（開始と終了が同じ） / 空欄にした: 金_診療 00:00-00:00（開始と終了が同じ） / 空欄にした: 土_診療 00:00-00:00（開始と終了が同じ） / 空欄にした: 月_外来受付 00:00-00:00（開始と終了が同じ） / 空欄にした: 火_外来受付 00:00-00:00（開始と終了が同じ） / 空欄にした: 水_外来受付 00:00-00:00（開始と終了が同じ） / 空欄にした: 金_外来受付 00:00-00:00（開始と終了が同じ） / 空欄にした: 土_外来受付 00:00-00:00（開始と終了が同じ）"
"3933395114880","08004","小児歯科","1","09:00","12:00","09:00","12:00","09:00","12:00","","","09:00","12:00","09:00","12:00","","","","","09:00","12:00","09:00","12:00","09:00","12:00","","","09:00","12:00","09:00","12:00","","","","",""
"3933395114880","08004","小児歯科","2","13:30","18:30","13:30","18:30","13:30","18:30","","","13:30","18:30","13:30","18:30","","","","","13:30","18:00","13:30","18:00","13:30","18:00","","","13:30","18:00","13:30","18:00","","","","",""
"3933395114880","08004","小児歯科","3","","","","","","","","","","","","","","","","","","","","","","","","","","","","","","","","","空欄にした: 月_診療 00:00-00:00（開始と終了が同じ） / 空欄にした: 火_診療 00:00-00:00（開始と終了が同じ） / 空欄にした: 水_診療 00:00-00:00（開始と終了が同じ） / 空欄にした: 金_診療 00:00-00:00（開始と終了が同じ） / 空欄にした: 土_診療 00:00-00:00（開始と終了が同じ） / 空欄にした: 月_外来受付 00:00-00:00（開始と終了が同じ） / 空欄にした: 火_外来受付 00:00-00:00（開始と終了が同じ） / 空欄にした: 水_外来受付 00:00-00:00（開始と終了が同じ） / 空欄にした: 金_外来受付 00:00-00:00（開始と終了が同じ） / 空欄にした: 土_外来受付 00:00-00:00（開始と終了が同じ）"
"3933395114910","08001","歯科","1","09:00","20:00","","","","","09:00","20:00","","","","","","","","","09:00","20:00","","","","","09:00","20:00","","","","","","","","",""
"3933395114910","08001","歯科","2","","","11:00","20:00","","","","","11:00","20:00","","","","","","","","","11:00","20:00","","","","","11:00","20:00","","","","","","",""
"3933395114910","08001","歯科","3","","","","","","","","","","","09:00","16:00","","","","","","","","","","","","","","","09:00","16:00","","","","",""
"3933395114910","08002","矯正歯科","1","09:00","20:00","","","","","09:00","20:00","","","","","","","","","09:00","20:00","","","","","09:00","20:00","","","","","","","","",""
"3933395114910","08002","矯正歯科","2","","","11:00","20:00","","","","","11:00","20:00","","","","","","","","","11:00","20:00","","","","","11:00","20:00","","","","","","",""
"3933395114910","08002","矯正歯科","3","","","","","","","","","","","09:00","16:00","","","","","","","","","","","","","","","09:00","16:00","","","","",""
"3933395114910","08003","歯科口腔外科","1","09:00","20:00","","","","","09:00","20:00","","","","","","","","","09:00","20:00","","","","","09:00","20:00","","","","","","","","",""
"3933395114910","08003","歯科口腔外科","2","","","11:00","20:00","","","","","11:00","20:00","","","","","","","","","11:00","20:00","","","","","11:00","20:00","","","","","","",""
"3933395114910","08003","歯科口腔外科","3","","","","","","","","","","","09:00","16:00","","","","","","","","","","","","","","","09:00","16:00","","","","",""
"3933395114910","08004","小児歯科","1","09:00","20:00","","","","","09:00","20:00","","","","","","","","","09:00","20:00","","","","","09:00","20:00","","","","","","","","",""
"3933395114910","08004","小児歯科","2","","","11:00","20:00","","","","","11:00","20:00","","","","","","","","","11:00","20:00","","","","","11:00","20:00","","","","","","",""
"3933395114910","08004","小児歯科","3","","","","","","","","","","","09:00","16:00","","","","","","","","","","","","","","","09:00","16:00","","","","",""
"3933395115180","08001","歯科","1","09:00","12:00","09:00","12:00","09:00","12:00","","","09:00","12:00","09:00","12:00","","","","","09:00","12:00","09:00","12:00","09:00","12:00","","","09:00","12:00","09:00","12:00","","","","",""
"3933395115180","08001","歯科","2","13:00","17:00","13:00","17:00","13:00","17:00","","","13:00","17:00","13:00","17:00","","","","","13:00","17:00","13:00","17:00","13:00","17:00","","","13:00","17:00","13:00","17:00","","","","",""
"3933395115180","08001","歯科","3","","","","","","","","","","","","","","","","","","","","","","","","","","","","","","","","",""
"3933395115210","08001","歯科","1","09:00","12:30","09:00","12:30","09:00","12:30","09:00","12:30","09:00","12:30","09:00","12:30","","","","","","","","","","","","","","","","","","","","",""
"3933395115210","08001","歯科","2","14:00","18:00","14:00","18:00","14:00","18:00","14:00","18:00","14:00","18:00","14:00","18:00","","","","","","","","","","","","","","","","","","","","",""
"3933395115210","08001","歯科","3","","","","","","","","","","","","","","","","","","","","","","","","","","","","","","","","",""
"3933395115340","08001","歯科","1","09:00","12:00","09:00","12:00","09:00","12:00","09:00","12:00","09:00","12:00","09:00","12:00","","","","","09:00","12:00","09:00","12:30","09:00","12:00","09:00","12:00","09:00","12:00","09:00","12:00","","","","",""
"3933395115340","08001","歯科","2","14:30","17:30","14:30","17:30","14:30","17:30","14:30","17:30","14:30","17:30","","","","","","","14:30","17:00","14:30","17:00","14:30","17:00","14:30","17:00","14:30","17:00","","","","","","",""
"3933395115340","08001","歯科","3","","","","","","","","","","","","","","","","","","","","","","","","","","","","","","","","","空欄にした: 月_診療 00:00-00:00（開始と終了が同じ） / 空欄にした: 火_診療 00:00-00:00（開始と終了が同じ） / 空欄にした: 水_診療 00:00-00:00（開始と終了が同じ） / 空欄にした: 木_診療 00:00-00:00（開始と終了が同じ） / 空欄にした: 金_診療 00:00-00:00（開始と終了が同じ） / 空欄にした: 土_診療 00:00-00:00（開始と終了が同じ） / 空欄にした: 月_外来受付 00:00-00:00（開始と終了が同じ） / 空欄にした: 火_外来受付 00:00-00:00（開始と終了が同じ） / 空欄にした: 水_外来受付 00:00-00:00（開始と終了が同じ） / 空欄にした: 木_外来受付 00:00-00:00（開始と終了が同じ） / 空欄にした: 金_外来受付 00:00-00:00（開始と終了が同じ） / 空欄にした: 土_外来受付 00:00-00:00（開始と終了が同じ）"
"3933395115340","08004","小児歯科","1","09:00","12:00","09:00","12:00","09:00","12:00","09:00","12:00","09:00","12:00","09:00","12:00","","","","","09:00","12:00","09:00","12:00","09:00","12:00","09:00","12:00","09:00","12:00","09:00","12:00","","","","",""
"3933395115340","08004","小児歯科","2","14:30","17:30","14:30","17:30","14:30","17:30","14:30","17:30","14:30","17:30","","","","","","","14:30","17:00","14:30","17:00","14:30","17:00","14:30","17:00","14:30","17:00","","","","","","",""
"3933395115340","08004","小児歯科","3","","","","","","","","","","","","","","","","","","","","","","","","","","","","","","","","","空欄にした: 月_診療 00:00-00:00（開始と終了が同じ） / 空欄にした: 火_診療 00:00-00:00（開始と終了が同じ） / 空欄にした: 水_診療 00:00-00:00（開始と終了が同じ） / 空欄にした: 木_診療 00:00-00:00（開始と終了が同じ） / 空欄にした: 金_診療 00:00-00:00（開始と終了が同じ） / 空欄にした: 土_診療 00:00-00:00（開始と終了が同じ） / 空欄にした: 月_外来受付 00:00-00:00（開始と終了が同じ） / 空欄にした: 火_外来受付 00:00-00:00（開始と終了が同じ） / 空欄にした: 水_外来受付 00:00-00:00（開始と終了が同じ） / 空欄にした: 木_外来受付 00:00-00:00（開始と終了が同じ） / 空欄にした: 金_外来受付 00:00-00:00（開始と終了が同じ） / 空欄にした: 土_外来受付 00:00-00:00（開始と終了が同じ）"
"3933395115890","08001","歯科","1","09:00","12:30","09:00","12:30","09:00","12:30","","","09:00","12:30","09:00","12:30","","","","","09:00","12:00","09:00","12:00","09:00","12:00","","","09:00","12:00","09:00","12:00","","","","",""
"3933395115890","08001","歯科","2","14:00","18:00","14:00","18:00","14:00","18:00","","","14:00","18:00","14:00","16:30","","","","","14:00","17:30","14:00","17:30","14:00","17:30","","","14:00","17:30","14:00","16:00","","","","",""
"3933395115890","08001","歯科","3","","","","","","","","","","","","","","","","","","","","","","","","","","","","","","","","","空欄にした: 月_診療 00:00-00:00（開始と終了が同じ） / 空欄にした: 火_診療 00:00-00:00（開始と終了が同じ） / 空欄にした: 水_診療 00:00-00:00（開始と終了が同じ） / 空欄にした: 金_診療 00:00-00:00（開始と終了が同じ） / 空欄にした: 土_診療 00:00-00:00（開始と終了が同じ） / 空欄にした: 月_外来受付 00:00-00:00（開始と終了が同じ） / 空欄にした: 火_外来受付 00:00-00:00（開始と終了が同じ） / 空欄にした: 水_外来受付 00:00-00:00（開始と終了が同じ） / 空欄にした: 金_外来受付 00:00-00:00（開始と終了が同じ） / 空欄にした: 土_外来受付 00:00-00:00（開始と終了が同じ）"
"3933395115890","08004","小児歯科","1","09:00","12:30","09:00","12:30","09:00","12:30","","","09:00","12:30","09:00","12:30","","","","","09:00","12:00","09:00","12:00","09:00","12:00","","","09:00","12:00","09:00","12:00","","","","",""
"3933395115890","08004","小児歯科","2","14:00","18:00","14:00","18:00","14:00","18:00","","","14:00","18:00","14:00","16:30","","","","","14:00","17:30","14:00","17:30","14:00","17:30","","","14:00","17:30","14:00","16:00","","","","",""
"3933395115890","08004","小児歯科","3","","","","","","","","","","","","","","","","","","","","","","","","","","","","","","","","","空欄にした: 月_診療 00:00-00:00（開始と終了が同じ） / 空欄にした: 火_診療 00:00-00:00（開始と終了が同じ） / 空欄にした: 水_診療 00:00-00:00（開始と終了が同じ） / 空欄にした: 金_診療 00:00-00:00（開始と終了が同じ） / 空欄にした: 土_診療 00:00-00:00（開始と終了が同じ） / 空欄にした: 月_外来受付 00:00-00:00（開始と終了が同じ） / 空欄にした: 火_外来受付 00:00-00:00（開始と終了が同じ） / 空欄にした: 水_外来受付 00:00-00:00（開始と終了が同じ） / 空欄にした: 金_外来受付 00:00-00:00（開始と終了が同じ） / 空欄にした: 土_外来受付 00:00-00:00（開始と終了が同じ）"
"3933395116220","08001","歯科","1","08:30","12:00","08:30","12:00","08:30","12:00","08:30","12:00","08:30","12:00","08:30","12:00","","","","","08:30","11:30","08:30","11:30","08:30","11:30","08:30","11:30","08:30","11:30","08:30","11:30","","","","",""
"3933395116220","08001","歯科","2","13:00","17:00","13:00","17:00","13:00","17:00","13:00","17:00","13:00","17:00","13:00","17:00","","","","","13:00","16:30","13:00","16:30","13:00","16:30","13:00","16:30","13:00","16:30","13:00","16:30","","","","",""
"3933395116220","08001","歯科","3","","","","","","","","","","","","","","","","","","","","","","","","","","","","","","","","","空欄にした: 月_診療 00:00-00:00（開始と終了が同じ） / 空欄にした: 火_診療 00:00-00:00（開始と終了が同じ） / 空欄にした: 水_診療 00:00-00:00（開始と終了が同じ） / 空欄にした: 金_診療 00:00-00:00（開始と終了が同じ） / 空欄にした: 土_診療 00:00-00:00（開始と終了が同じ） / 空欄にした: 月_外来受付 00:00-00:00（開始と終了が同じ） / 空欄にした: 火_外来受付 00:00-00:00（開始と終了が同じ） / 空欄にした: 水_外来受付 00:00-00:00（開始と終了が同じ） / 空欄にした: 金_外来受付 00:00-00:00（開始と終了が同じ） / 空欄にした: 土_外来受付 00:00-00:00（開始と終了が同じ）"
"3933395116510","08001","歯科","1","09:00","12:30","09:00","12:30","09:00","12:30","09:00","12:30","09:00","12:30","09:00","12:00","","","","","09:00","12:00","09:00","12:00","09:00","12:00","09:00","12:00","09:00","12:00","09:00","11:00","","","","",""
"3933395116510","08001","歯科","2","14:00","18:00","14:00","18:00","14:00","18:00","","","14:00","18:00","13:00","17:00","","","","","14:00","17:30","14:00","17:30","14:00","17:30","","","14:00","17:30","13:00","16:30","","","","",""
"3933395116510","08001","歯科","3","","","","","","","","","","","","","","","","","","","","","","","","","","","","","","","","",""
"3933395116510","08003","歯科口腔外科","1","","","","","","","","","","","","","","","","","","","","","","","","","","","","","","","","",""
"3933395116510","08003","歯科口腔外科","2","","","","","","","","","","","","","","","","","","","","","","","","","","","","","","","","",""
"3933395116510","08003","歯科口腔外科","3","","","","","","","","","","","","","","","","","","","","","","","","","","","","","","","","",""
"3933395116770","08001","歯科","1","09:00","06:00","09:00","06:00","09:00","06:00","","","09:00","06:00","","","","","","","08:30","18:00","08:30","18:00","08:30","18:00","","","08:30","18:00","","","","","","","疑い: 月_診療 09:00-06:00（日跨ぎとしても 18時間以上） / 疑い: 火_診療 09:00-06:00（日跨ぎとしても 18時間以上） / 疑い: 水_診療 09:00-06:00（日跨ぎとしても 18時間以上） / 疑い: 金_診療 09:00-06:00（日跨ぎとしても 18時間以上）"
"3933395116770","08001","歯科","2","","","","","","","09:00","01:00","","","","","","","","","","","","","","","08:30","12:30","","","","","","","","",""
"3933395116770","08001","歯科","3","","","","","","","","","","","09:00","05:00","","","","","","","","","","","","","","","08:30","04:30","","","","","疑い: 土_診療 09:00-05:00（日跨ぎとしても 18時間以上） / 疑い: 土_外来受付 08:30-04:30（日跨ぎとしても 18時間以上）"
"3933395116800","08001","歯科","1","09:00","12:00","09:00","12:00","09:00","12:00","","","09:00","12:00","09:00","12:00","","","","","09:00","11:30","09:00","11:30","09:00","11:30","","","09:00","11:30","09:00","11:30","","","","",""
"3933395116800","08001","歯科","2","14:00","18:00","14:00","18:00","14:00","18:00","","","14:00","18:00","14:00","18:00","","","","","14:00","17:30","14:00","17:30","14:00","17:30","","","14:00","17:30","14:00","17:30","","","","",""
"3933395116800","08001","歯科","3","","","","","","","","","","","","","","","","","","","","","","","","","","","","","","","","",""
"3933395117230","08001","歯科","1","09:00","18:00","09:00","18:00","09:00","18:00","","","09:00","18:00","09:00","16:00","","","","","08:30","17:30","08:30","17:30","08:30","17:30","","","08:30","17:30","08:30","17:30","","","","",""
"3933395117230","08001","歯科","2","","","","","","","","","","","","","","","","","","","","","","","","","","","","","","","","",""
"3933395117230","08001","歯科","3","","","","","","","","","","","","","","","","","","","","","","","","","","","","","","","","",""
"3933395117230","08004","小児歯科","1","09:00","18:00","09:00","18:00","09:00","18:00","","","09:00","18:00","09:00","18:00","","","","","08:30","17:30","08:30","17:30","08:30","17:30","","","08:30","17:30","08:30","17:30","","","","",""
"3933395117230","08004","小児歯科","2","","","","","","","","","","","","","","","","","","","","","","","","","","","","","","","","",""
"3933395117230","08004","小児歯科","3","","","","","","","","","","","","","","","","","","","","","","","","","","","","","","","","",""
"3933395117520","08001","歯科","1","09:00","18:00","09:00","18:00","09:00","18:00","","","09:00","18:00","09:00","18:00","","","","","09:00","18:00","09:00","18:00","09:00","18:00","","","09:00","18:00","09:00","18:00","","","","",""
"3933395117520","08001","歯科","2","09:00","13:00","09:00","13:00","09:00","13:00","","","09:00","13:00","09:00","13:00","","","","","09:00","13:00","09:00","13:00","09:00","13:00","","","09:00","13:00","09:00","13:00","","","","",""
"3933395117520","08001","歯科","3","","","","","","","","","","","","","","","","","","","","","","","","","","","","","","","","","空欄にした: 月_診療 00:00-00:00（開始と終了が同じ） / 空欄にした: 火_診療 00:00-00:00（開始と終了が同じ） / 空欄にした: 水_診療 00:00-00:00（開始と終了が同じ） / 空欄にした: 金_診療 00:00-00:00（開始と終了が同じ） / 空欄にした: 土_診療 00:00-00:00（開始と終了が同じ） / 空欄にした: 月_外来受付 00:00-00:00（開始と終了が同じ） / 空欄にした: 火_外来受付 00:00-00:00（開始と終了が同じ） / 空欄にした: 水_外来受付 00:00-00:00（開始と終了が同じ） / 空欄にした: 金_外来受付 00:00-00:00（開始と終了が同じ） / 空欄にした: 土_外来受付 00:00-00:00（開始と終了が同じ）"
"3933395117940","08001","歯科","1","09:00","12:00","09:00","12:00","09:00","12:00","09:00","12:00","09:00","12:00","09:00","12:00","","","","","09:00","11:30","09:00","11:30","","","09:00","11:30","09:00","11:30","","","","","","",""
"3933395117940","08001","歯科","2","14:00","18:00","14:00","18:00","","","14:00","18:00","14:00","18:00","","","","","","","14:00","17:30","14:00","17:30","","","14:00","17:30","14:00","17:30","","","","","","",""
"3933395117940","08001","歯科","3","","","","","","","","","","","","","","","","","","","","","","","","","","","","","","","","","空欄にした: 月_診療 00:00-00:00（開始と終了が同じ） / 空欄にした: 火_診療 00:00-00:00（開始と終了が同じ） / 空欄にした: 木_診療 00:00-00:00（開始と終了が同じ） / 空欄にした: 金_診療 00:00-00:00（開始と終了が同じ） / 空欄にした: 月_外来受付 00:00-00:00（開始と終了が同じ） / 空欄にした: 火_外来受付 00:00-00:00（開始と終了が同じ） / 空欄にした: 木_外来受付 00:00-00:00（開始と終了が同じ） / 空欄にした: 金_外来受付 00:00-00:00（開始と終了が同じ）"
"3933395118110","08001","歯科","1","09:00","12:30","09:00","12:30","09:00","12:30","","","09:00","12:30","09:00","12:30","","","","","08:30","12:00","08:30","12:00","08:30","12:00","","","08:30","12:00","08:30","12:00","","","","",""
"3933395118110","08001","歯科","2","14:00","18:00","14:00","18:00","14:00","18:00","","","14:00","18:00","14:00","18:00","","","","","14:00","17:30","14:00","17:30","14:00","17:30","","","14:00","17:30","14:00","17:30","","","","",""
"3933395118110","08001","歯科","3","","","","","","","","","","","","","","","","","","","","","","","","","","","","","","","","",""
"3933395118110","08002","矯正歯科","1","09:00","12:30","09:00","12:30","09:00","12:30","","","09:00","12:30","09:00","12:30","","","","","08:30","12:00","08:30","12:00","08:30","12:00","","","08:30","12:00","08:30","12:00","","","","",""
"3933395118110","08002","矯正歯科","2","14:00","18:00","14:00","18:00","14:00","18:00","","","14:00","18:00","14:00","18:00","","","","","14:00","17:30","14:00","17:30","14:00","17:30","","","14:00","17:30","14:00","17:30","","","","",""
"3933395118110","08002","矯正歯科","3","","","","","","","","","","","","","","","","","","","","","","","","","","","","","","","","",""
"3933395118110","08004","小児歯科","1","09:00","12:30","09:00","12:30","09:00","12:30","","","09:00","12:30","09:00","12:30","","","","","08:30","12:00","08:30","12:00","08:30","12:00","","","08:30","12:00","08:30","12:00","","","","",""
"3933395118110","08004","小児歯科","2","14:00","18:00","14:00","18:00","14:00","18:00","","","14:00","18:00","14:00","18:00","","","","","14:00","17:30","14:00","17:30","14:00","17:30","","","14:00","17:30","14:00","17:30","","","","",""
"3933395118110","08004","小児歯科","3","","","","","","","","","","","","","","","","","","","","","","","","","","","","","","","","",""
"3933395118370","08001","歯科","1","09:00","12:30","09:00","12:30","","","09:00","12:30","09:00","12:30","09:00","12:30","","","","","09:00","12:30","09:00","12:30","","","09:00","12:30","09:00","12:30","09:00","12:30","","","","",""
"3933395118370","08001","歯科","2","14:00","18:00","14:00","18:00","","","14:00","18:00","14:00","18:00","14:00","17:00","","","","","14:00","18:00","14:00","18:00","","","14:00","18:00","14:00","18:00","14:00","17:00","","","","",""
"3933395118370","08001","歯科","3","","","","","","","","","","","","","","","","","","","","","","","","","","","","","","","","",""
"3933395118370","08002","矯正歯科","1","09:00","12:30","09:00","12:30","","","09:00","12:30","09:00","12:30","09:00","12:30","","","","","09:00","12:30","09:00","12:30","","","09:00","12:30","09:00","12:30","09:00","12:30","","","","",""
"3933395118370","08002","矯正歯科","2","14:00","18:00","14:00","18:00","","","14:00","18:00","14:00","18:00","14:00","17:00","","","","","14:00","18:00","14:00","18:00","","","14:00","18:00","14:00","18:00","14:00","17:00","","","","",""
"3933395118370","08002","矯正歯科","3","","","","","","","","","","","","","","","","","","","","","","","","","","","","","","","","",""
"3933395118370","08003","歯科口腔外科","1","09:00","12:30","09:00","12:30","","","09:00","12:30","09:00","12:30","09:00","12:30","","","","","09:00","12:30","09:00","12:30","","","09:00","12:30","09:00","12:30","09:00","12:30","","","","",""
"3933395118370","08003","歯科口腔外科","2","14:00","18:00","14:00","18:00","","","14:00","18:00","14:00","18:00","14:00","17:00","","","","","14:00","18:00","14:00","18:00","","","14:00","18:00","14:00","18:00","14:00","17:00","","","","",""
"3933395118370","08003","歯科口腔外科","3","","","","","","","","","","","","","","","","","","","","","","","","","","","","","","","","",""
"3933395118370","08004","小児歯科","1","09:00","12:30","09:00","12:30","","","09:00","12:30","09:00","12:30","09:00","12:30","","","","","09:00","12:30","09:00","12:30","","","09:00","12:30","09:00","12:30","09:00","12:30","","","","",""
"3933395118370","08004","小児歯科","2","14:00","18:00","14:00","18:00","","","14:00","18:00","14:00","18:00","14:00","17:00","","","","","14:00","18:00","14:00","18:00","","","14:00","18:00","14:00","18:00","14:00","17:00","","","","",""
"3933395118370","08004","小児歯科","3","","","","","","","","","","","","","","","","","","","","","","","","","","","","","","","","",""
"3933395118370","08005","小児矯正歯科","1","","","","","","","","","","","","","","","","","","","","","","","","","","","","","","","","",""
"3933395118370","08005","小児矯正歯科","2","","","","","","","","","","","","","","","","","","","","","","","","","","","","","","","","",""
"3933395118370","08005","小児矯正歯科","3","","","","","","","","","","","","","","","","","","","","","","","","","","","","","","","","",""
"3933395118820","08001","歯科","1","09:00","12:00","09:00","12:00","09:00","12:00","09:00","12:00","09:00","12:00","09:00","12:00","","","","","09:00","12:00","09:00","12:00","09:00","12:00","","","09:00","12:00","","","","","","","空欄にした: 木_外来受付 00:00-00:00（開始と終了が同じ） / 空欄にした: 土_外来受付 00:00-00:00（開始と終了が同じ）"
"3933395118820","08001","歯科","2","14:00","19:00","14:00","19:00","14:00","19:00","","","14:00","19:00","","","","","","","14:00","18:30","14:00","18:30","14:00","18:30","","","14:00","18:30","","","","","","","空欄にした: 木_診療 00:00-00:00（開始と終了が同じ） / 空欄にした: 土_診療 00:00-00:00（開始と終了が同じ） / 空欄にした: 木_外来受付 00:00-00:00（開始と終了が同じ） / 空欄にした: 土_外来受付 00:00-00:00（開始と終了が同じ）"
"3933395118820","08001","歯科","3","","","","","","","","","","","","","","","","","","","","","","","","","","","","","","","","","空欄にした: 月_診療 00:00-00:00（開始と終了が同じ） / 空欄にした: 火_診療 00:00-00:00（開始と終了が同じ） / 空欄にした: 水_診療 00:00-00:00（開始と終了が同じ） / 空欄にした: 木_診療 00:00-00:00（開始と終了が同じ） / 空欄にした: 金_診療 00:00-00:00（開始と終了が同じ） / 空欄にした: 土_診療 00:00-00:00（開始と終了が同じ） / 空欄にした: 月_外来受付 00:00-00:00（開始と終了が同じ） / 空欄にした: 火_外来受付 00:00-00:00（開始と終了が同じ） / 空欄にした: 水_外来受付 00:00-00:00（開始と終了が同じ） / 空欄にした: 木_外来受付 00:00-00:00（開始と終了が同じ） / 空欄にした: 金_外来受付 00:00-00:00（開始と終了が同じ） / 空欄にした: 土_外来受付 00:00-00:00（開始と終了が同じ）"
"3933395119090","08001","歯科","1","09:00","12:30","09:00","12:30","09:00","12:30","","","09:00","12:30","09:00","12:30","","","","","08:30","12:00","08:30","12:00","08:30","12:00","","","08:30","12:00","08:30","12:00","","","","",""
"3933395119090","08001","歯科","2","14:00","18:00","14:00","18:00","14:00","18:00","","","14:00","18:00","","","","","","","14:00","17:30","14:00","17:30","14:00","17:30","","","14:00","17:30","","","","","","",""
"3933395119090","08001","歯科","3","","","","","","","","","","","14:00","17:00","","","","","","","","","","","","","","","14:00","16:30","","","","",""
"3933395119090","08003","歯科口腔外科","1","","","","","","","","","","","","","","","","","","","","","","","","","","","","","","","","",""
"3933395119090","08003","歯科口腔外科","2","","","","","","","","","","","","","","","","","","","","","","","","","","","","","","","","",""
"3933395119090","08003","歯科口腔外科","3","","","","","","","","","","","","","","","","","","","","","","","","","","","","","","","","",""
"3933395119090","08004","小児歯科","1","09:00","12:30","09:00","12:30","09:00","12:30","","","09:00","12:30","09:00","12:30","","","","","08:30","12:00","08:30","12:00","08:30","12:00","","","08:30","12:00","08:30","12:00","","","","",""
"3933395119090","08004","小児歯科","2","14:00","18:00","14:00","18:00","14:00","18:00","","","14:00","18:00","","","","","","","14:00","17:30","14:00","17:30","14:00","17:30","","","14:00","17:30","","","","","","",""
"3933395119090","08004","小児歯科","3","","","","","","","","","","","14:00","17:00","","","","","","","","","","","","","","","14:00","16:30","","","","",""
"3933395119250","08001","歯科","1","09:00","13:00","09:00","13:00","09:00","13:00","","","09:00","13:00","09:00","13:00","","","","","09:00","12:30","09:00","12:30","09:00","12:30","","","09:00","12:30","09:00","12:30","","","","",""
"3933395119250","08001","歯科","2","14:30","18:30","14:30","19:30","14:30","18:30","","","14:30","18:30","14:30","18:30","","","","","14:30","18:00","14:30","19:00","14:30","18:00","","","14:30","18:00","14:30","18:00","","","","",""
"3933395119250","08001","歯科","3","","","","","","","","","","","","","","","","","","","","","","","","","","","","","","","","","空欄にした: 月_診療 00:00-00:00（開始と終了が同じ） / 空欄にした: 火_診療 00:00-00:00（開始と終了が同じ） / 空欄にした: 水_診療 00:00-00:00（開始と終了が同じ） / 空欄にした: 金_診療 00:00-00:00（開始と終了が同じ） / 空欄にした: 土_診療 00:00-00:00（開始と終了が同じ） / 空欄にした: 月_外来受付 00:00-00:00（開始と終了が同じ） / 空欄にした: 火_外来受付 00:00-00:00（開始と終了が同じ） / 空欄にした: 水_外来受付 00:00-00:00（開始と終了が同じ） / 空欄にした: 金_外来受付 00:00-00:00（開始と終了が同じ） / 空欄にした: 土_外来受付 00:00-00:00（開始と終了が同じ）"
"3933395119250","08003","歯科口腔外科","1","","","","","","","","","","","","","","","","","","","","","","","","","","","","","","","","",""
"3933395119250","08003","歯科口腔外科","2","","","","","","","","","","","","","","","","","","","","","","","","","","","","","","","","",""
"3933395119250","08003","歯科口腔外科","3","","","","","","","","","","","","","","","","","","","","","","","","","","","","","","","","",""
"3933395119250","08004","小児歯科","1","","","","","","","","","","","","","","","","","","","","","","","","","","","","","","","","",""
"3933395119250","08004","小児歯科","2","","","","","","","","","","","","","","","","","","","","","","","","","","","","","","","","",""
"3933395119250","08004","小児歯科","3","","","","","","","","","","","","","","","","","","","","","","","","","","","","","","","","",""
"3933395119540","08001","歯科","1","09:00","12:30","09:00","12:30","09:00","12:30","09:00","12:30","09:00","12:30","09:00","12:30","","","","","","","","","","","","","","","","","","","","",""
"3933395119540","08001","歯科","2","14:00","18:00","14:00","18:00","14:00","18:00","","","14:00","18:00","14:00","17:00","","","","","","","","","","","","","","","","","","","","",""
"3933395119540","08001","歯科","3","","","","","","","","","","","","","","","","","","","","","","","","","","","","","","","","",""
"3933395119700","08001","歯科","1","09:00","12:30","09:00","12:30","09:00","12:30","","","09:00","12:30","09:00","12:30","","","","","09:00","12:30","09:00","12:30","09:00","12:30","","","09:00","12:30","09:00","12:30","","","","",""
"3933395119700","08001","歯科","2","14:00","18:30","14:00","18:30","14:00","18:30","","","14:00","18:30","14:00","18:30","","","","","14:00","17:30","14:00","17:30","14:00","17:30","","","14:00","17:30","14:00","17:30","","","","",""
"3933395119700","08001","歯科","3","","","","","","","","","","","","","","","","","","","","","","","","","","","","","","","","","空欄にした: 月_診療 00:00-00:00（開始と終了が同じ） / 空欄にした: 火_診療 00:00-00:00（開始と終了が同じ） / 空欄にした: 水_診療 00:00-00:00（開始と終了が同じ） / 空欄にした: 金_診療 00:00-00:00（開始と終了が同じ） / 空欄にした: 土_診療 00:00-00:00（開始と終了が同じ） / 空欄にした: 月_外来受付 00:00-00:00（開始と終了が同じ） / 空欄にした: 火_外来受付 00:00-00:00（開始と終了が同じ） / 空欄にした: 水_外来受付 00:00-00:00（開始と終了が同じ） / 空欄にした: 金_外来受付 00:00-00:00（開始と終了が同じ） / 空欄にした: 土_外来受付 00:00-00:00（開始と終了が同じ）"
"3933395119960","08001","歯科","1","09:00","12:00","09:00","12:00","09:00","12:00","","","09:00","12:00","09:00","12:00","","","","","09:00","11:00","09:00","11:00","09:00","11:00","","","09:00","11:00","09:00","11:00","","","","",""
"3933395119960","08001","歯科","2","14:00","19:00","14:00","19:00","14:00","19:00","","","14:00","19:00","13:00","17:00","","","","","14:00","18:00","14:00","18:00","14:00","18:00","","","14:00","18:00","13:00","18:00","","","","",""
"3933395119960","08001","歯科","3","","","","","","","","","","","","","","","","","","","","","","","","","","","","","","","","",""
"3933395119960","08003","歯科口腔外科","1","","","","","","","","","","","","","","","","","","","","","","","","","","","","","","","","",""
"3933395119960","08003","歯科口腔外科","2","","","","","","","","","","","","","","","","","","","","","","","","","","","","","","","","",""
"3933395119960","08003","歯科口腔外科","3","","","","","","","","","","","","","","","","","","","","","","","","","","","","","","","","",""
"3933395119960","08004","小児歯科","1","","","","","","","","","","","","","","","","","","","","","","","","","","","","","","","","",""
"3933395119960","08004","小児歯科","2","","","","","","","","","","","","","","","","","","","","","","","","","","","","","","","","",""
"3933395119960","08004","小児歯科","3","","","","","","","","","","","","","","","","","","","","","","","","","","","","","","","","",""
"3933395120070","08001","歯科","1","09:00","12:30","09:00","12:30","09:00","12:30","","","09:00","12:30","09:00","12:30","","","","","09:00","11:30","09:00","11:30","09:00","11:30","","","09:00","11:30","09:00","11:30","","","","",""
"3933395120070","08001","歯科","2","14:00","18:00","14:00","17:30","14:00","18:00","","","14:00","18:00","14:00","17:00","","","","","14:00","17:30","14:00","17:00","14:00","17:30","","","14:00","17:30","14:00","16:00","","","","",""
"3933395120070","08001","歯科","3","","","","","","","","","","","","","","","","","","","","","","","","","","","","","","","","",""
"3933395120070","08004","小児歯科","1","09:00","12:30","09:00","12:30","09:00","12:30","","","09:00","12:30","09:00","12:30","","","","","09:00","11:30","09:00","11:30","09:00","11:30","","","09:00","11:30","09:00","11:30","","","","",""
"3933395120070","08004","小児歯科","2","14:00","18:00","14:00","17:30","14:00","18:00","","","14:00","18:00","14:00","17:00","","","","","14:00","17:30","14:00","17:00","14:00","17:30","","","14:00","17:30","14:00","16:00","","","","",""
"3933395120070","08004","小児歯科","3","","","","","","","","","","","","","","","","","","","","","","","","","","","","","","","","",""
"3933395120100","08001","歯科","1","09:00","12:30","09:00","12:30","09:00","12:30","","","09:00","12:30","09:00","12:30","","","","","09:00","12:00","09:00","12:00","09:00","12:00","","","09:00","12:00","09:00","12:00","","","","",""
"3933395120100","08001","歯科","2","14:00","18:00","14:00","18:00","14:00","18:00","","","14:00","18:00","","","","","","","14:00","17:30","14:00","17:30","14:00","17:30","","","14:00","17:30","","","","","","",""
"3933395120100","08001","歯科","3","","","","","","","","","","","14:00","17:00","","","","","","","","","","","","","","","14:00","16:30","","","","",""
"3933395120100","08003","歯科口腔外科","1","09:00","12:30","09:00","12:30","09:00","12:30","","","09:00","12:30","09:00","12:30","","","","","09:00","12:00","09:00","12:00","09:00","12:00","","","09:00","12:00","09:00","12:00","","","","",""
"3933395120100","08003","歯科口腔外科","2","14:00","18:00","14:00","18:00","14:00","18:00","","","14:00","18:00","","","","","","","14:00","17:30","14:00","17:30","14:00","17:30","","","14:00","17:30","","","","","","",""
"3933395120100","08003","歯科口腔外科","3","","","","","","","","","","","14:00","17:00","","","","","","","","","","","","","","","14:00","16:30","","","","",""
"3933395120230","08001","歯科","1","09:00","12:30","09:00","12:30","09:00","12:30","09:00","12:30","09:00","12:30","09:00","12:00","","","","","09:00","12:30","09:00","12:30","09:00","12:30","09:00","12:30","09:00","12:30","09:00","12:00","","","","",""
"3933395120230","08001","歯科","2","14:00","18:00","14:00","18:00","14:00","18:00","14:00","18:00","14:00","18:00","","","","","","","14:00","18:00","14:00","18:00","14:00","18:00","14:00","18:00","14:00","18:00","","","","","","",""
"3933395120230","08001","歯科","3","","","","","","","","","","","","","","","","","","","","","","","","","","","","","","","","",""
"3933395120230","08002","矯正歯科","1","09:00","12:30","09:00","12:30","09:00","12:30","09:00","12:30","09:00","12:30","09:00","12:00","","","","","09:00","12:30","09:00","12:30","09:00","12:30","09:00","12:30","09:00","12:30","09:00","12:00","","","","",""
"3933395120230","08002","矯正歯科","2","14:00","18:00","14:00","18:00","14:00","18:00","14:00","18:00","14:00","18:00","","","","","","","14:00","18:00","14:00","18:00","14:00","18:00","14:00","18:00","14:00","18:00","","","","","","",""
"3933395120230","08002","矯正歯科","3","","","","","","","","","","","","","","","","","","","","","","","","","","","","","","","","",""
"3933395120230","08004","小児歯科","1","09:00","12:30","09:00","12:30","09:00","12:30","09:00","12:30","09:00","12:30","09:00","12:00","","","","","09:00","12:30","09:00","12:30","09:00","12:30","09:00","12:30","09:00","12:30","09:00","12:00","","","","",""
"3933395120230","08004","小児歯科","2","14:00","18:00","14:00","18:00","14:00","18:00","14:00","18:00","14:00","18:00","","","","","","","14:00","18:00","14:00","18:00","14:00","18:00","14:00","18:00","14:00","18:00","","","","","","",""
"3933395120230","08004","小児歯科","3","","","","","","","","","","","","","","","","","","","","","","","","","","","","","","","","",""
"3933395120490","08001","歯科","1","09:00","18:00","09:00","18:00","09:00","18:00","","","09:00","18:00","","","","","","","","","","","","","","","","","","","","","","",""
"3933395120490","08001","歯科","2","","","","","","","09:00","12:30","","","09:00","12:30","","","","","","","","","","","","","","","","","","","","",""
"3933395120490","08001","歯科","3","","","","","","","","","","","","","","","","","","","","","","","","","","","","","","","","",""
"3933395120520","08001","歯科","1","09:00","12:30","09:00","12:30","","","09:00","12:30","09:00","12:30","09:00","12:30","","","","","09:00","12:00","09:00","12:00","","","09:00","12:00","09:00","12:00","09:00","12:00","","","","",""
"3933395120520","08001","歯科","2","14:00","18:00","14:00","18:00","","","14:00","18:00","14:00","18:00","14:00","18:00","","","","","14:00","18:00","14:00","18:00","","","14:00","18:00","14:00","18:00","14:00","18:00","","","","",""
"3933395120520","08001","歯科","3","","","","","","","","","","","","","","","","","","","","","","","","","","","","","","","","","空欄にした: 月_診療 00:00-00:00（開始と終了が同じ） / 空欄にした: 火_診療 00:00-00:00（開始と終了が同じ） / 空欄にした: 木_診療 00:00-00:00（開始と終了が同じ） / 空欄にした: 金_診療 00:00-00:00（開始と終了が同じ） / 空欄にした: 土_診療 00:00-00:00（開始と終了が同じ） / 空欄にした: 月_外来受付 00:00-00:00（開始と終了が同じ） / 空欄にした: 火_外来受付 00:00-00:00（開始と終了が同じ） / 空欄にした: 木_外来受付 00:00-00:00（開始と終了が同じ） / 空欄にした: 金_外来受付 00:00-00:00（開始と終了が同じ） / 空欄にした: 土_外来受付 00:00-00:00（開始と終了が同じ）"
"3933395120650","08001","歯科","1","09:00","13:00","09:00","13:00","09:00","13:00","09:00","13:00","09:00","13:00","09:00","13:30","","","","","09:00","11:00","09:00","11:00","09:00","11:00","09:00","11:00","09:00","11:00","09:00","12:30","","","","",""
"3933395120650","08001","歯科","2","14:30","18:30","14:30","18:30","14:30","18:30","14:30","18:30","14:30","18:30","14:30","18:00","","","","","14:30","17:40","14:30","17:40","14:30","17:40","14:30","17:40","14:30","17:40","14:30","15:50","","","","",""
"3933395120650","08001","歯科","3","","","","","","","","","","","","","","","","","","","","","","","","","","","","","","","","",""
"3933395120650","08003","歯科口腔外科","1","09:00","13:00","09:00","13:00","09:00","13:00","09:00","13:00","09:00","13:00","09:00","13:30","","","","","09:00","10:30","09:00","10:30","09:00","10:30","09:00","10:30","09:00","10:30","09:00","10:30","","","","",""
"3933395120650","08003","歯科口腔外科","2","14:30","18:30","14:30","18:30","14:30","18:30","14:30","18:30","14:30","18:30","14:30","18:00","","","","","14:30","16:00","14:30","16:00","14:30","16:00","14:30","16:00","14:30","16:00","14:30","15:00","","","","",""
"3933395120650","08003","歯科口腔外科","3","","","","","","","","","","","","","","","","","","","","","","","","","","","","","","","","",""
"3933395120780","08001","歯科","1","09:00","12:30","09:00","12:30","09:00","12:30","","","09:00","12:30","09:00","12:30","","","","","09:00","12:30","09:00","12:30","09:00","12:30","","","09:00","12:30","09:00","12:30","","","","",""
"3933395120780","08001","歯科","2","14:00","18:00","14:00","18:00","14:00","18:00","","","14:00","18:00","14:00","18:00","","","","","14:00","18:00","14:00","18:00","14:00","18:00","","","14:00","18:00","14:00","18:00","","","","",""
"3933395120780","08001","歯科","3","","","","","","","","","","","","","","","","","","","","","","","","","","","","","","","","","空欄にした: 月_診療 00:00-00:00（開始と終了が同じ） / 空欄にした: 火_診療 00:00-00:00（開始と終了が同じ） / 空欄にした: 水_診療 00:00-00:00（開始と終了が同じ） / 空欄にした: 金_診療 00:00-00:00（開始と終了が同じ） / 空欄にした: 土_診療 00:00-00:00（開始と終了が同じ） / 空欄にした: 月_外来受付 00:00-00:00（開始と終了が同じ） / 空欄にした: 火_外来受付 00:00-00:00（開始と終了が同じ） / 空欄にした: 水_外来受付 00:00-00:00（開始と終了が同じ） / 空欄にした: 金_外来受付 00:00-00:00（開始と終了が同じ） / 空欄にした: 土_外来受付 00:00-00:00（開始と終了が同じ）"
"3933395121080","08001","歯科","1","","","","","","","","","","","","","","","","","","","","","","","","","","","","","","","","",""
"3933395121080","08001","歯科","2","","","","","","","","","","","","","","","","","","","","","","","","","","","","","","","","",""
"3933395121080","08001","歯科","3","","","","","","","","","","","","","","","","","","","","","","","","","","","","","","","","",""
"3933395121080","08004","小児歯科","1","","","","","","","","","","","","","","","","","","","","","","","","","","","","","","","","",""
"3933395121080","08004","小児歯科","2","","","","","","","","","","","","","","","","","","","","","","","","","","","","","","","","",""
"3933395121080","08004","小児歯科","3","","","","","","","","","","","","","","","","","","","","","","","","","","","","","","","","",""
"3933395121110","08001","歯科","1","09:30","12:30","09:30","12:30","09:30","12:30","","","09:30","12:30","09:30","12:30","","","","","09:00","12:00","09:00","12:00","09:00","12:00","","","09:00","12:00","09:00","12:00","","","","",""
"3933395121110","08001","歯科","2","14:00","18:30","14:00","18:30","14:00","18:30","","","14:00","18:30","14:00","18:30","","","","","14:00","18:00","14:00","18:00","14:00","18:00","","","14:00","18:00","14:00","18:00","","","","",""
"3933395121110","08001","歯科","3","","","","","","","","","","","","","","","","","","","","","","","","","","","","","","","","",""
"3933395121110","08002","矯正歯科","1","09:30","12:30","09:30","12:30","09:30","12:30","","","09:30","12:30","09:30","12:30","","","","","09:00","12:00","09:00","12:00","09:00","12:00","","","09:00","12:00","09:00","12:00","","","","",""
"3933395121110","08002","矯正歯科","2","14:00","18:30","14:00","18:30","14:00","18:30","","","14:00","18:30","14:00","18:30","","","","","14:00","18:00","14:00","18:00","14:00","18:00","","","14:00","18:00","14:00","18:00","","","","",""
"3933395121110","08002","矯正歯科","3","","","","","","","","","","","","","","","","","","","","","","","","","","","","","","","","",""
"3933395121110","08004","小児歯科","1","09:30","12:30","09:30","12:30","09:30","12:30","","","09:30","12:30","09:30","12:30","","","","","09:00","12:00","09:00","12:00","09:00","12:00","","","09:00","12:00","09:00","12:00","","","","",""
"3933395121110","08004","小児歯科","2","14:00","18:30","14:00","18:30","14:00","18:30","","","14:00","18:30","14:00","18:30","","","","","14:00","18:00","14:00","18:00","14:00","18:00","","","14:00","18:00","14:00","18:00","","","","",""
"3933395121110","08004","小児歯科","3","","","","","","","","","","","","","","","","","","","","","","","","","","","","","","","","",""
"3933395121370","08001","歯科","1","09:30","13:00","09:30","13:00","","","09:30","13:00","09:30","18:30","09:30","18:30","","","","","09:30","13:00","09:30","13:00","","","09:30","13:00","09:30","13:00","09:30","13:00","","","","",""
"3933395121370","08001","歯科","2","14:30","18:30","14:30","18:30","","","14:30","18:30","14:30","18:30","14:30","18:30","","","","","13:00","18:00","13:00","18:00","","","13:00","18:00","13:00","18:00","13:00","18:00","","","","",""
"3933395121370","08001","歯科","3","","","","","","","","","","","","","","","","","","","","","","","","","","","","","","","","",""
"3933395121370","08004","小児歯科","1","09:30","18:30","09:30","18:30","","","09:30","18:30","09:30","18:30","09:30","18:30","","","","","09:30","18:30","09:30","18:30","","","09:30","18:30","09:30","18:30","09:30","18:30","","","","",""
"3933395121370","08004","小児歯科","2","","","","","","","","","","","","","","","","","","","","","","","","","","","","","","","","",""
"3933395121370","08004","小児歯科","3","","","","","","","","","","","","","","","","","","","","","","","","","","","","","","","","",""
"3933395121400","08001","歯科","1","09:00","12:00","09:00","12:00","09:00","12:00","","","09:00","12:00","","","","","","","09:00","11:30","09:00","11:30","09:00","11:30","","","09:00","11:30","","","","","","",""
"3933395121400","08001","歯科","2","13:30","18:00","13:30","18:00","13:30","18:00","","","13:30","18:00","","","","","","","13:30","17:30","13:30","17:30","13:30","17:30","","","13:30","17:30","","","","","","",""
"3933395121400","08001","歯科","3","","","","","","","","","","","08:30","13:00","","","","","","","","","","","","","","","08:30","12:30","","","","",""
"3933395121530","08002","矯正歯科","1","09:30","12:30","09:30","12:30","09:30","12:30","","","09:30","12:30","09:30","12:30","","","","","09:30","12:30","09:30","12:30","09:30","12:30","","","09:30","12:30","09:30","12:30","","","","",""
"3933395121530","08002","矯正歯科","2","14:00","18:00","14:00","18:00","14:00","18:00","","","14:00","18:00","14:00","18:00","","","","","14:00","18:00","14:00","18:00","14:00","18:00","","","14:00","18:00","14:00","18:00","","","","",""
"3933395121530","08002","矯正歯科","3","","","","","","","","","","","","","","","","","","","","","","","","","","","","","","","","",""
"3933395121660","08001","歯科","1","","","","","09:30","12:30","","","","","09:30","12:30","","","","","","","","","09:30","11:30","","","","","09:30","11:30","","","","",""
"3933395121660","08001","歯科","2","","","","","14:30","18:30","","","","","","","","","","","","","","","14:30","17:30","","","","","","","","","","",""
"3933395121660","08001","歯科","3","","","","","","","","","","","14:00","18:00","","","","","","","","","","","","","","","14:00","17:00","","","","",""
"3933395121660","08002","矯正歯科","1","","","","","","","","","","","","","","","","","","","","","","","","","","","","","","","","",""
"3933395121660","08002","矯正歯科","2","","","","","","","","","","","","","","","","","","","","","","","","","","","","","","","","",""
"3933395121660","08002","矯正歯科","3","","","","","","","","","","","","","","","","","","","","","","","","","","","","","","","","",""
"3933395121660","08004","小児歯科","1","","","","","09:30","12:30","","","","","09:30","12:30","","","","","","","","","09:30","11:30","","","","","09:30","11:30","","","","",""
"3933395121660","08004","小児歯科","2","","","","","14:30","18:30","","","","","","","","","","","","","","","14:30","17:30","","","","","","","","","","",""
"3933395121660","08004","小児歯科","3","","","","","","","","","","","14:00","18:00","","","","","","","","","","","","","","","14:00","17:00","","","","",""
"3933395121790","08001","歯科","1","09:30","13:30","09:30","13:30","09:30","13:30","09:30","13:30","09:30","13:30","09:30","13:00","","","","","09:30","12:30","09:30","12:30","09:30","12:30","09:30","12:30","09:30","12:30","09:30","12:00","","","","",""
"3933395121790","08001","歯科","2","15:00","18:00","15:00","18:00","15:00","18:00","","","15:00","18:00","14:00","16:00","","","","","15:00","17:30","15:00","17:30","15:00","17:30","","","15:00","17:30","14:00","15:00","","","","",""
"3933395121790","08001","歯科","3","","","","","","","","","","","","","","","","","","","","","","","","","","","","","","","","","空欄にした: 月_診療 00:00-00:00（開始と終了が同じ） / 空欄にした: 火_診療 00:00-00:00（開始と終了が同じ） / 空欄にした: 水_診療 00:00-00:00（開始と終了が同じ） / 空欄にした: 木_診療 00:00-00:00（開始と終了が同じ） / 空欄にした: 金_診療 00:00-00:00（開始と終了が同じ） / 空欄にした: 土_診療 00:00-00:00（開始と終了が同じ） / 空欄にした: 月_外来受付 00:00-00:00（開始と終了が同じ） / 空欄にした: 火_外来受付 00:00-00:00（開始と終了が同じ） / 空欄にした: 水_外来受付 00:00-00:00（開始と終了が同じ） / 空欄にした: 木_外来受付 00:00-00:00（開始と終了が同じ） / 空欄にした: 金_外来受付 00:00-00:00（開始と終了が同じ） / 空欄にした: 土_外来受付 00:00-00:00（開始と終了が同じ）"
"3933395121790","08002","矯正歯科","1","09:30","13:30","09:30","13:30","09:30","13:30","09:30","13:30","09:30","13:30","09:30","13:00","","","","","09:30","12:30","09:30","12:30","09:30","12:30","09:30","12:30","09:30","12:30","09:30","12:00","","","","",""
"3933395121790","08002","矯正歯科","2","15:00","18:00","15:00","18:00","15:00","18:00","","","15:00","18:00","14:00","16:00","","","","","15:00","17:30","15:00","17:30","15:00","17:30","","","15:00","17:30","14:00","15:00","","","","",""
"3933395121790","08002","矯正歯科","3","","","","","","","","","","","","","","","","","","","","","","","","","","","","","","","","","空欄にした: 月_診療 00:00-00:00（開始と終了が同じ） / 空欄にした: 火_診療 00:00-00:00（開始と終了が同じ） / 空欄にした: 水_診療 00:00-00:00（開始と終了が同じ） / 空欄にした: 木_診療 00:00-00:00（開始と終了が同じ） / 空欄にした: 金_診療 00:00-00:00（開始と終了が同じ） / 空欄にした: 土_診療 00:00-00:00（開始と終了が同じ） / 空欄にした: 月_外来受付 00:00-00:00（開始と終了が同じ） / 空欄にした: 火_外来受付 00:00-00:00（開始と終了が同じ） / 空欄にした: 水_外来受付 00:00-00:00（開始と終了が同じ） / 空欄にした: 木_外来受付 00:00-00:00（開始と終了が同じ） / 空欄にした: 金_外来受付 00:00-00:00（開始と終了が同じ） / 空欄にした: 土_外来受付 00:00-00:00（開始と終了が同じ）"
"3933395121790","08004","小児歯科","1","09:30","13:30","09:30","13:30","09:30","13:30","09:30","13:30","09:30","13:30","09:30","13:00","","","","","09:30","12:30","09:30","12:30","09:30","12:30","09:30","12:30","09:30","12:30","09:30","12:00","","","","",""
"3933395121790","08004","小児歯科","2","15:00","18:00","15:00","18:00","15:00","18:00","","","15:00","18:00","14:00","16:00","","","","","15:00","17:30","15:00","17:30","15:00","17:30","","","15:00","17:30","14:00","15:00","","","","",""
"3933395121790","08004","小児歯科","3","","","","","","","","","","","","","","","","","","","","","","","","","","","","","","","","","空欄にした: 月_診療 00:00-00:00（開始と終了が同じ） / 空欄にした: 火_診療 00:00-00:00（開始と終了が同じ） / 空欄にした: 水_診療 00:00-00:00（開始と終了が同じ） / 空欄にした: 木_診療 00:00-00:00（開始と終了が同じ） / 空欄にした: 金_診療 00:00-00:00（開始と終了が同じ） / 空欄にした: 土_診療 00:00-00:00（開始と終了が同じ） / 空欄にした: 月_外来受付 00:00-00:00（開始と終了が同じ） / 空欄にした: 火_外来受付 00:00-00:00（開始と終了が同じ） / 空欄にした: 水_外来受付 00:00-00:00（開始と終了が同じ） / 空欄にした: 木_外来受付 00:00-00:00（開始と終了が同じ） / 空欄にした: 金_外来受付 00:00-00:00（開始と終了が同じ） / 空欄にした: 土_外来受付 00:00-00:00（開始と終了が同じ）"
"3933395121820","08001","歯科","1","09:00","12:30","09:00","12:30","09:00","12:30","","","09:00","12:30","09:00","12:30","","","","","09:00","12:00","09:00","12:00","09:00","12:00","","","09:00","12:00","09:00","12:00","","","","",""
"3933395121820","08001","歯科","2","14:00","18:00","14:00","18:00","14:00","18:00","","","14:00","18:00","14:00","18:00","","","","","14:00","17:30","14:00","17:30","14:00","17:30","","","14:00","17:30","14:00","17:30","","","","",""
"3933395121820","08001","歯科","3","","","","","","","","","","","","","","","","","","","","","","","","","","","","","","","","",""
"3933395121950","08001","歯科","1","09:00","12:00","09:00","12:00","","","09:00","12:00","09:00","12:00","09:00","12:00","","","","","09:00","12:00","09:00","12:00","","","09:00","12:00","09:00","12:00","09:00","12:00","","","","",""
"3933395121950","08001","歯科","2","14:00","18:00","14:00","18:00","","","14:00","18:00","14:00","18:00","14:00","18:00","","","","","14:00","18:00","14:00","18:00","","","14:00","18:00","14:00","18:00","14:00","18:00","","","","",""
"3933395121950","08001","歯科","3","","","","","","","","","","","","","","","","","","","","","","","","","","","","","","","","","空欄にした: 月_診療 00:00-00:00（開始と終了が同じ） / 空欄にした: 火_診療 00:00-00:00（開始と終了が同じ） / 空欄にした: 木_診療 00:00-00:00（開始と終了が同じ） / 空欄にした: 金_診療 00:00-00:00（開始と終了が同じ） / 空欄にした: 土_診療 00:00-00:00（開始と終了が同じ） / 空欄にした: 月_外来受付 00:00-00:00（開始と終了が同じ） / 空欄にした: 火_外来受付 00:00-00:00（開始と終了が同じ） / 空欄にした: 木_外来受付 00:00-00:00（開始と終了が同じ） / 空欄にした: 金_外来受付 00:00-00:00（開始と終了が同じ） / 空欄にした: 土_外来受付 00:00-00:00（開始と終了が同じ）"
"3933395122090","08001","歯科","1","09:00","13:00","09:00","13:00","09:00","13:00","09:00","13:00","09:00","13:00","09:00","13:00","","","","","09:00","12:30","09:00","13:00","09:00","13:00","09:00","13:00","09:00","13:00","09:00","13:00","","","","",""
"3933395122090","08001","歯科","2","14:30","18:00","14:30","18:30","14:00","17:00","14:30","18:00","14:30","18:00","14:00","17:30","","","","","14:30","18:00","14:30","18:00","14:00","17:00","14:30","18:00","14:30","18:00","14:00","17:30","","","","",""
"3933395122090","08001","歯科","3","","","","","","","","","","","","","","","","","","","","","","","","","","","","","","","","",""
"3933395122120","08001","歯科","1","09:00","12:30","09:00","12:30","09:00","12:30","09:00","12:30","09:00","12:30","09:00","12:00","","","","","09:00","11:30","09:00","11:30","09:00","11:30","09:00","11:30","09:00","11:30","09:00","11:30","","","","",""
"3933395122120","08001","歯科","2","13:30","17:30","13:30","17:30","","","13:30","17:30","13:30","17:30","","","","","","","13:30","17:00","13:30","17:00","","","13:30","17:00","13:30","17:00","","","","","","",""
"3933395122120","08001","歯科","3","","","","","13:30","15:00","","","","","","","","","","","","","","","13:30","14:30","","","","","","","","","","",""
"3933395122250","08001","歯科","1","","","","","","","","","","","","","","","","","","","","","","","","","","","","","","","","",""
"3933395122250","08001","歯科","2","","","","","","","","","","","","","","","","","","","","","","","","","","","","","","","","",""
"3933395122250","08001","歯科","3","","","","","","","","","","","","","","","","","","","","","","","","","","","","","","","","",""
"3933395122380","08001","歯科","1","09:00","12:30","09:00","12:30","09:00","12:30","","","09:00","12:30","09:00","12:30","","","","","","","","","","","","","","","","","","","","",""
"3933395122380","08001","歯科","2","14:00","18:30","14:00","18:30","14:00","18:30","","","14:00","18:30","","","","","","","","","","","","","","","","","","","","","","",""
"3933395122380","08001","歯科","3","","","","","","","","","","","14:00","17:30","","","","","","","","","","","","","","","","","","","","",""
"3933395122670","08001","歯科","1","09:00","12:30","09:00","12:30","","","09:00","12:30","09:00","12:30","09:00","12:30","","","","","09:00","12:00","09:00","12:00","","","09:00","12:00","09:00","12:00","09:00","12:00","","","","",""
"3933395122670","08001","歯科","2","14:30","18:30","","","","","14:30","18:30","14:30","18:30","","","","","","","14:30","18:00","","","","","14:30","18:00","14:30","18:00","","","","","","",""
"3933395122670","08001","歯科","3","","","14:00","17:00","","","","","","","14:00","17:00","","","","","","","14:00","17:00","","","","","","","14:00","17:00","","","","",""
"3933395122670","08002","矯正歯科","1","09:00","12:30","09:00","12:30","","","09:00","12:30","09:00","12:30","09:00","12:30","","","","","09:00","12:00","09:00","12:00","","","09:00","12:00","09:00","12:00","09:00","12:00","","","","",""
"3933395122670","08002","矯正歯科","2","14:30","18:30","","","","","14:30","18:30","14:30","18:30","","","","","","","14:30","18:00","","","","","14:30","18:00","14:30","18:00","","","","","","",""
"3933395122670","08002","矯正歯科","3","","","14:00","17:00","","","","","","","14:00","17:00","","","","","","","14:00","17:00","","","","","","","14:00","17:00","","","","",""
"3933395122670","08003","歯科口腔外科","1","09:00","12:30","09:00","12:30","","","09:00","12:30","09:00","12:30","09:00","12:30","","","","","09:00","12:00","09:00","12:00","","","09:00","12:00","09:00","12:00","09:00","12:00","","","","",""
"3933395122670","08003","歯科口腔外科","2","14:30","18:30","","","","","14:30","18:30","14:30","18:30","","","","","","","14:30","18:00","","","","","14:30","18:00","14:30","18:00","","","","","","",""
"3933395122670","08003","歯科口腔外科","3","","","14:00","17:00","","","","","","","14:00","17:00","","","","","","","14:00","17:00","","","","","","","14:00","17:00","","","","",""
"3933395122670","08004","小児歯科","1","09:00","12:30","09:00","12:30","","","09:00","12:30","09:00","12:30","09:00","12:30","","","","","09:00","12:00","09:00","12:00","","","09:00","12:00","09:00","12:00","09:00","12:00","","","","",""
"3933395122670","08004","小児歯科","2","14:30","18:30","","","","","14:30","18:30","14:30","18:30","","","","","","","14:30","18:00","","","","","14:30","18:00","14:30","18:00","","","","","","",""
"3933395122670","08004","小児歯科","3","","","14:00","17:00","","","","","","","14:00","17:00","","","","","","","14:00","17:00","","","","","","","14:00","17:00","","","","",""
"3933395122700","08001","歯科","1","09:00","12:30","09:00","12:30","09:00","12:30","","","09:00","12:30","09:00","12:30","","","","","08:30","12:00","08:30","12:00","08:30","12:00","","","08:30","12:00","08:30","12:00","","","","",""
"3933395122700","08001","歯科","2","14:00","18:30","14:00","18:30","14:00","17:00","","","14:00","18:30","14:00","16:30","","","","","14:00","18:00","14:00","18:00","14:00","16:30","","","14:00","18:00","14:00","16:00","","","","",""
"3933395122700","08001","歯科","3","","","","","","","","","","","","","","","","","","","","","","","","","","","","","","","","",""
"3933395122960","08001","歯科","1","09:00","18:00","09:00","18:00","09:00","18:00","","","09:00","18:00","09:00","17:00","","","","","09:00","18:00","09:00","18:00","09:00","18:00","","","09:00","18:00","09:00","17:00","","","","",""
"3933395122960","08001","歯科","2","","","","","","","","","","","","","","","","","","","","","","","","","","","","","","","","",""
"3933395122960","08001","歯科","3","","","","","","","","","","","","","","","","","","","","","","","","","","","","","","","","",""
"3933395123000","08001","歯科","1","09:00","12:30","09:00","12:30","09:00","12:30","","","09:00","12:30","09:00","12:30","","","","","09:00","12:30","09:00","12:30","09:00","12:30","","","09:00","12:30","09:00","12:30","","","","",""
"3933395123000","08001","歯科","2","14:00","18:00","14:00","18:00","14:00","18:00","","","14:00","18:00","14:00","18:00","","","","","14:00","17:30","14:00","17:30","14:00","17:30","","","14:00","17:30","14:00","17:30","","","","",""
"3933395123000","08001","歯科","3","","","","","","","","","","","","","","","","","","","","","","","","","","","","","","","","","空欄にした: 月_診療 00:00-00:00（開始と終了が同じ） / 空欄にした: 火_診療 00:00-00:00（開始と終了が同じ） / 空欄にした: 水_診療 00:00-00:00（開始と終了が同じ） / 空欄にした: 金_診療 00:00-00:00（開始と終了が同じ） / 空欄にした: 土_診療 00:00-00:00（開始と終了が同じ） / 空欄にした: 月_外来受付 00:00-00:00（開始と終了が同じ） / 空欄にした: 火_外来受付 00:00-00:00（開始と終了が同じ） / 空欄にした: 水_外来受付 00:00-00:00（開始と終了が同じ） / 空欄にした: 金_外来受付 00:00-00:00（開始と終了が同じ） / 空欄にした: 土_外来受付 00:00-00:00（開始と終了が同じ）"
"3933395123130","08001","歯科","1","08:30","12:00","08:30","12:00","08:30","12:00","","","08:30","12:00","08:30","12:00","","","","","08:00","18:00","08:00","18:00","08:00","18:00","","","08:00","18:00","08:00","18:00","","","","",""
"3933395123130","08001","歯科","2","13:30","18:00","13:30","18:00","13:30","18:00","","","13:30","18:00","13:30","18:00","","","","","","","","","","","","","","","","","","","","",""
"3933395123130","08001","歯科","3","","","","","","","","","","","","","","","","","","","","","","","","","","","","","","","","",""
"3933395123260","08001","歯科","1","09:30","12:30","09:30","12:30","09:30","12:30","","","09:30","12:30","09:30","12:30","","","","","09:30","12:00","09:30","12:00","09:30","12:00","","","09:30","12:00","09:30","12:00","","","","",""
"3933395123260","08001","歯科","2","14:00","18:00","14:00","18:00","14:00","18:00","","","14:00","18:00","","","","","","","13:45","18:00","13:45","18:00","13:45","18:00","","","13:45","18:00","","","","","","",""
"3933395123260","08001","歯科","3","","","","","","","","","","","14:00","16:00","","","","","","","","","","","","","","","13:45","15:30","","","","",""
"3933395123420","08001","歯科","1","09:00","13:00","09:00","13:00","09:00","13:00","09:00","13:00","09:00","13:00","","","","","","","09:00","11:30","09:00","11:30","09:00","11:30","09:00","11:30","09:00","11:30","","","","","","",""
"3933395123420","08001","歯科","2","14:30","18:30","14:30","18:30","14:30","18:30","14:30","18:30","14:30","18:30","","","","","","","14:30","17:30","14:30","17:30","14:30","17:30","14:30","17:30","14:30","17:30","","","","","","",""
"3933395123420","08001","歯科","3","","","","","","","","","","","","","","","","","","","","","","","","","","","","","","","","",""
"3933395123420","08002","矯正歯科","1","","","","","","","","","","","","","","","","","","","","","","","","","","","","","","","","",""
"3933395123420","08002","矯正歯科","2","","","","","","","","","","","","","","","","","","","","","","","","","","","","","","","","",""
"3933395123420","08002","矯正歯科","3","","","","","","","","","","","","","","","","","","","","","","","","","","","","","","","","",""
"3933395123550","08002","矯正歯科","1","10:30","13:00","","","10:30","13:00","","","10:30","13:00","09:30","13:00","09:00","13:00","","","10:30","13:00","","","10:30","13:00","","","10:30","13:00","09:00","13:00","","","","",""
"3933395123550","08002","矯正歯科","2","14:30","19:00","","","14:30","19:00","","","14:30","19:00","14:30","18:30","14:00","17:30","","","14:30","19:00","","","14:30","19:00","","","14:30","19:00","14:30","19:00","","","","",""
"3933395123550","08002","矯正歯科","3","","","","","","","","","","","","","","","","","","","","","","","","","","","","","","","","","空欄にした: 月_診療 00:00-00:00（開始と終了が同じ） / 空欄にした: 水_診療 00:00-00:00（開始と終了が同じ） / 空欄にした: 金_診療 00:00-00:00（開始と終了が同じ） / 空欄にした: 土_診療 00:00-00:00（開始と終了が同じ） / 空欄にした: 日_診療 00:00-00:00（開始と終了が同じ） / 空欄にした: 月_外来受付 00:00-00:00（開始と終了が同じ） / 空欄にした: 水_外来受付 00:00-00:00（開始と終了が同じ） / 空欄にした: 金_外来受付 00:00-00:00（開始と終了が同じ） / 空欄にした: 土_外来受付 00:00-00:00（開始と終了が同じ）"
"3933395123550","08004","小児歯科","1","10:30","13:00","","","10:30","13:00","","","10:30","13:00","09:00","13:00","","","","","10:30","13:00","","","10:30","13:00","","","10:30","13:00","09:00","13:00","","","","",""
"3933395123550","08004","小児歯科","2","14:30","19:00","","","14:30","19:00","","","14:30","19:00","14:30","19:00","","","","","14:30","19:00","","","14:30","19:00","","","14:30","19:00","14:30","19:00","","","","",""
"3933395123550","08004","小児歯科","3","","","","","","","","","","","","","","","","","","","","","","","","","","","","","","","","","空欄にした: 月_診療 00:00-00:00（開始と終了が同じ） / 空欄にした: 水_診療 00:00-00:00（開始と終了が同じ） / 空欄にした: 金_診療 00:00-00:00（開始と終了が同じ） / 空欄にした: 土_診療 00:00-00:00（開始と終了が同じ） / 空欄にした: 月_外来受付 00:00-00:00（開始と終了が同じ） / 空欄にした: 水_外来受付 00:00-00:00（開始と終了が同じ） / 空欄にした: 金_外来受付 00:00-00:00（開始と終了が同じ） / 空欄にした: 土_外来受付 00:00-00:00（開始と終了が同じ）"
"3933395123680","08001","歯科","1","09:00","12:00","09:00","12:00","09:00","12:00","09:00","12:00","09:00","12:00","","","","","","","09:00","11:30","09:00","11:30","09:00","11:30","09:00","11:30","09:00","11:30","","","","","","",""
"3933395123680","08001","歯科","2","13:00","17:30","13:00","17:30","13:00","17:30","13:00","17:30","13:00","17:30","","","","","","","13:00","17:00","13:00","17:00","13:00","17:00","13:00","17:00","13:00","17:00","","","","","","",""
"3933395123680","08001","歯科","3","","","","","","","","","","","","","","","","","","","","","","","","","","","","","","","","",""
"3933395123840","08001","歯科","1","09:00","17:00","09:00","17:00","09:00","17:00","","","09:00","17:00","09:00","17:00","","","","","","","","","","","","","","","","","","","","",""
"3933395123840","08001","歯科","2","","","","","","","","","","","","","","","","","","","","","","","","","","","","","","","","",""
"3933395123840","08001","歯科","3","","","","","","","","","","","","","","","","","","","","","","","","","","","","","","","","",""
"3933395123970","08001","歯科","1","09:00","12:30","09:00","12:30","09:00","12:30","","","09:00","12:30","09:00","12:30","","","","","09:00","12:00","09:00","12:00","09:00","12:00","","","09:00","12:00","09:00","12:00","","","","",""
"3933395123970","08001","歯科","2","14:00","18:00","14:00","18:00","14:00","18:00","","","14:00","18:00","14:00","18:00","","","","","14:00","18:00","14:00","18:00","14:00","18:00","","","14:00","18:00","14:00","18:00","","","","",""
"3933395123970","08001","歯科","3","","","","","","","","","","","","","","","","","","","","","","","","","","","","","","","","",""
"3933395123970","08004","小児歯科","1","09:00","12:30","09:00","12:30","09:00","12:30","","","09:00","12:30","09:00","12:30","","","","","09:00","12:00","09:00","12:00","09:00","12:00","","","09:00","12:00","09:00","12:00","","","","",""
"3933395123970","08004","小児歯科","2","14:00","18:00","14:00","18:00","14:00","18:00","","","14:00","18:00","14:00","18:00","","","","","14:00","18:00","14:00","18:00","14:00","18:00","","","14:00","18:00","14:00","18:00","","","","",""
"3933395123970","08004","小児歯科","3","","","","","","","","","","","","","","","","","","","","","","","","","","","","","","","","",""
"3933395124010","08001","歯科","1","09:00","18:00","09:00","18:00","09:00","18:00","","","09:00","18:00","09:00","18:00","","","","","09:00","18:00","09:00","18:00","09:00","18:00","","","09:00","18:00","09:00","18:00","","","","",""
"3933395124010","08001","歯科","2","","","","","","","","","","","","","","","","","","","","","","","","","","","","","","","","",""
"3933395124010","08001","歯科","3","","","","","","","","","","","","","","","","","","","","","","","","","","","","","","","","",""
"3933395124010","08004","小児歯科","1","","","","","","","","","","","","","","","","","","","","","","","","","","","","","","","","",""
"3933395124010","08004","小児歯科","2","","","","","","","","","","","","","","","","","","","","","","","","","","","","","","","","",""
"3933395124010","08004","小児歯科","3","","","","","","","","","","","","","","","","","","","","","","","","","","","","","","","","",""
"3933395124140","08001","歯科","1","09:00","13:00","09:00","13:00","09:00","13:00","","","09:00","13:00","09:00","13:00","","","","","09:00","12:30","09:00","12:30","09:00","12:30","","","09:00","12:30","09:00","12:30","","","","",""
"3933395124140","08001","歯科","2","14:00","19:00","14:00","19:00","14:00","19:00","","","14:00","19:00","14:00","19:00","","","","","14:00","18:00","14:00","18:00","14:00","18:00","","","14:00","18:00","14:00","18:00","","","","",""
"3933395124140","08001","歯科","3","","","","","","","","","","","","","","","","","","","","","","","","","","","","","","","","",""
"3933395124300","08001","歯科","1","09:00","18:45","09:00","18:45","09:00","18:45","","","09:00","18:45","","","","","","","","","","","","","","","","","","","","","","",""
"3933395124300","08001","歯科","2","","","","","","","","","","","09:00","17:30","","","","","","","","","","","","","","","","","","","","",""
"3933395124300","08001","歯科","3","","","","","","","","","","","","","","","","","","","","","","","","","","","","","","","","",""
"3933395124560","08001","歯科","1","08:30","12:30","08:30","12:30","08:30","12:30","","","08:30","12:30","08:30","12:30","","","","","08:30","11:30","08:30","11:30","08:30","11:30","","","08:30","11:30","08:30","11:30","","","","",""
"3933395124560","08001","歯科","2","14:00","18:00","14:00","18:00","14:00","18:00","","","14:00","18:00","14:00","18:00","","","","","14:00","17:00","14:00","17:00","14:00","17:00","","","14:00","17:00","14:00","17:00","","","","",""
"3933395124560","08001","歯科","3","","","","","","","","","","","","","","","","","","","","","","","","","","","","","","","","",""
"3933395124560","08003","歯科口腔外科","1","08:30","12:30","08:30","12:30","08:30","12:30","","","08:30","12:30","08:30","12:30","","","","","08:30","11:30","08:30","11:30","08:30","11:30","","","08:30","11:30","08:30","11:30","","","","",""
"3933395124560","08003","歯科口腔外科","2","14:00","18:00","14:00","18:00","14:00","18:00","","","14:00","18:00","14:00","18:00","","","","","14:00","17:00","14:00","17:00","14:00","17:00","","","14:00","17:00","14:00","17:00","","","","",""
"3933395124560","08003","歯科口腔外科","3","","","","","","","","","","","","","","","","","","","","","","","","","","","","","","","","",""
"3933395124560","08004","小児歯科","1","08:30","12:30","08:30","12:30","08:30","12:30","","","08:30","12:30","08:30","12:30","","","","","08:30","11:30","08:30","11:30","08:30","11:30","","","08:30","11:30","08:30","11:30","","","","",""
"3933395124560","08004","小児歯科","2","14:00","18:00","14:00","18:00","14:00","18:00","","","14:00","18:00","14:00","18:00","","","","","14:00","17:00","14:00","17:00","14:00","17:00","","","14:00","17:00","14:00","17:00","","","","",""
"3933395124560","08004","小児歯科","3","","","","","","","","","","","","","","","","","","","","","","","","","","","","","","","","",""
"3933395124690","08001","歯科","1","09:00","12:00","10:00","12:00","09:00","12:00","","","09:00","12:00","09:00","12:00","","","","","08:45","17:30","09:45","17:30","08:45","17:30","","","08:45","17:30","08:45","16:30","","","","",""
"3933395124690","08001","歯科","2","14:00","18:00","14:00","18:00","14:00","18:00","","","14:00","18:00","14:00","17:00","","","","","","","","","","","","","","","","","","","","",""
"3933395124690","08001","歯科","3","","","","","","","","","","","","","","","","","","","","","","","","","","","","","","","","",""
"3933395124850","08001","歯科","1","09:00","11:00","09:00","11:00","09:00","11:00","09:00","11:00","09:00","11:00","09:00","12:00","09:00","12:00","09:00","12:00","09:00","11:00","09:00","11:00","09:00","11:00","09:00","11:00","09:00","11:00","09:00","12:00","09:00","12:00","09:00","12:00",""
"3933395124850","08001","歯科","2","13:30","20:00","13:30","20:00","17:00","20:00","13:30","20:00","13:30","20:00","14:30","16:30","14:30","17:30","14:30","16:30","13:30","20:00","13:30","20:00","17:00","20:00","13:30","20:00","13:30","20:00","14:30","16:30","14:30","17:30","14:30","16:30",""
"3933395124850","08001","歯科","3","","","","","","","","","","","","","","","","","","","","","","","","","","","","","","","","",""
"3933395125020","08001","歯科","1","09:00","18:30","09:00","18:30","09:00","18:30","","","09:00","18:30","09:00","18:30","","","","","","","","","","","","","","","","","","","","",""
"3933395125020","08001","歯科","2","","","","","","","","","","","","","","","","","","","","","","","","","","","","","","","","",""
"3933395125020","08001","歯科","3","","","","","","","","","","","","","","","","","","","","","","","","","","","","","","","","",""
"3933395125020","08002","矯正歯科","1","09:00","18:30","09:00","18:30","09:00","18:30","","","09:00","18:30","09:00","18:30","","","","","","","","","","","","","","","","","","","","",""
"3933395125020","08002","矯正歯科","2","","","","","","","","","","","","","","","","","","","","","","","","","","","","","","","","",""
"3933395125020","08002","矯正歯科","3","","","","","","","","","","","","","","","","","","","","","","","","","","","","","","","","",""
"3933395125020","08003","歯科口腔外科","1","09:00","18:30","09:00","18:30","09:00","18:30","","","09:00","18:30","09:00","18:30","","","","","","","","","","","","","","","","","","","","",""
"3933395125020","08003","歯科口腔外科","2","","","","","","","","","","","","","","","","","","","","","","","","","","","","","","","","",""
"3933395125020","08003","歯科口腔外科","3","","","","","","","","","","","","","","","","","","","","","","","","","","","","","","","","",""
"3933395125020","08004","小児歯科","1","09:00","18:30","09:00","18:30","09:00","18:30","","","09:00","18:30","09:00","18:30","","","","","","","","","","","","","","","","","","","","",""
"3933395125020","08004","小児歯科","2","","","","","","","","","","","","","","","","","","","","","","","","","","","","","","","","",""
"3933395125020","08004","小児歯科","3","","","","","","","","","","","","","","","","","","","","","","","","","","","","","","","","",""
"3933395125150","08001","歯科","1","08:45","12:30","08:45","12:30","08:45","12:30","08:45","12:30","08:45","12:30","08:45","13:00","","","","","","","","","","","","","","","","","","","","",""
"3933395125150","08001","歯科","2","13:45","18:00","13:45","18:00","","","13:45","18:00","13:45","18:00","","","","","","","","","","","","","","","","","","","","","","",""
"3933395125150","08001","歯科","3","","","","","","","","","","","","","","","","","","","","","","","","","","","","","","","","",""
"3933395125310","08001","歯科","1","09:00","12:30","09:00","12:30","09:00","12:30","09:00","12:30","09:00","12:30","09:00","12:30","","","","","09:00","12:00","09:00","12:00","09:00","12:00","09:00","12:00","09:00","12:00","09:00","12:00","","","","",""
"3933395125310","08001","歯科","2","14:00","18:00","14:00","18:00","14:00","18:00","","","14:00","18:00","","","","","","","14:00","17:30","14:00","17:30","14:00","17:30","","","14:00","17:30","","","","","","",""
"3933395125310","08001","歯科","3","","","","","","","","","","","","","","","","","","","","","","","","","","","","","","","","",""
"3933395125440","08001","歯科","1","09:00","12:30","09:00","12:30","09:00","12:30","","","09:00","12:30","09:00","12:30","","","","","09:00","12:30","09:00","12:30","09:00","12:30","","","09:00","12:30","09:00","12:30","","","","",""
"3933395125440","08001","歯科","2","14:00","18:00","14:00","18:00","14:00","18:00","","","14:00","18:00","14:00","18:00","","","","","14:00","18:00","14:00","18:00","14:00","18:00","","","14:00","18:00","14:00","18:00","","","","",""
"3933395125440","08001","歯科","3","","","","","","","","","","","","","","","","","","","","","","","","","","","","","","","","",""
"3933395125570","08001","歯科","1","08:30","12:30","08:30","12:30","08:30","12:30","","","08:30","12:30","08:30","12:30","","","","","08:30","12:30","08:30","12:30","08:30","12:30","","","08:30","12:30","08:30","12:30","","","","",""
"3933395125570","08001","歯科","2","","","","","","","","","","","","","","","","","","","","","","","","","","","","","","","","","空欄にした: 月_診療 00:00-00:00（開始と終了が同じ） / 空欄にした: 火_診療 00:00-00:00（開始と終了が同じ） / 空欄にした: 水_診療 00:00-00:00（開始と終了が同じ） / 空欄にした: 金_診療 00:00-00:00（開始と終了が同じ） / 空欄にした: 土_診療 00:00-00:00（開始と終了が同じ） / 空欄にした: 月_外来受付 00:00-00:00（開始と終了が同じ） / 空欄にした: 火_外来受付 00:00-00:00（開始と終了が同じ） / 空欄にした: 水_外来受付 00:00-00:00（開始と終了が同じ） / 空欄にした: 金_外来受付 00:00-00:00（開始と終了が同じ） / 空欄にした: 土_外来受付 00:00-00:00（開始と終了が同じ）"
"3933395125570","08001","歯科","3","","","","","","","","","","","","","","","","","","","","","","","","","","","","","","","","","空欄にした: 月_診療 00:00-00:00（開始と終了が同じ） / 空欄にした: 火_診療 00:00-00:00（開始と終了が同じ） / 空欄にした: 水_診療 00:00-00:00（開始と終了が同じ） / 空欄にした: 金_診療 00:00-00:00（開始と終了が同じ） / 空欄にした: 土_診療 00:00-00:00（開始と終了が同じ） / 空欄にした: 月_外来受付 00:00-00:00（開始と終了が同じ） / 空欄にした: 火_外来受付 00:00-00:00（開始と終了が同じ） / 空欄にした: 水_外来受付 00:00-00:00（開始と終了が同じ） / 空欄にした: 金_外来受付 00:00-00:00（開始と終了が同じ） / 空欄にした: 土_外来受付 00:00-00:00（開始と終了が同じ）"
"3933395125570","08002","矯正歯科","1","08:30","12:30","08:30","12:30","08:30","12:30","","","08:30","12:30","08:30","12:30","","","","","08:30","12:30","08:30","12:30","08:30","12:30","","","08:30","12:30","08:30","12:30","","","","",""
"3933395125570","08002","矯正歯科","2","","","","","","","","","","","","","","","","","","","","","","","","","","","","","","","","","空欄にした: 月_診療 00:00-00:00（開始と終了が同じ） / 空欄にした: 火_診療 00:00-00:00（開始と終了が同じ） / 空欄にした: 水_診療 00:00-00:00（開始と終了が同じ） / 空欄にした: 金_診療 00:00-00:00（開始と終了が同じ） / 空欄にした: 土_診療 00:00-00:00（開始と終了が同じ） / 空欄にした: 月_外来受付 00:00-00:00（開始と終了が同じ） / 空欄にした: 火_外来受付 00:00-00:00（開始と終了が同じ） / 空欄にした: 水_外来受付 00:00-00:00（開始と終了が同じ） / 空欄にした: 金_外来受付 00:00-00:00（開始と終了が同じ） / 空欄にした: 土_外来受付 00:00-00:00（開始と終了が同じ）"
"3933395125570","08002","矯正歯科","3","","","","","","","","","","","","","","","","","","","","","","","","","","","","","","","","","空欄にした: 月_診療 00:00-00:00（開始と終了が同じ） / 空欄にした: 火_診療 00:00-00:00（開始と終了が同じ） / 空欄にした: 水_診療 00:00-00:00（開始と終了が同じ） / 空欄にした: 金_診療 00:00-00:00（開始と終了が同じ） / 空欄にした: 土_診療 00:00-00:00（開始と終了が同じ） / 空欄にした: 月_外来受付 00:00-00:00（開始と終了が同じ） / 空欄にした: 火_外来受付 00:00-00:00（開始と終了が同じ） / 空欄にした: 水_外来受付 00:00-00:00（開始と終了が同じ） / 空欄にした: 金_外来受付 00:00-00:00（開始と終了が同じ） / 空欄にした: 土_外来受付 00:00-00:00（開始と終了が同じ）"
"3933395125570","08004","小児歯科","1","08:30","12:30","08:30","12:30","08:30","12:30","","","08:30","12:30","08:30","12:30","","","","","08:30","12:30","08:30","12:30","08:30","12:30","","","08:30","12:30","08:30","12:30","","","","",""
"3933395125570","08004","小児歯科","2","","","","","","","","","","","","","","","","","","","","","","","","","","","","","","","","","空欄にした: 月_診療 00:00-00:00（開始と終了が同じ） / 空欄にした: 火_診療 00:00-00:00（開始と終了が同じ） / 空欄にした: 水_診療 00:00-00:00（開始と終了が同じ） / 空欄にした: 金_診療 00:00-00:00（開始と終了が同じ） / 空欄にした: 土_診療 00:00-00:00（開始と終了が同じ） / 空欄にした: 月_外来受付 00:00-00:00（開始と終了が同じ） / 空欄にした: 火_外来受付 00:00-00:00（開始と終了が同じ） / 空欄にした: 水_外来受付 00:00-00:00（開始と終了が同じ） / 空欄にした: 金_外来受付 00:00-00:00（開始と終了が同じ） / 空欄にした: 土_外来受付 00:00-00:00（開始と終了が同じ）"
"3933395125570","08004","小児歯科","3","","","","","","","","","","","","","","","","","","","","","","","","","","","","","","","","","空欄にした: 月_診療 00:00-00:00（開始と終了が同じ） / 空欄にした: 火_診療 00:00-00:00（開始と終了が同じ） / 空欄にした: 水_診療 00:00-00:00（開始と終了が同じ） / 空欄にした: 金_診療 00:00-00:00（開始と終了が同じ） / 空欄にした: 土_診療 00:00-00:00（開始と終了が同じ） / 空欄にした: 月_外来受付 00:00-00:00（開始と終了が同じ） / 空欄にした: 火_外来受付 00:00-00:00（開始と終了が同じ） / 空欄にした: 水_外来受付 00:00-00:00（開始と終了が同じ） / 空欄にした: 金_外来受付 00:00-00:00（開始と終了が同じ） / 空欄にした: 土_外来受付 00:00-00:00（開始と終了が同じ）"
"3933395125600","08001","歯科","1","09:00","19:00","09:00","19:00","09:00","19:00","09:00","19:00","09:00","19:00","09:00","16:00","","","","","08:30","18:30","08:30","18:30","08:30","18:30","08:30","18:30","08:30","18:30","08:30","15:30","","","","",""
"3933395125600","08001","歯科","2","","","","","","","","","","","","","","","","","","","","","","","","","","","","","","","","",""
"3933395125600","08001","歯科","3","","","","","","","","","","","","","","","","","","","","","","","","","","","","","","","","",""
"3933395125600","08002","矯正歯科","1","09:00","18:00","09:00","18:00","09:00","12:00","09:00","18:00","09:00","18:00","09:00","12:00","","","","","08:30","17:30","08:30","17:30","08:30","17:30","08:30","17:30","08:30","17:30","08:30","11:30","","","","",""
"3933395125600","08002","矯正歯科","2","","","","","","","","","","","","","","","","","","","","","","","","","","","","","","","","",""
"3933395125600","08002","矯正歯科","3","","","","","","","","","","","","","","","","","","","","","","","","","","","","","","","","",""
"3933395125600","08004","小児歯科","1","09:00","19:00","09:00","19:00","09:00","19:00","09:00","19:00","09:00","19:00","09:00","16:00","","","","","08:30","18:30","08:30","18:30","08:30","18:30","08:30","18:30","08:30","18:30","08:30","15:30","","","","",""
"3933395125600","08004","小児歯科","2","","","","","","","","","","","","","","","","","","","","","","","","","","","","","","","","",""
"3933395125600","08004","小児歯科","3","","","","","","","","","","","","","","","","","","","","","","","","","","","","","","","","",""
"3933395125730","08001","歯科","1","09:00","13:00","09:00","13:00","09:00","13:00","09:00","13:00","09:00","13:00","09:00","13:00","","","","","09:00","12:00","09:00","12:00","09:00","12:00","09:00","12:00","09:00","12:00","09:00","12:00","","","","",""
"3933395125730","08001","歯科","2","14:30","18:30","14:30","18:30","14:30","18:30","14:30","18:30","14:30","18:30","14:30","18:30","","","","","14:30","18:00","14:30","18:00","14:30","18:00","14:30","18:00","14:30","18:00","14:30","18:00","","","","",""
"3933395125730","08001","歯科","3","","","","","","","","","","","","","","","","","","","","","","","","","","","","","","","","",""
"3933395125730","08002","矯正歯科","1","09:00","13:00","09:00","13:00","09:00","13:00","09:00","13:00","09:00","13:00","09:00","13:00","","","","","09:00","12:00","09:00","12:00","19:00","12:00","09:00","12:00","09:00","12:00","09:00","12:00","","","","",""
"3933395125730","08002","矯正歯科","2","14:30","18:30","14:30","18:30","14:30","18:30","14:30","18:30","14:30","18:30","14:30","18:30","","","","","14:30","18:00","14:30","18:00","14:30","18:00","14:30","18:00","14:30","18:00","14:30","18:00","","","","",""
"3933395125730","08002","矯正歯科","3","","","","","","","","","","","","","","","","","","","","","","","","","","","","","","","","",""
"3933395125730","08003","歯科口腔外科","1","","","","","","","","","","","","","","","","","","","","","","","","","","","","","","","","",""
"3933395125730","08003","歯科口腔外科","2","","","","","","","","","","","","","","","","","","","","","","","","","","","","","","","","",""
"3933395125730","08003","歯科口腔外科","3","","","","","","","","","","","","","","","","","","","","","","","","","","","","","","","","",""
"3933395125730","08004","小児歯科","1","09:00","13:00","09:00","13:00","09:00","13:00","09:00","13:00","09:00","13:00","09:00","13:00","","","","","09:00","12:00","09:00","12:00","09:00","12:00","09:00","12:00","09:00","12:00","09:00","12:00","","","","",""
"3933395125730","08004","小児歯科","2","14:30","18:30","14:30","18:30","14:30","18:30","14:30","18:30","14:30","18:30","14:30","18:30","","","","","14:30","18:00","14:30","18:00","14:30","18:00","14:30","18:00","14:30","18:00","14:30","18:00","","","","",""
"3933395125730","08004","小児歯科","3","","","","","","","","","","","","","","","","","","","","","","","","","","","","","","","","",""
"3933395125860","08001","歯科","1","09:00","18:30","09:00","18:30","09:00","12:30","","","09:00","18:30","09:00","12:30","","","","","09:00","18:30","09:00","18:30","09:00","12:30","","","09:00","18:30","09:00","12:30","","","","",""
"3933395125860","08001","歯科","2","","","","","","","","","","","","","","","","","","","","","","","","","","","","","","","","",""
"3933395125860","08001","歯科","3","","","","","","","","","","","","","","","","","","","","","","","","","","","","","","","","",""
"3933395125990","08001","歯科","1","09:00","12:30","09:00","12:30","","","09:00","12:30","09:00","12:30","09:00","12:30","","","","","09:00","12:30","09:00","12:30","","","09:00","12:30","09:00","12:30","09:00","12:30","","","","",""
"3933395125990","08001","歯科","2","14:00","18:00","14:00","18:00","","","14:00","18:00","14:00","18:00","14:00","18:00","","","","","14:00","18:00","14:00","18:00","","","14:00","18:00","14:00","18:00","14:00","18:00","","","","",""
"3933395125990","08001","歯科","3","","","","","","","","","","","","","","","","","","","","","","","","","","","","","","","","","空欄にした: 月_診療 00:00-00:00（開始と終了が同じ） / 空欄にした: 火_診療 00:00-00:00（開始と終了が同じ） / 空欄にした: 木_診療 00:00-00:00（開始と終了が同じ） / 空欄にした: 金_診療 00:00-00:00（開始と終了が同じ） / 空欄にした: 土_診療 00:00-00:00（開始と終了が同じ） / 空欄にした: 月_外来受付 00:00-00:00（開始と終了が同じ） / 空欄にした: 火_外来受付 00:00-00:00（開始と終了が同じ） / 空欄にした: 木_外来受付 00:00-00:00（開始と終了が同じ） / 空欄にした: 金_外来受付 00:00-00:00（開始と終了が同じ） / 空欄にした: 土_外来受付 00:00-00:00（開始と終了が同じ）"
"3933395125990","08002","矯正歯科","1","","","","","","","","","","","","","10:00","14:00","","","","","","","","","","","","","","","","","","","疑い: 施設情報のファイルの「毎週決まった曜日に休診（日）」が 0（休診）だが、この行に日曜の診療時間が入っている"
"3933395125990","08002","矯正歯科","2","","","","","","","","","","","","","","","","","","","","","","","","","","","","","","","","","空欄にした: 日_診療 00:00-00:00（開始と終了が同じ）"
"3933395125990","08002","矯正歯科","3","","","","","","","","","","","","","","","","","","","","","","","","","","","","","","","","","空欄にした: 日_診療 00:00-00:00（開始と終了が同じ）"
"3933395125990","08003","歯科口腔外科","1","09:00","12:30","09:00","12:30","","","09:00","12:30","09:00","12:30","09:00","12:30","","","","","09:00","12:30","09:00","12:30","","","09:00","12:30","09:00","12:30","09:00","12:30","","","","",""
"3933395125990","08003","歯科口腔外科","2","14:00","18:00","14:00","18:00","","","14:00","18:00","14:00","18:00","14:00","18:00","","","","","14:00","18:00","14:00","18:00","","","14:00","18:00","14:00","18:00","14:00","18:00","","","","",""
"3933395125990","08003","歯科口腔外科","3","","","","","","","","","","","","","","","","","","","","","","","","","","","","","","","","",""
"3933395125990","08004","小児歯科","1","09:00","12:30","09:00","12:30","","","09:00","12:30","09:00","12:30","09:00","12:30","","","","","09:00","12:30","09:00","12:30","","","09:00","12:30","09:00","12:30","09:00","12:30","","","","",""
"3933395125990","08004","小児歯科","2","14:00","18:00","14:00","18:00","","","14:00","18:00","14:00","18:00","14:00","18:00","","","","","14:00","18:00","14:00","18:00","","","14:00","18:00","14:00","18:00","14:00","18:00","","","","",""
"3933395125990","08004","小児歯科","3","","","","","","","","","","","","","","","","","","","","","","","","","","","","","","","","","空欄にした: 月_診療 00:00-00:00（開始と終了が同じ） / 空欄にした: 火_診療 00:00-00:00（開始と終了が同じ） / 空欄にした: 木_診療 00:00-00:00（開始と終了が同じ） / 空欄にした: 金_診療 00:00-00:00（開始と終了が同じ） / 空欄にした: 土_診療 00:00-00:00（開始と終了が同じ） / 空欄にした: 月_外来受付 00:00-00:00（開始と終了が同じ） / 空欄にした: 火_外来受付 00:00-00:00（開始と終了が同じ） / 空欄にした: 木_外来受付 00:00-00:00（開始と終了が同じ） / 空欄にした: 金_外来受付 00:00-00:00（開始と終了が同じ） / 空欄にした: 土_外来受付 00:00-00:00（開始と終了が同じ）"
"3933395126030","08001","歯科","1","09:00","12:00","09:00","12:00","09:00","12:00","","","09:00","12:00","09:00","12:00","","","","","09:00","11:30","09:00","11:30","09:00","11:30","","","09:00","11:30","09:00","11:30","","","","",""
"3933395126030","08001","歯科","2","14:00","18:00","14:00","18:00","14:00","18:00","","","14:00","18:00","14:00","18:00","","","","","14:00","17:30","14:00","17:30","14:00","17:30","","","14:00","17:30","14:00","17:30","","","","",""
"3933395126030","08001","歯科","3","","","","","","","","","","","","","","","","","","","","","","","","","","","","","","","","",""
"3933395126160","08001","歯科","1","09:00","12:30","09:00","12:30","09:00","12:30","","","09:00","12:30","09:00","12:30","","","","","09:00","12:30","09:00","12:30","09:00","12:30","","","09:00","12:30","09:00","12:30","","","","",""
"3933395126160","08001","歯科","2","13:30","17:30","13:30","17:30","13:30","17:30","","","13:30","17:30","13:30","17:00","","","","","14:00","18:00","14:00","18:00","14:00","18:00","","","14:00","18:00","14:00","17:00","","","","",""
"3933395126160","08001","歯科","3","","","","","","","","","","","","","","","","","","","","","","","","","","","","","","","","",""
"3933395126320","08001","歯科","1","09:00","11:30","09:00","11:30","","","09:00","11:30","09:00","11:30","09:00","11:30","","","","","09:00","11:30","09:00","11:30","","","09:00","11:30","09:00","11:30","09:00","11:30","","","","",""
"3933395126320","08001","歯科","2","14:00","17:30","14:00","17:30","","","14:00","17:30","14:00","17:30","14:00","17:30","","","","","14:00","17:30","14:00","17:30","","","14:00","17:30","14:00","17:30","14:00","17:30","","","","",""
"3933395126320","08001","歯科","3","","","","","","","","","","","","","","","","","","","","","","","","","","","","","","","","",""
"3933395126320","08004","小児歯科","1","09:00","11:30","09:00","11:30","","","09:00","11:30","09:00","11:30","09:00","11:30","","","","","09:00","11:30","09:00","11:30","","","09:00","11:30","09:00","11:30","09:00","11:30","","","","",""
"3933395126320","08004","小児歯科","2","14:00","17:30","14:00","17:30","","","14:00","17:30","14:00","17:30","14:00","17:30","","","","","14:00","17:30","14:00","17:30","","","14:00","17:30","14:00","17:30","14:00","17:30","","","","",""
"3933395126320","08004","小児歯科","3","","","","","","","","","","","","","","","","","","","","","","","","","","","","","","","","",""
"3933395126580","08001","歯科","1","08:30","12:00","08:30","12:00","08:30","12:00","","","08:30","12:00","08:30","12:00","","","","","","","","","","","","","","","","","","","","",""
"3933395126580","08001","歯科","2","13:30","18:00","13:30","18:00","13:30","18:00","","","13:30","18:00","13:30","18:00","","","","","","","","","","","","","","","","","","","","",""
"3933395126580","08001","歯科","3","","","","","","","","","","","","","","","","","","","","","","","","","","","","","","","","",""
"3933395126610","08001","歯科","1","09:00","12:30","09:00","12:30","09:00","12:30","","","09:00","12:30","09:00","12:30","","","","","09:00","12:30","09:00","12:30","09:00","12:30","","","09:00","12:30","09:00","12:30","","","","",""
"3933395126610","08001","歯科","2","14:30","19:00","14:30","19:00","14:30","19:00","","","14:30","19:00","14:30","19:00","","","","","14:30","19:00","14:30","19:00","14:30","19:00","","","14:30","19:00","14:30","19:00","","","","",""
"3933395126610","08001","歯科","3","","","","","","","","","","","","","","","","","","","","","","","","","","","","","","","","","空欄にした: 月_診療 00:00-00:00（開始と終了が同じ） / 空欄にした: 火_診療 00:00-00:00（開始と終了が同じ） / 空欄にした: 水_診療 00:00-00:00（開始と終了が同じ） / 空欄にした: 金_診療 00:00-00:00（開始と終了が同じ） / 空欄にした: 土_診療 00:00-00:00（開始と終了が同じ） / 空欄にした: 月_外来受付 00:00-00:00（開始と終了が同じ） / 空欄にした: 火_外来受付 00:00-00:00（開始と終了が同じ） / 空欄にした: 水_外来受付 00:00-00:00（開始と終了が同じ） / 空欄にした: 金_外来受付 00:00-00:00（開始と終了が同じ） / 空欄にした: 土_外来受付 00:00-00:00（開始と終了が同じ）"
"3933395126610","08004","小児歯科","1","09:00","12:30","09:00","12:30","09:00","12:30","","","09:00","12:30","09:00","12:30","","","","","09:00","12:30","09:00","12:30","09:00","12:30","","","09:00","12:30","09:00","12:30","","","","",""
"3933395126610","08004","小児歯科","2","14:30","19:00","14:30","19:00","14:30","19:00","","","14:30","19:00","14:30","19:00","","","","","14:30","19:00","14:30","19:00","14:30","19:00","","","14:30","19:00","14:30","19:00","","","","",""
"3933395126610","08004","小児歯科","3","","","","","","","","","","","","","","","","","","","","","","","","","","","","","","","","","空欄にした: 月_診療 00:00-00:00（開始と終了が同じ） / 空欄にした: 火_診療 00:00-00:00（開始と終了が同じ） / 空欄にした: 水_診療 00:00-00:00（開始と終了が同じ） / 空欄にした: 金_診療 00:00-00:00（開始と終了が同じ） / 空欄にした: 土_診療 00:00-00:00（開始と終了が同じ） / 空欄にした: 月_外来受付 00:00-00:00（開始と終了が同じ） / 空欄にした: 火_外来受付 00:00-00:00（開始と終了が同じ） / 空欄にした: 水_外来受付 00:00-00:00（開始と終了が同じ） / 空欄にした: 金_外来受付 00:00-00:00（開始と終了が同じ） / 空欄にした: 土_外来受付 00:00-00:00（開始と終了が同じ）"
"3933395200190","08001","歯科","1","09:00","12:30","09:00","12:30","09:00","12:30","","","09:00","12:30","09:00","12:00","","","","","09:00","12:00","09:00","12:00","09:00","12:00","","","09:00","12:00","09:00","11:30","","","","",""
"3933395200190","08001","歯科","2","14:00","18:30","14:00","18:30","14:00","18:30","","","14:00","18:30","13:00","15:00","","","","","14:00","18:00","14:00","18:00","14:00","18:00","","","14:00","18:00","13:00","14:30","","","","",""
"3933395200190","08001","歯科","3","","","","","","","","","","","","","","","","","","","","","","","","","","","","","","","","",""
"3933395200350","08001","歯科","1","09:00","12:00","09:00","12:00","","","09:00","12:00","","","09:00","12:00","","","","","09:00","12:00","09:00","12:00","","","09:00","12:00","09:00","12:00","09:00","12:00","","","","",""
"3933395200350","08001","歯科","2","13:00","17:00","13:00","17:00","","","13:00","17:00","","","","","","","","","13:00","17:00","13:00","17:00","","","13:00","17:00","","","","","","","","",""
"3933395200350","08001","歯科","3","","","","","","","","","","","","","","","","","","","","","","","","","","","","","","","","",""
"3933395200510","08001","歯科","1","09:00","14:00","09:00","14:00","09:00","14:00","09:00","14:00","09:00","14:00","09:00","13:00","","","","","09:00","14:00","09:00","14:00","09:00","14:00","09:00","14:00","09:00","14:00","09:00","13:00","","","","",""
"3933395200510","08001","歯科","2","14:00","18:00","14:00","18:00","14:00","18:00","14:00","18:00","14:00","18:00","","","","","","","14:00","18:00","14:00","18:00","14:00","18:00","14:00","18:00","14:00","18:00","","","","","","",""
"3933395200510","08001","歯科","3","","","","","","","","","","","","","","","","","","","","","","","","","","","","","","","","",""
"3933395200770","08001","歯科","1","09:00","12:00","09:00","12:00","09:00","12:00","","","09:00","12:00","","","","","","","08:30","17:00","08:30","17:00","08:30","17:00","","","08:30","17:00","","","","","","",""
"3933395200770","08001","歯科","2","13:30","17:30","13:30","17:30","13:30","17:30","","","13:30","17:30","","","","","","","","","","","","","08:30","12:00","","","08:30","12:00","","","","",""
"3933395200770","08001","歯科","3","","","","","","","09:00","12:30","","","09:00","12:30","","","","","","","","","","","","","","","","","","","","",""
"3933395201490","08001","歯科","1","09:00","11:30","09:00","11:30","09:00","11:30","09:00","11:30","09:00","11:30","09:00","11:30","","","","","09:00","11:00","09:00","11:00","09:00","11:00","09:00","11:00","09:00","11:00","09:00","11:00","","","","",""
"3933395201490","08001","歯科","2","14:00","16:00","","","14:00","16:00","14:00","16:00","14:00","16:00","","","","","","","14:00","15:30","","","14:00","15:30","14:00","15:30","14:00","15:30","","","","","","",""
"3933395201490","08001","歯科","3","","","","","","","","","","","","","","","","","","","","","","","","","","","","","","","","",""
"3933395201780","08001","歯科","1","","","","","","","","","","","","","","","","","","","","","","","","","","","","","","","","",""
"3933395201780","08001","歯科","2","","","","","","","","","","","","","","","","","","","","","","","","","","","","","","","","",""
"3933395201780","08001","歯科","3","","","","","","","","","","","","","","","","","","","","","","","","","","","","","","","","",""
"3933395201780","08002","矯正歯科","1","","","","","","","","","","","","","","","","","","","","","","","","","","","","","","","","",""
"3933395201780","08002","矯正歯科","2","","","","","","","","","","","","","","","","","","","","","","","","","","","","","","","","",""
"3933395201780","08002","矯正歯科","3","","","","","","","","","","","","","","","","","","","","","","","","","","","","","","","","",""
"3933395201940","08001","歯科","1","09:00","12:00","09:00","12:00","09:00","12:00","","","09:00","12:00","09:00","12:00","","","","","09:00","12:00","09:00","12:00","09:00","12:00","","","09:00","12:00","09:00","12:00","","","","",""
"3933395201940","08001","歯科","2","14:00","18:30","14:00","18:30","14:00","18:30","","","14:00","18:30","14:00","17:00","","","","","14:00","18:00","14:00","18:00","14:00","18:00","","","14:00","18:00","14:00","17:00","","","","",""
"3933395201940","08001","歯科","3","","","","","","","","","","","","","","","","","","","","","","","","","","","","","","","","",""
"3933395202240","08001","歯科","1","09:00","12:30","09:00","12:30","09:00","12:30","","","09:00","12:30","09:00","12:30","","","","","09:00","11:30","09:00","11:30","09:00","11:30","","","09:00","11:30","09:00","11:30","","","","",""
"3933395202240","08001","歯科","2","14:00","18:00","14:00","18:00","14:00","18:00","","","14:00","18:00","14:00","18:00","","","","","14:00","17:20","14:00","17:20","14:00","17:20","","","14:00","17:20","14:00","16:30","","","","",""
"3933395202240","08001","歯科","3","","","","","","","","","","","","","","","","","","","","","","","","","","","","","","","","",""
"3933395202240","08004","小児歯科","1","09:00","12:30","09:00","12:30","09:00","12:30","","","09:00","12:30","09:00","12:30","","","","","09:00","11:30","09:00","11:30","09:00","11:30","","","09:00","11:30","09:00","11:30","","","","",""
"3933395202240","08004","小児歯科","2","14:00","18:00","14:00","18:00","14:00","18:00","","","14:00","18:00","14:00","18:00","","","","","14:00","17:20","14:00","17:20","14:00","17:20","","","14:00","17:20","14:00","16:30","","","","",""
"3933395202240","08004","小児歯科","3","","","","","","","","","","","","","","","","","","","","","","","","","","","","","","","","",""
"3933395202370","08001","歯科","1","09:00","13:00","09:00","13:00","09:00","13:00","","","09:00","13:00","09:00","13:00","","","","","","","","","","","","","","","","","","","","",""
"3933395202370","08001","歯科","2","14:30","18:00","14:30","18:00","14:30","18:00","","","14:30","18:00","14:30","17:00","","","","","","","","","","","","","","","","","","","","",""
"3933395202370","08001","歯科","3","","","","","","","","","","","","","","","","","","","","","","","","","","","","","","","","",""
"3933395202370","08003","歯科口腔外科","1","","","","","","","","","","","","","","","","","","","","","","","","","","","","","","","","",""
"3933395202370","08003","歯科口腔外科","2","","","","","","","","","","","","","","","","","","","","","","","","","","","","","","","","",""
"3933395202370","08003","歯科口腔外科","3","","","","","","","","","","","","","","","","","","","","","","","","","","","","","","","","",""
"3933395202370","08004","小児歯科","1","","","","","","","","","","","","","","","","","","","","","","","","","","","","","","","","",""
"3933395202370","08004","小児歯科","2","","","","","","","","","","","","","","","","","","","","","","","","","","","","","","","","",""
"3933395202370","08004","小児歯科","3","","","","","","","","","","","","","","","","","","","","","","","","","","","","","","","","",""
"3933395202370","08005","小児矯正歯科","1","","","","","","","","","","","","","","","","","","","","","","","","","","","","","","","","",""
"3933395202370","08005","小児矯正歯科","2","","","","","","","","","","","","","","","","","","","","","","","","","","","","","","","","",""
"3933395202370","08005","小児矯正歯科","3","","","","","","","","","","","","","","","","","","","","","","","","","","","","","","","","",""
"3933395202400","08001","歯科","1","09:00","12:00","09:00","12:00","09:00","12:00","09:00","13:00","09:00","12:00","09:00","12:00","","","","","09:00","11:30","09:00","11:30","09:00","11:30","09:00","11:30","09:00","11:30","09:00","11:30","","","","","疑い: 施設情報のファイルの「毎週決まった曜日に休診（木）」が 0（休診）だが、この行に木曜の診療時間が入っている"
"3933395202400","08001","歯科","2","13:00","17:30","13:00","17:30","13:00","17:30","","","13:00","17:30","13:00","17:30","","","","","13:00","17:00","13:00","17:00","13:00","17:00","","","13:00","17:00","13:00","17:00","","","","",""
"3933395202400","08001","歯科","3","","","","","","","","","","","","","","","","","","","","","","","","","","","","","","","","",""
"3933395202530","08001","歯科","1","08:30","12:00","08:30","12:00","","","08:30","12:00","08:30","12:00","08:30","12:00","","","","","08:30","12:00","08:30","12:00","","","08:30","12:00","08:30","12:00","08:30","12:00","","","","",""
"3933395202530","08001","歯科","2","14:00","17:00","14:00","17:00","","","14:00","17:00","14:00","17:00","","","","","","","14:00","16:30","14:00","16:30","","","14:00","16:30","14:00","16:30","","","","","","",""
"3933395202530","08001","歯科","3","","","","","","","","","","","","","","","","","","","","","","","","","","","","","","","","",""
"3933395202790","08001","歯科","1","09:00","12:30","09:00","12:30","09:00","12:30","","","09:00","12:30","09:00","12:30","","","","","09:00","12:30","09:00","12:30","09:00","12:30","","","09:00","12:30","09:00","12:30","","","","",""
"3933395202790","08001","歯科","2","14:00","18:00","14:00","18:00","14:00","18:00","","","14:00","18:00","14:00","17:00","","","","","14:00","17:30","14:00","17:30","14:00","17:30","","","14:00","17:30","14:00","16:30","","","","",""
"3933395202790","08001","歯科","3","","","","","","","","","","","","","","","","","","","","","","","","","","","","","","","","",""
"3933395300120","08001","歯科","1","09:00","12:00","09:00","12:00","09:00","12:00","09:00","12:00","09:00","12:00","09:00","12:00","","","","","09:00","11:30","09:00","11:30","09:00","11:30","09:00","11:30","09:00","11:30","09:00","11:30","","","","",""
"3933395300120","08001","歯科","2","14:00","18:00","14:00","18:00","14:00","18:00","14:00","18:00","14:00","18:00","","","","","","","14:00","17:30","14:00","17:30","14:00","17:30","14:00","17:30","14:00","17:30","","","","","","",""
"3933395300120","08001","歯科","3","","","","","","","","","","","","","","","","","","","","","","","","","","","","","","","","",""
"3933395300120","08002","矯正歯科","1","09:00","12:00","09:00","12:00","09:00","12:00","09:00","12:00","09:00","12:00","09:00","12:00","","","","","09:00","11:30","09:00","11:30","09:00","11:30","09:00","11:30","09:00","11:30","09:00","11:30","","","","",""
"3933395300120","08002","矯正歯科","2","14:00","18:00","14:00","18:00","14:00","18:00","14:00","18:00","14:00","18:00","","","","","","","14:00","17:30","14:00","17:30","14:00","17:30","14:00","17:30","14:00","17:30","","","","","","",""
"3933395300120","08002","矯正歯科","3","","","","","","","","","","","","","","","","","","","","","","","","","","","","","","","","",""
"3933395300120","08003","歯科口腔外科","1","09:00","12:00","09:00","12:00","09:00","12:00","09:00","12:00","09:00","12:00","09:00","12:00","","","","","09:00","11:30","09:00","11:30","09:00","11:30","09:00","11:30","09:00","11:30","09:00","11:30","","","","",""
"3933395300120","08003","歯科口腔外科","2","14:00","18:00","14:00","18:00","14:00","18:00","14:00","18:00","14:00","18:00","","","","","","","14:00","17:30","14:00","17:30","14:00","17:30","14:00","17:30","14:00","17:30","","","","","","",""
"3933395300120","08003","歯科口腔外科","3","","","","","","","","","","","","","","","","","","","","","","","","","","","","","","","","",""
"3933395300120","08004","小児歯科","1","09:00","12:00","09:00","12:00","09:00","12:00","09:00","12:00","09:00","12:00","09:00","12:00","","","","","09:00","11:30","09:00","11:30","09:00","11:30","09:00","11:30","09:00","11:30","09:00","11:30","","","","",""
"3933395300120","08004","小児歯科","2","14:00","18:00","14:00","18:00","14:00","18:00","14:00","18:00","14:00","18:00","","","","","","","14:00","17:30","14:00","17:30","14:00","17:30","14:00","17:30","14:00","17:30","","","","","","",""
"3933395300120","08004","小児歯科","3","","","","","","","","","","","","","","","","","","","","","","","","","","","","","","","","",""
"3933395300410","08001","歯科","1","09:00","12:00","09:00","12:00","09:00","12:00","09:00","12:00","09:00","12:00","09:00","12:00","","","","","09:00","12:00","09:00","12:00","09:00","12:00","09:00","12:00","09:00","12:00","09:00","12:00","","","","",""
"3933395300410","08001","歯科","2","13:30","18:00","13:30","18:00","13:30","18:00","","","13:30","18:00","","","","","","","13:30","18:00","13:30","18:00","13:30","18:00","","","13:30","18:00","","","","","","",""
"3933395300410","08001","歯科","3","","","","","","","","","","","","","","","","","","","","","","","","","","","","","","","","",""
"3933395300410","08004","小児歯科","1","","","","","","","","","","","","","","","","","","","","","","","","","","","","","","","","",""
"3933395300410","08004","小児歯科","2","","","","","","","","","","","","","","","","","","","","","","","","","","","","","","","","",""
"3933395300410","08004","小児歯科","3","","","","","","","","","","","","","","","","","","","","","","","","","","","","","","","","",""
"3933395300670","08001","歯科","1","09:00","12:00","09:00","12:00","09:00","12:00","09:00","12:00","09:00","12:00","09:00","12:00","","","","","09:00","11:00","09:00","11:00","09:00","11:00","09:00","11:00","09:00","11:00","09:00","11:00","","","","",""
"3933395300670","08001","歯科","2","14:00","17:00","14:00","17:00","14:00","17:00","14:00","17:00","14:00","17:00","","","","","","","14:00","16:00","14:00","16:00","14:00","16:00","09:00","16:00","14:00","16:00","","","","","","",""
"3933395300670","08001","歯科","3","","","","","","","","","","","","","","","","","","","","","","","","","","","","","","","","",""
"3933395300830","08001","歯科","1","09:00","12:00","09:00","12:00","","","09:00","12:00","09:00","12:00","09:00","12:00","","","","","","","","","","","","","","","","","","","","",""
"3933395300830","08001","歯科","2","13:30","18:00","13:30","18:00","","","13:30","18:00","13:30","18:00","","","","","","","","","","","","","","","","","","","","","","",""
"3933395300830","08001","歯科","3","","","","","","","","","","","","","","","","","","","","","","","","","","","","","","","","",""
"3933395301420","08001","歯科","1","09:00","12:00","09:00","12:00","09:00","12:00","09:00","12:00","09:00","12:00","09:00","12:00","","","","","09:00","12:00","09:00","12:00","09:00","12:00","09:00","12:00","09:00","12:00","09:00","12:00","","","","",""
"3933395301420","08001","歯科","2","14:00","17:00","14:00","17:00","14:00","17:00","","","14:00","17:00","","","","","","","14:00","17:00","14:00","17:00","14:00","17:00","","","14:00","17:00","","","","","","",""
"3933395301420","08001","歯科","3","","","","","","","","","","","","","","","","","","","","","","","","","","","","","","","","",""
"3933395301550","08001","歯科","1","09:00","12:30","09:00","12:30","09:00","12:30","09:00","12:30","09:00","12:30","09:00","12:30","","","","","08:30","12:00","08:30","12:00","08:30","12:00","08:30","12:00","08:30","12:00","08:30","12:00","","","","",""
"3933395301550","08001","歯科","2","14:00","18:00","14:00","18:00","14:00","18:00","14:00","18:00","14:00","18:00","","","","","","","13:50","17:30","13:50","17:30","13:50","17:30","13:50","17:30","13:50","17:30","","","","","","",""
"3933395301550","08001","歯科","3","","","","","","","","","","","","","","","","","","","","","","","","","","","","","","","","",""
"3933395301550","08004","小児歯科","1","09:00","12:30","09:00","12:30","09:00","12:30","09:00","12:30","09:00","12:30","09:00","12:30","","","","","08:30","12:00","08:30","12:00","08:30","12:00","08:30","12:00","08:30","12:00","08:30","12:00","","","","",""
"3933395301550","08004","小児歯科","2","14:00","18:00","14:00","18:00","14:00","18:00","14:00","18:00","14:00","18:00","","","","","","","13:50","17:30","13:50","17:30","13:50","17:30","13:50","17:30","13:50","17:30","","","","","","",""
"3933395301550","08004","小児歯科","3","","","","","","","","","","","","","","","","","","","","","","","","","","","","","","","","",""
"3933395301840","08001","歯科","1","09:00","12:00","09:00","12:00","09:00","12:00","09:00","12:00","09:00","12:00","","","","","","","09:00","12:00","09:00","12:00","09:00","12:00","09:00","12:00","09:00","12:00","","","","","","",""
"3933395301840","08001","歯科","2","14:00","17:30","14:00","17:30","14:00","17:30","14:00","17:30","","","","","","","","","14:00","17:00","14:00","17:00","14:00","17:00","14:00","17:00","","","","","","","","",""
"3933395301840","08001","歯科","3","","","","","","","","","","","","","","","","","","","","","","","","","","","","","","","","",""
"3933395301840","08004","小児歯科","1","09:00","12:00","09:00","12:00","09:00","12:00","09:00","12:00","09:00","12:00","","","","","","","09:00","12:00","09:00","12:00","09:00","12:00","09:00","12:00","09:00","12:00","","","","","","",""
"3933395301840","08004","小児歯科","2","14:00","17:30","14:00","17:30","14:00","17:30","14:00","17:30","","","","","","","","","14:00","17:00","14:00","17:30","14:00","17:00","14:00","17:00","","","","","","","","",""
"3933395301840","08004","小児歯科","3","","","","","","","","","","","","","","","","","","","","","","","","","","","","","","","","",""
"3933395301970","08001","歯科","1","09:00","13:00","09:00","13:00","09:00","13:00","09:00","13:00","09:00","13:00","09:00","13:00","","","","","08:30","12:30","08:30","12:30","08:30","12:30","08:30","12:30","08:30","12:30","08:30","12:30","","","","",""
"3933395301970","08001","歯科","2","15:00","19:00","15:00","19:00","","","15:00","19:00","15:00","19:00","","","","","","","15:00","18:00","15:00","18:00","","","15:00","18:00","15:00","18:00","","","","","","",""
"3933395301970","08001","歯科","3","","","","","","","","","","","","","","","","","","","","","","","","","","","","","","","","",""
"3933395302010","08001","歯科","1","09:00","13:00","09:00","13:00","","","09:00","13:00","09:00","13:00","09:00","13:00","","","","","09:00","12:45","09:00","12:45","","","09:00","12:45","09:00","12:45","09:00","12:45","","","","",""
"3933395302010","08001","歯科","2","14:30","18:00","14:30","20:00","","","14:30","18:00","14:30","20:00","","","","","","","14:30","17:45","14:30","19:45","","","14:30","17:45","14:30","19:45","","","","","","",""
"3933395302010","08001","歯科","3","","","","","","","","","","","","","","","","","","","","","","","","","","","","","","","","",""
"3933395302010","08004","小児歯科","1","","","","","","","","","","","","","","","","","","","","","","","","","","","","","","","","",""
"3933395302010","08004","小児歯科","2","","","","","","","","","","","","","","","","","","","","","","","","","","","","","","","","",""
"3933395302010","08004","小児歯科","3","","","","","","","","","","","","","","","","","","","","","","","","","","","","","","","","",""
"3933395302300","08001","歯科","1","","","","","","","","","","","","","","","","","","","","","","","","","","","","","","","","",""
"3933395302300","08001","歯科","2","","","","","","","","","","","13:00","15:00","","","","","","","","","","","","","","","13:00","14:00","","","","",""
"3933395302300","08001","歯科","3","","","","","","","","","","","","","","","","","","","","","","","","","","","","","","","","",""
"3933395302690","08001","歯科","1","09:00","12:30","09:00","12:30","09:00","12:30","","","09:00","12:30","09:00","12:30","","","","","09:00","12:00","09:00","12:00","09:00","12:00","","","09:00","12:00","09:00","12:00","","","","",""
"3933395302690","08001","歯科","2","14:00","18:00","14:00","18:00","14:00","18:00","","","14:00","18:00","14:00","17:30","","","","","14:00","17:30","14:00","17:30","14:00","17:30","","","14:00","17:30","14:00","17:00","","","","",""
"3933395302690","08001","歯科","3","","","","","","","","","","","","","","","","","","","","","","","","","","","","","","","","",""
"3933395302690","08004","小児歯科","1","09:00","12:30","09:00","12:30","09:00","12:30","","","09:00","12:30","09:00","12:30","","","","","09:00","12:00","09:00","12:00","09:00","12:00","","","09:00","12:00","09:00","12:00","","","","",""
"3933395302690","08004","小児歯科","2","14:00","18:00","14:00","18:00","14:00","18:00","","","14:00","18:00","14:00","17:30","","","","","14:00","17:30","14:00","17:30","14:00","17:30","","","14:00","17:30","14:00","17:00","","","","",""
"3933395302690","08004","小児歯科","3","","","","","","","","","","","","","","","","","","","","","","","","","","","","","","","","",""
"3933395302720","08001","歯科","1","09:00","12:30","09:00","12:30","09:00","12:30","09:00","12:30","09:00","12:30","09:00","12:30","","","","","09:00","11:00","09:00","11:00","09:00","11:00","09:00","11:00","09:00","11:00","09:00","11:00","","","","",""
"3933395302720","08001","歯科","2","14:00","18:00","14:00","18:00","14:00","18:00","14:00","18:00","14:00","18:00","","","","","","","14:00","15:30","14:00","15:30","14:00","15:30","14:00","15:30","14:00","15:30","","","","","","",""
"3933395302720","08001","歯科","3","","","","","","","","","","","","","","","","","","","","","","","","","","","","","","","","",""
"3933395303600","08001","歯科","1","09:00","13:00","09:00","13:00","09:00","13:00","","","09:00","13:00","09:00","13:00","","","","","09:00","12:30","09:00","12:30","09:00","12:30","","","09:00","12:30","09:00","12:30","","","","",""
"3933395303600","08001","歯科","2","15:00","18:00","15:00","18:00","15:00","18:00","","","15:00","18:00","","","","","","","15:00","17:30","15:00","17:30","15:00","17:30","","","15:00","17:30","","","","","","",""
"3933395303600","08001","歯科","3","","","","","","","","","","","","","","","","","","","","","","","","","","","","","","","","","空欄にした: 月_診療 00:00-00:00（開始と終了が同じ） / 空欄にした: 火_診療 00:00-00:00（開始と終了が同じ） / 空欄にした: 水_診療 00:00-00:00（開始と終了が同じ） / 空欄にした: 金_診療 00:00-00:00（開始と終了が同じ） / 空欄にした: 月_外来受付 00:00-00:00（開始と終了が同じ） / 空欄にした: 火_外来受付 00:00-00:00（開始と終了が同じ） / 空欄にした: 水_外来受付 00:00-00:00（開始と終了が同じ） / 空欄にした: 金_外来受付 00:00-00:00（開始と終了が同じ）"
"3933395303860","08001","歯科","1","09:00","12:00","09:00","12:00","09:00","12:00","09:00","12:00","09:00","12:00","","","","","","","","","","","","","","","","","","","","","","",""
"3933395303860","08001","歯科","2","","","","","14:00","18:00","","","","","","","","","","","","","","","","","","","","","","","","","","",""
"3933395303860","08001","歯科","3","","","","","","","","","","","","","","","","","","","","","","","","","","","","","","","","",""
"3933395303860","08004","小児歯科","1","","","","","","","","","","","","","","","","","","","","","","","","","","","","","","","","",""
"3933395303860","08004","小児歯科","2","","","","","","","","","","","","","","","","","","","","","","","","","","","","","","","","",""
"3933395303860","08004","小児歯科","3","","","","","","","","","","","","","","","","","","","","","","","","","","","","","","","","",""
"3933395303990","08001","歯科","1","09:00","12:30","09:00","12:30","09:00","12:30","09:00","12:30","09:00","12:30","09:00","12:30","","","","","08:45","12:30","08:45","12:30","08:45","12:30","","","08:45","12:30","08:45","12:30","","","","","疑い: 施設情報のファイルの「毎週決まった曜日に休診（木）」が 0（休診）だが、この行に木曜の診療時間が入っている"
"3933395303990","08001","歯科","2","14:00","18:00","14:00","18:00","14:00","18:00","","","14:00","18:00","14:00","16:00","","","","","14:00","18:00","14:00","18:00","14:00","18:00","","","14:00","18:00","14:00","16:00","","","","",""
"3933395303990","08001","歯科","3","","","","","","","","","","","","","","","","","","","","","","","","","","","","","","","","",""
"3933395304160","08001","歯科","1","09:00","12:30","09:00","12:30","09:00","12:30","","","09:00","12:30","09:00","12:30","","","","","08:45","12:15","08:45","12:15","08:45","12:15","","","08:45","12:15","08:45","12:15","","","","",""
"3933395304160","08001","歯科","2","14:00","18:30","14:00","18:30","14:00","18:30","","","14:00","18:30","13:30","17:30","","","","","13:45","18:00","13:45","18:00","13:45","18:00","","","13:45","18:00","13:15","17:00","","","","",""
"3933395304160","08001","歯科","3","","","","","","","","","","","","","","","","","","","","","","","","","","","","","","","","",""
"3933395304160","08004","小児歯科","1","09:00","12:30","09:00","12:30","09:00","12:30","","","09:00","12:30","09:00","12:30","","","","","08:45","12:15","08:45","12:15","08:45","12:15","","","08:45","12:15","08:45","12:15","","","","",""
"3933395304160","08004","小児歯科","2","14:00","18:30","14:00","18:30","14:00","18:30","","","14:00","18:30","13:30","17:30","","","","","13:45","18:00","13:45","18:00","13:45","18:00","","","13:45","18:00","13:15","17:00","","","","",""
"3933395304160","08004","小児歯科","3","","","","","","","","","","","","","","","","","","","","","","","","","","","","","","","","",""
"3933395400440","08001","歯科","1","08:40","12:00","08:40","12:00","08:40","12:00","08:40","12:00","08:40","12:00","08:40","12:00","","","","","08:40","11:30","08:40","11:30","08:40","11:30","08:40","11:30","08:40","11:30","08:40","11:30","","","","",""
"3933395400440","08001","歯科","2","13:30","17:30","13:30","17:30","13:30","17:30","","","13:30","17:30","","","","","","","13:30","17:00","13:30","17:00","13:30","17:00","","","13:30","17:00","","","","","","",""
"3933395400440","08001","歯科","3","","","","","","","","","","","13:30","15:30","","","","","","","","","","","","","","","13:30","15:00","","","","",""
"3933395400860","08001","歯科","1","09:30","12:00","09:30","12:00","09:30","12:00","09:30","12:00","09:30","12:00","09:30","12:00","","","","","09:30","12:00","09:30","12:00","09:30","12:00","09:30","12:00","09:30","12:00","09:30","12:00","","","","",""
"3933395400860","08001","歯科","2","13:30","17:30","13:30","17:30","13:30","17:30","","","13:30","17:30","13:30","17:30","","","","","13:30","17:30","13:30","17:30","13:30","17:30","","","13:30","17:30","13:30","17:30","","","","",""
"3933395400860","08001","歯科","3","","","","","","","","","","","","","","","","","","","","","","","","","","","","","","","","",""
"3933395400860","08002","矯正歯科","1","09:30","12:00","09:30","12:00","09:30","12:00","09:30","12:00","09:30","12:00","09:30","12:00","","","","","09:30","12:00","09:30","12:00","09:30","12:00","09:30","12:00","09:30","12:00","09:30","12:00","","","","",""
"3933395400860","08002","矯正歯科","2","13:30","17:30","13:30","17:30","13:30","17:30","","","13:30","17:30","13:30","17:30","","","","","13:30","17:30","13:30","17:30","13:30","17:30","","","13:30","17:30","13:30","17:30","","","","",""
"3933395400860","08002","矯正歯科","3","","","","","","","","","","","","","","","","","","","","","","","","","","","","","","","","",""
"3933395401160","08001","歯科","1","08:30","12:30","08:30","12:30","08:30","12:30","","","08:30","12:30","08:30","12:30","","","","","08:30","11:30","08:30","11:30","08:30","11:30","","","08:30","11:30","08:30","11:30","","","","",""
"3933395401160","08001","歯科","2","14:00","18:00","14:00","18:00","14:00","18:00","","","14:00","18:00","14:00","17:00","","","","","14:00","17:30","14:00","17:30","14:00","17:30","","","14:00","17:30","14:00","16:30","","","","",""
"3933395401160","08001","歯科","3","","","","","","","","","","","","","","","","","","","","","","","","","","","","","","","","",""
"3933395401320","08001","歯科","1","09:00","12:00","09:00","12:00","09:00","12:00","09:00","12:00","09:00","12:00","09:00","12:00","","","","","09:00","12:00","09:00","12:00","09:00","12:00","09:00","12:00","09:00","12:00","09:00","12:00","","","","",""
"3933395401320","08001","歯科","2","","","","","","","","","","","","","","","","","","","","","","","","","","","","","","","","",""
"3933395401320","08001","歯科","3","14:00","17:00","14:00","17:00","14:00","17:00","","","14:00","17:00","14:00","17:00","","","","","14:00","17:00","14:00","17:00","14:00","17:00","","","14:00","17:00","14:00","17:00","","","","",""
"3933395401450","08001","歯科","1","09:00","12:00","09:00","12:00","09:00","12:00","09:00","12:00","09:00","12:00","09:00","13:00","","","","","09:00","12:00","09:00","11:30","09:00","12:00","09:00","11:30","09:00","12:00","09:00","12:30","","","","",""
"3933395401450","08001","歯科","2","14:00","18:00","","","14:00","18:00","","","14:00","18:00","","","","","","","14:00","17:30","","","14:00","17:30","","","14:00","17:30","","","","","","",""
"3933395401450","08001","歯科","3","","","","","","","","","","","","","","","","","","","","","","","","","","","","","","","","",""
"3933395401450","08002","矯正歯科","1","09:00","12:00","09:00","12:00","09:00","12:00","09:00","12:00","09:00","12:00","09:00","13:00","","","","","09:00","12:00","09:00","11:30","09:00","12:00","09:00","11:30","09:00","12:00","09:00","12:30","","","","",""
"3933395401450","08002","矯正歯科","2","14:00","18:00","","","14:00","18:00","","","14:00","18:00","","","","","","","14:00","17:30","","","14:00","17:30","","","14:00","17:30","","","","","","",""
"3933395401450","08002","矯正歯科","3","","","","","","","","","","","","","","","","","","","","","","","","","","","","","","","","",""
"3933395401450","08003","歯科口腔外科","1","09:00","12:00","09:00","12:00","09:00","12:00","09:00","12:00","09:00","12:00","09:00","13:00","","","","","09:00","12:00","09:00","11:30","09:00","12:00","09:00","11:30","09:00","12:00","09:00","12:30","","","","",""
"3933395401450","08003","歯科口腔外科","2","14:00","18:00","","","14:00","18:00","","","14:00","18:00","","","","","","","14:00","17:30","","","14:00","17:30","","","14:00","17:30","","","","","","",""
"3933395401450","08003","歯科口腔外科","3","","","","","","","","","","","","","","","","","","","","","","","","","","","","","","","","",""
"3933395401450","08004","小児歯科","1","09:00","12:00","09:00","12:00","09:00","12:00","09:00","12:00","09:00","12:00","09:00","13:00","","","","","09:00","12:00","09:00","11:30","09:00","12:00","09:00","11:30","09:00","12:00","09:00","12:30","","","","",""
"3933395401450","08004","小児歯科","2","14:00","18:00","","","14:00","18:00","","","14:00","18:00","","","","","","","14:00","17:30","","","14:00","17:30","","","14:00","17:30","","","","","","",""
"3933395401450","08004","小児歯科","3","","","","","","","","","","","","","","","","","","","","","","","","","","","","","","","","",""
"3933395401610","08001","歯科","1","09:00","12:00","09:00","12:00","09:00","12:00","","","09:00","12:00","09:00","12:00","","","","","09:00","12:00","09:00","12:00","09:00","12:00","","","09:00","12:00","09:00","12:00","","","","",""
"3933395401610","08001","歯科","2","13:30","17:00","13:30","17:00","13:30","17:00","","","13:30","17:00","13:30","17:00","","","","","13:30","16:00","13:30","16:00","13:30","16:00","","","13:30","16:00","13:30","16:00","","","","",""
"3933395401610","08001","歯科","3","","","","","","","","","","","","","","","","","","","","","","","","","","","","","","","","",""
"3933395401900","08001","歯科","1","09:00","12:00","09:00","12:00","09:00","12:00","09:00","12:00","09:00","12:00","09:00","12:00","","","","","09:00","12:00","09:00","12:00","09:00","12:00","09:00","12:00","09:00","12:00","09:00","12:00","","","","","疑い: 施設情報のファイルの「毎週決まった曜日に休診（木）」が 0（休診）だが、この行に木曜の診療時間が入っている"
"3933395401900","08001","歯科","2","14:00","18:00","14:00","18:00","14:00","18:00","","","14:00","18:00","14:00","18:00","","","","","14:00","18:00","14:00","18:00","14:00","18:00","","","14:00","18:00","14:00","18:00","","","","",""
"3933395401900","08001","歯科","3","","","","","","","","","","","","","","","","","","","","","","","","","","","","","","","","",""
"3933395401900","08002","矯正歯科","1","09:00","12:00","09:00","12:00","09:00","12:00","09:00","12:00","09:00","12:00","09:00","12:00","","","","","09:00","12:00","09:00","12:00","09:00","12:00","09:00","12:00","09:00","12:00","09:00","12:00","","","","","疑い: 施設情報のファイルの「毎週決まった曜日に休診（木）」が 0（休診）だが、この行に木曜の診療時間が入っている"
"3933395401900","08002","矯正歯科","2","14:00","18:00","14:00","18:00","14:00","18:00","","","14:00","18:00","14:00","18:00","","","","","14:00","18:00","14:00","18:00","14:00","18:00","","","14:00","18:00","14:00","18:00","","","","",""
"3933395401900","08002","矯正歯科","3","","","","","","","","","","","","","","","","","","","","","","","","","","","","","","","","",""
"3933395401900","08004","小児歯科","1","","","","","","","","","","","","","","","","","","","","","","","","","","","","","","","","",""
"3933395401900","08004","小児歯科","2","","","","","","","","","","","","","","","","","","","","","","","","","","","","","","","","",""
"3933395401900","08004","小児歯科","3","","","","","","","","","","","","","","","","","","","","","","","","","","","","","","","","",""
"3933395402620","08001","歯科","1","09:00","12:00","09:00","12:00","09:00","12:00","","","09:00","12:00","09:00","12:00","","","","","09:00","11:30","09:00","11:30","09:00","11:30","","","09:00","11:30","09:00","11:30","","","","",""
"3933395402620","08001","歯科","2","13:30","17:00","13:30","17:00","13:30","17:00","","","13:30","17:00","13:30","17:00","","","","","13:30","16:30","13:30","16:30","13:30","16:30","","","13:30","16:30","13:30","16:30","","","","",""
"3933395402620","08001","歯科","3","","","","","","","","","","","","","","","","","","","","","","","","","","","","","","","","",""
"3933395402880","08001","歯科","1","","","","","","","","","","","","","","","","","","","","","","","","","","","","","","","","",""
"3933395402880","08001","歯科","2","12:00","17:00","12:00","17:00","12:00","17:00","","","12:00","17:00","12:00","17:00","","","","","12:00","16:30","12:00","16:30","12:00","16:30","","","12:00","16:30","12:00","16:30","","","","",""
"3933395402880","08001","歯科","3","","","","","","","","","","","","","","","","","","","","","","","","","","","","","","","","","空欄にした: 月_診療 00:00-00:00（開始と終了が同じ） / 空欄にした: 火_診療 00:00-00:00（開始と終了が同じ） / 空欄にした: 水_診療 00:00-00:00（開始と終了が同じ） / 空欄にした: 金_診療 00:00-00:00（開始と終了が同じ） / 空欄にした: 土_診療 00:00-00:00（開始と終了が同じ） / 空欄にした: 月_外来受付 00:00-00:00（開始と終了が同じ） / 空欄にした: 火_外来受付 00:00-00:00（開始と終了が同じ） / 空欄にした: 水_外来受付 00:00-00:00（開始と終了が同じ） / 空欄にした: 金_外来受付 00:00-00:00（開始と終了が同じ） / 空欄にした: 土_外来受付 00:00-00:00（開始と終了が同じ）"
"3933395404350","08001","歯科","1","09:00","12:00","09:00","12:00","09:00","12:00","09:00","12:00","09:00","12:00","09:00","12:00","","","","","09:00","12:00","09:00","12:00","09:00","12:00","09:00","12:00","09:00","12:00","09:00","12:00","","","","",""
"3933395404350","08001","歯科","2","13:30","18:00","13:30","18:00","13:30","18:00","","","13:30","18:00","13:30","15:00","","","","","13:30","18:00","13:30","18:00","13:30","18:00","","","13:30","18:00","13:30","16:00","","","","",""
"3933395404350","08001","歯科","3","","","","","","","","","","","","","","","","","","","","","","","","","","","","","","","","",""
"3933395404510","08001","歯科","1","09:00","12:00","09:00","12:00","09:00","12:00","","","09:00","12:00","09:00","12:00","","","","","09:00","11:30","09:00","11:30","09:00","11:30","","","09:00","11:30","09:00","11:30","","","","",""
"3933395404510","08001","歯科","2","14:00","17:30","14:00","17:30","14:00","17:30","","","14:00","17:30","14:00","16:00","","","","","14:00","17:00","14:00","17:00","14:00","17:00","","","14:00","17:00","14:00","15:30","","","","",""
"3933395404510","08001","歯科","3","","","","","","","","","","","","","","","","","","","","","","","","","","","","","","","","",""
"3933395404510","08003","歯科口腔外科","1","09:00","12:00","09:00","12:00","09:00","12:00","","","09:00","12:00","09:00","12:00","","","","","09:00","11:30","09:00","11:30","09:00","11:30","","","09:00","11:30","09:00","11:30","","","","",""
"3933395404510","08003","歯科口腔外科","2","12:00","17:30","12:00","17:30","12:00","17:30","","","12:00","17:30","12:00","16:00","","","","","14:00","17:00","14:00","17:00","14:00","17:00","","","14:00","17:00","14:00","15:30","","","","",""
"3933395404510","08003","歯科口腔外科","3","","","","","","","","","","","","","","","","","","","","","","","","","","","","","","","","",""
"3933395404510","08004","小児歯科","1","09:00","12:00","09:00","12:00","09:00","12:00","","","09:00","12:00","09:00","12:00","","","","","09:00","11:30","09:00","11:30","09:00","11:30","","","09:00","11:30","09:00","11:30","","","","",""
"3933395404510","08004","小児歯科","2","12:00","17:30","12:00","17:30","12:00","17:30","","","12:00","17:30","12:00","16:00","","","","","14:00","17:00","14:00","17:00","14:00","17:00","","","14:00","17:00","14:00","15:30","","","","",""
"3933395404510","08004","小児歯科","3","","","","","","","","","","","","","","","","","","","","","","","","","","","","","","","","",""
"3933395404640","08001","歯科","1","09:00","12:30","09:00","12:30","09:00","12:30","09:00","12:30","09:00","12:30","09:00","12:30","","","","","09:00","11:30","09:00","11:30","09:00","11:30","09:00","11:30","09:00","11:30","09:00","11:30","","","","",""
"3933395404640","08001","歯科","2","14:00","18:00","14:00","18:00","14:00","18:00","","","14:00","18:00","14:00","17:00","","","","","14:00","17:30","14:00","17:30","14:00","17:30","","","14:00","17:30","14:00","16:30","","","","",""
"3933395404640","08001","歯科","3","","","","","","","","","","","","","","","","","","","","","","","","","","","","","","","","",""
"3933395404800","08001","歯科","1","09:00","12:00","09:00","12:00","09:00","12:00","","","09:00","12:00","09:00","12:00","","","","","08:30","16:30","08:30","16:30","08:30","16:30","","","08:30","16:30","08:30","11:30","","","","",""
"3933395404800","08001","歯科","2","14:00","17:00","14:00","17:00","14:00","17:00","","","14:00","17:00","","","","","","","","","","","","","08:30","11:45","","","","","","","","",""
"3933395404800","08001","歯科","3","","","","","","","","","","","","","","","","","","","","","","","","","","","","","","","","",""
"3933395404930","08001","歯科","1","09:00","12:00","09:00","12:00","09:00","12:00","09:00","12:00","09:00","12:00","09:00","12:00","","","","","09:00","12:00","09:00","12:00","09:00","12:00","09:00","12:00","09:00","12:00","09:00","12:00","","","","",""
"3933395404930","08001","歯科","2","14:00","18:30","14:00","18:30","14:00","18:30","","","14:00","18:30","14:00","17:30","","","","","14:00","18:30","14:00","18:30","14:00","18:30","","","14:00","18:30","14:00","17:30","","","","",""
"3933395404930","08001","歯科","3","","","","","","","","","","","","","","","","","","","","","","","","","","","","","","","","",""
"3933395405070","08001","歯科","1","09:00","12:00","09:00","12:00","09:00","12:00","","","09:00","12:00","09:00","12:00","","","","","09:00","12:00","09:00","12:00","09:00","12:00","","","09:00","12:00","09:00","12:00","","","","",""
"3933395405070","08001","歯科","2","13:30","18:00","13:30","18:00","13:30","18:00","","","13:30","18:00","13:30","17:00","","","","","13:30","17:00","13:30","17:00","13:30","17:00","","","13:30","17:00","13:30","16:00","","","","",""
"3933395405070","08001","歯科","3","","","","","","","","","","","","","","","","","","","","","","","","","","","","","","","","",""
"3933395405230","08001","歯科","1","09:00","12:00","09:00","12:00","09:00","12:00","","","09:00","12:00","09:00","12:00","","","","","09:00","11:30","09:00","11:30","09:00","11:30","","","09:00","11:30","09:00","11:30","","","","",""
"3933395405230","08001","歯科","2","14:00","17:00","14:00","17:00","14:00","17:00","","","14:00","17:00","14:00","17:00","","","","","14:00","16:00","14:00","16:00","14:00","16:00","","","14:00","16:00","14:00","16:00","","","","",""
"3933395405230","08001","歯科","3","","","","","","","","","","","","","","","","","","","","","","","","","","","","","","","","","空欄にした: 月_診療 00:00-00:00（開始と終了が同じ） / 空欄にした: 火_診療 00:00-00:00（開始と終了が同じ） / 空欄にした: 水_診療 00:00-00:00（開始と終了が同じ） / 空欄にした: 金_診療 00:00-00:00（開始と終了が同じ） / 空欄にした: 土_診療 00:00-00:00（開始と終了が同じ） / 空欄にした: 月_外来受付 00:00-00:00（開始と終了が同じ） / 空欄にした: 火_外来受付 00:00-00:00（開始と終了が同じ） / 空欄にした: 水_外来受付 00:00-00:00（開始と終了が同じ） / 空欄にした: 金_外来受付 00:00-00:00（開始と終了が同じ） / 空欄にした: 土_外来受付 00:00-00:00（開始と終了が同じ）"
"3933395405230","08003","歯科口腔外科","1","09:00","12:00","09:00","12:00","09:00","12:00","","","09:00","12:00","09:00","12:00","","","","","09:00","11:30","09:00","11:30","09:00","11:30","","","09:00","11:30","09:00","11:30","","","","",""
"3933395405230","08003","歯科口腔外科","2","14:00","17:00","14:00","17:00","14:00","17:00","","","14:00","17:00","14:00","17:00","","","","","14:00","16:00","14:00","16:00","14:00","16:00","","","14:00","16:00","14:00","16:00","","","","",""
"3933395405230","08003","歯科口腔外科","3","","","","","","","","","","","","","","","","","","","","","","","","","","","","","","","","",""
"3933395405490","08001","歯科","1","08:30","12:00","08:30","12:00","08:30","12:00","","","08:30","12:00","08:30","12:00","","","","","08:30","11:30","08:30","11:30","08:30","11:30","","","08:30","11:30","08:30","11:30","","","","",""
"3933395405490","08001","歯科","2","14:00","17:00","14:00","16:00","14:00","18:00","","","14:00","18:00","14:00","16:00","","","","","14:00","16:30","14:00","15:30","14:00","17:30","","","14:00","17:30","14:00","15:30","","","","",""
"3933395405490","08001","歯科","3","","","","","","","","","","","","","","","","","","","","","","","","","","","","","","","","","空欄にした: 月_診療 00:00-00:00（開始と終了が同じ） / 空欄にした: 火_診療 00:00-00:00（開始と終了が同じ） / 空欄にした: 水_診療 00:00-00:00（開始と終了が同じ） / 空欄にした: 金_診療 00:00-00:00（開始と終了が同じ） / 空欄にした: 土_診療 00:00-00:00（開始と終了が同じ） / 空欄にした: 月_外来受付 00:00-00:00（開始と終了が同じ） / 空欄にした: 火_外来受付 00:00-00:00（開始と終了が同じ） / 空欄にした: 水_外来受付 00:00-00:00（開始と終了が同じ） / 空欄にした: 金_外来受付 00:00-00:00（開始と終了が同じ） / 空欄にした: 土_外来受付 00:00-00:00（開始と終了が同じ）"
"3933395405650","08001","歯科","1","09:00","11:30","09:00","11:30","09:00","11:30","","","09:00","11:30","09:00","11:30","","","","","09:00","11:30","09:00","11:30","09:00","11:30","","","09:00","11:30","09:00","11:30","","","","",""
"3933395405650","08001","歯科","2","14:00","16:30","14:00","16:30","14:00","16:30","","","14:00","16:30","13:30","16:30","","","","","13:30","16:30","13:30","16:30","13:30","16:30","","","13:30","16:30","13:30","16:30","","","","",""
"3933395405650","08001","歯科","3","","","","","","","","","","","","","","","","","","","","","","","","","","","","","","","","","空欄にした: 月_診療 00:00-00:00（開始と終了が同じ） / 空欄にした: 火_診療 00:00-00:00（開始と終了が同じ） / 空欄にした: 水_診療 00:00-00:00（開始と終了が同じ） / 空欄にした: 金_診療 00:00-00:00（開始と終了が同じ） / 空欄にした: 土_診療 00:00-00:00（開始と終了が同じ） / 空欄にした: 月_外来受付 00:00-00:00（開始と終了が同じ） / 空欄にした: 火_外来受付 00:00-00:00（開始と終了が同じ） / 空欄にした: 水_外来受付 00:00-00:00（開始と終了が同じ） / 空欄にした: 金_外来受付 00:00-00:00（開始と終了が同じ） / 空欄にした: 土_外来受付 00:00-00:00（開始と終了が同じ）"
"3933395405650","08002","矯正歯科","1","09:00","11:30","09:00","11:30","09:00","11:30","","","09:00","11:30","09:00","11:30","","","","","09:00","11:30","09:00","11:30","09:00","11:30","","","09:00","11:30","09:00","11:30","","","","",""
"3933395405650","08002","矯正歯科","2","14:00","16:30","14:00","16:30","14:00","16:30","","","14:00","16:30","14:00","16:30","","","","","13:30","16:30","13:30","16:30","13:30","16:30","","","13:30","16:30","13:30","16:30","","","","",""
"3933395405650","08002","矯正歯科","3","","","","","","","","","","","","","","","","","","","","","","","","","","","","","","","","","空欄にした: 月_診療 00:00-00:00（開始と終了が同じ） / 空欄にした: 火_診療 00:00-00:00（開始と終了が同じ） / 空欄にした: 水_診療 00:00-00:00（開始と終了が同じ） / 空欄にした: 金_診療 00:00-00:00（開始と終了が同じ） / 空欄にした: 土_診療 00:00-00:00（開始と終了が同じ） / 空欄にした: 月_外来受付 00:00-00:00（開始と終了が同じ） / 空欄にした: 火_外来受付 00:00-00:00（開始と終了が同じ） / 空欄にした: 水_外来受付 00:00-00:00（開始と終了が同じ） / 空欄にした: 金_外来受付 00:00-00:00（開始と終了が同じ） / 空欄にした: 土_外来受付 00:00-00:00（開始と終了が同じ）"
"3933395405650","08003","歯科口腔外科","1","","","","","","","","","","","","","","","","","","","","","","","","","","","","","","","","",""
"3933395405650","08003","歯科口腔外科","2","","","","","","","","","","","","","","","","","","","","","","","","","","","","","","","","",""
"3933395405650","08003","歯科口腔外科","3","","","","","","","","","","","","","","","","","","","","","","","","","","","","","","","","",""
"3933395405650","08004","小児歯科","1","09:00","11:30","09:00","11:30","09:00","11:30","","","09:00","11:30","09:00","11:30","","","","","09:00","11:30","09:00","11:30","09:00","11:30","","","09:00","11:30","09:00","11:30","","","","",""
"3933395405650","08004","小児歯科","2","14:00","16:30","14:00","16:30","14:00","16:30","","","14:00","16:30","14:00","16:30","","","","","13:30","16:30","13:30","16:30","13:30","16:30","","","13:30","16:30","13:30","16:30","","","","",""
"3933395405650","08004","小児歯科","3","","","","","","","","","","","","","","","","","","","","","","","","","","","","","","","","","空欄にした: 月_診療 00:00-00:00（開始と終了が同じ） / 空欄にした: 火_診療 00:00-00:00（開始と終了が同じ） / 空欄にした: 水_診療 00:00-00:00（開始と終了が同じ） / 空欄にした: 金_診療 00:00-00:00（開始と終了が同じ） / 空欄にした: 土_診療 00:00-00:00（開始と終了が同じ） / 空欄にした: 月_外来受付 00:00-00:00（開始と終了が同じ） / 空欄にした: 火_外来受付 00:00-00:00（開始と終了が同じ） / 空欄にした: 水_外来受付 00:00-00:00（開始と終了が同じ） / 空欄にした: 金_外来受付 00:00-00:00（開始と終了が同じ） / 空欄にした: 土_外来受付 00:00-00:00（開始と終了が同じ）"
"3933395405810","08001","歯科","1","09:30","12:00","09:30","12:00","","","","","09:30","12:00","09:30","12:00","","","","","09:00","12:00","09:00","12:00","","","","","09:00","12:00","09:00","12:00","","","","",""
"3933395405810","08001","歯科","2","14:00","18:30","14:00","18:30","","","","","14:00","18:30","14:00","17:00","","","","","14:00","18:00","14:00","18:00","","","","","14:00","18:00","14:00","18:00","","","","",""
"3933395405810","08001","歯科","3","","","","","","","","","","","","","","","","","","","","","","","","","","","","","","","","",""
"3933395405810","08004","小児歯科","1","09:30","12:00","09:30","12:00","","","","","09:30","12:00","09:30","12:00","","","","","09:00","12:00","09:00","12:00","","","","","09:00","12:00","09:00","12:00","","","","",""
"3933395405810","08004","小児歯科","2","14:00","18:30","14:00","18:30","","","","","14:00","18:30","14:00","18:30","","","","","14:00","18:00","14:00","18:00","","","","","14:00","18:00","14:00","18:00","","","","",""
"3933395405810","08004","小児歯科","3","","","","","","","","","","","","","","","","","","","","","","","","","","","","","","","","",""
"3933395405940","08001","歯科","1","09:00","12:00","09:00","12:00","09:00","12:00","09:00","12:00","09:00","12:00","09:00","12:00","","","","","","","","","","","","","","","","","","","","",""
"3933395405940","08001","歯科","2","12:00","18:00","12:00","18:00","12:00","18:00","","","12:00","18:00","12:00","18:00","","","","","","","","","","","","","","","","","","","","",""
"3933395405940","08001","歯科","3","","","","","","","","","","","","","","","","","","","","","","","","","","","","","","","","",""
"3933395406080","08001","歯科","1","09:30","12:00","09:30","12:00","09:30","12:00","","","09:30","12:00","09:30","12:00","","","","","09:30","12:00","09:30","12:00","09:30","12:00","","","09:30","12:00","09:30","12:00","","","","",""
"3933395406080","08001","歯科","2","12:00","18:00","12:00","18:00","12:00","18:00","","","12:00","18:00","12:00","17:00","","","","","12:00","17:30","12:00","17:30","12:00","17:30","","","12:00","17:30","12:00","16:30","","","","",""
"3933395406080","08001","歯科","3","","","","","","","","","","","","","","","","","","","","","","","","","","","","","","","","",""
"3933395406080","08002","矯正歯科","1","09:30","12:00","09:30","12:00","09:30","12:00","","","09:30","12:00","09:30","12:00","","","","","09:30","12:00","09:30","12:00","09:30","12:00","","","09:30","12:00","09:30","12:00","","","","",""
"3933395406080","08002","矯正歯科","2","12:00","18:00","12:00","18:00","12:00","18:00","","","12:00","18:00","12:00","17:00","","","","","12:00","17:30","12:00","17:30","12:00","17:30","","","12:00","17:30","12:00","16:30","","","","",""
"3933395406080","08002","矯正歯科","3","","","","","","","","","","","","","","","","","","","","","","","","","","","","","","","","",""
"3933395406080","08004","小児歯科","1","09:30","12:00","09:30","12:00","09:30","12:00","","","09:30","12:00","09:30","12:00","","","","","09:30","12:00","09:30","12:00","09:30","12:00","","","09:30","12:00","09:30","12:00","","","","",""
"3933395406080","08004","小児歯科","2","12:00","18:00","12:00","18:00","12:00","18:00","","","12:00","18:00","12:00","17:00","","","","","12:00","17:30","12:00","17:30","12:00","17:30","","","12:00","17:30","12:00","16:30","","","","",""
"3933395406080","08004","小児歯科","3","","","","","","","","","","","","","","","","","","","","","","","","","","","","","","","","",""
"3933395406110","08001","歯科","1","09:00","13:00","09:00","13:00","09:00","13:00","09:00","12:30","09:00","13:00","09:00","13:00","","","","","08:30","13:00","08:30","13:00","08:30","13:00","08:30","12:00","08:30","13:00","08:30","13:00","","","","",""
"3933395406110","08001","歯科","2","14:30","18:00","14:30","18:00","14:30","18:00","","","14:30","18:00","14:30","17:00","","","","","14:30","17:30","14:30","17:30","14:30","17:30","","","14:30","17:30","14:30","16:30","","","","",""
"3933395406110","08001","歯科","3","","","","","","","","","","","","","","","","","","","","","","","","","","","","","","","","",""
"3933395406240","08001","歯科","1","09:00","12:00","09:00","12:00","09:00","12:00","09:00","12:00","09:00","12:00","09:00","12:00","","","","","","","","","","","","","","","","","","","","",""
"3933395406240","08001","歯科","2","14:00","18:00","14:00","18:00","14:00","18:00","","","14:00","18:00","","","","","","","","","","","","","","","","","","","","","","",""
"3933395406240","08001","歯科","3","","","","","","","","","","","","","","","","","","","","","","","","","","","","","","","","",""
"3933395406370","08001","歯科","1","","","","","09:00","12:00","09:00","12:00","","","09:00","12:00","","","","","","","","","08:30","12:00","08:30","12:00","","","08:30","12:00","","","","",""
"3933395406370","08001","歯科","2","","","","","14:00","18:30","14:00","18:30","","","14:00","16:30","","","","","","","","","14:00","18:30","14:00","18:30","","","14:00","16:30","","","","",""
"3933395406370","08001","歯科","3","","","","","","","","","","","","","","","","","","","","","","","","","","","","","","","","",""
"3933395406370","08004","小児歯科","1","","","","","09:00","12:00","09:00","12:00","","","09:00","12:00","","","","","","","","","08:30","12:00","08:30","12:00","","","08:30","12:00","","","","",""
"3933395406370","08004","小児歯科","2","","","","","14:00","18:30","14:00","18:30","","","14:00","16:30","","","","","","","","","14:00","18:30","14:00","18:30","","","14:00","16:30","","","","",""
"3933395406370","08004","小児歯科","3","","","","","","","","","","","","","","","","","","","","","","","","","","","","","","","","",""
"3933395406400","08001","歯科","1","09:00","12:00","09:00","12:00","09:00","12:00","09:00","12:00","09:00","12:00","09:00","12:30","","","","","08:50","12:00","08:50","12:00","08:50","12:00","08:50","12:00","08:50","12:00","08:50","12:30","","","","",""
"3933395406400","08001","歯科","2","14:00","18:00","14:00","18:00","14:00","18:00","14:00","18:00","14:00","18:00","","","","","","","14:00","18:00","14:00","18:00","14:00","18:00","14:00","18:00","14:00","18:00","","","","","","",""
"3933395406400","08001","歯科","3","","","","","","","","","","","","","","","","","","","","","","","","","","","","","","","","",""
"3933395406400","08004","小児歯科","1","09:00","12:00","09:00","12:00","09:00","12:00","09:00","12:00","09:00","12:00","09:00","12:30","","","","","08:50","12:00","08:50","12:00","08:50","12:00","08:50","12:00","08:50","12:00","08:50","12:30","","","","",""
"3933395406400","08004","小児歯科","2","14:00","18:00","14:00","18:00","14:00","18:00","14:00","18:00","14:00","18:00","","","","","","","14:00","18:00","14:00","18:00","14:00","18:00","14:00","18:00","14:00","18:00","","","","","","",""
"3933395406400","08004","小児歯科","3","","","","","","","","","","","","","","","","","","","","","","","","","","","","","","","","",""
"3933395406530","08001","歯科","1","09:00","12:30","09:00","12:30","09:00","12:30","","","09:00","12:30","09:00","12:30","","","","","08:30","12:30","08:30","12:30","08:30","12:30","","","08:30","12:30","08:30","12:30","","","","",""
"3933395406530","08001","歯科","2","14:00","18:00","14:00","18:00","14:00","18:00","","","14:00","18:00","14:00","18:00","","","","","14:00","17:30","14:00","17:30","14:00","17:30","","","14:00","17:30","14:00","17:30","","","","",""
"3933395406530","08001","歯科","3","","","","","","","","","","","","","","","","","","","","","","","","","","","","","","","","","空欄にした: 月_診療 00:00-00:00（開始と終了が同じ） / 空欄にした: 火_診療 00:00-00:00（開始と終了が同じ） / 空欄にした: 水_診療 00:00-00:00（開始と終了が同じ） / 空欄にした: 金_診療 00:00-00:00（開始と終了が同じ） / 空欄にした: 土_診療 00:00-00:00（開始と終了が同じ） / 空欄にした: 月_外来受付 00:00-00:00（開始と終了が同じ） / 空欄にした: 火_外来受付 00:00-00:00（開始と終了が同じ） / 空欄にした: 水_外来受付 00:00-00:00（開始と終了が同じ） / 空欄にした: 金_外来受付 00:00-00:00（開始と終了が同じ） / 空欄にした: 土_外来受付 00:00-00:00（開始と終了が同じ）"
"3933395406530","08002","矯正歯科","1","09:00","12:30","09:00","12:30","09:00","12:30","","","09:00","12:30","09:00","12:30","","","","","08:30","12:30","08:30","12:30","08:30","12:30","","","08:30","12:30","08:30","12:30","","","","",""
"3933395406530","08002","矯正歯科","2","14:00","18:00","14:00","18:00","14:00","18:00","","","14:00","18:00","14:00","18:00","","","","","14:00","17:30","14:00","17:30","14:00","17:30","","","14:00","17:30","14:00","17:30","","","","",""
"3933395406530","08002","矯正歯科","3","","","","","","","","","","","","","","","","","","","","","","","","","","","","","","","","","空欄にした: 月_診療 00:00-00:00（開始と終了が同じ） / 空欄にした: 火_診療 00:00-00:00（開始と終了が同じ） / 空欄にした: 水_診療 00:00-00:00（開始と終了が同じ） / 空欄にした: 金_診療 00:00-00:00（開始と終了が同じ） / 空欄にした: 土_診療 00:00-00:00（開始と終了が同じ） / 空欄にした: 月_外来受付 00:00-00:00（開始と終了が同じ） / 空欄にした: 火_外来受付 00:00-00:00（開始と終了が同じ） / 空欄にした: 水_外来受付 00:00-00:00（開始と終了が同じ） / 空欄にした: 金_外来受付 00:00-00:00（開始と終了が同じ） / 空欄にした: 土_外来受付 00:00-00:00（開始と終了が同じ）"
"3933395406530","08004","小児歯科","1","09:00","12:30","09:00","12:30","09:00","12:30","","","09:00","12:30","09:00","12:30","","","","","08:30","12:30","08:30","12:30","08:30","12:30","","","08:30","12:30","08:30","12:30","","","","",""
"3933395406530","08004","小児歯科","2","14:00","18:00","14:00","18:00","14:00","18:00","","","14:00","18:00","14:00","18:00","","","","","14:00","17:30","14:00","17:30","14:00","17:30","","","14:00","17:30","14:00","17:30","","","","",""
"3933395406530","08004","小児歯科","3","","","","","","","","","","","","","","","","","","","","","","","","","","","","","","","","","空欄にした: 月_診療 00:00-00:00（開始と終了が同じ） / 空欄にした: 火_診療 00:00-00:00（開始と終了が同じ） / 空欄にした: 水_診療 00:00-00:00（開始と終了が同じ） / 空欄にした: 金_診療 00:00-00:00（開始と終了が同じ） / 空欄にした: 土_診療 00:00-00:00（開始と終了が同じ） / 空欄にした: 月_外来受付 00:00-00:00（開始と終了が同じ） / 空欄にした: 火_外来受付 00:00-00:00（開始と終了が同じ） / 空欄にした: 水_外来受付 00:00-00:00（開始と終了が同じ） / 空欄にした: 金_外来受付 00:00-00:00（開始と終了が同じ） / 空欄にした: 土_外来受付 00:00-00:00（開始と終了が同じ）"
"3933395406660","08001","歯科","1","09:00","13:00","09:00","13:00","09:00","13:00","09:00","13:00","09:00","13:00","09:00","13:00","","","","","09:00","19:00","09:00","19:00","09:00","19:00","09:00","19:00","09:00","19:00","09:00","13:00","","","","",""
"3933395406660","08001","歯科","2","14:30","19:00","14:30","19:00","14:30","19:00","14:30","19:00","14:30","19:00","","","","","","","","","","","","","","","","","","","","","","",""
"3933395406660","08001","歯科","3","","","","","","","","","","","","","","","","","","","","","","","","","","","","","","","","",""
"3933395406660","08004","小児歯科","1","09:00","13:00","09:00","13:00","09:00","13:00","09:00","13:00","09:00","13:00","09:00","13:00","","","","","09:00","19:00","09:00","19:00","09:00","19:00","09:00","19:00","09:00","19:00","09:00","13:00","","","","",""
"3933395406660","08004","小児歯科","2","14:30","19:00","14:30","19:00","14:30","19:00","14:30","19:00","14:30","19:00","","","","","","","","","","","","","","","","","","","","","","",""
"3933395406660","08004","小児歯科","3","","","","","","","","","","","","","","","","","","","","","","","","","","","","","","","","",""
"3933395406790","08001","歯科","1","09:00","12:00","09:00","12:00","09:00","12:00","09:00","12:00","09:00","12:00","09:00","12:00","","","","","08:30","12:00","08:30","12:00","08:30","12:00","08:30","12:00","08:30","12:00","08:30","12:00","","","","",""
"3933395406790","08001","歯科","2","14:00","18:30","14:00","18:30","14:00","18:30","","","14:00","18:30","14:00","17:00","","","","","14:00","18:30","14:00","18:30","14:00","18:30","","","14:00","18:30","14:00","18:30","","","","",""
"3933395406790","08001","歯科","3","","","","","","","","","","","","","","","","","","","","","","","","","","","","","","","","",""
"3933395406790","08004","小児歯科","1","09:00","12:00","09:00","12:00","09:00","12:00","09:00","12:00","09:00","12:00","09:00","12:00","","","","","08:30","12:00","08:30","12:00","08:30","12:00","08:30","12:00","08:30","12:00","08:30","12:00","","","","",""
"3933395406790","08004","小児歯科","2","14:00","18:30","14:00","18:30","14:00","18:30","","","14:00","18:30","14:00","18:30","","","","","14:00","18:30","14:00","18:30","14:00","18:30","","","14:00","18:30","14:00","18:30","","","","",""
"3933395406790","08004","小児歯科","3","","","","","","","","","","","","","","","","","","","","","","","","","","","","","","","","",""
"3933395406820","08001","歯科","1","09:00","12:00","09:00","12:00","09:00","12:00","09:00","12:00","09:00","12:00","","","","","","","09:00","12:00","09:00","12:00","09:00","12:00","09:00","12:00","09:00","12:00","","","","","","",""
"3933395406820","08001","歯科","2","13:30","19:00","13:30","19:00","13:30","19:00","13:30","19:00","13:30","19:00","","","","","","","13:30","19:00","13:30","19:00","13:30","19:00","13:30","19:00","13:30","19:00","","","","","","",""
"3933395406820","08001","歯科","3","","","","","","","","","","","","","","","","","","","","","","","","","","","","","","","","",""
"3933395406950","08001","歯科","1","","","09:00","12:00","","","","","","","","","","","","","","","09:00","11:30","","","","","","","","","","","","",""
"3933395406950","08001","歯科","2","","","","","","","","","","","","","","","","","","","","","","","","","","","","","","","","","空欄にした: 火_診療 00:00-00:00（開始と終了が同じ） / 空欄にした: 火_外来受付 00:00-00:00（開始と終了が同じ）"
"3933395406950","08001","歯科","3","","","","","","","","","","","","","","","","","","","","","","","","","","","","","","","","","空欄にした: 火_診療 00:00-00:00（開始と終了が同じ） / 空欄にした: 火_外来受付 00:00-00:00（開始と終了が同じ）"
"3933395406950","08003","歯科口腔外科","1","","","","","","","","","","","","","","","","","","","","","","","","","","","","","","","","",""
"3933395406950","08003","歯科口腔外科","2","","","","","","","","","","","","","","","","","","","","","","","","","","","","","","","","",""
"3933395406950","08003","歯科口腔外科","3","","","","","","","","","","","","","","","","","","","","","","","","","","","","","","","","",""
"3933395406950","08004","小児歯科","1","","","09:00","12:00","","","","","","","","","","","","","","","","","","","","","","","","","","","","","空欄にした: 火_外来受付 00:00-00:00（開始と終了が同じ）"
"3933395406950","08004","小児歯科","2","","","","","","","","","","","","","","","","","","","","","","","","","","","","","","","","","空欄にした: 火_診療 00:00-00:00（開始と終了が同じ） / 空欄にした: 火_外来受付 00:00-00:00（開始と終了が同じ）"
"3933395406950","08004","小児歯科","3","","","","","","","","","","","","","","","","","","","","","","","","","","","","","","","","","空欄にした: 火_診療 00:00-00:00（開始と終了が同じ） / 空欄にした: 火_外来受付 00:00-00:00（開始と終了が同じ）"
"3933395407090","08001","歯科","1","09:00","13:00","09:00","13:00","09:00","13:00","09:00","13:00","09:00","13:00","09:00","13:00","","","","","09:00","13:00","09:00","13:00","09:00","13:00","09:00","13:00","09:00","13:00","09:00","13:00","","","","",""
"3933395407090","08001","歯科","2","14:30","17:00","14:30","17:00","","","14:30","17:00","14:30","17:00","","","","","","","14:30","16:30","14:30","16:30","","","14:30","16:30","14:30","16:30","","","","","","",""
"3933395407090","08001","歯科","3","","","","","","","","","","","","","","","","","","","","","","","","","","","","","","","","",""
"3933395407410","08001","歯科","1","09:00","12:30","09:00","12:30","09:00","12:30","","","09:00","12:30","09:00","12:30","","","","","","","","","","","","","","","","","","","","",""
"3933395407410","08001","歯科","2","14:30","17:50","14:30","17:50","14:30","17:50","","","14:30","17:50","14:30","17:50","","","","","","","","","","","","","","","","","","","","",""
"3933395407410","08001","歯科","3","","","","","","","","","","","","","","","","","","","","","","","","","","","","","","","","",""
"3933395407700","08001","歯科","1","09:00","12:30","09:00","12:30","09:00","12:30","09:00","12:30","09:00","12:30","09:00","12:30","","","","","09:00","12:30","09:00","12:30","09:00","12:30","09:00","12:30","09:00","12:30","09:00","12:30","","","","",""
"3933395407700","08001","歯科","2","14:00","17:00","14:00","17:00","14:00","17:00","14:00","17:00","14:00","17:00","14:00","17:00","","","","","14:00","17:00","14:00","17:00","14:00","17:00","14:00","17:00","14:00","17:00","14:00","17:00","","","","",""
"3933395407700","08001","歯科","3","","","","","","","","","","","","","","","","","","","","","","","","","","","","","","","","",""
"3933395407830","08001","歯科","1","08:30","12:30","08:30","12:30","08:30","12:30","","","08:30","12:30","08:30","12:30","","","","","08:30","12:15","08:30","12:15","08:30","12:15","","","08:30","12:15","08:30","12:15","","","","",""
"3933395407830","08001","歯科","2","14:00","17:30","14:00","17:30","14:00","17:30","","","14:00","17:30","14:00","16:00","","","","","14:00","17:15","14:00","17:15","14:00","17:15","","","14:00","17:15","14:00","15:30","","","","",""
"3933395407830","08001","歯科","3","","","","","","","","","","","","","","","","","","","","","","","","","","","","","","","","",""
"3933395407830","08004","小児歯科","1","08:30","12:30","08:30","12:30","08:30","12:30","","","08:30","12:30","08:30","12:30","","","","","08:30","12:15","08:30","12:15","08:30","12:15","","","08:30","12:15","08:30","12:15","","","","",""
"3933395407830","08004","小児歯科","2","14:00","17:30","14:00","17:30","14:00","17:30","","","14:00","17:30","14:00","17:30","","","","","14:00","17:15","14:00","17:15","14:00","17:15","","","14:00","17:15","14:00","15:30","","","","",""
"3933395407830","08004","小児歯科","3","","","","","","","","","","","","","","","","","","","","","","","","","","","","","","","","",""
"3933395408130","08001","歯科","1","09:00","13:00","09:00","12:00","09:00","13:00","","","09:00","12:00","09:00","14:00","","","","","","","","","","","","","","","","","","","","",""
"3933395408130","08001","歯科","2","14:00","17:00","14:00","18:00","14:00","17:00","","","14:00","18:00","","","","","","","","","","","","","","","","","","","","","","",""
"3933395408130","08001","歯科","3","","","","","","","","","","","","","","","","","","","","","","","","","","","","","","","","",""
"3933395408130","08003","歯科口腔外科","1","","","","","","","","","","","","","","","","","","","","","","","","","","","","","","","","",""
"3933395408130","08003","歯科口腔外科","2","","","","","","","","","","","","","","","","","","","","","","","","","","","","","","","","",""
"3933395408130","08003","歯科口腔外科","3","","","","","","","","","","","","","","","","","","","","","","","","","","","","","","","","",""
"3933395408130","08004","小児歯科","1","","","","","","","","","","","","","","","","","","","","","","","","","","","","","","","","",""
"3933395408130","08004","小児歯科","2","","","","","","","","","","","","","","","","","","","","","","","","","","","","","","","","",""
"3933395408130","08004","小児歯科","3","","","","","","","","","","","","","","","","","","","","","","","","","","","","","","","","",""
"3933395500210","08001","歯科","1","09:00","12:30","09:00","12:30","09:00","12:30","09:00","12:30","09:00","12:30","09:00","12:30","","","","","09:00","12:30","09:00","12:30","09:00","12:30","09:00","12:30","09:00","12:30","09:00","12:30","","","","",""
"3933395500210","08001","歯科","2","14:00","17:30","14:00","17:30","14:00","17:30","14:00","17:30","14:00","17:30","14:00","17:30","","","","","14:00","17:30","14:00","17:30","14:00","17:30","14:00","17:30","14:00","17:30","14:00","17:30","","","","",""
"3933395500210","08001","歯科","3","","","","","","","","","","","","","","","","","","","","","","","","","","","","","","","","",""
"3933395500210","08004","小児歯科","1","09:00","12:30","09:00","12:30","09:00","12:30","09:00","12:30","09:00","12:30","09:00","12:30","","","","","09:00","12:30","09:00","12:30","09:00","12:30","09:00","12:30","09:00","12:30","09:00","12:30","","","","",""
"3933395500210","08004","小児歯科","2","14:00","17:30","14:00","17:30","14:00","17:30","14:00","17:30","14:00","17:30","14:00","17:30","","","","","14:00","17:30","14:00","17:30","14:00","17:30","14:00","17:30","14:00","17:30","14:00","17:30","","","","",""
"3933395500210","08004","小児歯科","3","","","","","","","","","","","","","","","","","","","","","","","","","","","","","","","","",""
"3933395500470","08001","歯科","1","09:00","12:00","09:00","12:00","09:00","12:00","09:00","12:00","09:00","12:00","08:30","12:00","","","","","08:30","11:00","08:30","11:00","08:30","11:00","08:30","11:00","08:30","11:00","08:30","11:00","","","","",""
"3933395500470","08001","歯科","2","15:00","18:00","15:00","18:00","15:00","18:00","15:00","18:00","15:00","18:00","","","","","","","14:30","17:30","14:30","17:30","14:30","17:30","14:30","17:30","14:30","17:30","","","","","","",""
"3933395500470","08001","歯科","3","","","","","","","","","","","","","","","","","","","","","","","","","","","","","","","","",""
"3933395500890","08001","歯科","1","09:00","12:00","09:00","12:00","09:00","12:00","","","09:00","12:00","09:00","12:00","","","","","09:00","11:30","09:00","11:30","09:00","11:30","","","09:00","11:30","09:00","11:30","","","","",""
"3933395500890","08001","歯科","2","13:30","19:00","13:30","19:00","13:30","19:00","","","13:30","19:00","13:30","17:00","","","","","13:30","18:30","13:30","18:30","13:30","18:30","","","13:30","18:30","13:30","16:30","","","","",""
"3933395500890","08001","歯科","3","","","","","","","","","","","","","","","","","","","","","","","","","","","","","","","","",""
"3933395500890","08003","歯科口腔外科","1","09:00","12:00","09:00","12:00","09:00","12:00","","","09:00","12:00","09:00","12:00","","","","","09:00","11:30","09:00","11:30","09:00","11:30","","","09:00","11:30","09:00","11:30","","","","",""
"3933395500890","08003","歯科口腔外科","2","13:30","19:00","13:30","19:00","13:30","19:00","","","13:30","19:00","13:30","17:00","","","","","13:30","18:30","13:30","18:30","13:30","18:30","","","13:30","18:30","13:30","16:30","","","","",""
"3933395500890","08003","歯科口腔外科","3","","","","","","","","","","","","","","","","","","","","","","","","","","","","","","","","",""
"3933395500890","08004","小児歯科","1","09:00","12:00","09:00","12:00","09:00","12:00","","","09:00","12:00","09:00","12:00","","","","","09:00","11:30","09:00","11:30","09:00","11:30","","","09:00","11:30","09:00","11:30","","","","",""
"3933395500890","08004","小児歯科","2","13:30","19:00","13:30","19:00","13:30","19:00","","","13:30","19:00","13:30","17:00","","","","","13:30","18:30","13:30","18:30","13:30","18:30","","","13:30","18:30","13:30","16:30","","","","",""
"3933395500890","08004","小児歯科","3","","","","","","","","","","","","","","","","","","","","","","","","","","","","","","","","",""
"3933395500920","08001","歯科","1","09:00","12:00","09:00","12:00","09:00","12:00","","","09:00","12:00","09:00","12:00","","","","","09:00","11:30","09:00","11:30","09:00","11:30","","","09:00","11:30","09:00","11:30","","","","",""
"3933395500920","08001","歯科","2","14:00","18:30","14:00","18:30","14:00","18:30","","","14:00","18:30","13:00","17:00","","","","","14:00","18:00","14:00","18:00","14:00","18:00","","","14:00","18:00","13:00","16:30","","","","",""
"3933395500920","08001","歯科","3","","","","","","","","","","","","","","","","","","","","","","","","","","","","","","","","",""
"3933395500920","08002","矯正歯科","1","09:00","12:00","09:00","12:00","09:00","12:00","","","09:00","12:00","09:00","12:00","","","","","09:00","11:30","09:00","11:30","09:00","11:30","","","09:00","11:30","09:00","11:30","","","","",""
"3933395500920","08002","矯正歯科","2","14:00","18:30","14:00","18:30","14:00","18:30","","","14:00","18:30","13:00","17:00","","","","","14:00","18:00","14:00","18:00","14:00","18:00","","","14:00","18:00","13:00","16:30","","","","",""
"3933395500920","08002","矯正歯科","3","","","","","","","","","","","","","","","","","","","","","","","","","","","","","","","","",""
"3933395500920","08003","歯科口腔外科","1","09:00","12:00","09:00","12:00","09:00","12:00","","","09:00","12:00","09:00","12:00","","","","","09:00","11:30","09:00","11:30","09:00","11:30","","","09:00","11:30","09:00","11:30","","","","",""
"3933395500920","08003","歯科口腔外科","2","14:00","18:30","14:00","18:30","13:30","18:30","","","14:00","18:30","13:00","17:00","","","","","14:00","18:00","14:00","18:00","14:00","18:00","","","14:00","18:00","13:00","16:30","","","","",""
"3933395500920","08003","歯科口腔外科","3","","","","","","","","","","","","","","","","","","","","","","","","","","","","","","","","",""
"3933395500920","08004","小児歯科","1","09:00","12:00","09:00","12:00","09:00","12:00","","","09:00","12:00","09:00","12:00","","","","","09:00","12:00","09:00","12:00","09:00","12:00","09:00","12:00","09:00","12:00","09:00","12:00","","","","",""
"3933395500920","08004","小児歯科","2","14:00","18:30","14:00","18:30","14:00","18:30","","","14:00","18:30","13:00","17:00","","","","","14:00","18:00","14:00","18:00","14:00","18:00","","","14:00","18:00","13:00","16:30","","","","",""
"3933395500920","08004","小児歯科","3","","","","","","","","","","","","","","","","","","","","","","","","","","","","","","","","",""
"3933395500920","08005","小児矯正歯科","1","09:00","12:00","09:00","12:00","09:00","12:00","","","09:00","12:00","09:00","12:00","","","","","09:00","11:30","09:00","11:30","09:00","11:30","","","09:00","11:30","09:00","11:30","","","","",""
"3933395500920","08005","小児矯正歯科","2","14:00","18:30","14:00","18:30","14:00","18:30","","","14:00","18:30","14:00","18:30","","","","","14:00","18:00","14:00","18:00","14:00","18:00","","","14:00","18:00","14:00","16:30","","","","",""
"3933395500920","08005","小児矯正歯科","3","","","","","","","","","","","","","","","","","","","","","","","","","","","","","","","","",""
"3933395501190","08001","歯科","1","08:30","12:00","08:30","12:00","08:30","12:00","08:30","12:00","08:30","12:00","08:30","12:00","","","","","08:15","11:30","08:15","11:30","08:15","11:30","08:15","11:30","08:15","11:30","08:15","11:30","","","","",""
"3933395501190","08001","歯科","2","13:30","17:00","13:30","17:00","13:30","17:00","","","13:30","17:00","","","","","","","13:15","16:00","13:15","16:00","13:15","16:00","","","13:15","16:00","","","","","","",""
"3933395501190","08001","歯科","3","","","","","","","","","","","","","","","","","","","","","","","","","","","","","","","","",""
"3933395501220","08001","歯科","1","09:30","12:00","09:30","12:00","09:30","12:00","09:30","12:00","09:30","12:00","09:30","12:00","","","","","09:30","12:00","09:30","12:00","09:30","12:00","09:30","12:00","09:30","12:00","09:30","12:00","","","","",""
"3933395501220","08001","歯科","2","14:00","18:00","14:00","18:00","14:00","18:00","","","14:00","18:00","","","","","","","14:00","18:00","14:00","18:00","14:00","18:00","","","14:00","18:00","","","","","","",""
"3933395501220","08001","歯科","3","","","","","","","","","","","","","","","","","","","","","","","","","","","","","","","","",""
"3933395501480","08001","歯科","1","09:00","12:15","09:00","12:15","09:00","12:15","08:45","12:15","09:00","12:15","08:45","12:15","","","","","08:45","12:00","08:45","12:00","08:45","12:00","08:45","12:00","08:45","12:00","08:45","12:00","","","","",""
"3933395501480","08001","歯科","2","14:00","18:15","14:00","18:15","14:00","18:15","","","14:00","18:15","","","","","","","14:00","18:00","14:00","18:00","14:00","18:00","","","14:00","18:00","","","","","","",""
"3933395501480","08001","歯科","3","","","","","","","13:00","16:00","","","13:00","16:00","","","","","","","","","","","13:00","16:00","","","13:00","16:00","","","","",""
"3933395501480","08003","歯科口腔外科","1","","","","","","","","","","","","","","","","","","","","","","","","","","","","","","","","",""
"3933395501480","08003","歯科口腔外科","2","","","","","","","","","","","","","","","","","","","","","","","","","","","","","","","","",""
"3933395501480","08003","歯科口腔外科","3","","","","","","","","","","","","","","","","","","","","","","","","","","","","","","","","",""
"3933395501480","08004","小児歯科","1","09:00","12:15","09:00","12:15","09:00","12:15","08:45","12:15","09:00","12:15","08:45","12:15","","","","","08:45","12:00","08:45","12:00","08:45","12:00","08:45","12:00","08:45","12:00","08:45","12:00","","","","",""
"3933395501480","08004","小児歯科","2","14:00","18:15","14:00","18:15","14:00","18:15","","","14:00","18:15","","","","","","","14:00","18:00","14:00","18:00","14:00","18:00","","","14:00","18:00","","","","","","",""
"3933395501480","08004","小児歯科","3","","","","","","","13:00","16:00","","","13:00","16:00","","","","","","","","","","","13:00","16:00","","","13:00","16:00","","","","",""
"3933395501770","08001","歯科","1","09:00","13:00","09:00","13:00","","","09:00","13:00","09:00","13:00","09:00","13:00","","","","","09:00","13:00","09:00","13:00","","","09:00","13:00","09:00","13:00","09:00","13:00","","","","",""
"3933395501770","08001","歯科","2","14:00","18:00","14:00","18:00","","","14:00","18:00","14:00","18:00","14:00","17:00","","","","","14:00","18:00","14:00","18:00","","","14:00","18:00","14:00","18:00","14:00","17:00","","","","",""
"3933395501770","08001","歯科","3","","","","","","","","","","","","","","","","","","","","","","","","","","","","","","","","",""
"3933395501800","08001","歯科","1","09:00","12:00","09:00","12:00","09:00","12:00","","","09:00","12:00","09:00","12:00","","","","","08:30","11:30","08:30","11:30","08:30","11:30","","","08:30","11:30","08:30","11:30","","","","",""
"3933395501800","08001","歯科","2","13:00","17:00","13:00","17:00","13:00","17:00","","","13:00","17:00","13:00","17:00","","","","","13:00","17:00","13:00","17:00","13:00","17:00","","","13:00","17:00","13:00","17:00","","","","",""
"3933395501800","08001","歯科","3","","","","","","","","","","","","","","","","","","","","","","","","","","","","","","","","","空欄にした: 月_診療 00:00-00:00（開始と終了が同じ） / 空欄にした: 火_診療 00:00-00:00（開始と終了が同じ） / 空欄にした: 水_診療 00:00-00:00（開始と終了が同じ） / 空欄にした: 金_診療 00:00-00:00（開始と終了が同じ） / 空欄にした: 土_診療 00:00-00:00（開始と終了が同じ） / 空欄にした: 月_外来受付 00:00-00:00（開始と終了が同じ） / 空欄にした: 火_外来受付 00:00-00:00（開始と終了が同じ） / 空欄にした: 水_外来受付 00:00-00:00（開始と終了が同じ） / 空欄にした: 金_外来受付 00:00-00:00（開始と終了が同じ） / 空欄にした: 土_外来受付 00:00-00:00（開始と終了が同じ）"
"3933395501800","08003","歯科口腔外科","1","09:00","12:00","09:00","12:00","09:00","12:00","","","09:00","12:00","09:00","12:00","","","","","08:30","11:30","08:30","11:30","08:30","11:30","","","08:30","11:30","08:30","11:30","","","","",""
"3933395501800","08003","歯科口腔外科","2","13:00","17:00","13:00","17:00","13:00","17:00","","","13:00","17:00","13:00","17:00","","","","","13:00","17:00","13:00","17:00","13:00","17:00","","","13:00","17:00","13:00","17:00","","","","",""
"3933395501800","08003","歯科口腔外科","3","","","","","","","","","","","","","","","","","","","","","","","","","","","","","","","","","空欄にした: 月_診療 00:00-00:00（開始と終了が同じ） / 空欄にした: 火_診療 00:00-00:00（開始と終了が同じ） / 空欄にした: 水_診療 00:00-00:00（開始と終了が同じ） / 空欄にした: 金_診療 00:00-00:00（開始と終了が同じ） / 空欄にした: 土_診療 00:00-00:00（開始と終了が同じ） / 空欄にした: 月_外来受付 00:00-00:00（開始と終了が同じ） / 空欄にした: 火_外来受付 00:00-00:00（開始と終了が同じ） / 空欄にした: 水_外来受付 00:00-00:00（開始と終了が同じ） / 空欄にした: 金_外来受付 00:00-00:00（開始と終了が同じ） / 空欄にした: 土_外来受付 00:00-00:00（開始と終了が同じ）"
"3933395501800","08004","小児歯科","1","09:00","12:00","09:00","12:00","09:00","12:00","","","09:00","12:00","09:00","12:00","","","","","08:30","11:30","08:30","11:30","08:30","11:30","","","08:30","11:30","08:30","11:30","","","","",""
"3933395501800","08004","小児歯科","2","13:00","17:00","13:00","17:00","13:00","17:00","","","13:00","17:00","13:00","17:00","","","","","13:00","17:00","13:00","17:00","13:00","17:00","","","13:00","17:00","13:00","17:00","","","","",""
"3933395501800","08004","小児歯科","3","","","","","","","","","","","","","","","","","","","","","","","","","","","","","","","","","空欄にした: 月_診療 00:00-00:00（開始と終了が同じ） / 空欄にした: 火_診療 00:00-00:00（開始と終了が同じ） / 空欄にした: 水_診療 00:00-00:00（開始と終了が同じ） / 空欄にした: 金_診療 00:00-00:00（開始と終了が同じ） / 空欄にした: 土_診療 00:00-00:00（開始と終了が同じ） / 空欄にした: 月_外来受付 00:00-00:00（開始と終了が同じ） / 空欄にした: 火_外来受付 00:00-00:00（開始と終了が同じ） / 空欄にした: 水_外来受付 00:00-00:00（開始と終了が同じ） / 空欄にした: 金_外来受付 00:00-00:00（開始と終了が同じ） / 空欄にした: 土_外来受付 00:00-00:00（開始と終了が同じ）"
"3933395501930","08001","歯科","1","08:30","11:30","08:30","11:30","08:30","11:30","08:30","11:30","08:30","11:30","08:30","11:30","","","","","08:30","11:30","08:30","11:30","08:30","11:30","08:30","11:30","08:30","11:30","08:30","11:30","","","","",""
"3933395501930","08001","歯科","2","13:30","17:30","13:30","17:30","13:30","17:30","13:30","17:30","13:30","17:30","","","","","","","13:30","17:30","13:30","17:30","13:30","17:30","13:30","17:30","13:30","17:30","","","","","","",""
"3933395501930","08001","歯科","3","","","","","","","","","","","","","","","","","","","","","","","","","","","","","","","","",""
"3933395502070","08001","歯科","1","09:00","12:30","09:00","12:30","09:00","12:30","","","09:00","12:30","09:00","12:30","","","","","09:00","12:30","09:00","12:30","09:00","12:30","","","09:00","12:30","09:00","12:30","","","","",""
"3933395502070","08001","歯科","2","14:00","17:30","14:00","17:30","14:00","17:30","","","14:00","17:30","14:00","17:30","","","","","14:00","17:30","14:00","17:30","14:00","17:30","","","14:00","17:30","14:00","17:30","","","","",""
"3933395502070","08001","歯科","3","","","","","","","","","","","","","","","","","","","","","","","","","","","","","","","","","空欄にした: 月_診療 00:00-00:00（開始と終了が同じ） / 空欄にした: 火_診療 00:00-00:00（開始と終了が同じ） / 空欄にした: 水_診療 00:00-00:00（開始と終了が同じ） / 空欄にした: 金_診療 00:00-00:00（開始と終了が同じ） / 空欄にした: 土_診療 00:00-00:00（開始と終了が同じ） / 空欄にした: 月_外来受付 00:00-00:00（開始と終了が同じ） / 空欄にした: 火_外来受付 00:00-00:00（開始と終了が同じ） / 空欄にした: 水_外来受付 00:00-00:00（開始と終了が同じ） / 空欄にした: 金_外来受付 00:00-00:00（開始と終了が同じ） / 空欄にした: 土_外来受付 00:00-00:00（開始と終了が同じ）"
"3933395502070","08003","歯科口腔外科","1","09:00","12:30","09:00","12:30","09:00","12:30","","","09:00","12:30","09:00","12:30","","","","","09:00","12:30","09:00","12:30","09:00","12:30","","","09:00","12:30","09:00","12:30","","","","",""
"3933395502070","08003","歯科口腔外科","2","14:00","17:30","14:00","17:30","14:00","17:30","","","14:00","17:30","14:00","17:30","","","","","14:00","17:30","14:00","17:30","14:00","17:30","","","14:00","17:30","14:00","17:30","","","","",""
"3933395502070","08003","歯科口腔外科","3","","","","","","","","","","","","","","","","","","","","","","","","","","","","","","","","","空欄にした: 月_診療 00:00-00:00（開始と終了が同じ） / 空欄にした: 火_診療 00:00-00:00（開始と終了が同じ） / 空欄にした: 水_診療 00:00-00:00（開始と終了が同じ） / 空欄にした: 金_診療 00:00-00:00（開始と終了が同じ） / 空欄にした: 土_診療 00:00-00:00（開始と終了が同じ） / 空欄にした: 月_外来受付 00:00-00:00（開始と終了が同じ） / 空欄にした: 火_外来受付 00:00-00:00（開始と終了が同じ） / 空欄にした: 水_外来受付 00:00-00:00（開始と終了が同じ） / 空欄にした: 金_外来受付 00:00-00:00（開始と終了が同じ） / 空欄にした: 土_外来受付 00:00-00:00（開始と終了が同じ）"
"3933395502070","08004","小児歯科","1","09:00","12:30","09:00","12:30","09:00","12:30","","","09:00","12:30","09:00","12:30","","","","","09:00","12:30","09:00","12:30","09:00","12:30","","","09:00","12:30","09:00","12:30","","","","",""
"3933395502070","08004","小児歯科","2","14:00","17:30","14:00","17:30","14:00","17:30","","","14:00","17:30","14:00","17:30","","","","","14:00","17:30","14:00","17:30","14:00","17:30","","","14:00","17:30","14:00","17:30","","","","",""
"3933395502070","08004","小児歯科","3","","","","","","","","","","","","","","","","","","","","","","","","","","","","","","","","","空欄にした: 月_診療 00:00-00:00（開始と終了が同じ） / 空欄にした: 火_診療 00:00-00:00（開始と終了が同じ） / 空欄にした: 水_診療 00:00-00:00（開始と終了が同じ） / 空欄にした: 金_診療 00:00-00:00（開始と終了が同じ） / 空欄にした: 土_診療 00:00-00:00（開始と終了が同じ） / 空欄にした: 月_外来受付 00:00-00:00（開始と終了が同じ） / 空欄にした: 火_外来受付 00:00-00:00（開始と終了が同じ） / 空欄にした: 水_外来受付 00:00-00:00（開始と終了が同じ） / 空欄にした: 金_外来受付 00:00-00:00（開始と終了が同じ） / 空欄にした: 土_外来受付 00:00-00:00（開始と終了が同じ）"
"3933395502100","08001","歯科","1","","","08:30","12:00","08:30","12:00","","","08:30","12:00","08:30","12:00","","","","","","","08:30","12:00","08:30","12:00","","","08:30","12:00","08:30","12:00","","","","",""
"3933395502100","08001","歯科","2","","","13:00","17:30","13:00","17:30","","","13:00","17:30","13:00","17:30","","","","","","","13:00","16:30","13:00","16:30","","","13:00","16:30","13:00","16:30","","","","",""
"3933395502100","08001","歯科","3","","","","","","","","","","","","","","","","","","","","","","","","","","","","","","","","",""
"3933395502230","08001","歯科","1","09:00","18:00","09:00","18:00","09:00","18:00","","","09:00","18:00","09:00","18:00","","","","","","","","","","","","","","","","","","","","","空欄にした: 月_外来受付 00:00-00:00（開始と終了が同じ） / 空欄にした: 火_外来受付 00:00-00:00（開始と終了が同じ） / 空欄にした: 水_外来受付 00:00-00:00（開始と終了が同じ） / 空欄にした: 金_外来受付 00:00-00:00（開始と終了が同じ） / 空欄にした: 土_外来受付 00:00-00:00（開始と終了が同じ）"
"3933395502230","08001","歯科","2","","","","","","","","","","","","","","","","","","","","","","","","","","","","","","","","","空欄にした: 月_診療 00:00-00:00（開始と終了が同じ） / 空欄にした: 火_診療 00:00-00:00（開始と終了が同じ） / 空欄にした: 水_診療 00:00-00:00（開始と終了が同じ） / 空欄にした: 金_診療 00:00-00:00（開始と終了が同じ） / 空欄にした: 土_診療 00:00-00:00（開始と終了が同じ） / 空欄にした: 月_外来受付 00:00-00:00（開始と終了が同じ） / 空欄にした: 火_外来受付 00:00-00:00（開始と終了が同じ） / 空欄にした: 水_外来受付 00:00-00:00（開始と終了が同じ） / 空欄にした: 金_外来受付 00:00-00:00（開始と終了が同じ） / 空欄にした: 土_外来受付 00:00-00:00（開始と終了が同じ）"
"3933395502230","08001","歯科","3","","","","","","","","","","","","","","","","","","","","","","","","","","","","","","","","","空欄にした: 月_診療 00:00-00:00（開始と終了が同じ） / 空欄にした: 火_診療 00:00-00:00（開始と終了が同じ） / 空欄にした: 水_診療 00:00-00:00（開始と終了が同じ） / 空欄にした: 金_診療 00:00-00:00（開始と終了が同じ） / 空欄にした: 土_診療 00:00-00:00（開始と終了が同じ） / 空欄にした: 月_外来受付 00:00-00:00（開始と終了が同じ） / 空欄にした: 火_外来受付 00:00-00:00（開始と終了が同じ） / 空欄にした: 水_外来受付 00:00-00:00（開始と終了が同じ） / 空欄にした: 金_外来受付 00:00-00:00（開始と終了が同じ） / 空欄にした: 土_外来受付 00:00-00:00（開始と終了が同じ）"
"3933395600240","08001","歯科","1","08:30","11:30","08:30","11:30","","","08:30","11:30","08:30","11:30","08:30","11:30","","","","","08:30","11:30","08:30","11:30","","","08:30","11:30","08:30","11:30","08:30","11:30","","","","",""
"3933395600240","08001","歯科","2","14:00","18:00","15:00","19:00","","","15:00","19:00","14:00","18:00","14:00","17:00","","","","","14:00","18:00","15:00","19:00","","","15:00","19:00","14:00","18:00","14:00","17:00","","","","",""
"3933395600240","08001","歯科","3","","","","","","","","","","","","","","","","","","","","","","","","","","","","","","","","","空欄にした: 月_診療 00:00-00:00（開始と終了が同じ） / 空欄にした: 火_診療 00:00-00:00（開始と終了が同じ） / 空欄にした: 木_診療 00:00-00:00（開始と終了が同じ） / 空欄にした: 金_診療 00:00-00:00（開始と終了が同じ） / 空欄にした: 土_診療 00:00-00:00（開始と終了が同じ） / 空欄にした: 月_外来受付 00:00-00:00（開始と終了が同じ） / 空欄にした: 火_外来受付 00:00-00:00（開始と終了が同じ） / 空欄にした: 木_外来受付 00:00-00:00（開始と終了が同じ） / 空欄にした: 金_外来受付 00:00-00:00（開始と終了が同じ） / 空欄にした: 土_外来受付 00:00-00:00（開始と終了が同じ）"
"3933395600820","08001","歯科","1","08:30","11:30","08:30","11:30","08:30","11:30","08:30","11:30","08:30","11:30","08:30","12:00","","","","","08:30","11:30","08:30","11:30","08:30","11:30","08:30","11:30","08:30","11:30","08:30","11:30","","","","",""
"3933395600820","08001","歯科","2","13:30","17:00","13:30","17:00","13:30","17:00","13:30","17:00","13:30","17:00","","","","","","","13:30","16:30","13:30","16:30","13:30","16:30","13:30","16:30","13:30","16:30","","","","","","",""
"3933395600820","08001","歯科","3","","","","","","","","","","","","","","","","","","","","","","","","","","","","","","","","",""
"3933395601120","08001","歯科","1","09:00","12:00","09:00","12:00","09:00","12:00","09:00","12:00","09:00","12:00","","","","","","","09:00","12:00","09:00","12:00","09:00","12:00","09:00","12:00","09:00","12:00","","","","","","",""
"3933395601120","08001","歯科","2","14:30","18:30","14:30","18:30","14:30","18:30","14:30","18:30","14:30","18:30","","","","","","","14:30","18:00","14:30","18:00","14:30","18:00","14:30","18:00","14:30","18:00","","","","","","",""
"3933395601120","08001","歯科","3","","","","","","","","","","","","","","","","","","","","","","","","","","","","","","","","","空欄にした: 月_診療 00:00-00:00（開始と終了が同じ） / 空欄にした: 火_診療 00:00-00:00（開始と終了が同じ） / 空欄にした: 水_診療 00:00-00:00（開始と終了が同じ） / 空欄にした: 木_診療 00:00-00:00（開始と終了が同じ） / 空欄にした: 金_診療 00:00-00:00（開始と終了が同じ） / 空欄にした: 月_外来受付 00:00-00:00（開始と終了が同じ） / 空欄にした: 火_外来受付 00:00-00:00（開始と終了が同じ） / 空欄にした: 水_外来受付 00:00-00:00（開始と終了が同じ） / 空欄にした: 木_外来受付 00:00-00:00（開始と終了が同じ） / 空欄にした: 金_外来受付 00:00-00:00（開始と終了が同じ）"
"3933395601250","08001","歯科","1","09:00","12:30","09:00","12:30","09:00","12:30","09:00","12:30","09:00","12:30","","","","","","","09:00","12:30","09:00","12:30","09:00","12:30","09:00","12:30","09:00","12:30","","","","","","",""
"3933395601250","08001","歯科","2","14:00","18:00","14:00","18:00","14:00","18:00","14:00","18:00","14:00","18:00","","","","","","","14:00","18:00","14:00","18:00","14:00","18:00","14:00","18:00","14:00","18:00","","","","","","",""
"3933395601250","08001","歯科","3","","","","","","","","","","","","","","","","","","","","","","","","","","","","","","","","","空欄にした: 月_診療 00:00-00:00（開始と終了が同じ） / 空欄にした: 火_診療 00:00-00:00（開始と終了が同じ） / 空欄にした: 水_診療 00:00-00:00（開始と終了が同じ） / 空欄にした: 木_診療 00:00-00:00（開始と終了が同じ） / 空欄にした: 金_診療 00:00-00:00（開始と終了が同じ） / 空欄にした: 月_外来受付 00:00-00:00（開始と終了が同じ） / 空欄にした: 火_外来受付 00:00-00:00（開始と終了が同じ） / 空欄にした: 水_外来受付 00:00-00:00（開始と終了が同じ） / 空欄にした: 木_外来受付 00:00-00:00（開始と終了が同じ） / 空欄にした: 金_外来受付 00:00-00:00（開始と終了が同じ）"
"3933395601380","08001","歯科","1","09:00","13:00","09:00","13:00","09:00","13:00","","","09:00","13:00","09:00","13:00","","","","","09:00","12:30","09:00","12:30","09:00","12:30","","","09:00","12:30","09:00","12:30","","","","",""
"3933395601380","08001","歯科","2","14:30","18:00","14:30","18:00","14:30","18:00","","","14:30","18:00","14:30","18:00","","","","","14:30","17:30","14:30","17:30","14:30","17:30","","","14:30","17:30","14:30","17:30","","","","",""
"3933395601380","08001","歯科","3","","","","","","","","","","","","","","","","","","","","","","","","","","","","","","","","",""
"3933395601410","08001","歯科","1","09:00","12:00","09:00","12:00","09:00","12:00","","","09:00","12:00","09:00","12:00","","","","","09:00","12:00","09:00","12:00","09:00","12:00","","","09:00","12:00","09:00","12:00","","","","",""
"3933395601410","08001","歯科","2","14:30","18:30","14:30","18:30","14:30","18:30","","","14:30","18:30","14:30","17:30","","","","","14:30","18:30","14:30","18:30","14:30","18:30","","","14:30","18:30","14:30","17:30","","","","",""
"3933395601410","08001","歯科","3","","","","","","","","","","","","","","","","","","","","","","","","","","","","","","","","","空欄にした: 月_診療 00:00-00:00（開始と終了が同じ） / 空欄にした: 火_診療 00:00-00:00（開始と終了が同じ） / 空欄にした: 水_診療 00:00-00:00（開始と終了が同じ） / 空欄にした: 金_診療 00:00-00:00（開始と終了が同じ） / 空欄にした: 土_診療 00:00-00:00（開始と終了が同じ） / 空欄にした: 月_外来受付 00:00-00:00（開始と終了が同じ） / 空欄にした: 火_外来受付 00:00-00:00（開始と終了が同じ） / 空欄にした: 水_外来受付 00:00-00:00（開始と終了が同じ） / 空欄にした: 金_外来受付 00:00-00:00（開始と終了が同じ） / 空欄にした: 土_外来受付 00:00-00:00（開始と終了が同じ）"
"3933395601410","08004","小児歯科","1","","","","","","","","","","","","","","","","","","","","","","","","","","","","","","","","",""
"3933395601410","08004","小児歯科","2","","","","","","","","","","","","","","","","","","","","","","","","","","","","","","","","",""
"3933395601410","08004","小児歯科","3","","","","","","","","","","","","","","","","","","","","","","","","","","","","","","","","",""
"3933395601540","08001","歯科","1","09:00","12:30","09:00","12:30","09:00","12:30","09:00","12:30","09:00","12:30","09:00","12:30","","","","","09:00","11:30","09:00","11:30","09:00","11:30","09:00","11:30","09:00","11:30","09:00","11:30","","","","",""
"3933395601540","08001","歯科","2","14:00","18:00","14:00","18:00","14:00","18:00","","","14:00","18:00","14:00","16:00","","","","","14:00","17:30","14:00","17:30","14:00","17:30","","","14:00","17:30","14:00","16:00","","","","",""
"3933395601540","08001","歯科","3","","","","","","","","","","","","","","","","","","","","","","","","","","","","","","","","",""
"3933395700720","08001","歯科","1","08:30","12:00","08:30","12:00","08:30","12:00","08:30","12:00","08:30","12:00","08:30","12:00","","","","","08:30","12:00","08:30","12:00","08:30","12:00","08:30","12:00","08:30","12:00","08:30","12:00","","","","",""
"3933395700720","08001","歯科","2","14:00","18:00","14:00","18:00","14:00","18:00","14:00","18:00","14:00","18:00","","","","","","","14:00","18:00","14:00","18:00","14:00","18:00","14:00","18:00","14:00","18:00","","","","","","",""
"3933395700720","08001","歯科","3","","","","","","","","","","","","","","","","","","","","","","","","","","","","","","","","",""
"3933395700980","08001","歯科","1","09:00","11:30","09:00","11:30","09:00","11:30","09:00","11:00","09:00","11:30","09:00","11:30","","","","","09:00","11:00","09:00","11:00","09:00","11:00","09:00","11:00","09:00","11:00","09:00","11:00","","","","",""
"3933395700980","08001","歯科","2","14:30","17:00","14:30","17:00","14:30","17:00","","","14:30","17:00","14:30","16:00","","","","","14:30","17:00","14:30","17:00","14:30","17:00","","","14:30","17:00","14:30","16:00","","","","",""
"3933395700980","08001","歯科","3","","","","","","","","","","","","","","","","","","","","","","","","","","","","","","","","",""
"3933395701310","08001","歯科","1","09:00","18:00","09:00","18:00","09:00","18:00","","","09:00","18:00","09:00","18:00","","","","","09:00","18:00","09:00","18:00","09:00","18:00","","","09:00","18:00","09:00","18:00","","","","",""
"3933395701310","08001","歯科","2","","","","","","","","","","","","","","","","","","","","","","","","","","","","","","","","",""
"3933395701310","08001","歯科","3","","","","","","","","","","","","","","","","","","","","","","","","","","","","","","","","",""
"3933395701600","08001","歯科","1","09:00","12:30","09:00","12:30","09:00","12:30","","","09:00","12:30","09:00","12:30","","","","","09:00","12:30","09:00","12:30","09:00","12:30","","","09:00","12:30","09:00","12:30","","","","",""
"3933395701600","08001","歯科","2","14:00","18:00","14:00","18:00","14:00","18:00","","","14:00","18:00","14:00","18:00","","","","","14:00","18:00","14:00","18:00","14:00","18:00","","","14:00","18:00","14:00","18:00","","","","",""
"3933395701600","08001","歯科","3","","","","","","","","","","","","","","","","","","","","","","","","","","","","","","","","",""
"3933395701600","08002","矯正歯科","1","09:00","12:30","09:00","12:30","09:00","12:30","","","09:00","12:30","09:00","12:30","","","","","09:00","12:30","09:00","12:30","09:00","12:30","","","09:00","12:30","09:00","12:30","","","","",""
"3933395701600","08002","矯正歯科","2","14:00","18:00","14:00","18:00","14:00","18:00","","","14:00","18:00","14:00","18:00","","","","","14:00","18:00","14:00","18:00","14:00","18:00","","","14:00","18:00","14:00","18:00","","","","",""
"3933395701600","08002","矯正歯科","3","","","","","","","","","","","","","","","","","","","","","","","","","","","","","","","","",""
"3933395701600","08004","小児歯科","1","09:00","12:30","09:00","12:30","09:00","12:30","","","09:00","12:30","09:00","12:30","","","","","09:00","12:30","09:00","12:30","09:00","12:30","","","09:00","12:30","09:00","12:30","","","","",""
"3933395701600","08004","小児歯科","2","14:00","18:00","14:00","18:00","14:00","18:00","","","14:00","18:00","14:00","18:00","","","","","14:00","18:00","14:00","18:00","14:00","18:00","","","14:00","18:00","14:00","18:00","","","","",""
"3933395701600","08004","小児歯科","3","","","","","","","","","","","","","","","","","","","","","","","","","","","","","","","","",""
"3933395800620","08001","歯科","1","09:00","12:00","09:00","12:00","09:00","12:00","09:00","12:00","09:00","12:00","09:00","12:00","","","","","09:00","12:00","09:00","12:00","09:00","12:00","09:00","12:00","09:00","12:00","09:00","12:00","","","","",""
"3933395800620","08001","歯科","2","14:00","17:00","14:00","17:00","14:00","17:00","14:00","17:00","14:00","17:00","","","","","","","14:00","17:00","14:00","17:00","14:00","17:00","14:00","17:00","14:00","17:00","","","","","","",""
"3933395800620","08001","歯科","3","","","","","","","","","","","","","","","","","","","","","","","","","","","","","","","","",""
"3933395800880","08001","歯科","1","08:30","12:30","08:30","12:30","08:30","12:30","","","08:30","12:30","08:30","12:30","","","","","08:30","12:30","08:30","12:30","08:30","12:30","","","08:30","12:30","08:30","12:30","","","","",""
"3933395800880","08001","歯科","2","14:00","18:00","14:00","18:00","14:00","18:00","","","14:00","18:00","","","","","","","14:00","18:00","14:00","18:00","14:00","18:00","","","14:00","18:00","","","","","","",""
"3933395800880","08001","歯科","3","","","","","","","","","","","","","","","","","","","","","","","","","","","","","","","","",""
"3933395900230","08001","歯科","1","09:00","12:30","09:00","12:30","09:00","12:30","09:00","12:30","09:00","12:30","09:00","13:00","","","","","09:00","12:30","09:00","12:30","09:00","12:30","09:00","12:30","09:00","12:30","09:00","13:00","","","","",""
"3933395900230","08001","歯科","2","14:00","18:00","14:00","18:00","14:00","18:00","14:00","18:00","14:00","18:00","","","","","","","14:00","18:00","14:00","18:00","14:00","18:00","14:00","18:00","14:00","18:00","","","","","","","空欄にした: 土_診療 00:00-00:00（開始と終了が同じ） / 空欄にした: 土_外来受付 00:00-00:00（開始と終了が同じ）"
"3933395900230","08001","歯科","3","","","","","","","","","","","","","","","","","","","","","","","","","","","","","","","","","空欄にした: 月_診療 00:00-00:00（開始と終了が同じ） / 空欄にした: 火_診療 00:00-00:00（開始と終了が同じ） / 空欄にした: 水_診療 00:00-00:00（開始と終了が同じ） / 空欄にした: 木_診療 00:00-00:00（開始と終了が同じ） / 空欄にした: 金_診療 00:00-00:00（開始と終了が同じ） / 空欄にした: 土_診療 00:00-00:00（開始と終了が同じ） / 空欄にした: 月_外来受付 00:00-00:00（開始と終了が同じ） / 空欄にした: 火_外来受付 00:00-00:00（開始と終了が同じ） / 空欄にした: 水_外来受付 00:00-00:00（開始と終了が同じ） / 空欄にした: 木_外来受付 00:00-00:00（開始と終了が同じ） / 空欄にした: 金_外来受付 00:00-00:00（開始と終了が同じ） / 空欄にした: 土_外来受付 00:00-00:00（開始と終了が同じ）"
"3933395900520","08001","歯科","1","09:00","12:00","09:00","12:00","09:00","12:00","09:00","12:00","09:00","12:00","09:00","12:00","","","","","09:00","11:00","09:00","11:00","09:00","11:00","09:00","11:00","09:00","11:00","","","","","","","疑い: 施設情報のファイルの「毎週決まった曜日に休診（木）」が 0（休診）だが、この行に木曜の診療時間が入っている"
"3933395900520","08001","歯科","2","14:00","17:30","14:00","17:30","14:00","17:30","","","14:00","17:30","","","","","","","14:00","17:00","14:00","17:00","14:00","17:00","","","14:00","17:00","","","","","","",""
"3933395900520","08001","歯科","3","","","","","","","","","","","","","","","","","","","","","","","","","","","","","","","","",""
"3933395900780","08001","歯科","1","09:30","12:00","09:30","12:00","09:30","12:00","09:30","12:00","09:30","12:00","09:30","12:00","","","","","09:15","11:30","09:15","11:30","09:15","11:30","09:15","11:30","09:15","11:30","09:15","11:30","","","","",""
"3933395900780","08001","歯科","2","14:00","17:50","14:00","17:50","14:00","17:50","","","14:00","17:50","","","","","","","13:30","17:30","13:30","17:30","13:30","17:30","","","13:30","17:30","","","","","","",""
"3933395900780","08001","歯科","3","","","","","","","","","","","","","","","","","","","","","","","","","","","","","","","","",""
"3933395900940","08001","歯科","1","09:00","12:30","09:00","12:30","09:00","12:30","09:00","12:30","09:00","12:30","09:00","12:30","","","","","09:00","12:00","09:00","12:00","09:00","12:00","09:00","12:00","09:00","12:00","09:00","12:00","","","","",""
"3933395900940","08001","歯科","2","14:00","18:30","14:00","18:30","14:00","18:30","14:00","18:30","14:00","18:30","","","","","","","14:00","18:00","14:00","18:00","14:00","18:00","14:00","18:00","14:00","18:00","","","","","","",""
"3933395900940","08001","歯科","3","","","","","","","","","","","","","","","","","","","","","","","","","","","","","","","","",""
"3933395900940","08002","矯正歯科","1","09:00","12:30","09:00","12:30","09:00","12:30","09:00","12:30","09:00","12:30","09:00","12:30","","","","","09:00","12:00","09:00","12:00","09:00","12:00","09:00","12:00","09:00","12:00","09:00","12:00","","","","",""
"3933395900940","08002","矯正歯科","2","14:00","18:30","14:00","18:30","14:00","18:30","14:00","18:30","14:00","18:30","","","","","","","14:00","18:00","14:00","18:00","14:00","18:00","14:00","18:00","14:00","18:00","","","","","","",""
"3933395900940","08002","矯正歯科","3","","","","","","","","","","","","","","","","","","","","","","","","","","","","","","","","",""
"3933395900940","08003","歯科口腔外科","1","09:00","12:30","09:00","12:30","09:00","12:30","09:00","12:30","09:00","12:30","09:00","12:30","","","","","09:00","12:00","09:00","12:00","09:00","12:00","09:00","12:00","09:00","12:00","09:00","12:00","","","","",""
"3933395900940","08003","歯科口腔外科","2","14:00","18:30","14:00","18:30","14:00","18:30","14:00","18:30","14:00","18:30","","","","","","","14:00","18:00","14:00","18:00","14:00","18:00","14:00","18:00","14:00","18:00","","","","","","",""
"3933395900940","08003","歯科口腔外科","3","","","","","","","","","","","","","","","","","","","","","","","","","","","","","","","","",""
"3933395900940","08004","小児歯科","1","09:00","12:30","09:00","12:30","09:00","12:30","09:00","12:30","09:00","12:30","09:00","12:30","","","","","09:00","12:00","09:00","12:00","09:00","12:00","09:00","12:00","09:00","12:00","09:00","12:00","","","","",""
"3933395900940","08004","小児歯科","2","14:00","18:30","14:00","18:30","14:00","18:30","14:00","18:30","14:00","18:30","","","","","","","14:00","18:00","14:00","18:00","14:00","18:00","14:00","18:00","14:00","18:00","","","","","","",""
"3933395900940","08004","小児歯科","3","","","","","","","","","","","","","","","","","","","","","","","","","","","","","","","","",""
"3933395901110","08001","歯科","1","09:00","12:00","09:00","12:00","09:00","12:00","09:00","12:00","09:00","12:00","09:00","12:00","","","","","08:30","12:00","08:30","12:00","08:30","12:00","08:30","12:00","08:30","12:00","08:30","12:00","","","","",""
"3933395901110","08001","歯科","2","14:00","18:00","14:00","18:00","14:00","18:00","14:00","18:00","14:00","18:00","","","","","","","14:00","17:30","14:00","17:30","14:00","17:30","14:00","17:30","14:00","17:30","","","","","","",""
"3933395901110","08001","歯科","3","","","","","","","","","","","","","","","","","","","","","","","","","","","","","","","","","空欄にした: 月_診療 00:00-00:00（開始と終了が同じ） / 空欄にした: 火_診療 00:00-00:00（開始と終了が同じ） / 空欄にした: 水_診療 00:00-00:00（開始と終了が同じ） / 空欄にした: 木_診療 00:00-00:00（開始と終了が同じ） / 空欄にした: 金_診療 00:00-00:00（開始と終了が同じ） / 空欄にした: 土_診療 00:00-00:00（開始と終了が同じ） / 空欄にした: 月_外来受付 00:00-00:00（開始と終了が同じ） / 空欄にした: 火_外来受付 00:00-00:00（開始と終了が同じ） / 空欄にした: 水_外来受付 00:00-00:00（開始と終了が同じ） / 空欄にした: 木_外来受付 00:00-00:00（開始と終了が同じ） / 空欄にした: 金_外来受付 00:00-00:00（開始と終了が同じ） / 空欄にした: 土_外来受付 00:00-00:00（開始と終了が同じ）"
"3933395901110","08004","小児歯科","1","09:00","12:00","09:00","12:00","09:00","12:00","09:00","12:00","09:00","12:00","09:00","12:00","","","","","08:30","12:00","08:30","12:00","08:30","12:00","08:30","12:00","08:30","12:00","08:30","12:00","","","","",""
"3933395901110","08004","小児歯科","2","14:00","18:00","14:00","18:00","14:00","18:00","14:00","18:00","14:00","18:00","","","","","","","14:00","17:30","14:00","17:30","14:00","17:30","14:00","17:30","14:00","17:30","","","","","","",""
"3933395901110","08004","小児歯科","3","","","","","","","","","","","","","","","","","","","","","","","","","","","","","","","","","空欄にした: 月_診療 00:00-00:00（開始と終了が同じ） / 空欄にした: 火_診療 00:00-00:00（開始と終了が同じ） / 空欄にした: 水_診療 00:00-00:00（開始と終了が同じ） / 空欄にした: 木_診療 00:00-00:00（開始と終了が同じ） / 空欄にした: 金_診療 00:00-00:00（開始と終了が同じ） / 空欄にした: 土_診療 00:00-00:00（開始と終了が同じ） / 空欄にした: 月_外来受付 00:00-00:00（開始と終了が同じ） / 空欄にした: 火_外来受付 00:00-00:00（開始と終了が同じ） / 空欄にした: 水_外来受付 00:00-00:00（開始と終了が同じ） / 空欄にした: 木_外来受付 00:00-00:00（開始と終了が同じ） / 空欄にした: 金_外来受付 00:00-00:00（開始と終了が同じ） / 空欄にした: 土_外来受付 00:00-00:00（開始と終了が同じ）"
"3933396000300","08001","歯科","1","09:00","12:00","09:00","12:00","09:00","12:00","09:00","12:00","09:00","12:00","09:00","12:00","","","","","09:00","12:00","09:00","12:00","09:00","12:00","09:00","12:00","09:00","12:00","09:00","12:00","","","","",""
"3933396000300","08001","歯科","2","13:30","17:00","12:30","17:00","13:30","17:00","12:30","17:00","12:30","18:00","13:30","17:00","","","","","13:30","17:00","12:30","17:00","13:30","17:00","12:30","17:00","12:30","17:00","13:30","17:00","","","","",""
"3933396000300","08001","歯科","3","","","","","","","","","","","","","","","","","","","","","","","","","","","","","","","","",""
"3933396000560","08001","歯科","1","09:00","12:00","09:00","12:00","09:00","12:00","09:00","12:00","09:00","12:00","09:00","12:00","","","","","09:00","12:00","09:00","12:00","09:00","12:00","09:00","12:00","09:00","12:00","09:00","12:00","","","","",""
"3933396000560","08001","歯科","2","13:00","18:00","13:00","18:00","13:00","18:00","13:00","18:00","13:00","18:00","","","","","","","13:00","17:30","13:00","17:30","13:00","17:30","13:00","17:30","13:00","17:30","","","","","","",""
"3933396000560","08001","歯科","3","","","","","","","","","","","","","","","","","","","","","","","","","","","","","","","","","空欄にした: 月_診療 00:00-00:00（開始と終了が同じ） / 空欄にした: 火_診療 00:00-00:00（開始と終了が同じ） / 空欄にした: 水_診療 00:00-00:00（開始と終了が同じ） / 空欄にした: 木_診療 00:00-00:00（開始と終了が同じ） / 空欄にした: 金_診療 00:00-00:00（開始と終了が同じ） / 空欄にした: 月_外来受付 00:00-00:00（開始と終了が同じ） / 空欄にした: 火_外来受付 00:00-00:00（開始と終了が同じ） / 空欄にした: 水_外来受付 00:00-00:00（開始と終了が同じ） / 空欄にした: 木_外来受付 00:00-00:00（開始と終了が同じ） / 空欄にした: 金_外来受付 00:00-00:00（開始と終了が同じ）"
"3933396000720","08001","歯科","1","09:00","13:00","09:00","13:00","09:00","13:00","","","09:00","13:00","09:00","13:00","","","","","09:00","12:00","09:00","12:00","09:00","12:00","","","09:00","12:00","09:00","12:00","","","","",""
"3933396000720","08001","歯科","2","14:00","18:00","14:00","18:00","14:00","18:00","","","14:00","18:00","","","","","","","14:00","17:00","14:00","17:00","14:00","17:00","","","14:00","17:00","","","","","","","空欄にした: 土_診療 00:00-00:00（開始と終了が同じ） / 空欄にした: 土_外来受付 00:00-00:00（開始と終了が同じ）"
"3933396000720","08001","歯科","3","","","","","","","","","","","","","","","","","","","","","","","","","","","","","","","","","空欄にした: 月_診療 00:00-00:00（開始と終了が同じ） / 空欄にした: 火_診療 00:00-00:00（開始と終了が同じ） / 空欄にした: 水_診療 00:00-00:00（開始と終了が同じ） / 空欄にした: 金_診療 00:00-00:00（開始と終了が同じ） / 空欄にした: 土_診療 00:00-00:00（開始と終了が同じ） / 空欄にした: 月_外来受付 00:00-00:00（開始と終了が同じ） / 空欄にした: 火_外来受付 00:00-00:00（開始と終了が同じ） / 空欄にした: 水_外来受付 00:00-00:00（開始と終了が同じ） / 空欄にした: 金_外来受付 00:00-00:00（開始と終了が同じ） / 空欄にした: 土_外来受付 00:00-00:00（開始と終了が同じ）"
"3933396000850","08001","歯科","1","09:00","12:30","09:00","12:30","09:00","12:30","09:00","12:30","09:00","12:30","09:00","12:30","","","","","08:30","12:00","08:30","12:00","08:30","12:00","08:30","12:00","08:30","12:00","08:30","12:00","","","","",""
"3933396000850","08001","歯科","2","14:00","18:00","14:00","18:00","14:00","18:00","14:00","18:00","14:00","18:00","","","","","","","14:00","17:30","14:00","17:30","14:00","17:30","14:00","17:30","14:00","17:30","","","","","","",""
"3933396000850","08001","歯科","3","","","","","","","","","","","","","","","","","","","","","","","","","","","","","","","","",""
"3933396100330","08001","歯科","1","09:00","12:30","09:00","12:30","09:00","12:30","","","09:00","12:30","09:00","12:30","","","","","08:30","12:30","08:30","12:30","08:30","12:30","","","08:30","12:30","08:30","12:30","","","","",""
"3933396100330","08001","歯科","2","14:00","18:00","14:00","18:00","14:00","18:00","","","14:00","18:00","14:00","18:00","","","","","14:00","17:00","14:00","17:00","14:00","17:00","","","14:00","17:00","14:00","17:00","","","","",""
"3933396100330","08001","歯科","3","","","","","","","","","","","","","","","","","","","","","","","","","","","","","","","","",""
"3933396100460","08001","歯科","1","09:30","13:00","09:30","13:00","09:30","13:00","09:30","13:00","09:30","13:00","09:30","13:00","","","","","09:00","13:00","09:00","13:00","09:00","13:00","09:00","13:00","09:00","13:00","09:00","13:00","","","","",""
"3933396100460","08001","歯科","2","14:30","19:00","14:30","19:00","14:30","17:30","14:30","19:00","14:30","19:00","","","","","","","14:30","19:00","14:30","19:00","14:30","19:00","14:30","19:00","14:30","19:00","","","","","","",""
"3933396100460","08001","歯科","3","","","","","","","","","","","","","","","","","","","","","","","","","","","","","","","","",""
"3933396100460","08003","歯科口腔外科","1","09:30","13:00","09:30","13:00","09:30","13:00","09:30","13:00","09:30","13:00","09:30","13:00","","","","","09:00","13:00","09:00","13:00","09:00","13:00","09:00","13:00","09:00","13:00","09:00","13:00","","","","",""
"3933396100460","08003","歯科口腔外科","2","14:30","19:00","14:30","19:00","14:30","19:00","14:30","19:00","14:30","19:00","","","","","","","14:30","19:00","14:30","19:00","14:30","19:00","14:30","19:00","14:30","19:00","","","","","","",""
"3933396100460","08003","歯科口腔外科","3","","","","","","","","","","","","","","","","","","","","","","","","","","","","","","","","",""
"3933396100460","08004","小児歯科","1","09:30","13:00","09:30","13:00","09:30","13:00","09:30","13:00","09:30","13:00","09:30","13:00","","","","","09:00","13:00","09:00","13:00","09:00","13:00","09:00","13:00","09:00","13:00","09:00","13:00","","","","",""
"3933396100460","08004","小児歯科","2","14:30","19:00","14:30","19:00","14:30","19:00","14:30","19:00","14:30","19:00","","","","","","","14:30","19:00","14:30","19:00","14:30","19:00","14:30","19:00","14:30","19:00","","","","","","",""
"3933396100460","08004","小児歯科","3","","","","","","","","","","","","","","","","","","","","","","","","","","","","","","","","",""
"3933396200100","08001","歯科","1","09:00","12:00","09:00","12:00","09:00","12:00","09:00","12:00","09:00","12:00","09:00","12:00","","","","","09:00","12:00","09:00","12:00","09:00","12:00","09:00","12:00","09:00","12:00","09:00","12:00","","","","",""
"3933396200100","08001","歯科","2","14:00","18:00","14:00","18:00","14:00","18:00","","","14:00","18:00","","","","","","","14:00","18:00","14:00","18:00","14:00","18:00","","","14:00","18:00","","","","","","",""
"3933396200100","08001","歯科","3","","","","","","","","","","","","","","","","","","","","","","","","","","","","","","","","",""
"3933396200360","08001","歯科","1","08:30","12:30","08:30","12:30","08:30","12:30","","","08:30","12:30","08:30","12:30","","","","","08:30","12:00","08:30","12:00","08:30","12:00","","","08:30","12:00","08:30","12:00","","","","",""
"3933396200360","08001","歯科","2","14:00","18:00","14:00","18:00","14:00","18:00","","","14:00","18:00","14:00","17:00","","","","","14:00","17:30","14:00","17:30","14:00","17:30","","","14:00","17:30","14:00","16:30","","","","",""
"3933396200360","08001","歯科","3","","","","","","","","","","","","","","","","","","","","","","","","","","","","","","","","",""
"3933396200360","08002","矯正歯科","1","08:30","12:30","08:30","12:30","08:30","12:30","","","08:30","12:30","08:30","12:30","","","","","08:30","12:00","08:30","12:00","08:30","12:00","","","08:30","12:00","08:30","12:00","","","","",""
"3933396200360","08002","矯正歯科","2","14:00","18:00","14:00","18:00","14:00","18:00","","","14:00","18:00","14:00","17:00","","","","","14:00","17:30","14:00","17:30","14:00","17:30","","","14:00","17:30","14:00","16:30","","","","",""
"3933396200360","08002","矯正歯科","3","","","","","","","","","","","","","","","","","","","","","","","","","","","","","","","","",""
"3933396200360","08004","小児歯科","1","08:30","12:30","08:30","12:30","08:30","12:30","","","08:30","12:30","08:30","12:30","","","","","08:30","12:00","08:30","12:00","08:30","12:00","","","08:30","12:00","08:30","12:00","","","","",""
"3933396200360","08004","小児歯科","2","14:00","18:00","14:00","18:00","14:00","18:00","","","14:00","18:00","14:00","17:00","","","","","14:00","17:30","14:00","17:30","14:00","17:30","","","14:00","17:30","14:00","16:30","","","","",""
"3933396200360","08004","小児歯科","3","","","","","","","","","","","","","","","","","","","","","","","","","","","","","","","","",""
"3933396200490","08001","歯科","1","09:00","12:00","09:00","12:00","09:00","12:00","","","09:00","12:00","09:00","12:00","","","","","09:00","11:30","09:00","11:30","09:00","11:30","","","09:00","11:30","09:00","11:30","","","","",""
"3933396200490","08001","歯科","2","14:00","18:00","14:00","18:00","14:00","18:00","","","14:00","18:00","","","","","","","14:00","17:30","14:00","17:30","14:00","17:30","","","14:00","17:30","","","","","","",""
"3933396200490","08001","歯科","3","","","","","","","","","","","13:00","15:00","","","","","","","","","","","","","","","13:00","14:30","","","","",""
"3933396200490","08003","歯科口腔外科","1","09:00","12:00","09:00","12:00","09:00","12:00","","","09:00","12:00","09:00","12:00","","","","","09:00","11:30","09:00","11:30","09:00","11:30","","","09:00","11:30","09:00","11:30","","","","",""
"3933396200490","08003","歯科口腔外科","2","14:00","18:00","14:00","18:00","14:00","18:00","","","14:00","18:00","","","","","","","14:00","17:30","14:00","17:30","14:00","17:30","","","14:00","17:30","","","","","","",""
"3933396200490","08003","歯科口腔外科","3","","","","","","","","","","","13:00","15:00","","","","","","","","","","","","","","","13:00","14:30","","","","",""
"3933396200520","08001","歯科","1","09:00","12:30","09:00","12:30","09:00","12:30","","","09:00","12:30","09:00","12:30","","","","","09:00","12:30","09:00","12:30","09:00","12:30","","","09:00","12:30","09:00","12:30","","","","",""
"3933396200520","08001","歯科","2","14:00","18:00","14:00","18:00","14:00","18:00","","","14:00","18:00","14:00","18:00","","","","","14:30","18:30","14:30","18:30","14:30","18:30","","","14:30","18:30","14:00","18:00","","","","",""
"3933396200520","08001","歯科","3","","","","","","","","","","","","","","","","","","","","","","","","","","","","","","","","","空欄にした: 月_診療 00:00-00:00（開始と終了が同じ） / 空欄にした: 火_診療 00:00-00:00（開始と終了が同じ） / 空欄にした: 水_診療 00:00-00:00（開始と終了が同じ） / 空欄にした: 金_診療 00:00-00:00（開始と終了が同じ） / 空欄にした: 土_診療 00:00-00:00（開始と終了が同じ） / 空欄にした: 月_外来受付 00:00-00:00（開始と終了が同じ） / 空欄にした: 火_外来受付 00:00-00:00（開始と終了が同じ） / 空欄にした: 水_外来受付 00:00-00:00（開始と終了が同じ） / 空欄にした: 金_外来受付 00:00-00:00（開始と終了が同じ） / 空欄にした: 土_外来受付 00:00-00:00（開始と終了が同じ）"
"3933396200520","08004","小児歯科","1","09:00","12:30","09:00","12:30","09:00","12:30","","","09:00","12:30","09:00","12:30","","","","","09:00","12:30","09:00","12:30","09:00","12:30","","","09:00","12:30","09:00","12:30","","","","",""
"3933396200520","08004","小児歯科","2","14:30","18:30","14:30","18:30","14:30","18:30","","","14:30","18:30","14:00","18:00","","","","","14:30","18:30","14:30","18:30","14:30","18:30","","","14:30","18:30","14:00","18:00","","","","",""
"3933396200520","08004","小児歯科","3","","","","","","","","","","","","","","","","","","","","","","","","","","","","","","","","","空欄にした: 月_診療 00:00-00:00（開始と終了が同じ） / 空欄にした: 火_診療 00:00-00:00（開始と終了が同じ） / 空欄にした: 水_診療 00:00-00:00（開始と終了が同じ） / 空欄にした: 金_診療 00:00-00:00（開始と終了が同じ） / 空欄にした: 土_診療 00:00-00:00（開始と終了が同じ） / 空欄にした: 月_外来受付 00:00-00:00（開始と終了が同じ） / 空欄にした: 火_外来受付 00:00-00:00（開始と終了が同じ） / 空欄にした: 水_外来受付 00:00-00:00（開始と終了が同じ） / 空欄にした: 金_外来受付 00:00-00:00（開始と終了が同じ） / 空欄にした: 土_外来受付 00:00-00:00（開始と終了が同じ）"
"3933396200650","08001","歯科","1","09:00","12:30","09:00","12:30","09:00","12:30","09:00","12:30","09:00","12:30","09:00","12:30","","","","","09:00","11:30","09:00","11:30","09:00","11:30","09:00","11:30","09:00","11:30","09:00","11:30","","","","",""
"3933396200650","08001","歯科","2","14:00","18:00","14:00","18:00","14:00","18:00","","","14:00","18:00","","","","","","","14:00","18:00","14:00","18:00","14:00","18:00","","","14:00","18:00","","","","","","",""
"3933396200650","08001","歯科","3","","","","","","","","","","","","","","","","","","","","","","","","","","","","","","","","",""
"3933396200650","08004","小児歯科","1","09:00","12:30","09:00","12:30","09:00","12:30","09:00","12:30","09:00","12:30","09:00","12:30","","","","","09:00","12:00","09:00","12:00","09:00","12:00","09:00","12:00","09:00","12:00","09:00","12:00","","","","",""
"3933396200650","08004","小児歯科","2","14:00","18:30","14:00","18:30","14:00","18:30","14:00","18:30","14:00","18:30","14:00","18:30","","","","","14:00","18:00","14:00","18:00","14:00","18:00","","","14:00","18:00","","","","","","",""
"3933396200650","08004","小児歯科","3","","","","","","","","","","","","","","","","","","","","","","","","","","","","","","","","",""
"3933396200780","08001","歯科","1","09:00","13:00","09:00","13:00","09:00","13:00","09:00","13:00","09:00","13:00","09:00","13:00","","","","","08:45","12:30","08:45","12:30","08:45","12:30","08:45","12:30","08:45","12:30","08:45","12:30","","","","","疑い: 施設情報のファイルの「毎週決まった曜日に休診（水）」が 0（休診）だが、この行に水曜の診療時間が入っている"
"3933396200780","08001","歯科","2","14:30","19:00","14:30","19:00","","","14:30","19:00","14:30","19:00","14:30","17:30","","","","","14:30","18:30","14:30","18:30","","","14:30","18:30","14:30","18:30","14:30","17:00","","","","",""
"3933396200780","08001","歯科","3","","","","","","","","","","","","","","","","","","","","","","","","","","","","","","","","",""
"3933396200810","08001","歯科","1","09:00","12:00","09:00","12:00","09:00","12:00","09:00","12:00","09:00","12:00","09:00","12:00","","","","","","","","","","","","","","","","","","","","",""
"3933396200810","08001","歯科","2","14:00","19:00","14:00","20:00","14:00","20:00","14:00","19:00","14:00","19:00","14:00","18:00","","","","","","","","","","","","","","","","","","","","",""
"3933396200810","08001","歯科","3","","","","","","","","","","","","","","","","","","","","","","","","","","","","","","","","",""
"3933396200810","08004","小児歯科","1","09:00","12:00","09:00","12:00","09:00","12:00","09:00","12:00","09:00","12:00","09:00","12:00","","","","","","","","","","","","","","","","","","","","",""
"3933396200810","08004","小児歯科","2","14:00","19:00","14:00","19:00","14:00","19:00","14:00","19:00","14:00","19:00","14:00","18:00","","","","","","","","","","","","","","","","","","","","",""
"3933396200810","08004","小児歯科","3","","","","","","","","","","","","","","","","","","","","","","","","","","","","","","","","",""
"3933396200940","08001","歯科","1","09:00","13:00","09:00","13:00","09:00","13:00","","","09:00","13:00","09:00","13:00","","","","","09:00","13:00","09:00","13:00","09:00","13:00","","","09:00","13:00","09:00","13:00","","","","",""
"3933396200940","08001","歯科","2","14:30","18:00","14:30","18:00","14:30","18:00","","","14:30","18:00","14:30","18:00","","","","","14:30","18:00","14:30","18:00","14:30","18:00","","","14:30","18:00","14:30","18:00","","","","",""
"3933396200940","08001","歯科","3","","","","","","","","","","","","","","","","","","","","","","","","","","","","","","","","",""
"3933396201110","08001","歯科","1","09:00","12:30","09:00","12:30","09:00","12:30","09:00","12:30","09:00","12:30","09:00","12:30","","","","","09:00","12:30","09:00","12:30","09:00","12:30","09:00","12:30","09:00","12:30","09:00","12:30","","","","",""
"3933396201110","08001","歯科","2","14:00","18:00","14:00","18:00","14:00","18:00","14:00","18:00","14:00","18:00","","","","","","","14:00","17:30","14:00","17:30","14:00","17:30","14:00","17:30","14:00","17:30","","","","","","",""
"3933396201110","08001","歯科","3","","","","","","","","","","","","","","","","","","","","","","","","","","","","","","","","",""
"3933396201370","08001","歯科","1","09:00","12:00","09:00","12:00","09:00","12:00","","","09:00","12:00","09:00","12:00","","","","","09:00","12:00","09:00","12:00","09:00","12:00","","","09:00","12:00","09:00","12:00","","","","",""
"3933396201370","08001","歯科","2","13:30","18:00","13:30","18:00","13:30","18:00","","","13:30","18:00","13:30","18:00","","","","","13:30","18:00","13:30","18:00","13:30","18:00","","","13:30","18:00","13:30","18:00","","","","",""
"3933396201370","08001","歯科","3","","","","","","","","","","","","","","","","","","","","","","","","","","","","","","","","",""
"3933396201370","08002","矯正歯科","1","09:00","12:00","09:00","12:00","09:00","12:00","","","09:00","12:00","09:00","12:00","","","","","09:00","12:00","09:00","12:00","09:00","12:00","","","09:00","12:00","09:00","12:00","","","","",""
"3933396201370","08002","矯正歯科","2","13:30","18:00","13:30","18:00","13:30","18:00","","","13:30","18:00","13:30","18:00","","","","","13:30","18:00","13:30","18:00","13:30","18:00","","","13:30","18:00","13:30","18:00","","","","",""
"3933396201370","08002","矯正歯科","3","","","","","","","","","","","","","","","","","","","","","","","","","","","","","","","","",""
"3933396201370","08004","小児歯科","1","09:00","12:00","09:00","12:00","09:00","12:00","","","09:00","12:00","09:00","12:00","","","","","09:00","12:00","09:00","12:00","09:00","12:00","","","09:00","12:00","09:00","12:00","","","","",""
"3933396201370","08004","小児歯科","2","13:30","18:00","13:30","18:00","13:30","18:00","","","13:30","18:00","13:30","18:00","","","","","13:30","18:00","13:30","18:00","13:30","18:00","","","13:30","18:00","13:30","18:00","","","","",""
"3933396201370","08004","小児歯科","3","","","","","","","","","","","","","","","","","","","","","","","","","","","","","","","","",""
"3933396201400","08001","歯科","1","08:45","12:45","08:45","12:45","08:45","12:45","08:45","12:45","08:45","12:45","","","","","","","08:45","12:00","08:45","12:00","08:45","12:00","08:45","12:00","08:45","12:00","","","","","","",""
"3933396201400","08001","歯科","2","14:00","17:45","14:00","17:45","14:00","17:45","14:00","17:45","14:00","17:45","","","","","","","14:00","17:15","14:00","17:15","14:00","17:15","14:00","17:15","14:00","17:15","","","","","","",""
"3933396201400","08001","歯科","3","","","","","","","","","","","","","","","","","","","","","","","","","","","","","","","","",""
"3933396201400","08002","矯正歯科","1","","","","","","","","","","","","","","","","","","","","","","","","","","","","","","","","",""
"3933396201400","08002","矯正歯科","2","","","","","","","","","","","","","","","","","","","","","","","","","","","","","","","","",""
"3933396201400","08002","矯正歯科","3","","","","","","","","","","","","","","","","","","","","","","","","","","","","","","","","",""
"3933396201400","08003","歯科口腔外科","1","08:45","12:45","08:45","12:45","08:45","12:45","08:45","12:45","08:45","12:45","","","","","","","08:45","12:00","08:45","12:00","08:45","12:00","08:45","12:00","08:45","12:00","","","","","","",""
"3933396201400","08003","歯科口腔外科","2","14:00","17:45","14:00","17:45","14:00","17:45","14:00","17:45","14:00","17:45","","","","","","","14:00","17:15","14:00","17:15","14:00","17:15","14:00","17:15","14:00","17:15","","","","","","",""
"3933396201400","08003","歯科口腔外科","3","","","","","","","","","","","","","","","","","","","","","","","","","","","","","","","","",""
"3933396201530","08001","歯科","1","09:00","12:30","09:00","12:30","09:00","12:30","","","09:00","12:30","09:00","12:30","","","","","09:00","12:00","09:00","12:00","09:00","12:00","","","09:00","12:00","09:00","12:00","","","","",""
"3933396201530","08001","歯科","2","14:00","18:00","14:00","18:00","14:00","18:00","","","14:00","18:00","14:00","18:00","","","","","14:00","17:30","14:00","17:30","14:00","17:30","","","14:00","17:30","14:00","17:30","","","","",""
"3933396201530","08001","歯科","3","","","","","","","","","","","","","","","","","","","","","","","","","","","","","","","","",""
"3933396201530","08004","小児歯科","1","09:00","12:30","09:00","12:30","09:00","12:30","","","09:00","12:30","09:00","12:30","","","","","09:00","12:00","09:00","12:00","09:00","12:00","","","09:00","12:00","09:00","12:00","","","","",""
"3933396201530","08004","小児歯科","2","14:00","18:00","14:00","18:00","14:00","18:00","","","14:00","18:00","14:00","18:00","","","","","14:00","17:30","14:00","17:30","14:00","17:30","","","14:00","17:30","14:00","17:30","","","","",""
"3933396201530","08004","小児歯科","3","","","","","","","","","","","","","","","","","","","","","","","","","","","","","","","","",""
"3933396201660","08001","歯科","1","09:00","12:00","09:00","12:00","09:00","12:00","","","09:00","12:00","09:00","12:00","","","","","09:00","12:00","09:00","12:00","09:00","12:00","","","09:00","12:00","09:00","12:00","","","","",""
"3933396201660","08001","歯科","2","14:00","18:30","14:00","19:00","14:00","18:30","","","14:00","19:00","13:00","16:30","","","","","14:00","18:30","14:00","19:00","14:00","18:30","","","14:00","19:00","13:00","16:30","","","","",""
"3933396201660","08001","歯科","3","","","","","","","","","18:30","19:00","","","","","","","","","","","","","","","18:30","19:00","","","","","","",""
"3933396201660","08003","歯科口腔外科","1","09:00","12:00","09:00","12:00","09:00","12:00","","","09:00","12:00","09:00","12:00","","","","","09:00","12:00","09:00","12:00","09:00","12:00","","","09:00","12:00","09:00","12:00","","","","",""
"3933396201660","08003","歯科口腔外科","2","14:00","18:30","14:00","19:00","14:00","18:30","","","14:00","19:00","13:00","16:30","","","","","14:00","18:30","14:00","19:00","14:00","18:30","","","14:00","19:00","13:00","16:30","","","","",""
"3933396201660","08003","歯科口腔外科","3","","","","","","","","","18:30","19:00","","","","","","","","","","","","","","","18:30","19:00","","","","","","",""
"3933396201660","08004","小児歯科","1","09:00","12:00","09:00","12:00","09:00","12:00","","","09:00","12:00","09:00","12:00","","","","","09:00","12:00","09:00","12:00","09:00","12:00","","","09:00","12:00","09:00","12:00","","","","",""
"3933396201660","08004","小児歯科","2","14:00","18:30","14:00","19:00","14:00","18:30","","","14:00","19:00","13:00","16:30","","","","","14:00","18:30","14:00","19:00","14:00","18:30","","","14:00","19:00","13:00","16:30","","","","",""
"3933396201660","08004","小児歯科","3","","","","","","","","","18:30","19:00","","","","","","","","","","","","","","","18:30","19:00","","","","","","",""
"3933396201660","08005","小児矯正歯科","1","09:00","12:00","09:00","12:00","09:00","12:00","","","09:00","12:00","09:00","12:00","","","","","09:00","12:00","09:00","12:00","09:00","12:00","","","09:00","12:00","09:00","12:00","","","","",""
"3933396201660","08005","小児矯正歯科","2","14:00","18:30","14:00","19:00","14:00","18:30","","","14:00","19:00","13:00","16:30","","","","","14:00","18:30","14:00","19:00","14:00","18:30","","","14:00","19:00","13:00","16:30","","","","",""
"3933396201660","08005","小児矯正歯科","3","","","","","","","","","","","","","","","","","","","","","","","","","","","","","","","","",""
"3933396201820","08001","歯科","1","09:00","13:00","09:00","13:00","09:00","13:00","09:00","13:00","09:00","13:00","","","","","","","09:00","18:00","09:00","18:00","09:00","18:00","09:00","18:00","09:00","18:00","09:00","18:00","","","","",""
"3933396201820","08001","歯科","2","14:00","18:00","14:00","18:00","14:00","18:00","14:00","18:00","14:00","18:00","","","","","","","","","","","","","","","","","","","","","","",""
"3933396201820","08001","歯科","3","","","","","","","","","","","","","","","","","","","","","","","","","","","","","","","","",""
"3933396201820","08003","歯科口腔外科","1","09:00","13:00","09:00","13:00","09:00","13:00","09:00","13:00","09:00","13:00","","","","","","","09:00","18:00","09:00","18:00","09:00","18:00","09:00","18:00","09:00","18:00","","","","","","",""
"3933396201820","08003","歯科口腔外科","2","14:00","18:00","14:00","18:00","14:00","18:00","14:00","18:00","14:00","18:00","","","","","","","","","","","","","","","","","","","","","","",""
"3933396201820","08003","歯科口腔外科","3","","","","","","","","","","","","","","","","","","","","","","","","","","","","","","","","",""
"3933396201820","08004","小児歯科","1","09:00","13:00","09:00","13:00","09:00","13:00","09:00","13:00","09:00","13:00","","","","","","","09:00","18:00","09:00","18:00","09:00","18:00","09:00","18:00","09:00","18:00","","","","","","",""
"3933396201820","08004","小児歯科","2","14:00","18:00","14:00","18:00","14:00","18:00","14:00","18:00","14:00","18:00","","","","","","","","","","","","","","","","","","","","","","",""
"3933396201820","08004","小児歯科","3","","","","","","","","","","","","","","","","","","","","","","","","","","","","","","","","",""
"3933396201950","08001","歯科","1","09:00","13:00","09:00","13:00","","","09:00","13:00","09:00","13:00","09:00","13:00","","","","","09:00","12:30","09:00","12:30","","","09:00","12:30","09:00","12:30","09:00","12:30","","","","",""
"3933396201950","08001","歯科","2","14:30","18:30","14:30","18:30","","","14:30","18:30","14:30","18:30","","","","","","","14:30","18:00","14:30","18:00","","","14:30","18:00","14:30","18:00","","","","","","",""
"3933396201950","08001","歯科","3","","","","","","","","","","","14:30","17:00","","","","","","","","","","","","","","","14:30","16:30","","","","",""
"3933396201950","08004","小児歯科","1","09:00","13:00","09:00","13:00","","","09:00","13:00","09:00","13:00","09:00","13:00","","","","","09:00","12:30","09:00","12:30","","","09:00","12:30","09:00","12:30","09:00","12:30","","","","",""
"3933396201950","08004","小児歯科","2","14:30","18:30","14:30","18:30","","","14:30","18:30","14:30","18:30","","","","","","","14:30","18:00","14:30","18:00","","","14:30","18:00","14:30","18:00","","","","","","",""
"3933396201950","08004","小児歯科","3","","","","","","","","","","","14:30","17:00","","","","","","","","","","","","","","","14:30","16:30","","","","",""
"3933396202120","08001","歯科","1","08:30","12:30","08:30","12:30","08:30","12:30","08:30","12:30","08:30","12:30","08:30","12:30","","","","","08:30","12:30","08:30","12:30","08:30","12:30","08:30","12:30","08:30","12:30","08:30","12:30","","","","",""
"3933396202120","08001","歯科","2","14:30","18:30","14:30","18:30","14:30","18:30","14:30","18:30","14:30","18:30","","","","","","","14:30","18:30","14:30","18:30","14:30","18:30","14:30","18:30","14:30","18:30","","","","","","",""
"3933396202120","08001","歯科","3","","","","","","","","","","","","","","","","","","","","","","","","","","","","","","","","",""
"3933396202120","08003","歯科口腔外科","1","08:30","12:30","08:30","12:30","08:30","12:30","08:30","12:30","08:30","12:30","08:30","12:30","","","","","08:30","12:30","08:30","12:30","08:30","12:30","08:30","12:30","08:30","12:30","08:30","12:30","","","","",""
"3933396202120","08003","歯科口腔外科","2","14:30","18:30","14:30","18:30","14:30","18:30","14:30","18:30","14:30","18:30","","","","","","","14:30","18:30","14:30","18:30","14:30","18:30","14:30","18:30","14:30","18:30","","","","","","",""
"3933396202120","08003","歯科口腔外科","3","","","","","","","","","","","","","","","","","","","","","","","","","","","","","","","","",""
"3933396202120","08004","小児歯科","1","08:30","12:30","08:30","12:30","08:30","12:30","08:30","12:30","08:30","12:30","08:30","12:30","","","","","08:30","12:30","08:30","12:30","08:30","12:30","08:30","12:30","08:30","12:30","08:30","12:30","","","","",""
"3933396202120","08004","小児歯科","2","14:30","18:30","14:30","18:30","14:30","18:30","14:30","18:30","14:30","18:30","","","","","","","14:30","18:30","14:30","18:30","14:30","18:30","14:30","18:30","14:30","18:30","","","","","","",""
"3933396202120","08004","小児歯科","3","","","","","","","","","","","","","","","","","","","","","","","","","","","","","","","","",""
"3933396202380","08001","歯科","1","09:00","12:30","09:00","12:30","09:00","12:30","","","09:00","12:30","09:00","12:30","","","","","09:00","12:00","09:00","12:00","09:00","12:00","","","09:00","12:00","09:00","12:00","","","","",""
"3933396202380","08001","歯科","2","14:00","18:30","14:00","18:30","14:00","18:30","","","14:00","18:30","14:00","17:00","","","","","14:00","18:00","14:00","18:00","14:00","18:00","","","14:00","18:00","14:00","16:30","","","","",""
"3933396202380","08001","歯科","3","","","","","","","","","","","","","","","","","","","","","","","","","","","","","","","","",""
"3933396202380","08003","歯科口腔外科","1","09:00","12:30","09:00","12:30","09:00","12:30","","","09:00","12:30","09:00","12:30","","","","","09:00","12:00","09:00","12:00","09:00","12:00","","","09:00","12:00","09:00","12:00","","","","",""
"3933396202380","08003","歯科口腔外科","2","14:00","18:30","14:00","18:30","14:00","18:30","","","14:00","18:30","14:00","17:00","","","","","14:00","18:00","14:00","18:00","14:00","18:00","","","14:00","18:00","14:00","16:30","","","","",""
"3933396202380","08003","歯科口腔外科","3","","","","","","","","","","","","","","","","","","","","","","","","","","","","","","","","",""
"3933396202380","08004","小児歯科","1","09:00","12:30","09:00","12:30","09:00","12:30","","","09:00","12:30","09:00","12:30","","","","","09:00","12:00","09:00","12:00","09:00","12:00","","","09:00","12:00","09:00","12:00","","","","",""
"3933396202380","08004","小児歯科","2","14:00","18:30","14:00","18:30","14:00","18:30","","","14:00","18:30","14:00","17:00","","","","","14:00","18:00","14:00","18:00","14:00","18:00","","","14:00","18:00","14:00","16:30","","","","",""
"3933396202380","08004","小児歯科","3","","","","","","","","","","","","","","","","","","","","","","","","","","","","","","","","",""
"3933396202700","08001","歯科","1","08:30","12:00","08:30","12:00","08:30","12:00","08:30","12:00","08:30","12:00","08:30","12:00","","","","","08:30","11:30","08:30","11:30","08:30","11:30","08:30","11:30","08:30","11:30","08:30","11:30","","","","",""
"3933396202700","08001","歯科","2","13:30","18:00","13:30","18:00","13:30","18:00","13:30","18:00","13:30","18:00","","","","","","","13:30","17:30","13:30","17:30","13:30","17:30","13:30","17:30","13:30","17:30","","","","","","",""
"3933396202700","08001","歯科","3","","","","","","","","","","","","","","","","","","","","","","","","","","","","","","","","",""
"3933396202700","08002","矯正歯科","1","08:30","12:00","08:30","12:00","08:30","12:00","08:30","12:00","08:30","12:00","08:30","12:00","","","","","08:30","11:30","08:30","11:30","08:30","11:30","08:30","11:30","08:30","11:30","08:30","11:30","","","","",""
"3933396202700","08002","矯正歯科","2","13:30","18:00","13:30","18:00","13:30","18:00","13:30","18:00","13:30","18:00","","","","","","","13:30","17:30","13:30","17:30","13:30","17:30","13:30","17:30","13:30","17:30","","","","","","",""
"3933396202700","08002","矯正歯科","3","","","","","","","","","","","","","","","","","","","","","","","","","","","","","","","","",""
"3933396202700","08003","歯科口腔外科","1","08:30","12:00","08:30","12:00","08:30","12:00","08:30","12:00","08:30","12:00","08:30","12:00","","","","","08:30","11:30","08:30","11:30","08:30","11:30","08:30","11:30","08:30","11:30","08:30","11:30","","","","",""
"3933396202700","08003","歯科口腔外科","2","13:30","18:00","13:30","18:00","13:30","18:00","13:30","18:00","13:30","18:00","","","","","","","13:30","17:30","13:30","17:30","13:30","17:30","13:30","17:30","13:30","17:30","","","","","","",""
"3933396202700","08003","歯科口腔外科","3","","","","","","","","","","","","","","","","","","","","","","","","","","","","","","","","",""
"3933396202700","08004","小児歯科","1","08:30","12:00","08:30","12:00","08:30","12:00","08:30","12:00","08:30","12:00","08:30","12:00","","","","","08:30","11:30","08:30","11:30","08:30","11:30","08:30","11:30","08:30","11:30","08:30","11:30","","","","",""
"3933396202700","08004","小児歯科","2","13:30","18:00","13:30","18:00","13:30","18:00","13:30","18:00","13:30","18:00","","","","","","","13:30","17:30","13:30","17:30","13:30","17:30","13:30","17:30","13:30","17:30","","","","","","",""
"3933396202700","08004","小児歯科","3","","","","","","","","","","","","","","","","","","","","","","","","","","","","","","","","",""
"3933396202830","08001","歯科","1","09:00","12:00","09:00","12:00","09:00","12:00","","","09:00","12:00","09:00","12:00","","","","","09:00","12:00","09:00","12:00","09:00","12:00","","","09:00","12:00","09:00","12:00","","","","",""
"3933396202830","08001","歯科","2","14:00","18:00","14:00","18:00","14:00","18:00","","","14:00","18:00","14:00","18:00","","","","","14:00","17:30","14:00","17:30","14:00","17:30","","","14:00","17:30","14:00","17:30","","","","",""
"3933396202830","08001","歯科","3","","","","","","","","","","","","","","","","","","","","","","","","","","","","","","","","",""
"3933396202830","08004","小児歯科","1","09:00","12:00","09:00","12:00","09:00","12:00","","","09:00","12:00","09:00","12:00","","","","","09:00","12:00","09:00","12:00","09:00","12:00","","","09:00","12:00","09:00","12:00","","","","",""
"3933396202830","08004","小児歯科","2","14:00","18:00","14:00","18:00","14:00","18:00","","","14:00","18:00","14:00","18:00","","","","","14:00","17:30","14:00","17:30","14:00","17:30","","","14:00","17:30","14:00","17:30","","","","",""
"3933396202830","08004","小児歯科","3","","","","","","","","","","","","","","","","","","","","","","","","","","","","","","","","",""
"3933396203420","08001","歯科","1","08:30","12:00","08:30","12:00","08:30","12:00","","","08:30","12:00","08:30","12:00","","","","","","","","","","","","","","","","","","","","",""
"3933396203420","08001","歯科","2","14:00","18:00","14:00","18:00","14:00","18:00","","","14:00","18:00","14:00","18:00","","","","","","","","","","","","","","","","","","","","",""
"3933396203420","08001","歯科","3","","","","","","","","","","","","","","","","","","","","","","","","","","","","","","","","",""
"3933396203420","08003","歯科口腔外科","1","","","","","","","","","","","","","","","","","","","","","","","","","","","","","","","","",""
"3933396203420","08003","歯科口腔外科","2","","","","","","","","","","","","","","","","","","","","","","","","","","","","","","","","",""
"3933396203420","08003","歯科口腔外科","3","","","","","","","","","","","","","","","","","","","","","","","","","","","","","","","","",""
"3933396203420","08004","小児歯科","1","","","","","","","","","","","","","","","","","","","","","","","","","","","","","","","","",""
"3933396203420","08004","小児歯科","2","","","","","","","","","","","","","","","","","","","","","","","","","","","","","","","","",""
"3933396203420","08004","小児歯科","3","","","","","","","","","","","","","","","","","","","","","","","","","","","","","","","","",""
"3933396203550","08001","歯科","1","09:00","18:00","09:00","18:00","","","09:00","18:00","09:00","18:00","09:00","18:00","","","","","09:00","17:45","09:00","17:45","","","09:00","17:45","09:00","17:45","09:00","17:45","","","","",""
"3933396203550","08001","歯科","2","","","","","","","","","","","","","","","","","","","","","","","","","","","","","","","","",""
"3933396203550","08001","歯科","3","","","","","","","","","","","","","","","","","","","","","","","","","","","","","","","","",""
"3933396203550","08002","矯正歯科","1","09:00","18:00","09:00","18:00","","","09:00","18:00","09:00","18:00","09:00","18:00","","","","","09:00","17:45","09:00","17:45","","","09:00","17:45","09:00","17:45","09:00","17:45","","","","",""
"3933396203550","08002","矯正歯科","2","","","","","","","","","","","","","","","","","","","","","","","","","","","","","","","","",""
"3933396203550","08002","矯正歯科","3","","","","","","","","","","","","","","","","","","","","","","","","","","","","","","","","",""
"3933396203550","08003","歯科口腔外科","1","09:00","18:00","09:00","18:00","","","09:00","18:00","09:00","18:00","09:00","18:00","","","","","09:00","17:45","09:00","17:45","","","09:00","17:45","09:00","17:45","09:00","17:45","","","","",""
"3933396203550","08003","歯科口腔外科","2","","","","","","","","","","","","","","","","","","","","","","","","","","","","","","","","",""
"3933396203550","08003","歯科口腔外科","3","","","","","","","","","","","","","","","","","","","","","","","","","","","","","","","","",""
"3933396203550","08004","小児歯科","1","09:00","18:00","09:00","18:00","","","09:00","18:00","09:00","18:00","09:00","18:00","","","","","09:00","17:45","09:00","17:45","","","09:00","17:45","09:00","17:45","09:00","17:45","","","","",""
"3933396203550","08004","小児歯科","2","","","","","","","","","","","","","","","","","","","","","","","","","","","","","","","","",""
"3933396203550","08004","小児歯科","3","","","","","","","","","","","","","","","","","","","","","","","","","","","","","","","","",""
"3933396300010","08001","歯科","1","09:00","12:30","09:00","12:30","09:00","12:30","","","09:00","12:30","09:00","12:30","","","","","09:00","12:00","09:00","12:00","09:00","12:00","","","09:00","12:00","09:00","12:00","","","","",""
"3933396300010","08001","歯科","2","14:00","18:30","14:00","18:30","14:00","18:30","","","14:00","18:30","14:00","18:30","","","","","14:00","18:00","14:00","18:00","14:00","18:00","","","14:00","18:00","14:00","18:00","","","","",""
"3933396300010","08001","歯科","3","","","","","","","","","","","","","","","","","","","","","","","","","","","","","","","","",""
"3933396300030","08001","歯科","1","09:00","12:00","09:00","12:00","","","09:00","12:00","09:00","12:00","09:00","12:00","","","","","09:00","12:00","09:00","12:00","","","09:00","12:00","09:00","12:00","09:00","12:00","","","","",""
"3933396300030","08001","歯科","2","14:00","17:00","14:00","17:00","","","14:00","17:00","14:00","17:00","","","","","","","14:00","17:00","14:00","17:00","","","14:00","17:00","14:00","17:00","","","","","","",""
"3933396300030","08001","歯科","3","","","","","","","","","","","","","","","","","","","","","","","","","","","","","","","","",""
"3933396300040","08001","歯科","1","09:00","11:00","","","09:00","11:00","","","","","","","","","","","09:00","10:30","","","09:00","10:30","","","","","","","","","","",""
"3933396300040","08001","歯科","2","16:00","18:00","","","16:00","18:00","","","","","","","","","","","16:00","17:30","","","16:00","17:30","","","","","","","","","","",""
"3933396300040","08001","歯科","3","","","","","","","","","","","","","","","","","","","","","","","","","","","","","","","","",""
"3933396300390","08001","歯科","1","09:00","12:30","09:00","12:30","09:00","12:30","","","09:00","12:30","09:00","12:30","","","","","09:00","12:00","09:00","12:00","09:00","12:00","","","09:00","12:00","09:00","12:00","","","","",""
"3933396300390","08001","歯科","2","14:00","18:00","14:00","18:00","14:30","19:00","","","14:00","18:00","14:00","17:30","","","","","14:00","17:30","14:00","17:30","14:30","18:30","","","14:00","17:30","14:00","17:00","","","","",""
"3933396300390","08001","歯科","3","","","","","","","","","","","","","","","","","","","","","","","","","","","","","","","","",""
"3933396300390","08002","矯正歯科","1","09:00","12:30","09:00","12:30","09:00","12:30","","","09:00","12:30","09:00","12:30","","","","","09:00","12:00","09:00","12:00","09:00","12:00","","","09:00","12:00","09:00","12:00","","","","",""
"3933396300390","08002","矯正歯科","2","14:00","18:00","14:00","18:00","14:30","19:00","","","14:00","18:00","14:00","17:30","","","","","14:00","17:30","14:00","17:30","14:30","18:30","","","14:00","17:30","14:00","17:00","","","","",""
"3933396300390","08002","矯正歯科","3","","","","","","","","","","","","","","","","","","","","","","","","","","","","","","","","",""
"3933396300390","08004","小児歯科","1","09:00","12:30","09:00","12:30","09:00","12:30","","","09:00","12:30","09:00","12:30","","","","","09:00","12:00","09:00","12:00","09:00","12:00","","","09:00","12:00","09:00","12:00","","","","",""
"3933396300390","08004","小児歯科","2","14:00","18:00","14:00","18:00","14:30","19:00","","","14:00","18:00","14:00","17:30","","","","","14:00","17:30","14:00","17:30","14:30","18:30","","","14:00","17:30","14:00","17:00","","","","",""
"3933396300390","08004","小児歯科","3","","","","","","","","","","","","","","","","","","","","","","","","","","","","","","","","",""
"3933396300420","08001","歯科","1","09:00","18:30","09:00","18:30","09:00","18:30","","","09:00","18:30","09:00","18:30","","","","","09:00","18:30","09:00","18:30","09:00","18:30","","","09:00","18:30","09:00","18:30","","","","",""
"3933396300420","08001","歯科","2","","","","","","","","","","","","","","","","","","","","","","","","","","","","","","","","",""
"3933396300420","08001","歯科","3","","","","","","","","","","","","","","","","","","","","","","","","","","","","","","","","",""
"3933396300550","08001","歯科","1","09:00","12:30","09:00","12:30","09:00","12:30","","","09:00","12:30","09:00","12:30","","","","","09:00","12:30","09:00","12:30","09:00","12:30","","","09:00","12:30","09:00","12:30","","","","",""
"3933396300550","08001","歯科","2","14:00","18:00","14:00","18:00","14:00","18:00","","","14:00","18:00","14:00","18:00","","","","","14:00","18:00","14:00","18:00","14:00","18:00","","","14:00","18:00","14:00","18:00","","","","",""
"3933396300550","08001","歯科","3","","","","","","","09:00","13:00","","","","","","","","","","","","","","","09:00","13:00","","","","","","","","",""
"3933396300680","08001","歯科","1","09:00","12:30","09:00","12:30","","","09:00","12:30","09:00","12:30","09:00","12:30","","","","","09:00","11:30","09:00","11:30","","","09:00","11:30","09:00","11:30","09:00","11:30","","","","",""
"3933396300680","08001","歯科","2","14:00","19:00","14:00","19:00","","","14:00","19:00","14:00","19:00","14:00","17:00","","","","","14:00","18:00","14:00","18:00","","","14:00","18:00","14:00","18:00","14:00","16:00","","","","",""
"3933396300680","08001","歯科","3","","","","","","","","","","","","","","","","","","","","","","","","","","","","","","","","","空欄にした: 月_診療 00:00-00:00（開始と終了が同じ） / 空欄にした: 火_診療 00:00-00:00（開始と終了が同じ） / 空欄にした: 木_診療 00:00-00:00（開始と終了が同じ） / 空欄にした: 金_診療 00:00-00:00（開始と終了が同じ） / 空欄にした: 土_診療 00:00-00:00（開始と終了が同じ） / 空欄にした: 月_外来受付 00:00-00:00（開始と終了が同じ） / 空欄にした: 火_外来受付 00:00-00:00（開始と終了が同じ） / 空欄にした: 木_外来受付 00:00-00:00（開始と終了が同じ） / 空欄にした: 金_外来受付 00:00-00:00（開始と終了が同じ） / 空欄にした: 土_外来受付 00:00-00:00（開始と終了が同じ）"
"3933396300680","08003","歯科口腔外科","1","09:00","12:30","09:00","12:30","","","09:00","12:30","09:00","12:30","09:00","12:30","","","","","09:00","11:30","09:00","11:30","","","09:00","11:30","09:00","11:30","09:00","11:30","","","","",""
"3933396300680","08003","歯科口腔外科","2","14:00","19:00","14:00","19:00","","","14:00","19:00","14:00","19:00","14:00","17:00","","","","","14:00","18:00","14:00","18:00","","","14:00","18:00","14:00","18:00","14:00","16:00","","","","",""
"3933396300680","08003","歯科口腔外科","3","","","","","","","","","","","","","","","","","","","","","","","","","","","","","","","","","空欄にした: 月_診療 00:00-00:00（開始と終了が同じ） / 空欄にした: 火_診療 00:00-00:00（開始と終了が同じ） / 空欄にした: 木_診療 00:00-00:00（開始と終了が同じ） / 空欄にした: 金_診療 00:00-00:00（開始と終了が同じ） / 空欄にした: 土_診療 00:00-00:00（開始と終了が同じ） / 空欄にした: 月_外来受付 00:00-00:00（開始と終了が同じ） / 空欄にした: 火_外来受付 00:00-00:00（開始と終了が同じ） / 空欄にした: 木_外来受付 00:00-00:00（開始と終了が同じ） / 空欄にした: 金_外来受付 00:00-00:00（開始と終了が同じ） / 空欄にした: 土_外来受付 00:00-00:00（開始と終了が同じ）"
"3933396300680","08004","小児歯科","1","09:00","12:30","09:00","12:30","","","09:00","12:30","09:00","12:30","09:00","12:30","","","","","09:00","11:30","09:00","11:30","","","09:00","11:30","09:00","11:30","09:00","11:30","","","","",""
"3933396300680","08004","小児歯科","2","14:00","19:00","14:00","19:00","","","14:00","19:00","14:00","19:00","14:00","17:00","","","","","14:00","18:00","14:00","18:00","","","14:00","18:00","14:00","18:00","14:00","16:00","","","","",""
"3933396300680","08004","小児歯科","3","","","","","","","","","","","","","","","","","","","","","","","","","","","","","","","","","空欄にした: 月_診療 00:00-00:00（開始と終了が同じ） / 空欄にした: 火_診療 00:00-00:00（開始と終了が同じ） / 空欄にした: 木_診療 00:00-00:00（開始と終了が同じ） / 空欄にした: 金_診療 00:00-00:00（開始と終了が同じ） / 空欄にした: 土_診療 00:00-00:00（開始と終了が同じ） / 空欄にした: 月_外来受付 00:00-00:00（開始と終了が同じ） / 空欄にした: 火_外来受付 00:00-00:00（開始と終了が同じ） / 空欄にした: 木_外来受付 00:00-00:00（開始と終了が同じ） / 空欄にした: 金_外来受付 00:00-00:00（開始と終了が同じ） / 空欄にした: 土_外来受付 00:00-00:00（開始と終了が同じ）"
"3933396300840","08001","歯科","1","09:00","12:30","09:00","12:30","09:00","12:30","","","09:00","12:30","09:00","12:30","","","","","","","","","","","","","","","","","","","","",""
"3933396300840","08001","歯科","2","14:00","18:30","14:00","18:30","14:00","17:30","","","14:00","18:30","14:00","17:30","","","","","","","","","","","","","","","","","","","","",""
"3933396300840","08001","歯科","3","","","","","","","","","","","","","","","","","","","","","","","","","","","","","","","","",""
"3933396300840","08003","歯科口腔外科","1","09:00","12:30","09:00","12:30","09:00","12:30","","","09:00","12:30","09:00","12:30","","","","","","","","","","","","","","","","","","","","",""
"3933396300840","08003","歯科口腔外科","2","14:00","18:30","14:00","18:30","14:00","17:30","","","14:00","18:30","14:00","17:30","","","","","","","","","","","","","","","","","","","","",""
"3933396300840","08003","歯科口腔外科","3","","","","","","","","","","","","","","","","","","","","","","","","","","","","","","","","",""
"3933396300840","08004","小児歯科","1","09:00","12:30","09:00","12:30","09:00","12:30","","","09:00","12:30","09:00","12:30","","","","","","","","","","","","","","","","","","","","",""
"3933396300840","08004","小児歯科","2","14:00","18:30","14:00","18:30","14:00","17:30","","","14:00","18:30","14:00","17:30","","","","","","","","","","","","","","","","","","","","",""
"3933396300840","08004","小児歯科","3","","","","","","","","","","","","","","","","","","","","","","","","","","","","","","","","",""
"3933396310330","08001","歯科","1","09:00","13:00","09:00","13:00","09:00","13:00","09:00","13:00","09:00","13:00","09:00","13:00","","","","","09:00","13:00","09:00","13:00","09:00","13:00","09:00","13:00","09:00","13:00","09:00","13:00","","","","",""
"3933396310330","08001","歯科","2","14:30","18:00","14:30","18:00","14:30","18:00","14:30","18:00","14:30","18:00","14:30","17:00","","","","","14:30","18:00","14:30","18:00","14:30","18:00","14:30","18:00","14:30","18:00","14:30","17:00","","","","",""
"3933396310330","08001","歯科","3","","","","","","","","","","","","","","","","","","","","","","","","","","","","","","","","",""
"3933396310330","08002","矯正歯科","1","09:00","13:00","09:00","13:00","09:00","13:00","09:00","13:00","09:00","13:00","09:00","13:00","","","","","09:00","13:00","09:00","13:00","09:00","13:00","09:00","13:00","09:00","13:00","09:00","13:00","","","","",""
"3933396310330","08002","矯正歯科","2","14:30","18:00","14:30","18:00","14:30","18:00","14:30","18:00","14:30","18:00","14:30","17:00","","","","","14:30","18:00","14:30","18:00","14:30","18:00","14:30","18:00","14:30","18:00","14:30","17:00","","","","",""
"3933396310330","08002","矯正歯科","3","","","","","","","","","","","","","","","","","","","","","","","","","","","","","","","","",""
"3933396310330","08004","小児歯科","1","09:00","13:00","09:00","13:00","09:00","13:00","09:00","13:00","09:00","13:00","09:00","13:00","","","","","09:00","13:00","09:00","13:00","09:00","13:00","09:00","13:00","09:00","13:00","09:00","13:00","","","","",""
"3933396310330","08004","小児歯科","2","14:30","18:00","14:30","18:00","14:30","18:00","14:30","18:00","14:30","18:00","14:30","17:00","","","","","14:30","18:00","14:30","18:00","14:30","18:00","14:30","18:00","14:30","18:00","14:30","17:00","","","","",""
"3933396310330","08004","小児歯科","3","","","","","","","","","","","","","","","","","","","","","","","","","","","","","","","","",""
"3933396400290","08001","歯科","1","09:00","12:30","09:00","12:30","09:00","12:30","","","09:00","12:30","09:00","12:30","","","","","","","","","","","","","","","","","","","","",""
"3933396400290","08001","歯科","2","14:00","18:00","14:00","17:00","14:00","17:00","","","14:00","17:00","14:00","17:00","","","","","","","","","","","","","","","","","","","","",""
"3933396400290","08001","歯科","3","","","","","","","","","","","","","","","","","","","","","","","","","","","","","","","","",""
"3933396400290","08003","歯科口腔外科","1","","","","","","","","","","","","","","","","","","","","","","","","","","","","","","","","",""
"3933396400290","08003","歯科口腔外科","2","","","","","","","","","","","","","","","","","","","","","","","","","","","","","","","","",""
"3933396400290","08003","歯科口腔外科","3","","","","","","","","","","","","","","","","","","","","","","","","","","","","","","","","",""
"3933396400290","08004","小児歯科","1","","","","","","","","","","","","","","","","","","","","","","","","","","","","","","","","",""
"3933396400290","08004","小児歯科","2","","","","","","","","","","","","","","","","","","","","","","","","","","","","","","","","",""
"3933396400290","08004","小児歯科","3","","","","","","","","","","","","","","","","","","","","","","","","","","","","","","","","",""
"3933930138643","08001","歯科","1","09:00","13:00","09:00","13:00","09:00","13:00","","","09:00","13:00","09:30","13:00","","","","","","","","","","","","","","","","","","","","",""
"3933930138643","08001","歯科","2","14:30","18:00","14:30","18:00","14:30","18:00","","","14:30","18:00","14:00","17:00","","","","","","","","","","","","","","","","","","","","",""
"3933930138643","08001","歯科","3","","","","","","","","","","","","","","","","","","","","","","","","","","","","","","","","",""
"3933930138643","08003","歯科口腔外科","1","","","","","","","","","","","","","","","","","","","","","","","","","","","","","","","","",""
"3933930138643","08003","歯科口腔外科","2","","","","","","","","","","","","","","","","","","","","","","","","","","","","","","","","",""
"3933930138643","08003","歯科口腔外科","3","","","","","","","","","","","","","","","","","","","","","","","","","","","","","","","","",""
"3933930138643","08004","小児歯科","1","","","","","","","","","","","","","","","","","","","","","","","","","","","","","","","","",""
"3933930138643","08004","小児歯科","2","","","","","","","","","","","","","","","","","","","","","","","","","","","","","","","","",""
"3933930138643","08004","小児歯科","3","","","","","","","","","","","","","","","","","","","","","","","","","","","","","","","","",""
"393fi108351","08001","歯科","1","09:30","12:00","09:30","12:00","09:30","12:00","09:30","12:00","09:30","12:00","09:30","12:00","","","","","09:30","12:00","09:30","12:00","09:30","12:00","09:30","12:00","09:30","12:00","09:30","12:00","","","","",""
"393fi108351","08001","歯科","2","13:30","17:30","13:30","17:30","13:30","17:30","","","13:30","17:30","13:30","17:30","","","","","13:30","17:30","13:30","17:30","13:30","17:30","","","13:30","17:30","13:30","17:30","","","","",""
"393fi108351","08001","歯科","3","","","","","","","","","","","","","","","","","","","","","","","","","","","","","","","","",""
"393fi108351","08003","歯科口腔外科","1","09:30","12:00","09:30","12:00","09:30","12:00","09:30","12:00","09:30","12:00","09:30","12:00","","","","","09:30","12:00","09:30","12:00","09:30","12:00","09:30","12:00","09:30","12:00","09:30","12:00","","","","",""
"393fi108351","08003","歯科口腔外科","2","13:30","17:30","13:30","17:30","13:30","17:30","","","13:30","17:30","13:30","17:30","","","","","13:30","17:30","13:30","17:30","13:30","17:30","","","13:30","17:30","13:30","17:30","","","","",""
"393fi108351","08003","歯科口腔外科","3","","","","","","","","","","","","","","","","","","","","","","","","","","","","","","","","",""
