"ID","名称","フリガナ","ローマ字","機関区分","都道府県コード","市区町村コード","所在地","所在地座標（緯度）","所在地座標（経度）","薬局のホームページアドレス","営業日（月）","営業日（火）","営業日（水）","営業日（木）","営業日（金）","営業日（土）","営業日（日）","営業日（祝）","定期閉店毎週（月）","定期閉店毎週（火）","定期閉店毎週（水）","定期閉店毎週（木）","定期閉店毎週（金）","定期閉店毎週（土）","定期閉店毎週（日）","定期閉店毎週（祝）","定期閉店第１週（月）","定期閉店第１週（火）","定期閉店第１週（水）","定期閉店第１週（木）","定期閉店第１週（金）","定期閉店第１週（土）","定期閉店第１週（日）","定期閉店第２週（月）","定期閉店第２週（火）","定期閉店第２週（水）","定期閉店第２週（木）","定期閉店第２週（金）","定期閉店第２週（土）","定期閉店第２週（日）","定期閉店第３週（月）","定期閉店第３週（火）","定期閉店第３週（水）","定期閉店第３週（木）","定期閉店第３週（金）","定期閉店第３週（土）","定期閉店第３週（日）","定期閉店第４週（月）","定期閉店第４週（火）","定期閉店第４週（水）","定期閉店第４週（木）","定期閉店第４週（金）","定期閉店第４週（土）","定期閉店第４週（日）","定期閉店第５週（月）","定期閉店第５週（火）","定期閉店第５週（水）","定期閉店第５週（木）","定期閉店第５週（金）","定期閉店第５週（土）","定期閉店第５週（日）","祝日","その他の閉店日（gw、お盆等）","月_開店時間帯1_開始時間","月_開店時間帯1_終了時間","火_開店時間帯1_開始時間","火_開店時間帯1_終了時間","水_開店時間帯1_開始時間","水_開店時間帯1_終了時間","木_開店時間帯1_開始時間","木_開店時間帯1_終了時間","金_開店時間帯1_開始時間","金_開店時間帯1_終了時間","土_開店時間帯1_開始時間","土_開店時間帯1_終了時間","日_開店時間帯1_開始時間","日_開店時間帯1_終了時間","祝_開店時間帯1_開始時間","祝_開店時間帯1_終了時間","月_開店時間帯2_開始時間","月_開店時間帯2_終了時間","火_開店時間帯2_開始時間","火_開店時間帯2_終了時間","水_開店時間帯2_開始時間","水_開店時間帯2_終了時間","木_開店時間帯2_開始時間","木_開店時間帯2_終了時間","金_開店時間帯2_開始時間","金_開店時間帯2_終了時間","土_開店時間帯2_開始時間","土_開店時間帯2_終了時間","日_開店時間帯2_開始時間","日_開店時間帯2_終了時間","祝_開店時間帯2_開始時間","祝_開店時間帯2_終了時間","月_開店時間帯3_開始時間","月_開店時間帯3_終了時間","火_開店時間帯3_開始時間","火_開店時間帯3_終了時間","水_開店時間帯3_開始時間","水_開店時間帯3_終了時間","木_開店時間帯3_開始時間","木_開店時間帯3_終了時間","金_開店時間帯3_開始時間","金_開店時間帯3_終了時間","土_開店時間帯3_開始時間","土_開店時間帯3_終了時間","日_開店時間帯3_開始時間","日_開店時間帯3_終了時間","祝_開店時間帯3_開始時間","祝_開店時間帯3_終了時間","月_開店時間帯4_開始時間","月_開店時間帯4_終了時間","火_開店時間帯4_開始時間","火_開店時間帯4_終了時間","水_開店時間帯4_開始時間","水_開店時間帯4_終了時間","木_開店時間帯4_開始時間","木_開店時間帯4_終了時間","金_開店時間帯4_開始時間","金_開店時間帯4_終了時間","土_開店時間帯4_開始時間","土_開店時間帯4_終了時間","日_開店時間帯4_開始時間","日_開店時間帯4_終了時間","祝_開店時間帯4_開始時間","祝_開店時間帯4_終了時間","注記","座標の出典"
"3955395001070","病院通薬局みさと店","ビョウインドオリヤッキョクミサトテン","Byouindoriyakkyoku Misatoten","5","39","201","高知県高知市仁井田１６１７－１８",33.51372,133.573413,"http://www.kurisu-p.com","1","1","1","1","1","1","0","0","1","1","1","1","1","1","0","0","","","","","","","","","","","","","","","","","","","","","","","","","","","","","","","","","","","","0","１２月３０日午後（改行）１２月３１日（改行）０１月０１日（改行）０１月０２日（改行）０１月０３日","09:00","18:00","09:00","18:00","09:00","18:00","09:00","18:00","09:00","18:00","09:00","13:30","","","","","","","","","","","","","","","","","","","","","","","","","","","","","","","","","","","","","","","","","","","","","","","","","","","","","","原データ"
"3955395001080","アイン薬局　桟橋店","アインヤッキョク　サンバシテン","ainyakkyoku sanbasiten","5","39","201","高知県高知市桟橋通２丁目７ー７",33.548311,133.548238,"https://www.ainj.co.jp/","1","1","1","1","1","1","0","0","1","1","1","1","1","1","0","0","1","1","1","1","1","1","0","1","1","1","1","1","1","0","1","1","1","1","1","1","0","1","1","1","1","1","1","0","1","1","1","1","1","1","0","0","１２月３０日（改行）１２月３１日（改行）０１月０２日（改行）０１月０３日（改行）０１月０１日","09:00","18:00","09:00","18:00","09:00","18:00","09:00","18:00","09:00","18:00","09:00","18:00","","","","","","","","","","","","","","","","","","","","","","","","","","","","","","","","","","","","","","","","","","","","","","","","","","","","","","原データ"
"3955395001240","サニーひこばえ薬局","サニー　ヒコバエ　ヤッキョク","Sunny Hikobae Drugstore","5","39","201","高知県高知市瀬戸西３丁目１３－１サニーマート瀬戸店内",33.510635,133.54361,"","1","1","1","1","1","1","0","0","1","1","1","1","1","1","0","0","1","1","1","1","1","1","0","1","1","1","1","1","1","0","1","1","1","1","1","1","0","1","1","1","1","1","1","0","1","1","1","1","1","1","0","0","０１月０１日（改行）０１月０２日（改行）０１月０３日","09:30","19:00","09:30","19:00","09:30","19:00","09:30","19:00","09:30","19:00","09:30","19:00","","","","","","","","","","","","","","","","","","","","","","","","","","","","","","","","","","","","","","","","","","","","","","","","","","","","","","原データ"
"3955395001310","正木梅花堂薬局","マサキバイカドウヤッキョク","MasakiBaikadou Drugstore(MasakiBaikadou Yakkyoku)","5","39","201","高知県高知市はりまや町２丁目１－１",33.561166,133.542763,"","1","1","1","1","1","1","0","0","1","1","1","1","1","1","0","","1","1","1","1","1","1","1","1","1","1","1","1","1","1","1","1","1","1","1","1","1","1","1","1","1","1","1","1","1","1","1","1","1","1","1","1","１２月２９日（改行）１２月３０日（改行）１２月３１日（改行）０１月０１日（改行）０１月０２日（改行）０１月０３日","09:00","18:30","09:00","18:30","09:00","18:30","09:00","18:30","09:00","18:30","09:00","17:00","","","","","","","","","","","","","","","","","","","","","","","","","","","","","","","","","","","","","","","","","","","","","","","","","","","","","","原データ"
"3955395001320","ニュータウンなるおか薬局","ニュータウンナルオカヤッキョク","Naruoka Yakkyoku","5","39","201","高知県高知市朝倉己８３４－１５",33.536008,133.486783,"","1","1","1","0","1","1","0","0","1","1","1","0","1","1","0","0","1","1","1","1","1","1","1","1","1","1","1","1","1","1","1","1","1","1","1","1","1","1","1","1","1","1","1","1","1","1","1","1","1","1","1","0","１２月３１日（改行）０１月０３日（改行）０１月０２日（改行）０１月０１日（改行）１２月３０日（改行）１２月２９日（改行）０１月０４日","09:00","12:00","09:00","12:00","09:00","12:00","","","09:00","12:00","09:00","12:00","","","","","12:00","19:00","12:00","19:00","12:00","19:00","","","12:00","19:00","12:00","19:00","","","","","","","","","","","","","","","","","","","","","","","","","","","","","","","","","","","","","","原データ"
"3955395001360","稲本薬局","イナモトヤッキョク","Inamoto Drugstore","5","39","201","高知県高知市愛宕町２丁目１８－２２",33.567794,133.536706,"","1","1","1","1","1","1","0","1","1","1","1","1","1","1","0","1","1","1","1","1","1","1","0","1","1","1","1","1","1","0","1","1","1","1","1","1","0","1","1","1","1","1","1","0","1","1","1","1","1","1","0","1","０１月０１日（改行）０１月０２日（改行）０１月０３日","09:00","19:00","09:00","19:00","09:00","19:00","09:00","19:00","09:00","19:00","09:00","19:00","","","09:00","18:00","","","","","","","","","","","","","","","","","","","","","","","","","","","","","","","","","","","","","","","","","","","","","","","","","","原データ"
"3955395001420","テラオ薬局","テラオヤッキョク","Terao Yakkyoku","5","39","201","高知県高知市南はりまや町２－５－１９",33.557843,133.544908,"http://www.terao-kochi.co.jp/kanpou/","1","1","1","1","1","1","0","0","1","1","1","1","1","1","0","0","1","1","1","1","1","1","0","1","1","1","1","1","1","0","1","1","1","1","1","1","0","1","1","1","1","1","1","0","1","1","1","1","1","1","0","0","１２月２９日（改行）１２月３０日（改行）１２月３１日（改行）０１月０３日（改行）０１月０１日（改行）０１月０２日（改行）０１月０３日","09:00","18:00","09:00","18:00","09:00","18:00","09:00","18:00","09:00","18:00","09:00","17:00","","","","","","","","","","","","","","","","","","","","","","","","","","","","","","","","","","","","","","","","","","","","","","","","","","","","","","原データ"
"3955395001580","ケンコー薬局","ケンコーヤッキョク","Kenkoyakkyoku","5","39","201","高知県高知市百石町２－９－１５",33.548923,133.545448,"","1","1","1","1","1","1","0","0","1","1","1","1","1","1","0","0","1","1","1","1","1","1","1","1","1","1","1","1","1","1","1","1","1","1","1","1","1","1","1","1","1","1","1","1","1","1","1","1","1","1","1","0","隔週の土曜日、お盆、年末年始の閉店日（改行）04月4日（改行）04月24日（改行）04月25日（改行）05月02日～05月06日（改行）05月16日（改行）05月30日（改行）06月06日（改行）06月19日（改行）06月20日（改行）07月04日（改行）07月17日（改行）07月18日（改行）08月01日（改行）08月15日～08月21日（改行）09月04日（改行）09月05日（改行）09月19日（改行）10月03日（改行）10月17日（改行）10月30日（改行）10月31日（改行）11月07日（改行）11月20日（改行）11月21日（改行）12月05日（改行）12月19日（改行）12月27日～01月03日","09:00","18:00","09:00","18:00","09:00","13:00","09:00","18:00","09:00","17:00","09:00","16:00","","","","","","","","","","","","","","","","","","","","","","","","","","","","","","","","","","","","","","","","","","","","","","","","","","","","","","原データ"
"3955395001610","あっぷる・ふぁ～ましぃ","アップル　ファーマシィ","APPLE PHARMACY","5","39","201","高知県高知市葛島１丁目１０番７５号（ファミリープラザ内）",33.558539,133.572518,"","1","1","1","1","1","1","0","0","1","1","1","1","1","1","0","0","1","1","1","1","1","1","0","1","1","1","1","1","1","0","1","1","1","1","1","1","0","1","1","1","1","1","1","0","1","1","1","1","1","1","0","0","","09:00","18:00","09:00","18:00","09:00","18:00","09:00","18:00","09:00","18:00","09:00","17:00","","","","","","","","","","","","","","","","","","","","","","","","","","","","","","","","","","","","","","","","","","","","","","","","","","","","","","原データ"
"3955395001710","白十字薬局　一ツ橋店","ハクジュウジヤッキョク　ヒトツバシテン","Hakujuuziyakkyoku Hitotsubashiten","5","39","201","高知県高知市一ツ橋町２丁目１７６番地",33.572252,133.528783,"","1","1","1","0","1","1","0","0","1","1","1","0","1","1","0","0","1","1","1","0","1","1","1","1","1","1","0","1","1","0","1","1","1","0","1","1","0","1","1","1","0","1","1","0","1","1","1","0","1","1","0","0","","09:00","18:30","09:00","18:30","09:00","18:30","","","09:00","18:30","09:00","17:30","","","","","","","","","","","","","","","","","","","","","","","","","","","","","","","","","","","","","","","","","","","","","","","","","","","","","","原データ"
"3955395001790","上町薬局","カミマチヤッキョク","KAMIMACHI YAKKYOKU","5","39","201","高知県高知市上町２丁目２－１２",33.557607,133.523812,"https://kochi-chozai.co.jp/","1","1","1","1","1","1","0","0","1","1","1","1","1","1","0","0","1","1","1","1","1","1","0","1","1","1","1","1","1","0","1","1","1","1","1","1","0","1","1","1","1","1","1","0","1","1","1","1","1","1","0","0","１２月３１日（改行）１２月３０日（改行）０１月０３日（改行）０１月０２日（改行）０１月０１日","","","08:30","18:00","08:30","18:00","","","08:30","18:00","","","","","","","08:30","17:30","","","","","08:30","17:30","","","","","","","","","","","","","","","","","","","08:30","12:30","","","","","","","","","","","","","","","","","","","","","空欄にした: 月_開店時間帯1 00:00-00:00（開始と終了が同じ） / 空欄にした: 木_開店時間帯1 00:00-00:00（開始と終了が同じ） / 空欄にした: 土_開店時間帯1 00:00-00:00（開始と終了が同じ）","原データ"
"3955395001850","有限会社　ヨシダ　ニュータウン　ヨコハマ薬局","ユウゲンガイシャ　ヨシダニュータウンヨコハマヤッキョク","Newtown Yokohama phamacy","5","39","201","高知県高知市横浜新町",,,"","1","1","1","1","1","1","0","0","1","1","1","1","1","1","0","0","1","1","1","1","1","1","1","1","1","1","1","1","1","1","1","1","1","1","1","1","1","1","1","1","1","1","1","1","1","1","1","1","1","1","1","0","１２月３１日（改行）１２月３０日（改行）０１月０３日（改行）０１月０２日（改行）０１月０１日","09:00","18:30","09:00","18:30","09:00","18:30","09:00","18:30","09:00","18:30","09:00","18:30","","","","","","","","","","","","","","","","","","","","","","","","","","","","","","","","","","","","","","","","","","","","","","","","","","","","","空欄にした: 緯度経度 0.0, 0.0（欠損を示す値。位置レベル8の住所の点が無い）",""
"3955395001890","有限会社ユーミン薬局","ユウゲンガイシャ　ユーミンヤッキョク","Yumin Yakkyoku","5","39","201","高知県高知市上町１丁目４番２０号　渡辺ビル",33.557976,133.525237,"","1","1","1","1","1","1","0","0","1","1","1","1","1","1","0","0","1","1","1","1","1","1","0","1","1","1","1","1","1","0","1","1","1","1","1","1","0","1","1","1","1","1","1","0","1","1","1","1","1","1","0","0","１２月３０日（改行）１２月３１日（改行）０１月０１日（改行）０１月０２日（改行）０１月０３日","09:00","18:00","09:00","18:00","09:00","18:00","09:00","18:00","09:00","18:00","09:00","14:00","","","","","","","","","","","","","","","","","","","","","","","","","","","","","","","","","","","","","","","","","","","","","","","","","","","","","","原データ"
"3955395001920","スプリング薬局","スプリングヤッキョク","Supuringu Yakkyoku","5","39","201","高知県高知市石立町７５－１",33.553959,133.516688,"","1","1","1","1","1","1","0","0","1","1","1","1","1","1","0","0","1","1","1","1","1","1","0","1","1","1","1","1","1","0","1","1","1","1","1","1","0","1","1","1","1","1","0","0","1","1","1","1","1","1","0","0","１２月３１日（改行）０１月０１日（改行）０１月０２日（改行）０１月０３日（改行）０１月０４日","08:30","19:00","08:30","19:00","08:30","19:00","08:30","19:00","08:30","19:00","08:30","19:00","","","","","","","","","","","","","","","","","","","","","","","","","","","","","","","","","","","","","","","","","","","","","","","","","","","","","","原データ"
"3955395001940","相生薬局","アイオイヤッキョク","Aioi Yakkyoku","5","39","201","高知県高知市相生町３－３０",33.564227,133.545004,"https://kochi-chozai.co.jp/","1","1","1","1","1","1","0","0","1","1","1","1","1","1","0","0","1","1","1","1","1","1","1","1","1","1","1","1","1","1","1","1","1","1","1","1","1","1","1","1","1","1","1","1","1","1","1","1","1","1","1","0","１２月３１日（改行）１２月３０日（改行）０１月０３日（改行）０１月０２日（改行）０１月０１日","08:30","17:30","08:30","17:30","08:30","17:30","08:30","17:30","08:30","17:30","08:30","12:30","","","","","","","","","","","","","","","","","","","","","","","","","","","","","","","","","","","","","","","","","","","","","","","","","","","","","","原データ"
"3955395001970","ベル薬局","ベルヤッキョク","BELLE pharmacy","5","39","201","高知県高知市北本町１－１－２",33.564626,133.542055,"http://www.belle-ph.com/","1","1","1","1","1","1","0","0","1","1","1","1","1","1","0","","1","1","1","1","1","1","1","1","1","1","1","1","1","0","1","1","1","1","1","1","1","1","1","1","1","1","1","0","1","1","1","1","1","1","1","0","１２月３１日（改行）０１月０１日（改行）０１月０２日（改行）０１月０３日","09:00","19:00","","","","","09:00","19:00","","","","","","","","","","","09:00","18:00","09:00","18:00","","","09:00","18:00","","","","","","","","","","","","","","","","","09:00","13:00","","","","","","","","","","","","","","","","","","","","","空欄にした: 火_開店時間帯1 00:00-00:00（開始と終了が同じ） / 空欄にした: 水_開店時間帯1 00:00-00:00（開始と終了が同じ） / 空欄にした: 金_開店時間帯1 00:00-00:00（開始と終了が同じ） / 空欄にした: 土_開店時間帯1 00:00-00:00（開始と終了が同じ）","原データ"
"3955395001990","つちばし薬局　本店","ツチバシヤッキョク　ホンテン","Tsuchibashi Yakkyoku Honten","5","39","201","高知県高知市本町１－１－３",33.560026,133.539555,"https://www.tsuchibashi.co.jp/","1","1","1","1","1","1","1","0","","","","","","","","","","","","","","","","","","","","","","","","","","","","","","","","","","","","","","","","","","","","0","GW、年末年始（12月30日、12月31日、1月1日、1月2日、1月3日）","09:30","19:00","09:30","19:00","09:30","19:00","09:30","19:00","09:30","19:00","09:30","19:00","10:00","18:00","","","","","","","","","","","","","","","","","","","","","","","","","","","","","","","","","","","","","","","","","","","","","","","","","","","","原データ"
"3955395002040","つちばし薬局　梅ノ辻店","ツチバシヤッキョク　ウメノツジテン","Tsuchibashi Yakkoku","5","39","201","高知県高知市梅ノ辻８ー１１",33.553225,133.543789,"https://www.tsuchibashi.co.jp/","1","1","1","1","1","1","0","0","","","","","","","","","","","","","","","","","","","","","","","","","","","","","","","","","","","","","","","","","","","","0","GW、年末年始（12月30日、12月31日、1月1日、1月2日、1月3日）","09:00","18:30","09:00","18:00","09:00","17:00","09:00","18:30","09:00","18:00","09:00","17:30","","","","","","","","","","","","","","","","","","","","","","","","","","","","","","","","","","","","","","","","","","","","","","","","","","","","","","原データ"
"3955395002050","アイン薬局　塚ノ原店","アインヤッキョク　ツカノハラテン","Ainyakkyoku tukanoharatenn","5","39","201","高知県高知市塚ノ原",33.560814,133.495088,"https://www.ainj.co.jp","1","1","1","1","1","1","1","1","1","1","1","1","1","1","1","1","1","1","1","1","1","1","1","1","1","1","1","1","1","1","1","1","1","1","1","1","1","1","1","1","1","1","1","1","1","1","1","1","1","1","1","1","","08:30","18:00","08:30","18:00","08:30","18:00","08:30","18:00","08:30","18:00","08:30","17:00","08:30","17:00","08:30","17:00","","","","","","","","","","","","","","","","","","","","","","","","","","","","","","","","","","","","","","","","","","","","","","","","","","原データ"
"3955395002060","しもじま薬局","シモジマヤッキョク","Shimojima yakkyoku","5","39","201","高知県高知市下島町１０番地",33.554477,133.507952,"https://kochi-chozai.co.jp/","1","1","1","1","1","1","0","0","1","1","1","1","1","1","0","0","1","1","1","1","1","1","1","1","1","1","1","1","1","1","1","1","1","1","1","1","1","1","1","1","1","1","1","1","1","1","1","1","1","1","1","0","１２月３１日（改行）０１月０１日（改行）０１月０２日（改行）０１月０３日","08:30","18:00","08:30","18:00","08:30","18:00","08:30","18:00","08:30","18:00","08:30","12:30","","","","","","","","","","","","","","","","","","","","","","","","","","","","","","","","","","","","","","","","","","","","","","","","","","","","","","原データ"
"3955395002080","株式会社　玄白堂","カブシキガイシャ　ゲンパクドウ","Genpakudou Drugstore","5","39","201","高知県高知市上町１丁目４－２５",33.557976,133.525915,"","1","1","1","1","1","1","0","0","1","1","1","1","1","1","0","0","1","1","1","1","1","1","0","1","1","1","1","1","1","0","1","1","1","1","1","1","0","1","1","1","1","1","1","0","1","1","1","1","1","1","0","0","１２月３１日（改行）０１月０１日（改行）０１月０２日（改行）０１月０３日","08:30","18:00","08:30","18:00","08:30","18:00","08:30","18:00","08:30","18:00","08:30","17:00","","","","","","","","","","","","","","","","","","","","","","","","","","","","","","","","","","","","","","","","","","","","","","","","","","","","","","原データ"
"3955395002090","さくら薬局","サクラヤッキョク","Sakura Yakkyoku","5","39","201","高知県高知市朝倉戊１４３８番地１１",33.537431,133.486395,"http://sakuramedico.jp/sakura/index.html","1","1","1","1","1","1","0","0","1","1","1","1","1","1","0","0","1","1","1","1","1","1","0","1","1","1","1","1","1","0","1","1","1","1","1","1","0","1","1","1","1","1","1","0","1","1","1","1","1","1","0","0","１２月３１日（改行）０１月０１日（改行）０１月０２日（改行）０１月０３日","09:00","18:00","09:00","18:00","09:00","18:00","09:00","18:00","09:00","18:00","09:00","13:00","","","","","","","","","","","","","","","09:00","13:00","","","","","","","","","","","","","","","","","","","","","","","","","","","","","","","","","","","","","","原データ"
"3955395002100","みさと薬局","ミサトヤッキョク","Misato Yakkyoku","5","39","201","高知県高知市十津三丁目６番３１号",33.523826,133.574142,"","1","1","1","1","1","1","0","0","1","1","1","1","1","1","0","0","1","1","1","1","1","1","0","1","1","1","1","1","1","0","1","1","1","1","1","1","0","1","1","1","1","1","1","0","1","1","1","1","1","1","0","0","１２月３１日（改行）１２月３０日（改行）０１月０３日（改行）０１月０２日（改行）０１月０１日","09:00","18:00","09:00","18:00","09:00","18:00","09:00","18:00","09:00","18:00","09:00","13:00","","","","","","","","","","","","","","","","","","","","","","","","","","","","","","","","","","","","","","","","","","","","","","","","","","","","","","原データ"
"3955395002110","アイン薬局大膳町店","アインヤッキョクダイゼンチョウテン","ainyakkyokudaizentyouten","5","39","201","高知県高知市大膳町４０",33.559923,133.522768,"https://www.ainj.co.jp","1","1","1","1","1","1","0","0","1","1","1","1","1","1","0","0","1","1","1","1","1","1","0","1","1","1","1","1","1","0","1","1","1","1","1","1","0","1","1","1","1","1","1","0","1","1","1","1","1","1","0","0","１２月３１日（改行）０１月０３日（改行）０１月０２日（改行）０１月０１日","09:00","18:00","09:00","18:00","09:00","18:00","09:00","18:00","09:00","18:00","09:00","15:00","","","","","","","","","","","","","","","","","","","","","","","","","","","","","","","","","","","","","","","","","","","","","","","","","","","","","","原データ"
"3955395002260","ブルークロス調剤薬局　大津店","ブルークロスチョウザイヤッキョク　オオツテン","Bluecross Drugstore Ootsu","5","39","201","高知県高知市大津甲６０１",33.57717,133.610278,"http://bluecross.co.jp/","1","1","1","1","1","1","0","0","1","1","1","1","1","1","0","","1","1","1","1","1","1","1","1","1","1","1","1","1","1","1","1","1","1","1","1","1","1","1","1","1","1","1","1","1","1","1","1","1","1","1","0","１２月３１日（改行）０１月０３日（改行）０１月０２日（改行）０１月０１日","09:00","18:00","09:00","18:00","09:00","18:00","","","09:00","18:00","09:00","18:00","","","","","","","","","","","09:00","17:00","","","","","","","","","","","","","","","","","","","","","","","","","","","","","","","","","","","","","","","","","空欄にした: 木_開店時間帯1 00:00-00:00（開始と終了が同じ）","原データ"
"3955395002320","岡本平和薬局","オカモトヘイワヤッキョク","okamoto heiwa yakkyoku","5","39","201","高知県高知市長浜５８９",33.501345,133.549009,"","1","1","1","1","1","1","0","0","1","1","1","1","1","1","0","0","1","1","1","1","1","1","1","1","1","1","1","1","1","1","1","1","1","1","1","1","1","1","1","1","1","1","1","1","1","1","1","1","1","1","1","0","０１月０３日（改行）０１月０２日（改行）０１月０１日","09:00","19:00","09:00","19:00","09:00","19:00","09:00","19:00","09:00","19:00","09:00","19:00","","","","","","","","","","","","","","","","","","","","","","","","","","","","","","","","","","","","","","","","","","","","","","","","","","","","","","原データ"
"3955395002330","玄白堂薬局　神田店　厚生調剤薬局","ゲンパクドウヤッキョク　コウダテン　コウセイチョウザイヤッキョク","Genpakudou Pharmacy","5","39","201","高知県高知市神田１９－５",33.540319,133.50139,"","1","1","1","1","1","0","0","0","1","1","1","1","1","0","0","","1","1","1","1","1","0","0","1","1","1","1","1","0","0","1","1","1","1","1","0","0","1","1","1","1","1","0","0","1","1","1","1","1","0","0","0","１２月２９日（改行）１２月３０日（改行）１２月３１日（改行）０１月０１日（改行）０１月０２日（改行）０１月０３日","09:00","18:00","09:00","18:00","09:00","18:00","09:00","18:00","09:00","18:00","","","","","","","","","","","","","","","","","","","","","","","","","","","","","","","","","","","","","","","","","","","","","","","","","","","","","","","","原データ"
"3955395002350","長崎宝珠堂薬局","ナガサキホウジュドウヤッキョク","Kanpou no Nagasaki","5","39","201","高知県高知市上町３丁目５－１２",33.557818,133.522599,"","1","1","1","1","1","1","0","0","1","1","1","1","1","1","0","0","1","1","1","1","1","1","0","1","1","1","1","1","1","0","1","1","1","1","1","1","0","1","1","1","1","1","1","0","1","1","1","1","1","1","0","0","１２月３１日（改行）０１月０３日（改行）０１月０２日（改行）０１月０１日","10:00","18:00","10:00","18:00","10:00","18:00","10:00","18:00","10:00","18:00","10:00","13:00","","","","","","","","","","","","","","","","","","","","","","","","","","","","","","","","","","","","","","","","","","","","","","","","","","","","","","原データ"
"3955395002360","長崎宝珠堂薬局西店","ナガサキホウジュドウヤッキョクニシミセ","Nagasakihoujudou yakkyoku nishimise","5","39","201","高知県高知市上町３丁目３－１",33.558143,133.522257,"","1","1","1","1","1","1","0","0","1","1","1","1","1","1","0","0","1","1","1","1","1","1","0","1","1","1","1","1","1","0","1","1","1","1","1","1","0","1","1","1","1","1","1","0","1","1","1","1","1","1","0","0","１２月３１日（改行）０１月０３日（改行）０１月０２日（改行）０１月０１日","09:00","18:00","09:00","18:00","09:00","18:00","09:00","18:00","09:00","18:00","09:00","13:00","","","","","","","","","","","","","","","","","","","","","","","","","","","","","","","","","","","","","","","","","","","","","","","","","","","","","","原データ"
"3955395002370","よこうち薬局","ヨコウチヤッキョク","yokouchi yakkyoku","5","39","201","高知県高知市横内４５２",33.566258,133.501365,"","1","1","1","1","1","1","0","0","1","1","1","1","1","1","0","0","1","1","1","1","1","1","1","1","1","1","1","1","1","1","1","1","1","1","1","1","1","1","1","1","1","1","1","1","1","1","1","1","1","1","1","0","１２月３１日（改行）１２月３０日（改行）０１月０３日（改行）０１月０２日（改行）０１月０１日","09:00","18:30","09:00","18:30","09:00","18:30","09:00","18:30","09:00","18:30","09:00","13:00","","","","","","","","","","","","","","","","","","","","","","","","","","","","","","","","","","","","","","","","","","","","","","","","","","","","","","原データ"
"3955395002400","とまと薬局","トマトヤッキョク","Tomato Yakkyoku","5","39","201","高知県高知市愛宕町１丁目４ー９",33.56578,133.536997,"https://medico-drugfarm.jp/","1","1","1","1","1","1","0","0","1","1","1","1","1","1","0","0","1","1","1","1","1","1","0","1","1","1","1","1","1","0","1","1","1","1","1","1","0","1","1","1","1","1","1","0","1","1","1","1","1","1","0","0","１２月３１日（改行）０１月０１日（改行）０１月０２日（改行）０１月０３日","09:00","18:00","09:00","18:00","09:00","18:00","09:00","18:00","09:00","18:00","09:00","13:00","","","","","","","","","","","","","","","","","","","","","","","","","","","","","","","","","","","","","","","","","","","","","","","","","","","","","","原データ"
"3955395002410","あじさい薬局　杉井流店","アジサイヤッキョク　スギイルテン","AJISAI PHARMACY AJISAI YAKKYOKU","5","39","201","高知県高知市杉井流２－３",33.567854,133.55522,"http://www.drug-kuroshio.co.jp/index.htm","1","1","1","1","1","1","0","0","1","1","1","1","1","1","0","0","1","1","1","1","1","1","0","1","1","1","1","1","1","0","1","1","1","1","1","1","0","1","1","1","1","1","1","0","1","1","1","1","1","1","0","0","１２月３１日（改行）０１月０１日（改行）０１月０２日（改行）０１月０３日","09:00","18:00","09:00","18:00","09:00","18:00","00:00","17:00","09:00","18:00","09:00","15:00","","","","","","","","","","","","","","","","","","","","","","","","","","","","","","","","","","","","","","","","","","","","","","","","","","","","","疑い: 木_開店時間帯1 00:00-17:00（開始が 06:00 より前） / 疑い: 木 曜日フラグは営業日だが時刻が無い","原データ"
"3955395002440","城西薬局","ジョウセイヤッキョク","Jyousei  Yakkyoku","5","39","201","高知県高知市上町１丁目７－２７",33.557148,133.525271,"","1","1","1","1","1","1","0","0","1","1","1","1","1","1","0","0","1","1","1","1","1","1","0","1","1","1","1","1","0","0","1","1","1","1","1","1","0","1","1","1","1","1","1","0","1","1","1","1","1","1","0","0","１２月３０日（改行）１２月３１日（改行）０１月０１日（改行）０１月０２日（改行）０１月０３日","09:00","18:00","09:00","18:00","09:00","18:00","09:00","18:00","09:00","18:00","09:00","13:30","","","","","09:00","18:00","09:00","18:00","09:00","18:00","09:00","18:00","09:00","18:00","","","","","","","","","","","","","","","","","","","","","","","","","","","","","","","","","","","","","","","","原データ"
"3955395002470","ブルークロス　厚生薬局","ブルークロス　コウセイヤッキョク","Kousei Drugstore","5","39","201","高知県高知市神田１９－１５",33.540319,133.501307,"http://bluecross.co.jp/","1","1","1","1","1","1","0","0","1","1","1","1","1","1","0","","1","1","1","1","1","1","1","1","1","1","1","1","1","1","1","1","1","1","1","1","1","1","1","1","1","1","1","1","1","1","1","1","1","1","1","0","１２月３１日（改行）１２月３０日（改行）１２月２９日（改行）０１月０３日（改行）０１月０２日（改行）０１月０１日","09:00","18:00","09:00","18:00","09:00","18:00","09:00","18:00","09:00","18:00","","","","","","","","","","","","","","","","","09:00","12:00","","","","","","","","","","","","","","","","","","","","","","","","","","","","","","","","","","","","","空欄にした: 土_開店時間帯1 00:00-00:00（開始と終了が同じ）","原データ"
"3955395002480","有限会社若草薬局","ユウゲンガイシャワカクサヤッキョク","Wakakusa Yakkyoku","5","39","201","高知県高知市鵜来巣",33.542635,133.485741,"","1","1","1","1","1","1","0","0","1","1","1","1","1","1","0","","1","1","1","1","1","1","1","1","1","1","1","1","1","1","1","1","1","1","1","1","1","1","1","1","1","1","1","1","1","1","1","1","1","1","1","0","１２月３０日（改行）１２月３１日（改行）０１月０１日（改行）０１月０２日（改行）０１月０３日","09:00","18:00","09:00","18:00","09:00","18:00","09:00","18:00","09:00","18:00","09:00","13:00","","","","","","","","","","","","","","","","","","","","","","","","","","","","","","","","","","","","","","","","","","","","","","","","","","","","","","原データ"
"3955395002550","つちばし薬局　一宮店","ツチバシヤクキョク　イックテン","Tsuchibashi Yakkyoku","5","39","201","高知県高知市一宮西町１－３－９",33.583099,133.567588,"https://www.tsuchibashi.co.jp/","1","1","1","1","1","1","0","0","","","","","","","","","","","","","","","","","","","","","","","","","","","","","","","","","","","","","","","","","","","","","GW、年末年始（12月30日、12月31日、1月1日、1月2日、1月3日）","09:00","18:00","09:00","18:00","09:00","18:00","09:00","18:00","09:00","18:00","09:00","13:00","","","","","","","","","","","","","","","","","","","","","","","","","","","","","","","","","","","","","","","","","","","","","","","","","","","","","","原データ"
"3955395002620","病院通薬局あぞの店","ビョウインドオリヤッキョクアゾノテン","Byouindouriyakkyokuazonoten","5","39","201","高知県高知市薊野北町２丁目１０番５１－１４号",33.579698,133.555527,"https://www.kurisu-p.com/","1","1","1","1","1","1","0","0","","","","","","","0","0","","","","","","","","","","","","","","","","","","","","","","","","","","","","","","","","","","","","0","１２月３０日（改行）１２月３１日（改行）０１月０１日（改行）０１月０２日（改行）０１月０３日","08:30","17:30","08:30","17:30","08:30","17:30","08:30","17:30","08:30","17:30","08:30","17:30","","","","","","","","","","","","","","","08:30","12:30","","","","","","","","","","","","","","","","","","","","","","","","","","","","","","","","","","","","","","原データ"
"3955395002630","ダイリン薬局","ダイリンヤッキョク","Dairin Yakkyoku","5","39","201","高知県高知市薊野北町二丁目１０番１号",33.579609,133.555236,"http://www.kurisu-p.com","1","1","1","1","1","1","0","0","","","","","","","0","0","","","","","","","","","","","","","","","","","","","","","","","","","","","","","","","","","","","","0","１２月３０日（改行）１２月３１日（改行）０１月０１日（改行）０１月０２日（改行）０１月０３日","09:00","18:00","09:00","18:00","09:00","18:00","09:00","18:00","09:00","18:00","08:30","17:30","","","","","","","","","","","","","","","08:30","12:30","","","","","","","","","","","","","","","","","","","","","","","","","","","","","","","","","","","","","","原データ"
"3955395002650","にしもり薬局","ニシモリヤッキョク","Nishimori Yakkyoku","5","39","201","高知県高知市新本町１ー１－１６",33.56844,133.543259,"https://www.kusurinomadoguchi.com/kochi/s1000000180","1","1","1","1","1","1","0","0","1","1","1","1","1","1","0","0","1","1","1","1","1","1","0","1","1","1","1","1","1","0","1","1","1","1","1","1","0","1","1","1","1","1","1","0","1","1","1","1","1","1","0","0","１２月３０日（改行）１２月３１日（改行）０１月０１日（改行）０１月０２日（改行）０１月０３日","09:00","19:00","09:00","19:00","09:00","19:00","09:00","19:00","09:00","19:00","09:00","18:00","","","","","","","","","","","","","","","","","","","","","","","","","","","","","","","","","","","","","","","","","","","","","","","","","","","","","","原データ"
"3955395002700","有限会社　朝倉薬局","ユウゲンガイシャ　アサクラヤッキョク","Asakurayakkyoku","5","39","201","高知県高知市若草町１６－２２",33.543135,133.486383,"","1","1","1","1","1","1","0","0","1","1","1","1","1","1","0","0","1","1","1","1","1","1","0","1","1","1","1","1","1","0","1","1","1","1","1","1","0","1","1","1","1","1","1","0","1","1","1","1","1","1","0","0","１２月３１日（改行）１２月３０日（改行）０１月０３日（改行）０１月０２日（改行）０１月０１日","08:30","18:30","08:30","18:30","08:30","18:30","08:30","18:30","08:30","18:30","08:30","15:30","","","","","","","","","","","","","","","","","","","","","","","","","","","","","","","","","","","","","","","","","","","","","","","","","","","","","","原データ"
"3955395002760","ながはま薬局","ナガハマヤッキョク","Nagahama Yakkyoku","5","39","201","高知県高知市長浜６７７－１０",33.501236,133.545541,"","1","1","1","1","1","1","0","0","1","1","1","1","1","1","0","0","1","1","1","1","1","1","1","1","1","1","1","1","1","1","1","1","1","1","1","1","1","1","1","1","1","1","1","1","1","1","1","1","1","1","1","0","","08:30","18:30","08:30","18:30","08:30","18:30","08:30","18:30","08:30","18:30","08:30","17:30","","","","","","","","","","","","","","","","","","","","","","","","","","","","","","","","","","","","","","","","","","","","","","","","","","","","","","原データ"
"3955395002770","ブルークロス　江ノ口薬局","ブルークロス　エノクチヤッキョク","Enokuchi Drugstore","5","39","201","高知県高知市愛宕町２－２２－２",33.568947,133.536874,"http://bluecross.co.jp/","1","1","1","1","1","1","0","0","1","1","1","1","1","1","0","","1","1","1","1","1","1","1","1","1","1","1","1","1","1","1","1","1","1","1","1","1","1","1","1","1","1","1","1","1","1","1","1","1","1","1","0","１２月３１日（改行）０１月０３日（改行）０１月０２日（改行）０１月０１日","08:30","18:30","08:30","18:30","08:30","18:30","","","08:30","18:30","","","","","","","","","","","","","08:30","17:00","","","","","","","","","","","","","","","","","","","08:30","17:30","","","","","","","","","","","","","","","","","","","","","空欄にした: 木_開店時間帯1 00:00-00:00（開始と終了が同じ） / 空欄にした: 土_開店時間帯1 00:00-00:00（開始と終了が同じ） / 空欄にした: 土_開店時間帯2 00:00-00:00（開始と終了が同じ）","原データ"
"3955395002810","ブルークロス調剤薬局　本町店","ブルークロスチョウザイヤッキョク　ホンマチテン","Bluecross Drugstore Honmachi","5","39","201","高知県高知市鷹匠町１－１－２３",33.556968,133.536745,"http://bluecross.co.jp/","1","1","1","1","1","1","0","0","1","1","1","1","1","1","0","","1","1","1","1","1","1","1","1","1","1","1","1","1","1","1","1","1","1","1","1","1","1","1","1","1","1","1","1","1","1","1","1","1","1","1","0","１２月３１日（改行）１２月３０日（改行）０１月０３日（改行）０１月０２日（改行）０１月０１日","09:00","18:00","09:00","18:00","09:00","18:00","09:00","18:00","09:00","18:00","","","","","","","","","","","","","","","","","09:00","13:00","","","","","","","","","","","","","","","","","","","","","","","","","","","","","","","","","","","","","空欄にした: 土_開店時間帯1 00:00-00:00（開始と終了が同じ）","原データ"
"3955395002820","有限会社かめや薬局","ユウゲンガイシャ　カメヤヤッキョク","Kameya Drugstore","5","39","201","高知県高知市福井東町３５－１１",33.563933,133.512889,"http://kameya8.com","0","1","1","1","1","1","0","0","0","1","1","1","1","1","0","","0","1","1","1","1","1","0","0","1","1","1","1","1","0","0","1","1","1","1","1","0","0","1","1","1","1","1","0","0","1","1","1","1","1","0","0","１２月２９日（改行）１２月３０日（改行）１２月３１日（改行）０１月０１日（改行）０１月０２日（改行）０１月０３日","","","09:00","18:00","09:00","18:00","09:00","18:00","09:00","18:00","09:00","18:00","","","","","","","","","","","","","","","","","","","","","","","","","","","","","","","","","","","","","","","","","","","","","","","","","","","","","","原データ"
"3955395002870","西村薬局","ニシムラ　ヤッキョク","NISHIMURA Drugstore","5","39","201","高知県高知市桜井町２－４－１２",33.561447,133.551996,"","1","1","1","1","1","1","0","0","1","1","1","1","1","1","0","","1","1","1","1","1","1","1","1","1","1","1","1","1","1","1","1","1","1","1","1","1","1","1","1","1","1","1","1","1","1","1","1","1","1","1","0","０１月０３日（改行）０１月０２日（改行）０１月０１日","09:00","20:30","09:00","20:30","09:00","20:30","09:00","20:30","09:00","20:30","09:00","20:30","","","","","","","","","","","","","","","","","","","","","","","","","","","","","","","","","","","","","","","","","","","","","","","","","","","","","","原データ"
"3955395002910","アクア薬局","アクアヤッキョク","Aqua Yakkyoku","5","39","201","高知県高知市旭町２丁目２３－３０",33.555865,133.511006,"","1","1","1","1","1","1","0","0","1","1","1","1","1","1","0","0","1","1","1","1","1","1","1","1","1","1","1","1","1","1","1","1","1","1","1","1","1","1","1","1","1","1","1","1","1","1","1","1","1","1","1","0","12月30日～１月３日","08:30","17:30","08:30","17:30","08:30","17:30","08:30","12:00","08:30","17:30","08:30","14:00","","","","","","","","","","","","","","","","","","","","","","","","","","","","","","","","","","","","","","","","","","","","","","","","","","","","","","原データ"
"3955395002980","はまゆう薬局","ハマユウヤッキョク","Hamayu Yakkyoku","5","39","303","高知県安芸郡田野町１８１０－２",33.428819,134.00879,"https://kochi-chozai.co.jp/","1","1","1","1","1","1","0","0","1","1","1","1","1","1","","","1","1","1","1","1","1","1","1","1","1","1","1","1","1","1","1","1","1","1","1","1","1","1","1","1","1","","","1","1","1","1","1","","","1","０５月０５日（改行）０５月０４日（改行）０５月０３日（改行）０１月０３日（改行）０１月０２日（改行）０１月０１日","08:30","17:30","08:30","17:30","08:30","17:30","08:30","17:30","08:30","17:30","08:30","12:30","","","","","","","","","","","","","","","","","","","","","","","","","","","","","","","","","","","","","","","","","","","","","","","","","","","","","","原データ"
"3955395003000","西田屋薬局","ニシダヤヤッキョク","nisidayayakkyoku","5","39","203","高知県安芸市本町",33.499194,133.907311,"","1","1","1","1","1","1","0","1","1","1","1","1","1","1","0","1","1","1","1","1","1","1","0","1","1","1","1","1","1","0","1","1","1","1","1","1","0","1","1","1","1","1","1","0","1","1","1","1","1","1","0","1","０１月０１日","09:00","19:30","09:00","19:30","09:00","19:30","09:00","19:30","09:00","19:30","09:00","19:30","","","09:00","16:00","","","","","","","","","","","","","","","","","","","","","","","","","","","","","","","","","","","","","","","","","","","","","","","","","","原データ"
"3955395003020","らいおん堂薬局　甲浦店","ライオンドウヤッキョク　カンノウラテン","raionndouyakkyoku kannouraten","5","39","301","高知県安芸郡東洋町大字甲浦５４１",,,"","1","1","1","1","1","1","0","0","1","1","1","1","1","1","0","0","1","1","1","1","1","1","0","1","1","1","1","1","1","0","1","1","1","1","1","1","0","1","1","1","1","1","1","0","1","1","1","1","1","1","0","0","０１月０１日（改行）０１月０２日（改行）０１月０３日（改行）１２月３０日（改行）１２月３１日（改行）０８月１３日（改行）０８月１４日（改行）０８月１５日","08:30","17:30","08:30","17:30","08:30","17:30","08:30","16:30","08:30","17:30","08:30","12:30","","","","","","","","","","","","","","","","","","","","","","","","","","","","","","","","","","","","","","","","","","","","","","","","","","","","","空欄にした: 緯度経度 0.0, 0.0（欠損を示す値。位置レベル8の住所の点が無い）",""
"3955395003050","いちまる薬局","イチマルヤッキョク","Kampo Itimaru Pharmacy","5","39","304","高知県安芸郡安田町安田１６９０−２",33.436829,133.979358,"https://www.facebook.com/itimarukampo","1","1","1","0","1","1","0","0","1","0","1","0","1","1","0","0","1","0","1","0","1","1","0","1","0","1","0","1","1","0","1","0","1","0","1","1","0","1","0","1","0","1","1","0","1","0","1","0","1","1","0","0","１２月３１日（改行）０１月０１日（改行）０１月０２日（改行）０１月０３日（改行）０１月０４日（改行）０１月０５日（改行）１２月３０日","09:00","17:00","09:00","17:00","09:00","17:00","","","09:00","17:00","09:00","17:00","","","","","","","","","","","","","","","","","","","","","","","","","","","","","","","","","","","","","","","","","","","","","","","","","","","","","","原データ"
"3955395003060","芸西薬局","ゲイセイヤッキョク","Geisei Yakkyoku","5","39","307","高知県安芸郡芸西村和食甲１５１３－１",33.521697,133.809023,"http://sakuramedico.jp/geisei/index.html","1","1","1","1","1","1","0","0","1","1","1","1","1","1","0","0","1","1","1","1","1","1","0","1","1","1","1","1","1","0","1","1","1","1","1","1","0","1","1","1","1","1","1","0","1","1","1","1","1","1","0","0","１２月３０日（改行）１２月３１日（改行）０１月０１日（改行）０１月０２日（改行）０１月０３日","09:00","18:00","09:00","18:00","09:00","18:00","09:00","18:00","09:00","18:00","09:00","13:00","","","","","","","","","","","","","","","","","","","","","","","","","","","","","","","","","","","","","","","","","","","","","","","","","","","","","","原データ"
"3955395003080","くじら薬局","クジラヤッキョク","Kujira Yakkyoku","5","39","203","高知県安芸市本町２－１０－１１",33.498649,133.908105,"https://medico-drugfarm.jp/company/","1","1","1","1","1","1","0","0","1","1","1","1","1","1","0","0","1","1","1","1","1","1","0","1","1","1","1","1","1","0","1","1","1","1","1","1","0","1","1","1","1","1","1","0","1","1","1","1","1","1","0","0","１２月３１日（改行）０１月０１日（改行）０１月０２日（改行）０１月０３日","08:30","12:00","08:30","12:00","08:30","12:00","08:30","12:00","08:30","12:00","08:30","13:00","","","","","12:00","18:00","12:00","18:00","12:00","18:00","12:00","18:00","12:00","18:00","","","","","","","","","","","","","","","","","","","","","","","","","","","","","","","","","","","","","","","","原データ"
"3955395003090","元氣堂調剤薬局　なはり店","ゲンキドウチョウザイヤッキョク　ナハリテン","genkidoutyouzaiyakkyoku nahariten","5","39","302","高知県安芸郡奈半利町乙３７１１－１２",33.43722,134.028024,"","1","1","1","1","1","1","0","0","1","1","1","1","1","1","0","","1","1","1","1","1","1","0","1","1","1","1","1","1","0","1","1","1","1","1","1","0","1","1","1","1","1","1","0","1","1","1","1","1","1","0","0","１２月３１日（改行）０１月０１日（改行）０１月０２日（改行）０１月０３日","09:00","17:00","09:00","17:00","09:00","17:00","09:00","17:00","09:00","17:00","09:00","12:00","","","","","","","","","","","","","","","","","","","","","","","","","","","","","","","","","","","","","","","","","","","","","","","","","","","","","","原データ"
"3955395003150","タキ薬局","タキヤッキョク","","5","39","202","高知県室戸市浮津二番町４４−１",33.291742,134.145665,"","1","1","1","1","1","1","0","0","1","1","1","1","1","1","0","0","1","1","1","1","1","1","0","1","1","1","1","1","1","0","1","1","1","1","1","1","0","1","1","1","1","1","1","0","1","1","1","1","1","1","0","0","GWは休み（改行）お盆休みは無し","09:00","12:00","09:00","12:00","09:00","12:00","09:00","12:00","09:00","12:00","09:00","12:00","","","","","12:00","19:00","12:00","19:00","12:00","19:00","12:00","19:00","12:00","19:00","12:00","17:00","","","","","","","","","","","","","","","","","","","","","","","","","","","","","","","","","","","","","","原データ"
"3955395003160","山川ライオン堂薬局","ヤマカワライオンドウヤッキョク","YamaKawaRaionDou pharmacy","5","39","202","高知県室戸市浮津３６４－１",33.290073,134.148163,"","1","1","1","1","1","1","0","0","1","1","1","1","1","1","0","0","1","1","1","1","1","1","0","1","1","1","1","1","1","0","1","1","1","1","1","1","0","1","1","1","1","1","1","0","1","1","1","1","1","1","0","0","０１月０１日（改行）０１月０２日（改行）０１月０３日（改行）１２月３１日","09:00","20:00","09:00","20:00","09:00","20:00","09:00","20:00","09:00","20:00","09:00","15:00","","","","","","","","","","","","","","","","","","","","","","","","","","","","","","","","","","","","","","","","","","","","","","","","","","","","","","原データ"
"3955395003180","らいおん堂薬局吉良川店","ライオンドウヤッキョクキラガワテン","","5","39","202","高知県室戸市吉良川町甲３９４７",33.330977,134.098813,"","1","1","1","1","1","1","0","0","1","1","1","1","1","1","0","0","1","1","1","1","1","1","0","1","1","1","1","1","1","0","1","1","1","1","1","1","0","1","1","1","1","1","1","0","1","1","1","1","1","1","0","0","１２月３０日（改行）１２月３１日（改行）０１月０１日（改行）０１月０２日（改行）０１月０３日（改行）０８月１５日","08:30","18:00","08:30","18:00","08:30","18:00","08:30","16:30","08:30","18:00","08:30","13:00","","","","","","","","","","","","","","","","","","","","","","","","","","","","","","","","","","","","","","","","","","","","","","","","","","","","","","原データ"
"3955395003190","大町薬局","オオマチヤッキョク","Omachi Yakkyoku","5","39","212","高知県香美市土佐山田町東本町３－１－３８",33.606222,133.68936,"","1","1","1","1","1","1","0","0","1","1","1","1","1","1","0","0","1","1","1","1","1","1","0","1","1","1","1","1","1","0","1","1","1","1","1","1","0","1","1","1","1","1","1","0","1","1","1","1","1","1","0","0","12月29日（改行）12月30日（改行）12月31日（改行）1月1日（改行）1月2日（改行）1月3日","09:00","12:30","09:00","12:30","09:00","12:30","09:00","12:30","09:00","12:30","09:00","12:30","","","","","13:30","20:00","13:30","20:00","13:30","20:00","13:30","17:00","13:30","20:00","","","","","","","","","","","","","","","","","","","","","","","","","","","","","","","","","","","","","","","","原データ"
"3955395003210","神母ノ木薬局","イゲノキヤッキョク","Igenoki Drugstore","5","39","212","高知県香美市土佐山田町神母ノ木３３５－１",33.6162,133.714622,"","1","1","1","1","1","1","0","0","1","1","1","1","1","1","0","","1","1","1","1","1","1","1","1","1","1","1","1","1","1","1","1","1","1","1","1","1","1","1","1","1","1","1","1","1","1","1","1","1","1","1","0","０１月０３日（改行）０１月０２日（改行）０１月０１日","08:00","18:00","08:00","18:00","08:00","18:00","08:00","18:00","08:00","18:00","08:00","18:00","","","","","","","","","","","","","","","","","","","","","","","","","","","","","","","","","","","","","","","","","","","","","","","","","","","","","","原データ"
"3955395003280","きしもと薬局　十市店","キシモトヤッキョク　トウチテン","kishimotoyakkyoku tochiten","5","39","204","高知県南国市十市２６８１番地",33.527089,133.619902,"","1","1","1","1","1","1","0","0","1","1","1","1","1","1","0","0","1","1","1","1","1","1","0","1","1","1","1","1","1","0","1","1","1","1","1","1","0","1","1","1","1","1","1","0","1","1","1","1","1","1","0","0","１２月３０日（改行）１２月３１日（改行）０１月０１日（改行）０１月０２日（改行）０１月０３日","09:00","17:30","09:00","17:30","09:00","17:30","09:00","17:00","09:00","17:30","09:00","13:00","","","","","","","","","","","","","","","","","","","","","","","","","","","","","","","","","","","","","","","","","","","","","","","","","","","","","","原データ"
"3955395003310","有限会社　西田順天堂薬局","ユウゲンガイシャ　ニシダジュンテンドウヤッキョク","Nishidajyuntendou Yakkyoku","5","39","204","高知県南国市大そね甲１７０５",33.575309,133.641271,"http://www.kochi-f.co.jp/nishida/","1","1","1","1","1","0","0","0","1","1","1","1","1","0","0","0","1","1","1","1","1","0","0","1","1","1","1","1","0","0","1","1","1","1","1","0","0","1","1","1","1","1","0","0","1","1","1","1","1","0","0","0","","09:00","13:30","09:00","13:30","09:00","13:30","09:00","13:30","09:00","13:30","","","","","","","14:30","18:00","14:30","18:00","14:30","18:00","14:30","18:00","14:30","18:00","","","","","","","","","","","","","","","","","","","","","","","","","","","","","","","","","","","","","","","","原データ"
"3955395003330","西田調剤薬局","ニシダチョウザイヤッキョク","Nishidachouzai Yakkyoku","5","39","204","高知県南国市大そね甲１７７２－１",33.572596,133.64697,"","0","1","1","1","1","1","0","0","0","1","1","1","1","1","0","0","0","1","1","1","1","1","0","0","1","1","1","1","1","0","0","1","1","1","1","0","0","0","1","1","1","1","1","0","0","1","1","1","1","1","0","0","１２月２９日（改行）１２月３０日（改行）１２月３１日（改行）０１月０１日（改行）０１月０２日（改行）０１月０３日","","","09:00","13:00","09:00","13:00","09:00","13:00","09:00","13:00","09:00","13:00","","","","","","","14:30","18:00","14:30","20:00","14:30","18:00","14:30","20:00","14:00","16:00","","","","","","","","","","","","","","","","","","","","","","","","","","","","","","","","","","","","","","原データ"
"3955395003350","西田順天堂薬局中町店","ニシダジュンテンドウヤッキョクナカマチテン","Nishidajuntendou Yakkyoku Nakamatiten","5","39","204","高知県南国市駅前町３ー１ー３９",33.576612153,133.647011144,"http://www.nishida-ph.net/","1","1","1","1","1","1","0","0","1","1","1","1","1","1","0","0","1","1","1","1","1","1","0","1","1","1","1","1","1","0","1","1","1","1","1","1","0","1","1","1","1","1","1","0","1","1","1","1","1","1","0","0","１２月３０日（改行）１２月３１日（改行）０１月０１日（改行）０１月０２日（改行）０１月０３日","08:30","18:00","08:30","18:00","08:30","18:00","08:30","18:00","08:30","18:00","08:30","12:00","","","","","","","","","","","","","","","","","","","","","","","","","","","","","","","","","","","","","","","","","","","","","","","","","","","","","書き換えた: 緯度経度 0.0, 0.0 → 住居表示の点（欠損を示す値）","住居表示"
"3955395003410","有限会社　ジィアイシー　やいろ薬局","ユウゲンガイシャ　ジィアイシー　ヤイロヤッキョク","Yairo Drugstore","5","39","212","高知県香美市土佐山田町西本町５－３－１",33.604149,133.680115,"","1","1","1","1","1","1","0","0","1","1","1","1","1","1","0","","1","1","1","1","1","1","0","1","1","1","1","1","1","0","1","1","1","1","1","1","0","1","1","1","1","1","1","0","1","1","1","1","1","1","0","0","１２月２９日（改行）１２月３０日（改行）１２月３１日（改行）０１月０３日（改行）０１月０２日（改行）０１月０１日","09:00","18:30","09:00","18:30","09:00","18:30","09:00","12:30","09:00","18:30","09:00","18:30","","","","","","","","","","","","","","","","","","","","","","","","","","","","","","","","","","","","","","","","","","","","","","","","","","","","","","原データ"
"3955395003420","西田順天堂薬局　オオソネ店","ニシダジュンテンドウヤッキョクオオソネテン","nisidajuntendou yakkyoku oosonetenn","5","39","204","高知県南国市大そね乙１２５８－１",33.566344,133.64632,"https://www.nishida-ph.net","1","1","1","1","1","1","0","0","1","1","1","1","1","1","0","0","1","1","1","1","1","1","0","1","1","1","1","1","1","0","1","1","1","1","1","1","0","1","1","1","1","1","1","0","1","1","1","1","1","1","0","0","","08:30","18:00","08:30","18:00","08:30","18:00","08:30","18:00","08:30","18:00","08:30","13:00","","","","","","","","","","","","","","","","","","","","","","","","","","","","","","","","","","","","","","","","","","","","","","","","","","","","","","原データ"
"3955395003440","なんごく薬局","ナンゴクヤッキョク","NangokuYakkyoku","5","39","204","高知県南国市西野田町１ー２３－６",33.575589,133.648772,"https://www.kochi-chozai.co.jp","1","1","1","1","1","1","0","0","","","","","","","","","","","","","","","","","","","","","","","","","","","","","","","","","","","","","","","","","","","","0","１２月３０日（改行）１２月３１日（改行）０１月０１日（改行）０１月０２日（改行）０１月０３日","08:30","17:30","08:30","17:30","08:30","17:30","08:30","17:30","08:30","17:30","08:30","12:30","","","","","","","","","","","","","","","","","","","","","","","","","","","","","","","","","","","","","","","","","","","","","","","","","","","","","","原データ"
"3955395003450","いの薬局","イノヤッキョク","Ino Yakkyoku","5","39","204","高知県南国市東崎１３４８番地２",33.575757,133.642787,"","1","1","1","1","1","1","0","0","1","1","1","1","1","1","0","0","1","1","1","1","1","1","0","1","1","1","1","1","1","0","1","1","1","1","1","1","0","1","1","1","1","1","1","0","1","1","1","1","1","1","0","0","１２月３０日（改行）１２月３１日（改行）０１月０１日（改行）０１月０２日（改行）０１月０３日","08:30","17:30","08:30","17:00","08:30","17:30","08:30","17:00","08:30","17:30","08:30","13:00","","","","","","","","","","","","","","","","","","","","","","","","","","","","","","","","","","","","","","","","","","","","","","","","","","","","","","原データ"
"3955395003460","あい薬局","アイヤッキョク","Ai Yakkyoku","5","39","212","高知県香美市土佐山田町百石町１丁目９番６号",33.607951,133.696155,"","1","1","1","1","1","1","0","0","1","1","1","1","1","1","0","0","1","1","1","1","1","1","0","1","1","1","1","1","1","0","1","1","1","1","1","1","0","1","1","1","1","1","1","0","1","1","1","1","1","1","0","0","１２月３０日（改行）１２月３１日（改行）０１月０１日（改行）０１月０２日（改行）０１月０３日","09:00","18:00","09:00","18:00","09:00","18:00","09:00","18:00","09:00","18:00","09:00","18:00","","","","","","","","","","","","","","","","","","","","","","","","","","","","","","","","","","","","","","","","","","","","","","","","","","","","","","原データ"
"3955395003470","株式会社ファムコやまもも薬局","カブシキガイシャファムコヤマモモヤッキョク","Yamamomo Yakkyoku","5","39","211","高知県香南市野市町西野１９００－５",33.558646,133.694878,"","1","1","1","1","1","1","0","0","1","1","1","1","1","1","0","0","","","","","","","","","","","","","","","","","","","","","","","","","","","","","","","","","","","","0","１２月３１日（改行）０１月０１日（改行）０１月０２日（改行）０１月０３日","09:00","18:00","09:00","18:00","09:00","18:00","09:00","17:00","09:00","18:00","09:00","12:00","","","","","","","","","","","","","","","","","","","","","","","","","","","","","","","","","","","","","","","","","","","","","","","","","","","","","","原データ"
"3955395003480","薬局清流","ヤッキョクセイリュウ","YAKKYOKU SEIRYUU","5","39","212","高知県香美市土佐山田町楠目３９番地１",33.613944,133.712755,"","1","1","1","1","1","1","0","0","1","1","1","1","1","1","0","","1","1","1","1","1","1","0","1","1","1","1","1","1","0","1","1","1","1","1","1","0","1","1","1","1","1","1","0","1","1","1","1","1","1","0","0","１２月３１日（改行）０１月０１日（改行）０１月０２日（改行）０１月０３日","08:30","18:00","08:30","18:00","08:30","18:00","08:30","18:00","08:30","18:00","","","","","","","","","","","","","","","","","08:30","12:30","","","","","","","","","","","","","","","","","","","","","","","","","","","","","","","","","","","","","空欄にした: 土_開店時間帯1 00:00-00:00（開始と終了が同じ）","原データ"
"3955395003490","くろしお薬局　十市店","クロシオヤッキョク　トオチテン","Kuroshio Parmacy Tochi Store","5","39","204","高知県南国市緑ケ丘２－１７１４",33.533449,133.609994,"https://www.drug-kuroshio.co.jp/","1","1","1","1","1","1","0","0","1","1","1","1","1","1","0","0","","","","","","","","","","","","","","","","","","","","","","","","","","","","","","","","","","","","","１２月２９日・３０日・３１日（改行）１月１日・２日・３日","09:00","18:00","09:00","18:00","09:00","18:00","10:00","18:00","09:00","18:00","09:00","13:00","","","","","","","","","","","","","","","","","","","","","","","","","","","","","","","","","","","","","","","","","","","","","","","","","","","","","","原データ"
"3955395003520","ベル薬局　山田店","ベルヤッキョク　ヤマダテン","Beru Yakkyoku Yamadaten","5","39","212","高知県香美市土佐山田町旭町５－３－１１",33.606881,133.693652,"http://www.belle-ph.com/","1","1","1","1","1","1","0","0","1","1","1","1","1","1","0","","1","1","1","1","1","1","1","1","1","1","1","1","1","1","1","1","1","1","1","1","1","1","1","1","1","1","1","1","1","1","1","1","1","1","1","0","１２月３０日（改行）１２月３１日（改行）０１月０１日（改行）０１月０２日（改行）０１月０３日","09:00","18:00","09:00","18:00","09:00","18:00","09:00","18:00","09:00","18:00","09:00","13:00","","","","","","","","","","","","","","","","","","","","","","","","","","","","","","","","","","","","","","","","","","","","","","","","","","","","","","原データ"
"3955395003530","ハート薬局　おおそね店","ハートヤッキョク　オオソネテン","HAATO YAKKYOKU OOSONETEN","5","39","204","高知県南国市大そね乙９９２－３",33.5664,133.650233,"","1","1","1","1","1","1","0","0","1","1","1","1","1","1","0","0","1","1","1","1","1","1","0","1","1","1","1","1","1","0","1","1","1","1","1","1","0","1","1","1","1","1","1","0","1","1","1","1","1","1","0","0","１２月３１日（改行）１２月３０日（改行）１２月２９日（改行）０１月０３日（改行）０１月０２日（改行）０１月０１日","09:00","17:30","09:00","17:30","09:00","17:30","09:00","17:30","09:00","17:30","09:00","12:30","","","","","","","","","","","","","","","","","","","","","","","","","","","","","","","","","","","","","","","","","","","","","","","","","","","","","","原データ"
"3955395003550","四国調剤あさひ薬局","シコクチョウザイアサヒヤッキョク","asahi yakkyoku","5","39","212","高知県香美市土佐山田町東本町４丁目１－３６",33.607087,133.690983,"http://www.shikoku-dsp.co.jp/","1","1","1","1","1","1","0","0","1","1","1","1","1","1","0","0","1","1","1","1","1","1","0","1","1","1","1","1","1","0","1","1","1","1","1","1","0","1","1","1","1","1","1","0","1","1","1","1","1","1","0","0","１２月２９日（改行）１２月３０日（改行）１２月３１日（改行）０１月０１日（改行）０１月０２日（改行）０１月０３日","09:00","18:00","09:00","18:00","09:00","18:00","09:00","18:00","09:00","18:00","09:00","13:00","","","","","","","","","","","","","","","","","","","","","","","","","","","","","","","","","","","","","","","","","","","","","","","","","","","","","","原データ"
"3955395003570","のいち駅前薬局","ノイチエキマエヤッキョク","Noichiekimae Drugstore","5","39","211","高知県香南市野市町西野５８７－２０",33.562814,133.697657,"http://bluecross.co.jp/","1","1","1","1","1","1","0","0","1","1","1","1","1","1","0","","1","1","1","1","1","1","1","1","1","1","1","1","1","1","1","1","1","1","1","1","1","1","1","1","1","1","1","1","1","1","1","1","1","1","1","0","１２月３１日（改行）１２月３０日（改行）０１月０３日（改行）０１月０２日（改行）０１月０１日","09:00","18:00","09:00","18:00","","","09:00","18:00","09:00","18:00","","","","","","","","","","","09:00","17:00","","","","","","","","","","","","","","","","","","","","","09:00","13:00","","","","","","","","","","","","","","","","","","","","","空欄にした: 水_開店時間帯1 00:00-00:00（開始と終了が同じ） / 空欄にした: 土_開店時間帯1 00:00-00:00（開始と終了が同じ） / 空欄にした: 土_開店時間帯2 00:00-00:00（開始と終了が同じ）","原データ"
"3955395003600","アイン薬局　ＪＡ高知病院前店","アインヤッキョク　ジェイエイコウチビョウインマエテン","Ain Pharmacy","5","39","204","高知県南国市明見５３８番地６",33.569567,133.622396,"http://www.ainj.co.jp/","1","1","1","1","1","1","0","0","1","1","1","1","1","1","0","","1","1","1","1","1","1","1","1","1","1","1","1","1","1","1","1","1","1","1","1","1","1","1","1","1","1","1","1","1","1","1","1","1","1","1","0","１２月３１日（改行）１２月３０日（改行）１２月２９日（改行）０１月０３日（改行）０１月０２日（改行）０１月０１日","08:30","18:30","08:30","18:30","08:30","18:30","08:30","18:30","08:30","18:30","08:30","17:00","","","","","","","","","","","","","","","08:30","13:00","","","","","","","","","","","","","","","","","","","","","","","","","","","","","","","","","","","","","","原データ"
"3955395003610","西田順天堂薬局　明見店","ニシダジュンテンドウヤッキョク　ミョウケンテン","Nisidajuntendou Yakkyoku Myoukenten","5","39","204","高知県南国市明見堀井甲５６６－１",33.575588,133.641273,"https://www.nishida-ph.net","1","1","1","1","1","1","0","0","1","1","1","1","1","1","0","","1","1","1","1","1","1","0","1","1","1","1","1","1","0","1","1","1","1","1","1","0","1","1","1","1","1","1","0","1","1","1","1","1","1","0","0","１２月２９日（改行）１２月３０日（改行）１２月３１日（改行）０１月０３日","08:30","18:30","08:30","18:30","08:30","18:30","08:30","18:30","08:30","18:30","","","","","","","","","","","","","","","","","08:30","13:00","","","","","","","","","","","","","","","08:30","17:00","","","","","","","","","","","","","","","","","","","","","空欄にした: 土_開店時間帯1 00:00-00:00（開始と終了が同じ）","原データ"
"3955395003730","藤田薬局","フジタヤッキョク","Fujita-Yakkyoku","5","39","205","高知県土佐市高岡町乙１５８－５",33.49708,133.423414,"","1","1","1","1","1","1","0","0","1","1","1","1","1","1","0","0","1","1","1","1","1","1","0","1","1","1","1","1","1","0","1","1","1","1","1","1","0","1","1","1","1","1","1","0","1","1","1","1","1","1","0","0","０１月０３日（改行）０１月０２日（改行）０１月０１日","09:00","18:00","09:00","18:00","09:00","18:00","09:00","18:00","09:00","18:00","09:00","17:00","","","","","","","","","","","","","","","","","","","","","","","","","","","","","","","","","","","","","","","","","","","","","","","","","","","","","","原データ"
"3955395003750","とさ薬局","トサヤッキョク","TOSA Yakkyoku","5","39","205","高知県土佐市高岡町甲１８９４ー２８",33.494334,133.424269,"","1","1","1","1","1","1","0","1","1","1","1","1","1","1","0","1","1","1","1","1","1","1","0","1","1","1","1","1","1","0","1","1","1","1","1","1","0","1","1","1","1","1","1","0","1","1","1","1","1","1","0","1","祝日は輪番制","08:30","18:30","08:30","18:30","08:30","18:30","08:30","18:30","08:30","18:30","09:00","16:00","","","09:00","16:00","","","","","","","","","","","09:00","11:00","","","","","","","","","","","","","","","","","","","","","","","","","","","","","","","","","","","","","","原データ"
"3955395003760","たかおか薬局","タカオカヤッキョク","Takaoka Yakkyoku","5","39","205","高知県土佐市高岡町甲２１９０－１",33.495591,133.420145,"","1","1","1","1","1","1","0","0","1","1","1","1","1","1","0","0","1","1","1","1","1","1","0","1","1","1","1","1","1","0","1","1","1","1","1","1","0","1","1","1","1","1","1","0","1","1","1","1","1","1","0","0","１２月３１日（改行）０１月０３日（改行）０１月０２日（改行）０１月０１日","09:00","18:00","09:00","18:00","09:00","18:00","09:00","18:00","09:00","18:00","09:00","16:00","","","","","","","","","","","","","","","","","","","","","","","","","","","","","","","","","","","","","","","","","","","","","","","","","","","","","","原データ"
"3955395003770","よこまち薬局","ヨコマチヤッキョク","Yokomachi Yakkyoku","5","39","205","高知県土佐市高岡町甲１８９４－１０",33.494242,133.424272,"","1","1","1","1","1","0","0","0","1","1","1","1","1","1","0","","1","1","1","1","1","0","0","1","1","1","1","1","1","0","1","1","1","1","1","0","0","1","1","1","1","1","0","0","1","1","1","1","1","0","0","0","０１月０３日（改行）０１月０２日（改行）０１月０１日","08:30","18:00","08:30","18:00","08:30","18:00","08:30","18:00","08:30","18:00","","","","","","","","","","","","","","","","","","","","","","","","","","","","","","","","","","","","","","","","","","","","","","","","","","","","","","","","原データ"
"3955395003800","蓮池薬局","ハスイケヤッキョク","Hasuike Yakkyoku","5","39","205","高知県土佐市蓮池１２０７―１",33.492587,133.413634,"","1","1","1","1","1","1","0","0","1","1","1","1","1","1","0","0","1","1","1","1","1","1","0","1","1","1","1","1","1","0","1","1","1","1","1","1","0","1","1","1","1","1","1","0","1","1","1","1","1","1","0","0","１２月３１日（改行）１２月３０日（改行）０１月０１日（改行）０１月０２日（改行）０１月０３日","09:00","18:00","09:00","18:00","09:00","18:00","09:00","13:00","09:00","18:00","09:00","13:00","","","","","","","","","","","","","","","","","","","","","","","","","","","","","","","","","","","","","","","","","","","","","","","","","","","","","","原データ"
"3955395003810","ブルークロスえだがわ薬局","ブルークロスエダガワヤッキョク","bluecross edagawa yakkyoku","5","39","386","高知県吾川郡いの町２０５",33.550797,133.442532,"http://www.inforyoma.or.jp/bluecross/","1","1","1","1","1","1","0","1","1","1","1","1","1","1","0","1","1","1","1","1","1","1","1","1","1","1","1","1","1","1","1","1","1","1","1","1","1","1","1","1","1","1","1","1","1","1","1","1","1","1","1","1","０１月０１日（改行）０１月０２日（改行）０１月０３日（改行）１２月３１日","09:00","18:00","09:00","18:00","09:00","18:00","","","09:00","18:00","09:00","18:00","","","09:00","18:00","","","","","","","09:00","17:00","","","","","","","","","","","","","","","","","","","","","","","","","","","","","","","","","","","","","","","","","空欄にした: 木_開店時間帯1 00:00-00:00（開始と終了が同じ）","原データ"
"3955395003830","かたおか薬局","カタオカヤッキヨク","Kataoka Yakkyoku","5","39","386","高知県吾川郡いの町枝川２２７２－１４",33.552131,133.459734,"","1","1","1","1","1","1","0","0","1","1","1","1","1","1","0","0","1","1","1","1","1","1","0","1","1","1","1","1","1","0","1","1","1","1","1","1","0","1","1","1","1","1","1","0","1","1","1","1","1","1","0","0","１２月３１日（改行）０１月０３日（改行）０１月０２日（改行）０１月０１日（改行）１２月３０日","09:00","18:00","09:00","18:00","09:00","18:00","09:00","18:00","09:00","18:00","09:00","13:00","","","","","","","","","","","","","","","","","","","","","","","","","","","","","","","","","","","","","","","","","","","","","","","","","","","","","","原データ"
"3955395003840","松田薬局","マツダヤッキョク","Matsuda Yakkyoku","5","39","386","高知県吾川郡いの町３８０６ーイ",33.54772,133.426051,"http://www.matsuda-ph.jp","1","1","1","1","1","1","0","0","1","1","1","1","1","1","0","","1","1","1","1","1","1","1","1","1","1","1","1","1","1","0","1","1","1","1","1","1","1","1","1","1","1","1","1","1","1","1","1","1","1","1","0","１２月３１日（改行）０１月０１日（改行）０１月０２日（改行）０１月０３日","09:00","19:00","09:00","19:00","09:00","19:00","09:00","19:00","09:00","19:00","09:00","19:00","","","","","","","","","","","","","","","","","","","","","","","","","","","","","","","","","","","","","","","","","","","","","","","","","","","","","","原データ"
"3955395003870","ローズ薬局","ローズ　ヤッキョク","Ro-su Yakkyoku","5","39","386","高知県吾川郡いの町新町３６",33.547819,133.429025,"","1","1","1","1","1","1","0","0","1","1","1","1","1","1","0","0","1","1","1","1","1","1","0","1","1","1","1","1","1","0","1","1","1","1","1","1","0","1","1","1","1","1","1","0","1","1","1","1","1","1","0","0","１２月３０日（改行）１２月３１日（改行）０１月０１日（改行）０１月０２日（改行）０１月０３日","09:00","18:00","09:00","18:00","09:00","18:00","09:00","13:00","09:00","18:00","09:00","13:00","","","","","","","","","","","","","","","","","","","","","","","","","","","","","","","","","","","","","","","","","","","","","","","","","","","","","","原データ"
"3955395003880","伊野ひこばえ薬局","イノヒコバエヤッキョク","InoHikobae Yakkyoku","5","39","386","高知県吾川郡いの町１１８８　サニーマート伊野店内",33.548641,133.427682,"","1","1","1","1","1","1","0","0","1","1","1","1","1","1","0","","1","1","1","1","1","1","0","1","1","1","1","1","1","0","1","1","1","1","1","1","0","1","1","1","1","1","1","0","1","1","1","1","1","1","0","0","０１月０１日","10:00","18:00","10:00","18:00","10:00","18:00","10:00","18:00","10:00","18:00","10:00","18:00","","","","","","","","","","","","","","","","","","","","","","","","","","","","","","","","","","","","","","","","","","","","","","","","","","","","","","原データ"
"3955395003890","ベル薬局　伊野店","ベルヤッキョク　イノテン","Beru Yakkyoku Inoten","5","39","386","高知県吾川郡いの町１３２８－７",33.546903,133.434191,"http://www.belle-ph.com/","1","1","1","1","1","1","0","0","1","1","1","1","1","1","0","0","","","","","","","","","","","","","","","","","","","","","","","","","","","","","","","","","","","","0","１２月３１日（改行）１２月３０日（改行）０１月０３日（改行）０１月０２日（改行）０１月０１日（改行）０１月０３日","09:00","18:00","09:00","18:00","09:00","18:00","09:00","18:00","09:00","18:00","09:00","13:00","","","","","","","","","","","","","","","","","","","","","","","","","","","","","","","","","","","","","","","","","","","","","","","","","","","","","","原データ"
"3955395003900","いの薬局","イノヤッキョク","Ino Yakkyoku","5","39","386","高知県吾川郡いの町１３６８－１",33.547458,133.434208,"https://kigurakuraimu.jp","1","1","1","1","1","1","0","0","1","1","1","1","1","1","0","","1","1","1","1","1","1","0","1","1","1","1","1","1","0","1","1","1","1","1","1","0","1","1","1","1","1","1","0","1","1","1","1","1","1","0","0","０１月０１日（改行）０１月０２日（改行）０１月０３日（改行）１２月３０日（改行）１２月３１日","08:50","18:00","08:50","18:00","08:50","18:00","08:50","18:00","08:50","18:00","09:00","12:00","","","","","","","","","","","","","","","","","","","","","","","","","","","","","","","","","","","","","","","","","","","","","","","","","","","","","","原データ"
"3955395003910","みなみ薬局","ミナミヤッキョク","Minami Drugstore","5","39","386","高知県吾川郡いの町天王南１－５－４",33.528119,133.44149,"https://www.minami-fine.net","1","1","1","1","1","1","0","0","1","1","1","1","1","1","0","0","1","1","1","1","1","1","0","1","1","1","1","1","1","0","1","1","1","1","1","1","0","1","1","1","1","1","1","0","1","1","1","1","1","1","0","0","１２月３１日（改行）１２月３０日（改行）０１月０３日（改行）０１月０２日（改行）０１月０１日（改行）お盆休み　日は未定","09:00","18:00","09:00","18:00","09:00","18:00","09:00","18:00","09:00","18:00","09:00","13:00","","","","","","","","","","","","","","","","","","","","","","","","","","","","","","","","","","","","","","","","","","","","","","","","","","","","","","原データ"
"3955395003920","波川薬局","ハカワヤッキョク","Hakawa Yakkyoku","5","39","386","高知県吾川郡いの町波川５６６－５",33.546161,133.410652,"","1","1","1","1","1","1","0","0","1","1","1","1","1","1","0","","1","1","1","1","1","1","1","1","1","1","1","1","1","1","1","1","1","1","1","1","1","1","1","1","1","1","1","1","1","1","1","1","1","1","1","0","１２月３１日（改行）０１月０１日（改行）０１月０２日（改行）０１月０３日","09:00","18:00","09:00","18:00","09:00","18:00","09:00","18:00","09:00","18:00","09:00","13:00","","","","","","","","","","","","","","","","","","","","","","","","","","","","","","","","","","","","","","","","","","","","","","","","","","","","","","原データ"
"3955395003940","たけうち調剤薬局","タケウチチョウザイヤッキョク","Takeuchi Tyouzai Yakkyoku","5","39","402","高知県高岡郡佐川町甲１０５２－５",33.50043,133.291509,"","1","1","1","1","1","1","0","0","1","1","1","1","1","1","0","0","","","","","","","","","","","","","","","","","","","","","","","","","","","","","","","","","","","","0","１２月３１日（改行）１２月３０日（改行）０１月０３日（改行）０１月０２日（改行）０１月０１日","09:00","19:00","09:00","19:00","09:00","19:00","09:00","17:30","09:00","19:00","09:00","17:30","","","","","","","","","","","","","","","","","","","","","","","","","","","","","","","","","","","","","","","","","","","","","","","","","","","","","","原データ"
"3955395003960","くろしお薬局　佐川店","クロシオヤッキョク　サカワテン","Kuroshio Yakkyoku Sakawaten","5","39","402","高知県高岡郡佐川町甲１３５６－３",33.500322,133.290418,"http://www.kuroshio-pharmacy.com/","1","1","1","1","1","1","0","0","1","1","1","1","1","1","0","0","1","1","1","1","1","1","0","1","1","1","1","1","1","0","1","1","1","1","1","1","0","1","1","1","1","1","1","0","1","1","1","1","1","1","0","0","１２月３１日（改行）０１月０１日（改行）０１月０２日（改行）０１月０３日","09:00","18:30","09:00","18:30","09:00","18:30","09:00","17:00","09:00","18:30","09:00","13:00","","","","","","","","","","","","","","","","","","","","","","","","","","","","","","","","","","","","","","","","","","","","","","","","","","","","","","原データ"
"3955395003970","高北薬局","コウホクヤッキョク","Kouhoku Drugstore","5","39","402","高知県高岡郡佐川町甲１６９１－５",33.503732,133.286654,"http://bluecross.co.jp/","1","1","1","1","1","1","0","0","1","1","1","1","1","1","0","","1","1","1","1","1","1","1","1","1","1","1","1","1","1","1","1","1","1","1","1","1","1","1","1","1","1","1","1","1","1","1","1","1","1","1","0","１２月３１日（改行）１２月３０日（改行）１２月２９日（改行）０１月０３日（改行）０１月０２日（改行）０１月０１日","08:30","18:00","08:30","18:00","08:30","18:00","08:30","18:00","08:30","18:00","","","","","","","","","","","","","","","","","08:30","13:00","","","","","","","","","","","","","","","","","","","","","","","","","","","","","","","","","","","","","空欄にした: 土_開店時間帯1 00:00-00:00（開始と終了が同じ）","原データ"
"3955395004000","あおば薬局","アオバヤッキョク","Aoba Yakkyoku","5","39","402","高知県高岡郡佐川町乙１７６６－１",33.50609,133.280185,"https://kigurakuraimu.jp","1","1","1","1","1","1","0","0","1","1","1","1","1","1","0","","1","1","1","1","1","1","0","1","1","1","1","1","1","0","1","1","1","1","1","1","0","1","1","1","1","1","1","0","1","1","1","1","1","1","0","0","０１月０１日（改行）０１月０２日（改行）０１月０３日（改行）１２月３１日","09:00","18:00","09:00","18:00","09:00","18:00","09:00","18:00","09:00","18:00","09:00","13:00","","","","","","","","","","","","","","","","","","","","","","","","","","","","","","","","","","","","","","","","","","","","","","","","","","","","","","原データ"
"3955395004010","森下薬局","モリシタヤッキョク","MoriShita Yakkyoku","5","39","403","高知県高岡郡越知町越知甲１７２０",33.531973,133.251863,"","1","1","1","1","1","1","0","0","1","1","1","1","1","1","0","0","1","1","1","1","1","1","0","1","1","1","1","1","1","0","1","1","1","1","1","1","0","1","1","1","1","1","1","0","1","1","1","1","1","1","0","0","０１月０２日（改行）０１月０１日","08:00","18:00","08:00","18:00","08:00","18:00","08:00","18:00","08:00","18:00","08:00","17:00","","","","","","","","","","","","","","","","","","","","","","","","","","","","","","","","","","","","","","","","","","","","","","","","","","","","","","原データ"
"3955395004020","セーフティカプセルネットキグラ薬局","セーフティカプセルネットキグラヤッキョク","Kigura Yakkyoku","5","39","403","高知県高岡郡越知町越知甲１９５４－７",33.532542,133.251334,"https://kigurakuraimu.jp","1","1","1","1","1","1","0","0","1","1","1","1","1","1","0","","1","1","1","1","1","1","0","1","1","1","1","1","1","0","1","1","1","1","1","1","0","1","1","1","1","1","1","0","1","1","1","1","1","1","0","0","０１月０１日（改行）０１月０２日（改行）０１月０３日（改行）１２月３１日","09:00","18:00","09:00","18:00","09:00","18:00","09:00","18:00","09:00","18:00","09:00","13:00","","","","","","","","","","","","","","","","","","","","","","","","","","","","","","","","","","","","","","","","","","","","","","","","","","","","","","原データ"
"3955395004030","セーフティカプセルネットサン薬局","セーフティカプセルネットサンヤッキョク","Sun Yakkyoku","5","39","403","高知県高岡郡越知町越知甲２１３０",33.530306,133.249641,"https://kigurakuraimu.jp","1","1","1","1","1","1","0","0","1","1","1","1","1","1","0","","1","1","1","1","1","1","0","1","1","1","1","1","1","0","1","1","1","1","1","1","0","1","1","1","1","1","1","0","1","1","1","1","1","1","0","0","０１月０１日（改行）０１月０２日（改行）０１月０３日（改行）１２月３１日","09:00","18:00","09:00","18:00","09:00","18:00","09:00","18:00","09:00","18:00","09:00","13:00","","","","","","","","","","","","","","","","","","","","","","","","","","","","","","","","","","","","","","","","","","","","","","","","","","","","","","原データ"
"3955395004040","浜田薬局　バイパス店","ハマダヤッキョクバイパステン","hamada yakkyoku baipasuten","5","39","403","高知県高岡郡越知町越知甲１６８２－５",33.530428,133.252843,"","1","1","1","1","1","1","0","0","1","1","1","1","1","1","0","","1","1","1","1","1","1","1","1","1","1","1","1","1","1","1","1","1","1","1","1","1","1","1","1","1","1","1","1","1","1","1","1","1","1","1","0","１２月３１日（改行）０１月０３日（改行）０１月０２日（改行）０１月０１日","08:30","18:30","08:30","18:30","08:30","18:30","08:30","18:30","08:30","18:30","08:30","15:00","","","","","","","","","","","","","","","","","","","","","","","","","","","","","","","","","","","","","","","","","","","","","","","","","","","","","","原データ"
"3955395004070","有限会社薬研　ほりおか薬局東店","ユウゲンガイシャヤゲン　ホリオカヤッキョクヒガシテン","Horioka Yakkyoku Higashiten","5","39","410","高知県高岡郡日高村本郷２４－１",33.535692,133.374891,"","1","1","1","1","1","1","0","0","1","1","1","1","1","1","0","0","1","1","1","1","1","1","0","1","1","1","1","1","1","0","1","1","1","1","1","1","0","1","1","1","1","1","1","0","1","1","1","1","1","1","0","0","１２月３１日（改行）０１月０１日（改行）０１月０２日（改行）０１月０３日","09:00","18:00","09:00","18:00","09:00","18:00","09:00","18:00","09:00","18:00","09:00","18:00","","","","","","","","","","","","","","","","","","","","","","","","","","","","","","","","","","","","","","","","","","","","","","","","","","","","","","原データ"
"3955395004150","ヨシムラ薬局バイパス店","ヨシムラヤッキョクバイパステン","Yoshimura Drugstore","5","39","341","高知県長岡郡本山町本山５７９－１",33.759232,133.588542,"","1","1","1","1","1","1","0","1","1","1","1","1","1","1","0","1","1","1","1","1","1","1","0","1","1","1","1","1","1","0","1","1","1","1","1","1","0","1","1","1","1","1","1","0","1","1","1","1","1","1","0","1","０１月０３日（改行）０１月０２日（改行）０１月０１日","08:45","19:00","08:45","19:00","08:45","19:00","08:45","19:00","08:45","19:00","08:45","19:00","","","09:00","17:00","","","","","","","","","","","","","","","","","","","","","","","","","","","","","","","","","","","","","","","","","","","","","","","","","","原データ"
"3955395004200","高知調剤薬局　田井店","コウチチョウザイヤッキョク　タイテン","kochichozaiyakkyoku taiten","5","39","363","高知県土佐郡土佐町田井１４８９－１",33.748632,133.554942,"https://kochi-chozai.co.jp/","1","1","1","1","1","1","0","0","1","1","1","1","1","1","0","0","1","1","1","1","1","1","0","1","1","1","1","1","1","0","1","1","1","1","1","1","0","1","1","1","1","1","1","0","1","1","1","1","1","1","0","0","１２月３１日（改行）０１月０１日（改行）０１月０２日（改行）０１月０３日","09:00","18:00","09:00","18:00","09:00","18:00","09:00","18:00","09:00","18:00","09:00","18:00","","","","","","","","","","","","","","","","","","","","","","","","","","","","","","","","","","","","","","","","","","","","","","","","","","","","","","原データ"
"3955395004210","有限会社メディファ　長山薬局","ユウゲンガイシャメデファ　ナガヤマヤッキョク","Nagayama Yakkyoku","5","39","206","高知県須崎市大間東町１－８",33.407064,133.287652,"","1","1","1","1","1","1","0","0","1","1","1","1","1","1","0","0","1","1","1","1","1","1","0","1","1","1","1","1","1","0","1","1","1","1","1","1","0","1","1","1","1","1","1","0","1","1","1","1","1","1","0","0","１２月３０日（改行）１２月３１日（改行）０１月０１日（改行）０１月０２日（改行）０１月０３日","09:00","18:00","09:00","18:00","09:00","18:00","09:00","18:00","09:00","18:00","09:00","17:00","","","","","","","","","","","","","","","","","","","","","","","","","","","","","","","","","","","","","","","","","","","","","","","","","","","","","","原データ"
"3955395004230","カナザワ薬局","カナザワヤッキョク","Kanazawa Yakkyoku","5","39","206","高知県須崎市東古市町３ー２",33.389693,133.288042,"","1","1","1","1","1","1","0","0","","","","","","","","","1","1","1","1","1","1","0","1","1","1","1","1","1","0","1","1","1","1","1","0","0","1","1","1","1","1","1","0","1","1","1","1","1","1","0","0","１２月３０日（改行）１２月３１日（改行）０１月０１日（改行）０１月０２日（改行）０１月０３日","08:30","18:00","08:30","18:00","08:30","18:00","08:30","18:00","08:30","18:00","08:30","13:00","","","","","","","","","","","","","","","","","","","","","","","","","","","","","","","","","","","","","","","","","","","","","","","","","","","","","","原データ"
"3955395004250","モリタ薬局","モリタヤッキョク","MORITAYAKKYOKU","5","39","206","高知県須崎市緑町４－３１",33.411711,133.289917,"","1","1","1","1","1","0","0","0","1","1","1","1","1","1","1","","1","1","1","1","1","1","1","1","1","1","1","1","1","1","1","1","1","1","1","1","1","1","1","1","1","1","1","1","1","1","1","1","1","1","1","1","","08:30","18:00","08:30","18:00","08:30","18:00","08:30","18:00","08:30","18:00","","","","","","","","","","","","","","","","","","","","","","","","","","","","","","","","","","","","","","","","","","","","","","","","","","","","","","","","原データ"
"3955395004260","有限会社メディファ長山薬局グリーンロード店","ユウゲンガイシャメディファナガヤマヤッキョクグリーンロードテン","Nagayama yakkyoku greenroad-ten","5","39","206","高知県須崎市緑町５－３",33.412255,133.28981,"","1","1","1","1","1","0","0","0","1","1","1","1","1","0","0","","1","1","1","1","1","1","1","1","1","1","1","1","1","1","1","1","1","1","1","1","1","1","1","1","1","1","1","1","1","1","1","1","1","1","1","0","１２月３０日（改行）１２月３１日（改行）０１月０１日（改行）０１月０２日（改行）０１月０３日","09:00","18:00","09:00","18:00","09:00","18:00","09:00","18:00","09:00","18:00","","","","","","","","","","","","","","","","","","","","","","","","","","","","","","","","","","","","","","","","","","","","","","","","","","","","","","","","原データ"
"3955395004280","カナザワ薬局緑町店","カナザワヤッキョク　ミドリマチテン","KANAZAWA PHARMACY MIDORI-TOWN STORE","5","39","206","高知県須崎市緑町４－２７",33.411663,133.289136,"","1","1","1","1","1","0","0","0","1","1","1","1","1","0","0","0","","","","","","","","","","","","","","","","","","","","","","","","","","","","","","","","","","","","","","08:30","13:00","08:30","13:00","08:30","13:00","08:30","13:00","08:30","13:00","","","","","","","13:00","18:00","13:00","18:00","13:00","18:00","13:00","18:00","13:00","18:00","","","","","","","","","","","","","","","","","","","","","","","","","","","","","","","","","","","","","","","","原データ"
"3955395004320","金澤薬局","カナザワヤッキョク","Kanazawa Pharmacy","5","39","401","高知県高岡郡中土佐町久礼６４４４－４",33.329636,133.230532,"","1","1","1","1","1","1","0","0","1","1","1","1","1","1","0","0","1","1","1","1","1","1","0","1","1","1","1","1","1","0","1","1","1","1","1","1","0","1","1","1","1","1","1","0","1","1","1","1","1","1","0","0","１２月３１日（改行）０１月０１日（改行）０１月０２日（改行）０１月０３日","","","08:30","13:00","08:30","13:00","08:30","13:00","08:30","13:00","08:30","14:00","","","","","14:00","18:00","14:00","18:00","14:00","18:00","14:00","18:00","14:00","18:00","","","","","","","","","","","","","","","","","","","","","","","","","","","","","","","","","","","","","","","空欄にした: 月_開店時間帯1 00:00-00:00（開始と終了が同じ）","原データ"
"3955395004370","あい薬局","アイヤッキョク","Ai Pharmacy","5","39","405","高知県高岡郡檮原町川西路２３０７－２",33.395036,132.921901,"","1","1","1","1","1","1","0","0","1","1","1","1","1","1","0","0","1","1","1","1","1","1","0","1","1","1","1","1","1","0","1","1","1","1","1","1","0","1","1","1","1","1","1","0","1","1","1","1","1","1","0","0","０１月０３日（改行）０１月０２日（改行）０１月０１日","08:30","12:30","08:30","12:30","08:30","12:30","08:30","12:30","08:30","12:30","09:00","12:00","","","","","12:30","17:30","12:30","17:30","12:30","17:30","12:30","17:30","12:30","17:30","12:00","17:00","","","","","","","","","","","","","","","","","","","","","","","","","","","","","","","","","","","","","","原データ"
"3955395004390","武政薬局","タケマサヤッキョク","Takemasa Yakkyoku","5","39","206","高知県須崎市西古市町５－３６",33.389691,133.285922,"","1","1","1","1","1","1","0","1","1","1","1","1","1","1","0","","1","1","1","1","1","1","0","1","1","1","1","1","1","0","1","1","1","1","1","1","0","1","1","1","1","1","1","0","1","1","1","1","1","1","0","1","１２月３１日（改行）１２月３０日（改行）０１月０３日（改行）０１月０２日（改行）０１月０１日","08:30","18:00","08:30","18:00","08:30","18:00","08:30","18:00","08:30","18:00","","","","","","","","","","","","","","","","","08:30","14:00","","","08:30","14:00","","","","","","","","","","","","","","","","","","","","","","","","","","","","","","","","","空欄にした: 土_開店時間帯1 00:00-00:00（開始と終了が同じ） / 空欄にした: 祝_開店時間帯1 00:00-00:00（開始と終了が同じ）","原データ"
"3955395004430","調剤薬局技術センター","チョウザイヤッキョクギジュツセンター","cyouzai Senta-","5","39","412","高知県高岡郡四万十町見付９２５－５",33.205899,133.147712,"https://www.facebook.com/tyouzaisenta/","1","1","1","1","1","1","0","0","1","1","1","1","1","1","0","0","1","1","1","1","1","1","0","1","1","1","1","1","1","0","1","1","1","1","1","1","0","1","1","1","1","1","1","0","1","1","1","1","1","1","0","0","１２月３０日（改行）１２月３１日（改行）０１月０３日（改行）０１月０２日（改行）０１月０１日（改行）（輪番制で開店日あり）","08:30","18:00","08:30","18:00","08:30","18:00","08:30","18:00","08:30","18:00","08:30","17:00","","","","","","","","","","","","","","","","","","","","","","","","","","","","","","","","","","","","","","","","","","","","","","","","","","","","","","原データ"
"3955395004440","みかど薬局","ミカドヤッキョク","mikadoyakkyoku","5","39","412","高知県高岡郡四万十町古市町６３番１号",33.207566,133.140768,"","1","1","1","1","1","1","0","0","1","1","1","1","1","1","0","","1","1","1","1","1","1","0","1","1","1","1","1","1","0","1","1","1","1","1","1","0","1","1","1","1","1","1","0","1","1","1","1","1","1","0","0","","08:30","18:00","08:30","18:00","08:30","18:00","08:30","18:00","08:30","18:00","08:30","13:00","","","","","","","","","","","","","","","","","","","","","","","","","","","","","","","","","","","","","","","","","","","","","","","","","","","","","","原データ"
"3955395004480","なかむら薬局","ナカムラヤッキョク","nakamurayakkyoku","5","39","210","高知県四万十市中村一条通３ー２ー２３",32.992296,132.937054,"","1","1","1","1","1","1","0","0","1","1","1","1","1","1","0","0","","","","","","","","","","","","","","","","","","","","","","","","","","","","","","","","","","","","0","１２月３１日（改行）０１月０１日（改行）０１月０２日（改行）０１月０３日","09:15","12:30","09:15","12:30","09:15","12:30","09:15","12:30","09:15","12:30","09:15","12:30","","","","","14:15","17:30","14:15","17:30","14:15","17:30","14:15","17:30","14:15","17:30","14:15","17:30","","","","","","","","","","","","","","","","","","","","","","","","","","","","","","","","","","","","","","原データ"
"3955395004490","しみず薬局","シミズヤッキョク","Shimizuyakkyoku","5","39","209","高知県土佐清水市越前町５ー１",32.780908,132.951455,"","1","1","1","1","1","1","0","0","1","1","1","1","1","1","0","0","","","","","","","","","","","","","","","","","","","","","","","","","","","","","","","","","","","","","１２月３１日（改行）０１月０１日（改行）０１月０２日（改行）０１月０３日","09:15","18:00","09:15","18:00","09:15","18:00","09:15","18:00","09:15","18:00","09:15","17:30","","","","","","","","","","","","","","","","","","","","","","","","","","","","","","","","","","","","","","","","","","","","","","","","","","","","","","原データ"
"3955395004500","中西一貫堂薬局","ナカニシイッカンドウヤッキョク","Nakanishi Yakkyoku","5","39","210","高知県四万十市中村本町３丁目４０",32.996197,132.934263,"","1","1","1","1","1","1","0","0","1","1","1","1","1","1","0","","","","","","","","","","","","","","","","","","","","","","","","","","","","","","","","","","","","","1","０１月０２日（改行）０１月０１日","08:00","19:00","08:00","19:00","08:00","19:00","08:00","19:00","08:00","19:00","08:00","19:00","","","","","","","","","","","","","","","","","","","","","","","","","","","","","","","","","","","","","","","","","","","","","","","","","","","","","","原データ"
"3955395004510","松本薬局","マツモトヤッキョク","Matumoto Yakkyoku","5","39","210","高知県四万十市中村一条通３－１－１８",32.992634,132.937771,"","1","1","1","1","1","1","0","0","1","1","1","1","1","1","0","0","1","1","1","1","1","1","0","1","1","1","1","1","1","0","1","1","1","1","1","1","0","1","1","1","1","1","1","0","1","1","1","1","1","1","0","0","１２月３０日（改行）１２月３１日（改行）０１月０１日（改行）０１月０２日（改行）０１月０３日","08:30","18:00","08:30","18:00","08:30","18:00","08:30","18:00","08:30","18:00","08:30","14:00","","","","","","","","","","","","","","","","","","","","","","","","","","","","","","","","","","","","","","","","","","","","","","","","","","","","","","原データ"
"3955395004530","さつき薬局","サツキヤッキョク","Satsuki Yakkyoku","5","39","210","高知県四万十市駅前町１０ー２３",32.982713,132.942621,"","1","1","1","1","1","1","0","0","1","1","1","1","1","1","0","","1","1","1","1","1","1","1","1","1","1","1","1","1","1","1","1","1","1","1","1","1","1","1","1","1","1","1","1","1","1","1","1","1","1","1","0","０１月０１日（改行）１２月３１日","09:00","18:00","09:00","18:00","09:00","18:00","09:00","18:00","09:00","18:00","09:00","18:00","","","","","","","","","","","","","","","","","","","","","","","","","","","","","","","","","","","","","","","","","","","","","","","","","","","","","","原データ"
"3955395004550","すみれ薬局","スミレヤッキョク","Sumire Yakkyoku","5","39","210","高知県四万十市中村東町１－７９",32.993696,132.938852,"https://sumire-pharmacy.com/stores/","1","1","1","1","1","1","0","0","1","1","1","1","1","1","0","0","1","1","1","1","1","1","0","1","1","1","1","1","1","0","1","1","1","1","1","1","0","1","1","1","1","1","1","0","1","1","1","1","1","1","0","0","１２月３１日（改行）０１月０３日（改行）０１月０２日（改行）０１月０１日（改行）１２月３０日","08:30","18:00","08:30","18:00","08:30","18:00","08:30","18:00","08:30","18:00","09:00","18:00","","","","","","","","","","","","","","","","","","","","","","","","","","","","","","","","","","","","","","","","","","","","","","","","","","","","","","原データ"
"3955395004560","とんぼ薬局","トンボヤッキョク","Tonbo Yakkyoku","5","39","210","高知県四万十市中村大橋通５丁目５１－２",32.991557,132.936629,"","1","1","1","1","1","1","0","0","1","1","1","1","1","1","0","0","1","1","1","1","1","1","0","1","1","1","1","1","1","0","1","1","1","1","1","1","0","1","1","1","1","1","1","0","1","1","1","1","1","1","0","0","１２月３１日（改行）０１月０１日（改行）０１月０２日（改行）０１月０３日","08:30","18:00","08:30","18:00","08:30","18:00","08:30","18:00","08:30","18:00","08:30","18:00","","","","","","","","","","","","","","","","","","","","","","","","","","","","","","","","","","","","","","","","","","","","","","","","","","","","","","原データ"
"3955395004570","すみれ薬局　宿毛店","スミレヤッキョクスクモテン","Sumire Yakkyoku Sukumoten","5","39","208","高知県宿毛市駅前町２－７０４",32.93132,132.713251,"https://sumire-pharmacy.com/stores/","1","1","1","1","1","1","0","0","1","1","1","1","1","1","0","0","1","1","1","1","1","1","0","1","1","1","1","1","1","0","1","1","1","1","1","1","0","1","1","1","1","1","1","0","1","1","1","1","1","1","0","0","１２月３１日（改行）０１月０３日（改行）０１月０２日（改行）０１月０１日","09:00","18:00","09:00","18:00","09:00","18:00","09:00","18:00","09:00","18:00","09:00","13:00","","","","","","","","","","","","","","","","","","","","","","","","","","","","","","","","","","","","","","","","","","","","","","","","","","","","","","原データ"
"3955395004600","いちご薬局","イチゴヤッキョク","Ichigo Yakkyoku","5","39","210","高知県四万十市中村小姓町７６番地",32.994385,132.932899,"https://sumire-pharmacy.com","1","1","1","1","1","1","0","0","1","1","1","1","1","1","0","0","1","1","1","1","1","1","0","1","1","1","1","1","1","0","1","1","1","1","1","1","0","1","1","1","1","1","1","0","1","1","1","1","1","1","0","0","１２月３０日（改行）１２月３１日（改行）０１月０１日（改行）０１月０２日（改行）０１月０３日","08:30","18:00","08:30","18:00","08:30","18:00","08:30","18:00","08:30","18:00","09:00","13:00","","","","","","","","","","","","","","","","","","","","","","","","","","","","","","","","","","","","","","","","","","","","","","","","","","","","","","原データ"
"3955395004620","たにがわ薬局","タニガワヤッキョク","Tanigawa Yakkyoku","5","39","209","高知県土佐清水市幸町４－２４",32.780469,132.95358,"","1","1","1","1","1","1","0","0","1","1","1","1","1","1","0","0","1","1","1","1","1","1","0","1","1","1","1","1","1","0","1","1","1","1","1","1","0","1","1","1","1","1","1","0","1","1","1","1","1","1","0","0","１２月３１日（改行）０１月０３日（改行）０１月０２日（改行）０１月０１日（改行）１２月３０日（改行）０８月１４日（改行）０８月１５日","09:00","13:00","09:00","13:00","09:00","13:00","09:00","13:00","09:00","13:00","09:00","13:00","","","","","14:00","17:30","14:00","17:30","","","14:00","17:30","14:00","17:30","","","","","","","","","","","","","","","","","","","","","","","","","","","","","","","","","","","","","","","","原データ"
"3955395004670","エムズ合同会社　まつむら薬局","エムズゴウドウガイシャ　マツムラヤッキョク","Matumera Yakkyoku","5","39","208","高知県宿毛市宿毛１３１５－６",32.93067,132.716533,"","1","1","1","1","1","1","0","0","1","1","1","1","1","1","0","","","","","","","","","","","","","","","","","","","","","","","","","","","","","","","","","","","","","0","０１月０１日（改行）０１月０２日（改行）０１月０３日（改行）１２月３１日","09:00","18:00","09:00","18:00","09:00","18:00","09:00","18:00","09:00","18:00","09:00","14:00","","","","","","","","","","","","","","","","","","","","","","","","","","","","","","","","","","","","","","","","","","","","","","","","","","","","","","原データ"
"3955395004700","なおみ薬局","ナオミヤッキョク","Naomi Drugstore","5","39","208","高知県宿毛市中央３－６－１７",32.936709,132.731982,"","1","1","1","1","1","1","0","0","1","1","1","1","1","1","0","0","1","1","1","1","1","1","0","1","1","1","1","1","1","0","1","1","1","1","1","1","0","1","1","1","1","1","1","0","1","1","1","1","1","1","0","0","１２月３１日（改行）０１月０１日（改行）０１月０２日（改行）０１月０３日","09:00","18:00","09:00","18:00","09:00","18:00","09:00","18:00","09:00","18:00","09:00","13:00","","","","","","","","","","","","","","","","","","","","","","","","","","","","","","","","","","","","","","","","","","","","","","","","","","","","","","原データ"
"3955395004730","吉村調剤薬局","ヨシムラチョウザイヤッキョク","Yoshimura  Drugstore","5","39","208","高知県宿毛市中央３丁目８番２５号",32.935687,132.730191,"","1","1","1","1","1","1","0","0","1","1","1","1","1","1","0","0","1","1","1","1","1","1","0","1","1","1","1","1","1","0","1","1","1","1","1","1","0","1","1","1","1","1","1","0","1","1","1","1","1","1","0","0","１２月３１日（改行）０１月０１日（改行）０１月０２日（改行）０１月０３日","09:00","18:00","09:00","18:00","09:00","18:00","09:00","18:00","09:00","18:00","09:00","13:00","","","","","","","","","","","","","","","","","","","","","","","","","","","","","","","","","","","","","","","","","","","","","","","","","","","","","","原データ"
"3955395004740","有限会社　木下薬局","ユウゲンガイシャキノシタヤッキョク","Kinoshita Yakkyoku","5","39","208","高知県宿毛市幸町４－３６",32.934836,132.719789,"","1","1","1","1","1","1","0","0","1","1","1","1","1","1","0","0","1","1","1","1","1","0","0","1","1","1","1","1","0","0","1","1","1","1","1","0","0","1","1","1","1","1","1","1","1","1","1","1","1","0","0","0","１２月３１日（改行）０１月０３日（改行）０１月０２日（改行）０１月０１日","09:00","18:00","09:00","18:00","09:00","18:00","09:00","18:00","09:00","18:00","09:00","13:00","","","","","","","","","","","","","","","","","","","","","","","","","","","","","","","","","","","","","","","","","","","","","","","","","","","","","","原データ"
"3955395004750","あおぞら薬局","アオゾラヤッキョク","Aozora Yakkyoku","5","39","208","高知県宿毛市平田町戸内１８９８－１",32.959351,132.797245,"","1","1","1","1","1","1","0","0","1","1","1","1","1","1","0","0","1","1","1","1","1","1","1","1","1","1","1","1","1","1","1","1","1","1","1","1","1","1","1","1","1","1","1","1","1","1","1","1","1","1","1","0","１２月３１日（改行）０１月０３日（改行）０１月０２日（改行）０１月０１日","08:30","18:00","08:30","18:00","08:30","18:00","08:30","18:00","08:30","18:00","08:30","14:00","","","","","","","","","","","","","","","","","","","","","","","","","","","","","","","","","","","","","","","","","","","","","","","","","","","","","","原データ"
"3955395004760","下元調剤薬局清水店","シモモトチョウザイヤッキョク　シミズテン","Simomoto Tyouzai Yakkyoku Simizuten","5","39","209","高知県土佐清水市幸町４－１ニューヴァレーマンション１Ｆ",32.780239,132.953528,"","1","1","1","1","1","1","0","0","1","1","1","1","1","1","0","","","","","","","","","","","","","","","","","","","","","","","","","","","","","","","","","","","","","0","","09:00","18:00","09:00","18:00","09:00","18:00","09:00","18:00","09:00","18:00","09:00","17:00","","","","","","","","","","","","","","","","","","","","","","","","","","","","","","","","","","","","","","","","","","","","","","","","","","","","","","原データ"
"3955395004800","すくも薬局","スクモヤッキョク","Sukumo Yakkyoku","5","39","208","高知県宿毛市平田町戸内１２５５－２",32.956128,132.791674,"","1","1","1","1","1","1","0","0","1","1","1","1","1","1","0","","1","1","1","1","1","1","0","1","1","1","1","1","1","0","1","1","1","1","1","1","0","1","1","1","1","1","1","0","1","1","1","1","1","1","0","0","１２月３１日（改行）１２月３０日（改行）０１月０３日（改行）０１月０２日（改行）０１月０１日","09:00","18:00","09:00","18:00","09:00","18:00","09:00","18:00","09:00","18:00","09:00","13:30","","","","","","","","","","","","","","","","","","","","","","","","","","","","","","","","","","","","","","","","","","","","","","","","","","","","","","原データ"
"3955395005240","たいしょう薬局","タイショウヤッキョク","Taishou Yakkyoku","5","39","412","高知県高岡郡四万十町大正４７０番地１",33.198349,132.973784,"","1","1","1","1","1","1","0","0","1","1","1","1","1","1","0","0","1","1","1","1","1","1","0","1","1","1","1","1","1","0","1","1","1","1","1","1","0","1","1","1","1","1","1","0","1","1","1","1","1","1","0","0","１２月２９日（改行）１２月３０日（改行）１２月３１日（改行）０１月０１日（改行）０１月０２日（改行）０１月０３日","08:30","18:00","08:30","18:00","08:30","18:00","08:30","18:00","08:30","18:00","08:30","17:00","","","","","","","","","","","","","","","","","","","","","","","","","","","","","","","","","","","","","","","","","","","","","","","","","","","","","","原データ"
"3955395005460","ときわ薬局","トキワヤッキョク","Tokiwa Yakkyoku","5","39","210","高知県四万十市駅前町８－１２",32.983646,132.943985,"","1","1","1","1","1","1","0","0","1","1","1","1","1","1","0","","1","1","1","1","1","1","0","1","1","1","1","1","1","0","1","1","1","1","1","1","0","1","1","1","1","1","1","0","1","1","1","1","1","1","0","0","１２月３１日（改行）０１月０３日（改行）０１月０２日（改行）０１月０１日","09:00","18:00","09:00","18:00","09:00","18:00","09:00","18:00","09:00","18:00","09:00","14:00","","","","","","","","","","","","","","","","","","","","","","","","","","","","","","","","","","","","","","","","","","","","","","","","","","","","","","原データ"
"3955395005490","四国調剤あさひ薬局２号店","シコクチョウザイ　アサヒヤッキョク　ニゴウテン","asahi yakkyoku 2goutenn","5","39","212","高知県香美市土佐山田町東本町２－２－４１",33.606806,133.687675,"http://www.shikoku-dsp.co.jp/","1","1","1","1","1","1","0","0","1","1","1","1","1","1","0","0","1","1","1","1","1","1","0","1","1","1","1","1","1","0","1","1","1","1","1","1","0","1","1","1","1","1","1","0","1","1","1","1","1","1","0","0","１２月３０日（改行）１２月３１日（改行）０１月０１日（改行）０１月０２日（改行）０１月０３日","09:00","18:00","09:00","18:00","09:00","18:00","09:00","18:00","09:00","18:00","09:00","13:00","","","","","","","","","","","","","","","","","","","","","","","","","","","","","","","","","","","","","","","","","","","","","","","","","","","","","","原データ"
"3955395005550","マツオカ薬局","マツオカヤッキョク","Matuoka Yakkyoku","5","39","205","高知県土佐市宇佐町宇佐１１４３－２",33.448376,133.438792,"","1","1","1","1","1","1","0","0","1","1","1","1","1","1","0","","1","1","1","1","1","1","1","1","1","1","1","1","1","1","1","1","1","1","1","1","1","1","1","1","1","1","1","1","1","1","1","1","1","1","1","0","１２月３０日（改行）１２月３１日（改行）０１月０１日（改行）０１月０２日（改行）０１月０３日","08:30","14:00","08:30","17:30","08:30","17:30","08:30","17:30","08:30","17:30","08:30","12:15","","","","","","","","","","","","","","","","","","","","","","","","","","","","","","","","","","","","","","","","","","","","","","","","","","","","","","原データ"
"3955395005580","佐川高知薬局","サカワコウチヤッキョク","Sakawakouchi Yakkyoku","5","39","402","高知県高岡郡佐川町乙１８７０－１",33.509271,133.28398,"","1","1","1","1","1","1","0","0","1","1","1","1","1","1","0","0","1","1","1","1","1","1","0","1","1","1","1","1","1","0","1","1","1","1","1","1","0","1","1","1","1","1","1","0","1","1","1","1","1","1","0","0","１２月３１日（改行）０１月０１日（改行）０１月０２日（改行）０１月０３日","08:30","18:00","08:30","18:00","08:30","18:00","08:30","18:00","08:30","18:00","08:30","14:00","","","","","","","","","","","","","","","","","","","","","","","","","","","","","","","","","","","","","","","","","","","","","","","","","","","","","","原データ"
"3955395005590","ブルークロス　天神薬局","ブルークロス　テンジンヤッキョク","Tenzin Drugstore","5","39","386","高知県吾川郡いの町藤町２０",33.547018,133.426775,"http://bluecross.co.jp/","1","1","1","1","1","1","0","0","1","1","1","1","1","1","0","0","1","1","1","1","1","1","0","1","1","1","1","1","1","0","1","1","1","1","1","1","0","1","1","1","1","1","1","0","1","1","1","1","1","1","0","0","１２月３１日（改行）０１月０３日（改行）０１月０２日（改行）０１月０１日（改行）１２月３０日","08:30","17:30","","","08:30","17:30","","","08:30","17:30","","","","","","","","","08:30","17:00","","","08:30","17:00","","","08:30","17:00","","","","","","","","","","","","","","","","","","","","","","","","","","","","","","","","","","","","","空欄にした: 火_開店時間帯1 00:00-00:00（開始と終了が同じ） / 空欄にした: 木_開店時間帯1 00:00-00:00（開始と終了が同じ） / 空欄にした: 土_開店時間帯1 00:00-00:00（開始と終了が同じ）","原データ"
"3955395005610","とさ薬局西店","トサヤッキョクニシテン","Tosa Yakkyoku Nishi Ten","5","39","205","高知県土佐市蓮池１０４１－１",33.495183,133.416731,"","1","1","1","1","1","1","0","0","1","1","1","1","1","1","0","0","","","","","","","","","","","","","","","","","","","","","","","","","","","","","","","","","","","","0","年末年始12/29～1/3","08:30","18:00","08:30","18:00","08:30","13:00","08:30","18:00","08:30","18:00","08:30","13:00","","","","","","","","","","","","","","","","","","","","","","","","","","","","","","","","","","","","","","","","","","","","","","","","","","","","","","原データ"
"3955395005660","ファーマシー石建","ファーマシーイシタテ","Pharmacy Ishitate","5","39","203","高知県安芸市矢ノ丸２丁目６－１４",33.502978,133.903377,"","1","1","1","1","1","1","0","0","1","1","1","1","1","1","0","0","1","1","1","1","1","1","0","1","1","1","1","1","1","0","1","1","1","1","1","1","0","1","1","1","1","1","1","0","1","1","1","1","1","1","0","0","１２月３１日（改行）０１月０１日（改行）０１月０２日（改行）０１月０３日","09:00","18:00","09:00","18:00","09:00","18:00","09:00","18:00","09:00","18:00","09:00","18:00","","","","","","","","","","","","","","","","","","","","","","","","","","","","","","","","","","","","","","","","","","","","","","","","","","","","","","原データ"
"3955395005690","病院通薬局あき店","ビョウインドオリヤッキョクアキテン","Byouindori Yakkyoku Akiten","5","39","203","高知県安芸市矢ノ丸３－１－２４",33.503053,133.907958,"http://www.kurisu-p.com/top.htm","1","1","1","1","1","1","0","0","","","","","","","0","0","1","1","1","1","1","1","0","1","1","1","1","1","1","0","1","1","1","1","1","1","0","1","1","1","1","1","1","0","1","1","1","1","1","1","0","0","１２月３０日午後（改行）１２月３１日（改行）０１月０１日（改行）０１月０２日（改行）０１月０３日","09:00","18:00","09:00","18:00","09:00","18:00","09:00","18:00","09:00","18:00","09:00","13:30","","","","","","","","","","","","","","","","","","","","","","","","","","","","","","","","","","","","","","","","","","","","","","","","","","","","","","原データ"
"3955395005760","さわ薬局","サワヤッキョク","sawaDrugstore","5","39","212","高知県香美市土佐山田町栄町２２２バリューノア",33.599657,133.672715,"","1","1","1","0","1","1","0","0","1","1","1","1","1","1","0","","1","1","1","1","1","1","0","1","1","1","1","1","1","0","1","1","1","1","1","1","0","1","1","1","1","1","1","0","1","1","1","1","1","1","0","0","１２月２９日（改行）１２月３０日（改行）１２月３１日（改行）０１月０１日（改行）０１月０２日（改行）０１月０３日","09:00","18:30","09:00","18:30","09:00","18:30","","","09:00","18:30","09:00","12:30","","","","","","","","","","","","","","","","","","","","","","","","","","","","","","","","","","","","","","","","","","","","","","","","","","","","","","原データ"
"3955395005810","アイン薬局　野市店","アインヤッキョク　ノイチテン","Ain-pharmacy Noichiten","5","39","211","高知県香南市野市町東野３５４－１６",33.561408,133.717317,"https://www.ainj.co.jp/network/detail.html?pdid=1486","1","1","1","1","1","1","1","1","1","1","1","1","1","1","1","1","1","1","1","1","1","1","1","1","1","1","1","1","1","1","1","1","1","1","1","1","1","1","1","1","1","1","1","1","1","1","1","1","1","1","1","1","１月１日","09:00","18:00","09:00","18:00","09:00","18:00","09:00","18:00","09:00","18:00","09:00","18:00","09:00","17:30","09:00","17:30","","","","","","","","","","","","","","","","","","","","","","","","","","","","","","","","","","","","","","","","","","","","","","","","","","原データ"
"3955395005860","あい薬局びらふ","アイヤッキョクビラフ","Ai Yakkyoku Birafu","5","39","212","高知県香美市香北町美良布１５３４番３",33.651971,133.77959,"","1","1","1","1","1","1","0","0","1","1","1","1","1","1","0","0","1","1","1","1","1","1","1","1","1","1","1","1","1","1","1","1","1","1","1","1","1","1","1","1","1","1","1","1","1","1","1","1","1","1","1","0","１２月３１日（改行）１２月３０日（改行）０１月０３日（改行）０１月０２日（改行）０１月０１日","09:00","18:00","09:00","18:00","09:00","18:00","09:00","13:00","09:00","18:00","09:00","13:00","","","","","","","","","","","","","","","","","","","","","","","","","","","","","","","","","","","","","","","","","","","","","","","","","","","","","","原データ"
"3955395005880","十市薬局","トオチヤッキョク","tochi yakkyoku","5","39","204","高知県南国市十市１９６５",33.526739,133.621004,"","1","1","1","1","1","0","0","0","1","1","1","1","1","0","0","0","1","1","1","1","1","0","0","1","1","1","1","1","0","0","1","1","1","1","1","0","0","1","1","1","1","1","0","0","1","1","1","1","1","0","0","0","１２月３１日（改行）１２月３０日（改行）０１月０３日（改行）０１月０２日（改行）０１月０１日","10:00","17:30","10:00","17:30","10:00","17:30","10:00","17:30","10:00","17:30","","","","","","","","","","","","","","","","","","","","","","","","","","","","","","","","","","","","","","","","","","","","","","","","","","","","","","","","原データ"
"3955395005890","アイン薬局　明見店","アインヤッキョク　ミョウケンテン","Ain Pharmacy Myoken","5","39","204","高知県南国市明見８００－２",33.567409,133.629812,"http://www.ainj.co.jp/","1","1","1","1","1","1","0","0","1","1","1","1","1","1","0","","1","1","1","1","1","1","1","1","1","1","1","1","1","1","1","1","1","1","1","1","1","1","1","1","1","1","1","1","1","1","1","1","1","1","1","0","１２月３１日（改行）１２月３０日（改行）１２月２９日（改行）０１月０３日（改行）０１月０２日（改行）０１月０１日","08:00","17:30","08:00","17:30","08:00","16:00","08:00","17:30","08:00","17:30","08:00","13:00","","","","","","","","","","","","","","","","","","","","","","","","","","","","","","","","","","","","","","","","","","","","","","","","","","","","","","原データ"
"3955395005910","堅田薬局","カタタヤッキョク","Katata Drugstore","5","39","206","高知県須崎市西崎町８－５２－１",33.411247,133.294057,"","1","1","1","1","1","1","0","1","1","1","1","1","1","1","1","","1","1","1","1","1","1","0","1","1","1","1","1","1","0","1","1","1","1","1","1","0","1","1","1","1","1","1","0","1","1","1","1","1","1","0","1","０１月０３日（改行）０１月０２日（改行）０１月０１日","09:00","20:00","09:00","20:00","09:00","20:00","09:00","20:00","09:00","20:00","09:00","20:00","","","09:00","20:00","","","","","","","","","","","","","","","","","","","","","","","","","","","","","","","","","","","","","","","","","","","","","","","","","","原データ"
"3955395006110","クローバー薬局","クローバーヤッキョク","clover drugstore","5","39","201","高知県高知市潮新町２丁目７番３",33.549786,133.549685,"","1","1","1","1","1","1","0","0","1","1","1","1","1","1","0","","1","1","1","1","1","1","1","1","1","1","1","1","1","1","1","1","1","1","1","1","1","1","1","1","1","1","1","1","1","1","1","1","1","1","1","0","","09:00","12:30","09:00","12:30","09:00","12:30","09:00","13:00","09:00","12:30","09:00","13:00","","","","","13:30","18:00","13:30","18:00","13:30","18:00","14:00","18:00","13:30","18:00","13:30","16:30","","","","","","","","","","","","","","","","","","","","","","","","","","","","","","","","","","","","","","原データ"
"3955395006130","ドレミ薬局","ドレミヤッキョク","Doremi Yakkyoku","5","39","201","高知県高知市一宮東町５丁目１４－６",33.58937,133.578476,"https://doremi-yakkyoku.jp/","1","1","1","1","1","1","0","0","1","1","1","1","1","1","0","0","1","1","1","1","1","1","0","1","1","1","1","1","1","0","1","1","1","1","1","1","0","1","1","1","1","1","1","0","1","1","1","1","1","1","0","0","１２月３１日（改行）１２月３０日（改行）０１月０３日（改行）０１月０２日（改行）０１月０１日","09:00","17:30","09:00","17:30","09:00","17:00","09:00","17:30","09:00","17:30","09:00","12:30","","","","","","","","","","","","","","","","","","","","","","","","","","","","","","","","","","","","","","","","","","","","","","","","","","","","","","原データ"
"3955395006180","あじさい薬局介良店","アジサイヤッキョクケラテン","Ajisai yakkyoku kera tenn","5","39","201","高知県高知市介良乙１０４９",33.561738,133.596528,"http://www.drug-kuroshio.co.jp/","1","1","1","1","1","1","0","0","1","1","1","1","1","1","0","0","1","1","1","1","1","1","0","1","1","1","1","1","1","0","1","1","1","1","1","1","0","1","1","1","1","1","1","0","1","1","1","1","1","1","0","0","１２月３１日（改行）０１月０１日（改行）０１月０２日（改行）０１月０３日","09:00","18:00","09:00","19:00","09:00","18:00","09:00","17:00","09:00","19:00","09:00","16:30","","","","","","","","","","","","","","","","","","","","","","","","","","","","","","","","","","","","","","","","","","","","","","","","","","","","","","原データ"
"3955395006200","つちばし薬局　あたご店","ツチバシヤッキョク　アタゴテン","Tsuchibashi Yakkyoku Atagoten","5","39","201","高知県高知市愛宕町３－１２－５",33.571097,133.536856,"http://www.tsuchibashi.co.jp/","1","1","1","1","1","1","0","0","","","","","","","","","","","","","","","","","","","","","","","","","","","","","","","","","","","","","","","","","","","","","年末年始（12月30日、12月31日、1月1日、1月2日、1月3日）","08:30","17:30","08:30","17:30","08:30","17:30","08:30","17:30","08:30","17:30","08:30","13:00","","","","","","","","","","","","","","","","","","","","","","","","","","","","","","","","","","","","","","","","","","","","","","","","","","","","","","原データ"
"3955395006210","ベル薬局　池店","ベルヤッキョク　イケテン","Beru Yakkyoku Iketen","5","39","201","高知県高知市池",33.53042,133.586447,"http://www.belle-ph.com/","1","1","1","1","1","0","0","0","1","1","1","1","1","0","0","0","1","1","1","1","1","0","0","1","1","1","1","1","0","0","1","1","1","1","1","0","0","1","1","1","1","1","0","0","1","1","1","1","1","0","0","0","１２月３１日（改行）１２月３０日（改行）０１月０３日（改行）０１月０２日（改行）０１月０１日","09:00","18:00","09:00","18:00","09:00","18:00","09:00","18:00","09:00","18:00","","","","","","","","","","","","","","","","","","","","","","","","","","","","","","","","","","","","","","","","","","","","","","","","","","","","","","","","原データ"
"3955395006220","あおい薬局","アオイヤッキョク","Aoi Drugstore","5","39","201","高知県高知市池２８４１－１",33.530359,133.58591,"http://bluecross.co.jp/","1","1","1","1","1","1","0","0","1","1","1","1","1","0","0","","1","1","1","1","1","1","1","1","1","1","1","1","1","1","1","1","1","1","1","1","1","1","1","1","1","1","1","1","1","1","1","1","1","1","1","0","１２月３１日（改行）１２月３０日（改行）１２月２９日（改行）０１月０３日（改行）０１月０２日（改行）０１月０１日","09:00","18:00","09:00","18:00","09:00","18:00","09:00","18:00","09:00","18:00","","","","","","","","","","","","","","","","","09:00","12:00","","","","","","","","","","","","","","","","","","","","","","","","","","","","","","","","","","","","","空欄にした: 土_開店時間帯1 00:00-00:00（開始と終了が同じ）","原データ"
"3955395006280","桂浜通ひこばえ薬局","カツラハマドオリヒコバエヤッキョク","Katurahamadori Hikobae Pharmacy","5","39","201","高知県高知市瀬戸南町１丁目２ー１",33.509999,133.544071,"","1","1","1","1","1","1","0","0","1","1","1","1","1","1","0","0","1","1","1","1","1","1","0","1","1","1","1","1","1","0","1","1","1","1","1","1","0","1","1","1","1","1","1","0","1","1","1","1","1","1","0","0","12月31日～1月3日（改行）5月3日から5月5日","09:00","18:00","09:00","18:00","09:00","18:00","09:00","17:00","09:00","18:00","09:00","18:00","","","","","","","","","","","","","","","","","","","","","","","","","","","","","","","","","","","","","","","","","","","","","","","","","","","","","","原データ"
"3955395006310","ますがた薬局","マスガタヤッキョク","MASUGATA YAKKYOKU","5","39","201","高知県高知市升形８－１",33.556879,133.52934,"http://www.kochi-chozai.co.jp/","1","1","1","1","1","1","0","0","1","1","1","1","1","1","0","0","1","1","1","1","1","1","0","1","1","1","1","1","1","0","1","1","1","1","1","1","0","1","1","1","1","1","1","0","1","1","1","1","1","1","0","0","１２月３１日（改行）０１月０１日（改行）０１月０２日（改行）０１月０３日","09:00","18:00","09:00","18:00","09:00","18:00","09:00","18:00","09:00","18:00","","","","","","","","","","","","","","","","","09:00","13:00","","","","","","","","","","","","","","","","","","","","","","","","","","","","","","","","","","","","","空欄にした: 土_開店時間帯1 00:00-00:00（開始と終了が同じ）","原データ"
"3955395006360","土佐道路薬局","トサドウロヤッキョク","Tosadouro Yakkyoku","5","39","201","高知県高知市槙山町１番２号",33.538986,133.487772,"https://kochi-chozai.co.jp/","1","1","1","1","1","1","0","0","1","1","1","1","1","1","0","0","1","1","1","1","1","1","0","1","1","1","1","1","1","0","1","1","1","1","1","1","0","1","1","1","1","1","1","0","1","1","1","1","1","1","0","0","１２月３０日（改行）１２月３１日（改行）０１月０１日（改行）０１月０２日（改行）０１月０３日","09:00","18:00","09:00","18:00","09:00","13:00","09:00","18:00","09:00","18:00","09:00","18:00","","","","","","","","","","","","","","","","","","","","","","","","","","","","","","","","","","","","","","","","","","","","","","","","","","","","","","原データ"
"3955395006440","具同調剤薬局","グドウチョウザイヤッキョク","Gudouchouzai Yakkyoku","5","39","210","高知県四万十市具同田黒２－１４９",32.984135,132.920859,"","1","1","1","1","1","1","0","0","1","1","1","1","1","1","0","","1","1","1","1","1","1","1","1","1","1","1","1","1","1","1","1","1","1","1","1","1","1","1","1","1","1","1","1","1","1","1","1","1","1","1","0","１２月３１日（改行）１２月３０日（改行）０１月０３日（改行）０１月０２日（改行）０１月０１日","08:30","18:00","08:30","18:00","08:30","13:00","08:30","18:00","08:30","18:00","08:30","13:00","","","","","","","","","","","","","","","","","","","","","","","","","","","","","","","","","","","","","","","","","","","","","","","","","","","","","","原データ"
"3955395006450","プラム　調剤薬局","プラム　チョウザイヤッキョク","PuRaMu TyouzaiYakkyoku","5","39","210","高知県四万十市具同６７７４－１５",32.981104,132.903819,"","1","1","1","1","1","1","0","0","1","1","1","1","1","1","0","0","1","1","1","1","1","1","0","1","1","1","1","1","1","0","1","1","1","1","1","1","0","1","1","1","1","1","0","0","1","1","1","1","1","1","0","0","","09:00","18:30","09:00","18:30","09:00","12:30","09:00","18:30","09:00","18:30","09:00","17:00","","","","","","","","","","","","","","","","","","","","","","","","","","","","","","","","","","","","","","","","","","","","","","","","","","","","","","原データ"
"3955395006460","セイショー堂薬局","セイショードウヤッキョク","Seishodou Yakkyoku","5","39","210","高知県四万十市古津賀４丁目６２番地",32.982027,132.953998,"","1","1","1","1","1","1","0","0","1","1","1","1","1","1","0","0","1","1","1","1","1","1","0","1","1","1","1","1","1","0","1","1","1","1","1","1","0","1","1","1","1","1","1","0","1","1","1","1","1","1","0","0","１２月３１日（改行）１２月３０日（改行）０８月１５日（改行）０１月０３日（改行）０１月０２日（改行）０１月０１日","09:00","12:30","09:00","12:30","09:00","12:30","09:00","12:30","09:00","12:30","09:00","12:30","","","","","14:00","17:30","","","14:00","17:30","","","14:00","17:30","","","","","","","","","","","","","","","","","","","","","","","","","","","","","","","","","","","","","","","","原データ"
"3955395006480","アイ薬局","アイヤッキョク","AI Yakkyoku","5","39","208","高知県宿毛市宿毛５４９２－２",32.932124,132.711231,"","1","1","1","1","1","1","0","0","1","1","1","1","1","1","0","0","1","1","1","1","1","1","0","1","1","1","1","1","1","0","1","1","1","1","1","1","0","1","1","1","1","1","1","0","1","1","1","1","1","1","0","0","１２月３１日（改行）０１月０１日（改行）０１月０２日（改行）０１月０３日","09:00","18:00","09:00","18:00","09:00","18:00","09:00","18:00","09:00","18:00","09:00","13:00","","","","","","","","","","","","","","","","","","","","","","","","","","","","","","","","","","","","","","","","","","","","","","","","","","","","","","原データ"
"3955395006490","おおつき薬局","オオツキヤッキョク","ootsuki yakkyoku","5","39","424","高知県幡多郡大月町鉾土３５－１",32.822595,132.70777,"http://myskochi.com","1","1","1","1","1","0","0","0","1","1","1","1","1","0","0","","1","1","1","1","1","0","0","1","1","1","1","1","0","0","1","1","1","1","1","0","0","1","1","1","1","1","0","0","1","1","1","1","1","0","0","0","１２月２９日（改行）１２月３０日（改行）１２月３１日（改行）０１月０１日（改行）０１月０２日（改行）０１月０３日","08:30","18:00","08:30","18:00","08:30","18:00","08:30","18:00","08:30","18:00","","","","","","","","","","","","","","","","","","","","","","","","","","","","","","","","","","","","","","","","","","","","","","","","","","","","","","","","原データ"
"3955395006520","株式会社エムドラッグ　変電所通薬局","カブシキガイシャエムドラッグ　ヘンデンショドウリヤッキョク","Hendeshodouri Yakkyoku","5","39","205","高知県土佐市高岡町甲９１９－５",33.496149,133.431848,"","1","1","1","1","1","1","0","0","1","1","1","1","1","1","0","","1","1","1","1","1","1","0","1","1","1","1","1","1","0","1","1","1","1","1","1","0","1","1","1","1","1","1","0","1","1","1","1","1","1","0","0","１２月３１日（改行）１２月３０日（改行）０１月０３日（改行）０１月０２日（改行）０１月０１日","08:30","18:00","08:30","18:00","08:30","18:00","08:30","18:00","08:30","18:00","08:30","13:00","","","","","","","","","","","","","","","","","","","","","","","","","","","","","","","","","","","","","","","","","","","","","","","","","","","","","","原データ"
"3955395006540","株式会社くろしお薬局朝倉西店","カブシキガイシャクロシオヤッキョクアサクラニシテン","Kuroshio Yakkyoku Asakuranishitenn","5","39","201","高知県高知市鵜来巣１１番３７－２号",33.540599,133.483348,"http://www.drug-kuroshio.co.jp/","1","1","1","1","1","1","0","0","1","1","1","1","1","1","0","","1","1","1","1","1","1","0","1","1","1","1","1","1","0","1","1","1","1","1","1","0","1","1","1","1","1","1","0","1","1","1","1","1","1","0","0","１２月３１日（改行）０１月０１日（改行）０１月０２日（改行）０１月０３日（改行）１２月３０日","08:30","18:00","08:30","18:00","08:30","18:00","08:30","18:00","08:30","18:00","08:30","17:00","","","","","","","","","","","","","","","","","","","","","","","","","","","","","","","","","","","","","","","","","","","","","","","","","","","","","","原データ"
"3955395006550","イオン薬局高知店","イオンヤッキョクコウチテン","Ion Yakkyoku Kouchiten","5","39","201","高知県高知市秦南町１－４－８",33.577236,133.542677,"","1","1","1","1","1","1","1","1","1","1","1","1","1","1","1","","1","1","1","1","1","1","1","1","1","1","1","1","1","1","1","1","1","1","1","1","1","1","1","1","1","1","1","1","1","1","1","1","1","1","1","1","","09:00","21:00","09:00","21:00","09:00","21:00","09:00","21:00","09:00","21:00","09:00","21:00","09:00","21:00","09:00","21:00","","","","","","","","","","","","","","","","","","","","","","","","","","","","","","","","","","","","","","","","","","","","","","","","","","原データ"
"3955395006560","すずらん薬局","スズランヤッキョク","Suzuran Pharmacy","5","39","201","高知県高知市南万々",33.567625,133.520558,"http://www.drug-kuroshio.co.jp/","1","1","1","1","1","1","0","0","1","1","1","1","1","1","0","0","1","1","1","1","1","1","0","1","1","1","1","1","1","0","1","1","1","1","1","1","0","1","1","1","1","1","1","0","1","1","1","1","1","1","0","0","12月31日（改行）1月1日（改行）1月2日（改行）1月3日","09:00","18:30","09:00","18:30","","","09:00","18:30","09:00","18:30","","","","","","","","","","","09:00","17:00","","","","","","","","","","","","","","","","","","","","","09:00","13:00","","","","","","","","","","","","","","","","","","","","","空欄にした: 水_開店時間帯1 00:00-00:00（開始と終了が同じ） / 空欄にした: 土_開店時間帯1 00:00-00:00（開始と終了が同じ）","原データ"
"3955395006581","岡本平和薬局西分店","オカモトヘイワヤッキョクニシブンテン","Okamoto Heiwa Yakkyoku","5","39","201","高知県高知市春野町西分２０２８－３",,,"","1","1","1","1","1","1","0","0","1","1","1","1","1","1","0","","1","1","1","1","1","1","0","1","1","1","1","1","1","0","1","1","1","1","1","1","0","1","1","1","1","1","1","0","1","1","1","1","1","1","0","0","１２月３１日（改行）１２月３０日（改行）０１月０３日（改行）０１月０２日（改行）０１月０１日","09:00","18:00","09:00","18:00","09:00","18:00","09:00","18:00","09:00","18:00","09:00","13:00","","","","","","","","","","","","","","","","","","","","","","","","","","","","","","","","","","","","","","","","","","","","","","","","","","","","","空欄にした: 緯度経度 0.0, 0.0（欠損を示す値。位置レベル8の住所の点が無い）",""
"3955395006590","元氣堂調剤薬局　あき店","ゲンキドウチョウザイヤッキョクアキテン","GENKIDOUTYOUZAIYAKKYOKU AKITEN","5","39","203","高知県安芸市本町２丁目２ー３",33.499536,133.906086,"","1","1","1","0","1","1","0","0","1","1","1","0","1","1","0","0","1","1","1","0","1","1","0","1","1","1","0","1","1","0","1","1","1","0","1","1","0","1","1","1","0","1","1","1","1","1","1","0","1","1","0","0","１２月３１日（改行）０１月０３日（改行）０１月０２日（改行）０１月０１日","09:00","17:00","09:00","17:00","09:00","17:00","","","09:00","17:00","09:00","17:00","","","","","","","","","","","","","","","","","","","","","","","","","","","","","","","","","","","","","","","","","","","","","","","","","","","","","","原データ"
"3955395006620","きらら薬局","キララヤッキョク","kirara yakkyoku","5","39","201","高知県高知市福井扇町１１８０－２",33.568352,133.508528,"","1","1","1","1","1","1","","","","","","","","","0","0","","","","","","","0","","","","","","","0","","","","","","","0","","","","","","","0","","","","","","","0","0","１２月３０日（改行）１２月３１日（改行）０１月０１日（改行）０１月０２日（改行）０１月０３日","09:00","18:00","09:00","18:00","09:00","18:00","09:00","17:00","09:00","18:00","09:00","13:00","","","","","","","","","","","09:00","17:00","","","","","","","","","","","","","","","","","","","09:00","13:00","","","","","","","","","","","","","","","","","","","","","","原データ"
"3955395006630","高知県薬剤師会会営薬局","コウチケンヤクザイシカイカイエイヤッキョク","Kaiei Yakkyoku","5","39","201","高知県高知市丸ノ内１－７－４５　総合あんしんセンター１階",33.559974,133.52816,"","1","1","1","1","1","1","1","1","1","1","1","1","1","1","1","1","1","1","1","1","1","1","1","1","1","1","1","1","1","1","1","1","1","1","1","1","1","1","1","1","1","1","1","1","1","1","1","1","1","1","1","1","","20:00","23:00","20:00","23:00","20:00","23:00","20:00","23:00","20:00","23:00","20:00","08:00","09:00","22:00","09:00","22:00","","","","","","","","","","","","","","","","","","","","","","","","","","","","","","","","","","","","","","","","","","","","","","","","","","原データ"
"3955395006650","病院通薬局みなみ店","ビョウインドオリヤッキョクミナミテン","Byouindoriyakkyoku Minamiten","5","39","201","高知県高知市役知町１５－６",33.554539,133.548045,"http://www.kurisu-p.com","1","1","1","1","1","1","0","0","","","","","","","0","0","","","","","","","","","","","","","","","","","","","","","","","","","","","","","","","","","","","","0","１２月３０日（改行）１２月３１日（改行）０１月０１日（改行）０１月０２日（改行）０１月０３日","09:00","18:00","09:00","18:00","09:00","18:00","09:00","17:00","09:00","18:00","09:00","13:00","","","","","","","","","","","","","","","","","","","","","","","","","","","","","","","","","","","","","","","","","","","","","","","","","","","","","","原データ"
"3955395006700","病院通薬局いの店","ビョウインドオリヤッキョク　イノテン","Byouindori Yakkyoku Ino-ten","5","39","386","高知県吾川郡いの町新町２６番地サミットビル１Ｆ",33.547894,133.429839,"http://www.kurisu-p.com","1","1","1","1","1","1","0","0","","","","","","","0","0","","","","","","","","","","","","","","","","","","","","","","","","","","","","","","","","","","","","0","１２月３１日午後（改行）０１月０１日（改行）０１月０２日（改行）０１月０３日","09:00","18:00","09:00","18:00","09:00","18:00","09:00","18:00","09:00","18:00","09:00","13:00","","","","","","","","","","","","","","","","","","","","","","","","","","","","","","","","","","","","","","","","","","","","","","","","","","","","","","原データ"
"3955395006710","遠江堂　武田薬局","エンコウドウ　タケダヤッキョク","enkoudou","5","39","412","高知県高岡郡四万十町古市町１１３－４",33.209543,133.140091,"","1","1","1","1","1","1","0","1","1","1","1","1","1","1","0","","1","1","1","1","1","1","0","1","1","1","1","1","1","0","1","1","1","1","1","1","0","1","1","1","1","1","1","0","1","1","1","1","1","1","0","1","０１月０１日（改行）０１月０２日（改行）０１月０３日","09:00","18:00","09:00","18:00","09:00","18:00","09:00","18:00","09:00","18:00","09:00","18:00","","","09:00","18:00","","","","","","","","","","","","","","","","","","","","","","","","","","","","","","","","","","","","","","","","","","","","","","","","","","原データ"
"3955395006740","らいおん堂薬局室戸店","ライオンドウヤッキョクムロトテン","Raiondo Yakkyoku Murototen","5","39","202","高知県室戸市浮津４８－４",33.291597,134.15372,"","1","1","1","1","1","1","0","0","1","1","1","1","1","1","0","0","1","1","1","1","1","1","0","1","1","1","1","1","1","0","1","1","1","1","1","1","0","1","1","1","1","1","1","0","1","1","1","1","1","1","0","0","１２月３１日（改行）０１月０１日（改行）０１月０２日（改行）０１月０３日","09:00","17:30","09:00","17:30","09:00","17:30","09:00","17:30","09:00","17:30","09:00","13:00","","","","","","","","","","","","","","","","","","","","","","","","","","","","","","","","","","","","","","","","","","","","","","","","","","","","","","原データ"
"3955395006770","にしもり薬局　神田店","ニシモリヤッキョク　コウダテン","Nisimori Yakyoku Kodaten","5","39","201","高知県高知市神田１０３９－１",33.542204,133.510261,"","1","1","1","1","1","1","0","0","1","1","1","1","1","1","0","","1","1","1","1","1","1","1","1","1","1","1","1","1","1","1","1","1","1","1","1","1","1","1","1","1","1","1","1","1","1","1","1","1","1","1","0","１２月３０日（改行）１２月３１日（改行）０１月０１日（改行）０１月０２日（改行）０１月０３日","09:00","19:00","09:00","19:00","09:00","19:00","09:00","13:00","09:00","19:00","09:00","17:00","","","","","","","","","","","","","","","","","","","","","","","","","","","","","","","","","","","","","","","","","","","","","","","","","","","","","","原データ"
"3955395006800","ミモザ薬局","ミモザヤッキョック","mimozayakkyoku","5","39","201","高知県高知市萩町１丁目６－４７",33.546364493,133.553112346,"","1","1","1","1","1","1","0","0","1","1","1","1","1","1","0","0","1","1","1","1","1","1","0","1","1","1","1","1","1","0","1","1","1","1","1","1","0","1","1","1","1","1","1","0","1","1","1","1","1","1","0","0","０１月０１日（改行）０１月０２日（改行）０１月０３日","09:00","18:00","09:00","18:00","09:00","18:00","09:00","17:00","09:00","19:00","09:00","13:00","","","","","","","","","","","","","","","","","","","","","","","","","","","","","","","","","","","","","","","","","","","","","","","","","","","","","書き換えた: 緯度経度 0.0, 0.0 → 住居表示の点（欠損を示す値）","住居表示"
"3955395006810","たきぐち薬局","タキグチヤッキョク","takiguchi pharmacy","5","39","206","高知県須崎市多ノ郷甲５７５６番地",33.408989,133.284219,"http://inf-pha.com","1","1","1","1","1","1","0","0","1","1","1","1","1","1","0","0","1","1","1","1","1","1","0","1","1","1","1","1","1","0","1","1","1","1","1","1","0","1","1","1","1","1","1","0","1","1","1","1","1","1","0","0","０１月０１日（改行）０１月０２日（改行）０１月０３日（改行）１２月３１日","09:00","18:00","09:00","18:00","09:00","18:00","09:00","18:00","09:00","18:00","","","","","","","","","","","","","","","","","09:00","13:00","","","","","","","","","","","","","","","","","","","","","","","","","","","","","","","","","","","","","空欄にした: 土_開店時間帯1 00:00-00:00（開始と終了が同じ）","原データ"
"3955395006860","すみれ薬局　けんみん前店","スミレヤッキョク　ケンミンマエテン","Sumire Yakkyoku Kenminmaeten","5","39","208","高知県宿毛市平田町戸内２０８５ー４",32.96481,132.806318,"http://sumireyakkyoku.co.jp/","1","1","1","1","1","0","0","0","1","1","1","1","1","1","0","","1","1","1","1","1","0","0","1","1","1","1","1","0","0","1","1","1","1","1","0","0","1","1","1","1","1","0","0","1","1","1","1","1","0","0","0","０１月０１日（改行）０１月０２日（改行）０１月０３日（改行）１２月２９日（改行）１２月３０日（改行）１２月３１日","08:30","18:00","08:30","18:00","08:30","18:00","08:30","18:00","08:30","18:00","","","","","","","","","","","","","","","","","","","","","","","","","","","","","","","","","","","","","","","","","","","","","","","","","","","","","","","","原データ"
"3955395006880","けんみん薬局","ケンミンヤッキョク","Kenmin Yakkyoku","5","39","208","高知県宿毛市山奈町芳奈３－１８",32.964468,132.805996,"","1","1","1","1","1","0","0","0","1","1","1","1","1","1","0","","1","1","1","1","1","1","1","1","1","1","1","1","1","1","1","1","1","1","1","1","1","1","1","1","1","1","1","1","1","1","1","1","1","1","1","0","１２月２９日（改行）１２月３０日（改行）１２月３１日（改行）０１月０１日（改行）０１月０２日（改行）０１月０３日","08:30","18:00","08:30","18:00","08:30","18:00","08:30","18:00","08:30","18:00","","","","","","","","","","","","","","","","","","","","","","","","","","","","","","","","","","","","","","","","","","","","","","","","","","","","","","","","原データ"
"3955395006910","うしおえ薬局","ウシオエヤッキョク","Ushioe Yakkyoku","5","39","201","高知県高知市竹島町１３－１うしおえメディカルビル・イーア１Ｆ",33.542832,133.542547,"https://holistic-ph.com/ph/store/ushioe.html","1","1","1","1","1","1","0","0","1","1","1","1","1","1","0","0","1","1","1","1","1","1","0","1","1","1","1","1","1","0","1","1","1","1","1","1","0","1","1","1","1","1","1","0","1","1","1","1","1","1","0","0","０１月０１日（改行）０１月０２日（改行）０１月０３日（改行）１２月３１日","09:00","18:00","09:00","18:00","09:00","17:00","09:00","18:00","09:00","18:00","09:00","17:00","","","","","","","","","","","","","","","","","","","","","","","","","","","","","","","","","","","","","","","","","","","","","","","","","","","","","","原データ"
"3955395006930","うぐるす薬局","ウグルスヤッキョク","ugurusu yakkyoku","5","39","201","高知県高知市鵜来巣１１－３８－８－１０１",33.540904,133.483859,"https://holistic-ph.com/ph/store/ugurusu.html","1","1","1","1","1","1","0","0","1","1","1","1","1","1","0","","1","1","1","1","1","1","1","1","1","1","1","1","1","1","1","1","1","1","1","1","1","1","1","1","1","1","1","1","1","1","1","1","1","1","1","0","１２月３１日（改行）０１月０３日（改行）０１月０２日（改行）０１月０１日","09:00","18:00","09:00","18:00","09:00","18:00","09:00","18:00","09:00","18:00","09:00","16:00","","","","","","","","","","","","","","","","","","","","","","","","","","","","","","","","","","","","","","","","","","","","","","","","","","","","","","原データ"
"3955395006940","カイセイ薬局","カイセイヤッキョク","Kaisei Pharmacy","5","39","201","高知県高知市大川筋１－３－５０",33.564198,133.541172,"https://ikuseikai.org/","1","1","1","1","1","1","1","1","1","1","1","1","1","1","1","1","1","1","1","1","1","1","0","1","1","1","1","1","1","0","1","1","1","1","1","1","0","1","1","1","1","1","1","0","1","1","1","1","1","1","0","1","令和6年（改行）1月1.3.7.21（改行）2月4.18.23（改行）3月3.17.31（改行）4月21.28（改行）5月3.6.12.26（改行）6月9.23（改行）7月7.15.28（改行）8月11.25（改行）9月8.22.23（改行）10月6.14.20（改行）11月3.17（改行）12月1.15.29.31","09:00","21:00","09:00","21:00","09:00","21:00","09:00","21:00","09:00","21:00","09:00","18:00","09:00","18:00","09:00","18:00","","","","","","","","","","","","","","","","","","","","","","","","","","","","","","","","","","","","","","","","","","","","","","","","","","原データ"
"3955395006980","しまんと薬局","シマントヤッキョク","","5","39","210","高知県四万十市中村大橋通６丁目３－７",32.989984,132.937025,"","1","1","1","1","1","1","0","0","1","1","1","1","1","1","0","","1","1","1","1","1","1","0","1","1","1","1","1","1","0","1","1","1","1","1","1","0","1","1","1","1","1","1","0","1","1","1","1","1","1","0","0","１２月３１日（改行）０１月０１日（改行）１２月３０日（改行）０１月０２日（改行）０１月０３日","09:00","18:30","09:00","18:30","09:00","18:30","09:00","18:30","09:00","18:30","09:00","13:00","","","","","","","","","","","","","","","","","","","","","","","","","","","","","","","","","","","","","","","","","","","","","","","","","","","","","","原データ"
"3955395007000","白十字薬局　小津店","ハクジュウジヤッキョク　オヅテン","","5","39","201","高知県高知市小津町３９番地３",,,"","1","1","1","0","1","1","0","0","1","1","1","0","1","1","0","0","1","1","1","0","1","1","0","1","1","1","0","1","1","0","1","1","1","0","1","1","0","1","1","1","0","1","1","0","1","1","1","0","1","1","0","0","０１月０１日（改行）０１月０２日（改行）０１月０３日（改行）１２月３０日（改行）１２月３１日","09:00","13:00","09:00","13:00","09:00","13:00","","","09:00","13:00","09:00","16:00","","","","","14:30","18:30","14:30","18:30","14:30","18:30","","","14:30","18:30","","","","","","","","","","","","","","","","","","","","","","","","","","","","","","","","","","","","","","","空欄にした: 緯度経度 0.0, 0.0（欠損を示す値。位置レベル8の住所の点が無い）",""
"3955395007010","あじさい薬局　北本町店","アジサイヤッキョク　キタホンマチテン","Ajisai yakkyoku Kitahonmatiten","5","39","201","高知県高知市北本町４丁目３番４号",33.565376,133.551551,"http://www.drug-kuroshio.co.jp/","1","1","1","1","1","1","0","0","1","1","1","1","1","1","0","","1","1","1","1","1","1","0","1","1","1","1","1","1","0","1","1","1","1","1","1","0","1","1","1","1","1","1","0","1","1","1","1","1","1","0","0","１２月３１日（改行）０１月０１日（改行）０１月０２日（改行）０１月０３日","09:00","17:30","09:00","17:30","09:00","17:30","09:00","17:00","09:00","17:30","08:30","17:00","","","","","","","","","","","","","","","","","","","","","","","","","","","","","","","","","","","","","","","","","","","","","","","","","","","","","","原データ"
"3955395007030","クオール薬局杉ノ川店","クオールヤッキョクスギノカワテン","Kuoruyakkyoku Suginokawaten","5","39","411","高知県高岡郡津野町杉ノ川甲３８－３",33.43917,133.158851,"https://www.qol-net.co.jp/","1","1","1","1","1","1","0","0","1","1","1","1","1","1","0","0","1","1","1","1","1","1","0","1","1","1","1","1","1","0","1","1","1","1","1","1","0","1","1","1","1","1","1","0","1","1","1","1","1","1","0","0","１２月２９日（改行）１２月３０日（改行）１２月３１日（改行）０１月０１日（改行）０１月０２日（改行）０１月０３日","08:30","18:00","08:30","18:00","08:30","18:00","08:30","18:00","08:30","18:00","08:30","12:30","","","","","","","","","","","","","","","","","","","","","","","","","","","","","","","","","","","","","","","","","","","","","","","","","","","","","","原データ"
"3955395007070","ふくい薬局","フクイヤッキョク","Fukui Yakkyoku","5","39","201","高知県高知市福井町８１１－１",33.566304,133.510945,"https://holistic-ph.com/ph/store/fukui.html","1","1","1","1","1","1","0","0","1","1","1","1","1","1","0","","1","1","1","1","1","1","0","1","1","1","1","1","1","0","1","1","1","1","1","1","0","1","1","1","1","1","1","0","1","1","1","1","1","1","0","0","１２月３１日（改行）０１月０１日（改行）０１月０２日（改行）０１月０３日","09:00","18:00","09:00","19:00","09:00","18:00","09:00","17:00","09:00","19:00","09:00","16:00","","","","","","","","","","","","","","","","","","","","","","","","","","","","","","","","","","","","","","","","","","","","","","","","","","","","","","原データ"
"3955395007110","ワンツー薬局","ワンツーヤッキョク","WANTUU YAKKYOKU","5","39","201","高知県高知市神田８４０－１",33.54508,133.511509,"http://www.drug-kuroshio.co.jp/","1","1","1","1","1","1","0","0","1","1","1","1","1","1","0","0","1","1","1","1","1","1","0","1","1","1","1","1","1","0","1","1","1","1","1","1","0","1","1","1","1","1","1","0","1","1","1","1","1","1","0","0","１２月３１日（改行）０１月０１日（改行）０１月０２日（改行）０１月０３日","09:00","12:00","09:00","12:00","09:00","12:00","09:00","12:00","09:00","12:00","09:00","12:00","","","","","12:00","18:30","12:00","18:30","12:00","18:00","12:00","18:30","12:00","18:30","12:00","18:00","","","","","","","","","","","","","","","","","","","","","","","","","","","","","","","","","","","","","","原データ"
"3955395007120","きらら薬局北新田店","キララヤッキョクキタシンタテン","","5","39","201","高知県高知市北新田町９－１５",33.553019,133.551607,"","1","1","1","1","1","1","0","0","1","1","1","1","1","1","0","0","1","1","1","1","1","1","0","1","1","1","1","1","1","0","1","1","1","1","1","1","0","1","1","1","1","1","1","0","1","1","1","1","1","1","0","0","","09:00","13:00","09:00","13:00","09:00","13:00","09:00","13:00","09:00","13:00","09:00","13:00","","","","","13:00","18:00","13:00","18:00","13:00","18:00","13:00","17:00","13:00","18:00","","","","","","","","","","","","","","","","","","","","","","","","","","","","","","","","","","","","","","","","原データ"
"3955395007150","クオール薬局姫野々店","クオールヤッキョクヒメノノテン","kuoru yakkyoku himenonoten","5","39","411","高知県高岡郡津野町姫野々４７３－１",33.440896,133.212947,"http://www.qol-net.co.jp/","1","1","1","1","1","1","0","0","1","1","1","1","1","1","0","0","1","1","1","1","1","1","0","1","1","1","1","1","1","0","1","1","1","1","1","1","0","1","1","1","1","1","1","0","1","1","1","1","1","1","0","0","１２月２９日（改行）１２月３０日（改行）１２月３１日（改行）０１月０１日（改行）０１月０２日（改行）０１月０３日","08:30","17:00","08:30","17:00","08:30","17:00","08:30","17:00","08:30","17:00","","","","","","","","","","","","","","","","","08:30","12:30","","","","","","","","","","","","","","","","","","","","","","","","","","","","","","","","","","","","","空欄にした: 土_開店時間帯1 00:00-00:00（開始と終了が同じ）","原データ"
"3955395007160","エール薬局　さめうら店","エールヤッキョク　サメウラテン","E-ru Yakkyoku Sameuraten","5","39","363","高知県土佐郡土佐町田井１３７２－５",33.747091,133.558012,"http://www.yell-group.net","1","1","1","1","1","1","0","0","1","1","1","1","1","1","0","0","","","","","","","","","","","","","","","","","","","","","","","","","","","","","","","","","","","","0","１２月３１日（改行）０１月０１日（改行）０１月０２日（改行）０１月０３日","08:30","17:30","08:30","17:30","08:30","17:30","08:30","17:30","08:30","17:30","08:30","13:00","","","","","","","","","","","","","","","","","","","","","","","","","","","","","","","","","","","","","","","","","","","","","","","","","","","","","","原データ"
"3955395007170","株式会社愛宕調剤　あおぞら薬局","カブシキガイシャアタゴチョウザイ　アオゾラヤッキョク","Aozorayakkoku","5","39","201","高知県高知市愛宕町１丁目４番７号",33.565857,133.537016,"","1","1","1","1","1","1","0","0","1","1","1","1","1","1","0","0","1","1","1","1","1","1","0","1","1","1","1","1","1","0","1","1","1","1","1","1","0","1","1","1","1","1","1","0","1","1","1","1","1","1","0","0","１２月３１日（改行）０１月０１日（改行）０１月０２日（改行）０１月０３日","08:45","17:45","08:45","17:45","08:45","17:45","08:45","17:45","08:45","17:45","08:45","13:45","","","","","","","","","","","","","","","","","","","","","","","","","","","","","","","","","","","","","","","","","","","","","","","","","","","","","","原データ"
"3955395007180","ライオン薬局安芸店","ライオンヤッキョクアキテン","Raion Pharmacy Akitenn","5","39","203","高知県安芸市宝永町７－１３",33.506076852,133.898052529,"","1","1","1","1","1","1","0","0","1","1","1","1","1","1","0","0","1","1","1","1","1","1","0","1","1","1","1","1","1","0","1","1","1","1","1","1","0","1","1","1","1","1","1","0","1","1","1","1","1","1","0","0","０１月０１日（改行）０１月０２日（改行）０１月０３日（改行）１２月２９日（改行）１２月３０日（改行）１２月３１日","08:30","17:30","08:30","17:30","08:30","17:30","08:30","17:30","08:30","17:30","08:30","12:30","","","","","","","","","","","","","","","","","","","","","","","","","","","","","","","","","","","","","","","","","","","","","","","","","","","","","書き換えた: 緯度経度 0.0, 0.0 → 住居表示の点（欠損を示す値）","住居表示"
"3955395007200","旭サテライト薬局","アサヒサテライトヤッキョク","AsahiSateraitoPharmacy","5","39","201","高知県高知市旭上町３０ー２３",33.555987,133.503284,"","1","1","1","1","1","1","0","0","1","1","1","1","1","1","0","0","1","1","1","1","1","1","0","1","1","1","1","1","1","0","1","1","1","1","1","1","0","1","1","1","1","1","1","0","1","1","1","1","1","1","0","0","年末年始(12/30～1/3)（改行）GW","09:00","18:30","09:00","18:30","09:00","18:30","10:00","18:00","09:00","18:30","09:00","17:00","","","","","","","","","","","","","","","","","","","","","","","","","","","","","","","","","","","","","","","","","","","","","","","","","","","","","","原データ"
"3955395007220","プラス薬局","プラスヤッキョク","","5","39","205","高知県土佐市高岡町甲２１５４－３７",33.495651,133.421735,"","1","1","1","1","1","1","0","0","1","1","1","1","1","1","0","0","1","1","1","1","1","1","0","1","1","1","1","1","1","0","1","1","1","1","1","1","0","1","1","1","1","1","1","0","1","1","1","1","1","1","0","0","","09:00","18:00","09:00","18:00","09:00","18:00","09:00","17:00","09:00","18:00","09:00","16:00","","","","","","","","","","","","","","","","","","","","","","","","","","","","","","","","","","","","","","","","","","","","","","","","","","","","","","原データ"
"3955395007230","神田月光薬局","コウダゲッコウヤッキョク","","5","39","201","高知県高知市神田４０８－６",33.54235,133.508339,"http://www.drug-kuroshio.co.jp/","1","1","1","1","1","1","0","0","1","1","1","1","1","1","0","0","1","1","1","1","1","1","0","1","1","1","1","1","1","0","1","1","1","1","1","1","0","1","1","1","1","1","1","0","1","1","1","1","1","1","0","0","０１月０１日（改行）０１月０２日（改行）０１月０３日（改行）１２月２９日（改行）１２月３０日（改行）１２月３１日","09:00","18:00","09:00","18:00","09:00","17:00","09:00","18:00","09:00","18:00","09:00","18:00","","","","","","","","","","","","","","","","","","","","","","","","","","","","","","","","","","","","","","","","","","","","","","","","","","","","","","原データ"
"3955395007240","あとむ薬局","アトムヤッキョク","Atomu Pharmacy","5","39","201","高知県高知市愛宕町２丁目１９－４",33.56851,133.536547,"http://www.shikoku-dsp.co.jp/","1","1","1","1","1","1","0","0","1","1","1","1","1","1","0","0","1","1","1","1","1","1","0","1","1","1","1","1","1","0","1","1","1","1","1","1","0","1","1","1","1","1","1","0","1","1","1","1","1","1","0","0","１２月３０日（改行）１２月３１日（改行）０１月０１日（改行）０１月０２日（改行）０１月０３日","09:00","18:00","09:00","18:00","09:00","17:00","09:00","18:00","09:00","18:00","09:00","12:30","","","","","","","","","","","","","","","","","","","","","","","","","","","","","","","","","","","","","","","","","","","","","","","","","","","","","","原データ"
"3955395007250","病院通薬局さくら店","ビョウインドオリヤッキョクサクラテン","Byouinndoriyakkyoku Sakuraten","5","39","201","高知県高知市九反田３－９",33.557883,133.547863,"http://www.kurisu-p.com","1","1","1","1","1","1","0","0","","","","","","","0","0","","","","","","","","","","","","","","","","","","","","","","","","","","","","","","","","","","","","0","１２月３０日午後（改行）１２月３１日（改行）０１月０１日（改行）０１月０２日（改行）０１月０３日","09:00","18:00","09:00","18:00","09:00","18:00","09:00","18:00","09:00","18:00","09:00","13:00","","","","","","","","","","","","","","","","","","","","","","","","","","","","","","","","","","","","","","","","","","","","","","","","","","","","","","原データ"
"3955395007270","オリーブ薬局","オリーブヤッキョク","Ori-buYatukyoku","5","39","201","高知県高知市桟橋通１丁目１３－４",33.551772,133.544825,"","1","1","1","1","1","1","0","0","1","1","1","1","1","1","0","0","1","1","1","1","1","1","0","1","1","1","1","1","1","0","1","1","1","1","1","1","0","1","1","1","1","1","1","0","1","1","1","1","1","1","0","0","０１月０１日（改行）０１月０２日（改行）０１月０３日（改行）１２月３１日","09:00","18:00","09:00","18:00","09:00","18:00","09:00","13:00","09:00","18:00","09:00","18:00","","","","","","","","","","","","","","","","","","","","","","","","","","","","","","","","","","","","","","","","","","","","","","","","","","","","","","原データ"
"3955395007280","有限会社サンファーマシーなごみ薬局","ユウゲンガイシャサンファーマシーナゴミヤッキョク","Nagomi Pharmacy  Nagomi Yakkyoku","5","39","206","高知県須崎市赤崎町７―２１",33.412466,133.286881,"http://sunp-1998.co.jp/publics/index/82/","1","1","1","1","1","1","0","0","1","1","1","1","1","1","0","0","1","1","1","1","1","0","0","1","1","1","1","1","1","0","1","1","1","1","1","0","0","1","1","1","1","1","1","0","1","1","1","1","1","0","0","0","０１月０１日（改行）０１月０２日（改行）０１月０３日","09:00","17:00","09:00","17:00","09:00","13:00","09:00","17:00","09:00","17:00","09:00","12:30","","","","","","","","","","","","","","","","","","","","","","","","","","","","","","","","","","","","","","","","","","","","","","","","","","","","","","原データ"
"3955395007290","ウエルシア薬局安芸東浜店","ウエルシアヤッキョクアキヒガシハマテン","Uerushia Pharmacy Akihigashihamaten","5","39","203","高知県安芸市東浜１５９ー１",33.507656,133.90966,"https://stores.welcia.co.jp/8414D","1","1","1","1","1","1","0","0","1","1","1","1","1","1","0","0","1","1","1","1","1","1","0","1","1","1","1","1","1","0","1","1","1","1","1","1","0","1","1","1","1","1","1","0","1","1","1","1","1","1","0","0","０１月０１日（改行）０１月０２日（改行）０１月０３日（改行）１２月３１日","08:20","13:00","08:20","13:00","08:20","13:00","08:20","13:00","08:20","13:00","08:20","13:00","","","","","13:00","18:00","13:00","18:00","13:00","17:00","13:00","18:00","13:00","18:00","","","","","","","","","","","","","","","","","","","","","","","","","","","","","","","","","","","","","","","","原データ"
"3955395007300","調剤薬局ツルハドラッグ朝倉店","チョウザイヤッキョクツルハドラッグアサクラテン","Tsuruhadoragguasakuraten","5","39","201","高知県高知市若草町１６－４０",33.543877,133.485838,"http://www.tsuruha.co.jp/","1","1","1","1","1","1","0","0","1","1","1","1","1","1","0","0","1","1","1","1","1","1","0","1","1","1","1","1","1","0","1","1","1","1","1","1","0","1","1","1","1","1","1","0","1","1","1","1","1","1","0","0","１２月２９日（改行）１２月３０日（改行）１２月３１日（改行）０１月０１日（改行）０１月０２日（改行）０１月０３日","09:00","19:00","09:00","19:00","09:00","19:00","09:00","19:00","09:00","19:00","09:00","18:00","","","","","","","","","","","","","","","","","","","","","","","","","","","","","","","","","","","","","","","","","","","","","","","","","","","","","","原データ"
"3955395007310","エール薬局　医大前店","エールヤッキョク　イダイマエテン","E-ru Yakkyoku Idaimaeten","5","39","204","高知県南国市岡豊町小蓮１１７４ー５",33.593584,133.615626,"http://www.yell-group.net/","1","1","1","1","1","1","0","0","","","","","","","","","","","","","","","","","","","","","","","","","","","","","","","","","","","","","","","","","","","","0","１２月２９日（改行）１２月３０日（改行）１２月３１日（改行）０１月０１日（改行）０１月０２日（改行）０１月０３日","09:00","18:00","09:00","18:00","09:00","18:00","09:00","18:00","09:00","18:00","","","","","","","","","","","","","","","","","15:15","16:15","","","","","","","","","","","","","","","","","","","","","","","","","","","","","","","","","","","","","空欄にした: 土_開店時間帯1 00:00-00:00（開始と終了が同じ）","原データ"
"3955395007350","あとむ薬局　旭店","アトムヤッキョク　アサヒテン","","5","39","201","高知県高知市南元町２６番１",33.556672,133.507472,"http://www.shikoku-dsp.co.jp/","1","1","1","1","1","1","0","0","1","1","1","1","1","1","0","0","1","1","1","1","1","1","0","1","1","1","1","1","1","0","1","1","1","1","1","1","0","1","1","1","1","1","1","0","1","1","1","1","1","1","0","0","１２月３０日（改行）１２月３１日（改行）０１月０１日（改行）０１月０２日（改行）０１月０３日","09:00","17:00","09:00","18:00","09:00","17:00","09:00","18:00","09:00","18:00","09:00","13:00","","","","","","","","","","","","","","","","","","","","","","","","","","","","","","","","","","","","","","","","","","","","","","","","","","","","","","原データ"
"3955395007360","つちばし薬局　はりまや店","ツチバシヤッキョク　ハリマヤテン","TSUCHIBASHI YAKKYOKU HARIMAYATEN","5","39","201","高知県高知市南はりまや町１－１７－２７　１Ｆ",33.559102,133.543875,"http://www.tsuchibashi.co.jp/","1","1","0","1","1","1","0","0","1","1","0","1","1","1","0","0","","","","","","","","","","","","","","","","","","","","","","","","","","","","","","","","","","","","0","GW、年末年始（12月30日、12月31日、1月1日、1月2日、1月3日）","09:00","18:00","09:00","18:00","","","09:00","18:00","09:00","18:00","09:00","18:00","","","","","","","","","","","","","","","","","","","","","","","","","","","","","","","","","","","","","","","","","","","","","","","","","","","","","","原データ"
"3955395007370","フルール薬局","フルールヤッキョク","","5","39","201","高知県高知市南元町",33.556453,133.507066,"http://www.belle-ph.com/","1","1","1","1","1","1","0","0","1","1","1","1","1","1","0","","1","1","1","1","1","1","1","1","1","1","1","1","1","1","1","1","1","1","1","1","1","1","1","1","1","1","1","1","1","1","1","1","1","1","1","0","","09:00","18:00","","","","","09:00","18:00","","","","","","","","","","","09:00","19:30","09:00","19:30","","","09:00","19:30","09:00","19:30","","","","","","","","","","","","","","","","","","","","","","","","","","","","","","","","","","","","","空欄にした: 火_開店時間帯1 00:00-00:00（開始と終了が同じ） / 空欄にした: 水_開店時間帯1 00:00-00:00（開始と終了が同じ） / 空欄にした: 金_開店時間帯1 00:00-00:00（開始と終了が同じ） / 空欄にした: 土_開店時間帯1 00:00-00:00（開始と終了が同じ）","原データ"
"3955395007390","のぞみ薬局","ノゾミヤッキョク","Nozomi Pharmacy","5","39","386","高知県吾川郡いの町新町８８ー１",,,"","1","1","1","1","1","1","0","0","1","1","1","1","1","1","0","0","1","1","1","1","1","1","0","1","1","1","1","1","1","0","1","1","1","1","1","1","0","1","1","1","1","1","1","0","1","1","1","1","1","1","0","0","１２月３０日（改行）１２月３１日（改行）０１月０１日（改行）０１月０２日（改行）０１月０３日","09:00","18:00","09:00","18:00","09:00","18:00","09:00","12:30","09:00","18:00","09:00","12:30","","","","","","","","","","","","","","","","","","","","","","","","","","","","","","","","","","","","","","","","","","","","","","","","","","","","","空欄にした: 緯度経度 0.0, 0.0（欠損を示す値。位置レベル8の住所の点が無い）",""
"3955395007400","東山薬局","ヒガシヤマヤッキョク","Higashiyama Yakkyoku","5","39","302","高知県安芸郡奈半利町乙１２８１番地２",,,"","1","1","1","1","1","0","0","0","1","1","1","1","1","0","0","0","1","1","1","1","1","0","0","1","1","1","1","1","0","0","1","1","1","1","1","0","0","1","1","1","1","1","0","0","1","1","1","1","1","0","0","0","","09:00","17:00","09:00","17:00","09:00","17:00","09:00","17:00","09:00","17:00","","","","","","","","","","","","","","","","","","","","","","","","","","","","","","","","","","","","","","","","","","","","","","","","","","","","","","","空欄にした: 緯度経度 0.0, 0.0（欠損を示す値。位置レベル8の住所の点が無い）",""
"3955395007410","東山薬局　西店","ヒガシヤマヤッキョク　ニシテン","Higashiyama Yakkyoku Nishiten","5","39","302","高知県安芸郡奈半利町乙１６２７番地１",,,"","1","1","1","1","1","0","0","0","1","1","1","1","1","0","0","0","1","1","1","1","1","0","0","1","1","1","1","1","0","0","1","1","1","1","1","0","0","1","1","1","1","1","0","0","1","1","1","1","1","0","0","0","","08:30","18:00","08:30","18:00","08:30","18:00","08:30","18:00","08:30","18:00","","","","","","","","","","","","","","","","","","","","","","","","","","","","","","","","","","","","","","","","","","","","","","","","","","","","","","","空欄にした: 緯度経度 0.0, 0.0（欠損を示す値。位置レベル8の住所の点が無い）",""
"3955395007420","ゆり薬局","ユリヤッキョク","Yuri Yakkyoku","5","39","203","高知県安芸市庄之芝町９－３６",33.503479562,133.898910138,"","1","1","1","1","1","1","0","0","1","1","1","1","1","1","0","0","1","1","1","1","1","0","0","1","1","1","1","1","0","0","1","1","1","1","1","1","0","1","1","1","1","1","0","0","1","1","1","1","1","0","0","0","","08:30","17:30","08:30","17:30","08:30","17:30","08:30","13:00","08:30","17:30","08:30","13:00","","","","","","","","","","","","","","","","","","","","","","","","","","","","","","","","","","","","","","","","","","","","","","","","","","","","","書き換えた: 緯度経度 0.0, 0.0 → 住居表示の点（欠損を示す値）","住居表示"
"3955395007430","なでしこ薬局","ナデシコヤッキョク","nadeshiko pharmacy","5","39","201","高知県高知市仁井田４３５０―５",33.517068,133.571949,"","1","1","1","1","1","1","0","0","1","1","1","1","1","1","0","","1","1","1","1","1","1","1","1","1","1","1","1","1","1","1","1","1","1","1","1","1","1","1","1","1","1","1","1","1","1","1","1","1","1","1","0","１２月３０日（改行）１２月３１日（改行）０１月０１日（改行）０１月０２日（改行）０１月０３日","09:00","17:30","09:00","17:30","09:00","17:30","09:00","17:30","09:00","17:30","09:00","13:00","","","","","","","","","","","","","","","","","","","","","","","","","","","","","","","","","","","","","","","","","","","","","","","","","","","","","","原データ"
"3955395007440","あとむ薬局みその店","アトムヤッキョクミソノテン","AtomuyakkyokuMisonoten","5","39","201","高知県高知市三園町２３４",,,"http://www.shikoku-dsp.co.jp/","1","1","1","1","1","1","0","0","1","1","1","1","1","1","0","0","1","1","1","1","1","1","0","1","1","1","1","1","1","0","1","1","1","1","1","1","0","1","1","1","1","1","1","0","1","1","1","1","1","1","0","0","１２月２９日（改行）１２月３０日（改行）１２月３１日（改行）０１月０１日（改行）０１月０２日（改行）０１月０３日","09:00","17:30","09:00","17:30","09:00","17:30","09:00","17:30","09:00","17:30","09:00","13:00","","","","","","","","","","","","","","","","","","","","","","","","","","","","","","","","","","","","","","","","","","","","","","","","","","","","","空欄にした: 緯度経度 0.0, 0.0（欠損を示す値。位置レベル8の住所の点が無い）",""
"3955395007460","新田町うさぎ薬局","シンタチョウウサギヤッキョク","Shinta-toun Usagi Pharmacy","5","39","201","高知県高知市新田町１４－２６",33.551218,133.554071,"","1","1","1","1","1","1","0","0","1","1","1","1","1","1","0","0","1","1","1","1","1","1","0","1","1","1","1","1","1","0","1","1","1","1","1","1","0","1","1","1","1","1","1","0","1","1","1","1","1","1","0","0","０１月０１日（改行）０１月０２日（改行）０１月０３日（改行）１２月３０日（改行）１２月３１日","09:00","17:30","09:00","17:30","","","09:00","17:30","09:00","17:30","","","","","","","","","","","09:00","12:30","","","","","","","","","","","","","","","","","","","","","09:00","13:00","","","","","","","","","","","","","","","","","","","","","空欄にした: 水_開店時間帯1 00:00-00:00（開始と終了が同じ） / 空欄にした: 土_開店時間帯1 00:00-00:00（開始と終了が同じ）","原データ"
"3955395007470","日本調剤　宝永薬局","ニホンチョウザイ　ホウエイヤッキョク","NihonChozai Hoei Yakkyoku","5","39","203","高知県安芸市宝永町７番１４号",33.506119,133.898621,"https://www.nicho.co.jp/tenpo/houei/","1","1","1","1","1","1","0","0","1","1","1","1","1","1","0","0","1","1","1","1","1","1","0","1","1","1","1","1","1","0","1","1","1","1","1","1","0","1","1","1","1","1","1","0","1","1","1","1","1","1","0","0","GW、祝日（改行）１２月２９日（改行）１２月３０日（改行）１２月３１日（改行）０１月０１日（改行）０１月０２日（改行）０１月０３日","08:30","17:30","08:30","17:30","08:30","17:30","08:30","17:30","08:30","17:30","08:30","12:30","","","","","","","","","","","","","","","","","","","","","","","","","","","","","","","","","","","","","","","","","","","","","","","","","","","","","","原データ"
"3955395007480","ひまわり薬局","ヒマワリヤッキョク","Himawari Pharmacy","5","39","201","高知県高知市西町",33.559653,133.522146,"","1","1","1","1","1","1","0","0","1","1","1","1","1","1","0","","1","1","1","1","1","1","1","1","1","1","1","1","1","1","1","1","1","1","1","1","1","1","1","1","1","1","1","1","1","1","1","1","1","1","1","0","１２月３１日（改行）０１月０１日（改行）０１月０２日（改行）０１月０３日","09:00","18:00","09:00","18:00","09:00","18:30","09:00","18:00","09:00","18:00","09:00","14:00","","","","","","","","","","","","","","","","","","","","","","","","","","","","","","","","","","","","","","","","","","","","","","","","","","","","","","原データ"
"3955395007490","もも薬局","モモヤッキョク","Momo-Yakkyoku","5","39","304","高知県安芸郡安田町安田１７５１",33.436885,133.981533,"","1","1","1","1","1","1","0","0","1","1","1","1","1","1","0","0","1","1","1","1","1","1","0","1","1","1","1","1","1","0","1","1","1","1","1","1","0","1","1","1","1","1","1","0","1","1","1","1","1","1","0","0","１２月３０日（改行）１２月３１日（改行）０１月０１日（改行）０１月０２日（改行）０１月０３日","08:30","17:30","08:30","17:30","08:30","12:30","08:30","17:30","08:30","17:30","08:30","12:30","","","","","","","","","","","","","","","","","","","","","","","","","","","","","","","","","","","","","","","","","","","","","","","","","","","","","","原データ"
"3955395007500","たけい薬局","タケイヤッキョク","Takei Yakkyoku","5","39","201","高知県高知市伊勢崎町１３－９",33.570293,133.528865,"","1","1","1","1","1","1","0","0","1","1","1","1","1","1","0","0","1","1","1","1","1","1","0","1","1","1","1","1","1","0","1","1","1","1","1","1","0","1","1","1","1","1","1","0","1","1","1","1","1","1","0","0","０１月０１日（改行）０１月０２日（改行）０１月０３日（改行）１２月３０日（改行）１２月３１日","08:30","18:00","08:30","18:00","08:30","18:00","08:30","13:00","08:30","18:00","08:30","13:00","","","","","","","","","","","","","","","","","","","","","","","","","","","","","","","","","","","","","","","","","","","","","","","","","","","","","","原データ"
"3955395007570","高知センター薬局","コウチセンターヤッキョク","kochisenta-yakkyoku","5","39","201","高知県高知市比島町３－１－１６",33.569457,133.54854,"http://www.minayakkyoku.co.jp/","1","1","1","1","1","1","0","0","1","1","1","1","1","1","0","","1","1","1","1","1","1","0","1","1","1","1","1","1","0","1","1","1","1","1","1","0","1","1","1","1","1","1","0","1","1","1","1","1","1","0","0","１２月３０日（改行）１２月３１日（改行）０１月０１日（改行）０１月０２日（改行）０１月０３日","09:00","18:00","09:00","18:00","09:00","18:00","09:00","18:00","09:00","18:00","09:00","13:00","","","","","","","","","","","","","","","","","","","","","","","","","","","","","","","","","","","","","","","","","","","","","","","","","","","","","","原データ"
"3955395007580","フォレスト調剤薬局知寄町店","フォレストチョウザイヤッキョクチヨリチョウテン","Forest Pharmacy Chiyorichoten","5","39","201","高知県高知市二葉町１番４号",33.55788,133.555248,"","1","1","1","1","1","1","0","0","1","1","1","1","1","1","0","0","1","1","1","1","1","1","0","1","1","1","1","1","1","0","1","1","1","1","1","1","0","1","1","1","1","1","1","0","1","1","1","1","1","1","0","0","１２月３１日（改行）０１月０１日（改行）０１月０２日（改行）０１月０３日","09:00","18:00","09:00","18:00","09:00","18:00","09:00","13:00","09:00","18:00","09:00","13:00","","","","","","","","","","","","","","","","","","","","","","","","","","","","","","","","","","","","","","","","","","","","","","","","","","","","","","原データ"
"3955395007610","あじさい薬局鴨部店","アジサイヤッキョクカモベテン","AjisaiYakkyoku Kamobetenn","5","39","201","高知県高知市鴨部２－２－７",33.54941,133.505534,"http://www.drug-kuroshio.co.jp/","1","1","1","1","1","1","0","0","1","1","1","1","1","1","0","0","1","1","1","1","1","1","0","1","1","1","1","1","1","0","1","1","1","1","1","1","0","1","1","1","1","1","1","0","1","1","1","1","1","1","0","0","１２月３１日（改行）０１月０１日（改行）０１月０２日（改行）０１月０３日","09:00","18:30","09:00","18:30","09:00","18:30","09:00","17:00","09:00","18:30","09:00","13:00","","","","","","","","","","","","","","","","","","","","","","","","","","","","","","","","","","","","","","","","","","","","","","","","","","","","","","原データ"
"3955395007650","こなつ薬局","コナツヤッキョク","konatu pharmacy","5","39","201","高知県高知市桟橋通１丁目１０ー６アステールＫ１０５号",33.550911,133.546594,"","1","1","1","1","1","1","0","0","1","1","1","1","1","1","0","0","1","1","1","1","1","1","0","1","1","1","1","1","1","0","1","1","1","1","1","1","0","1","1","1","1","1","1","0","1","1","1","1","1","1","0","0","GW・年末年始","09:00","12:30","09:00","12:30","09:00","12:30","09:00","12:30","09:00","12:30","09:00","12:30","","","","","14:00","18:00","14:00","18:00","14:00","18:00","","","14:00","18:00","","","","","","","","","","","","","","","","","","","","","","","","","","","","","","","","","","","","","","","","原データ"
"3955395007660","そうごう薬局後免町店","ソウゴウヤッキョクゴメンマチテン","Sogo yakkyoku gomenmachiten","5","39","204","高知県南国市後免町１丁目８の３５　アグライア１０３",33.575994,133.644841,"http://www.sogo-medical.co.jp/sogopharmacy/shop/view/465","1","1","1","1","1","1","0","0","1","1","1","1","1","1","0","0","1","1","1","1","1","1","0","1","1","1","1","1","1","0","1","1","1","1","1","1","0","1","1","1","1","1","1","0","1","1","1","1","1","1","0","0","GW,お盆、年末年始等(年によって異なります)（改行）１２月２９日（改行）１２月３０日（改行）１２月３１日（改行）０１月０１日（改行）０１月０２日（改行）０１月０３日","09:00","18:00","09:00","18:00","09:00","18:00","09:00","17:00","09:00","18:00","09:00","17:30","","","","","","","","","","","","","","","","","","","","","","","","","","","","","","","","","","","","","","","","","","","","","","","","","","","","","","原データ"
"3955395007690","くろしお薬局　インター店","クロシオヤッキョク　インターテン","kuroshioPharmacy inter","5","39","201","高知県高知市杉井流６番２８号",33.569551,133.554741,"http://www.drug-kuroshio.co.jp/","1","1","1","1","1","1","0","0","1","1","1","1","1","1","0","0","1","1","1","1","1","1","0","1","1","1","1","1","1","0","1","1","1","1","1","1","0","1","1","1","1","1","1","0","1","1","1","1","1","1","0","0","１２月２９日（改行）１２月３０日（改行）１２月３１日（改行）０１月０１日（改行）０１月０２日（改行）０１月０３日","09:00","18:30","09:00","18:30","09:00","17:00","09:00","18:30","09:00","18:30","09:00","18:00","","","","","","","","","","","","","","","","","","","","","","","","","","","","","","","","","","","","","","","","","","","","","","","","","","","","","","原データ"
"3955395007720","あけぼの薬局","アケボノヤッキョク","Akebono Yakkyoku","5","39","201","高知県高知市鴨部高町１４－２１",33.551793,133.495005,"","1","1","0","1","1","1","0","0","1","1","0","1","1","1","0","0","1","1","0","1","1","1","0","1","1","0","1","1","1","0","1","1","0","1","1","1","0","1","1","0","1","1","1","0","1","1","0","1","1","1","0","0","１２月３０日（改行）１２月３１日（改行）０１月０１日（改行）０１月０２日（改行）０１月０３日","08:30","18:00","08:30","18:00","","","08:30","18:00","08:30","18:00","08:30","13:00","","","","","","","","","","","","","","","","","","","","","","","","","","","","","","","","","","","","","","","","","","","","","","","","","","","","","","原データ"
"3955395007730","蛍橋薬局","ホタルバシヤッキョク","Hotarubasi Yakkyoku","5","39","201","高知県高知市旭町３丁目７５",33.555331,133.504053,"","1","1","1","1","1","1","0","0","1","1","1","1","1","1","0","0","1","1","1","1","1","1","0","1","1","1","1","1","1","0","1","1","1","1","1","1","0","1","1","1","1","1","1","0","1","1","1","1","1","1","0","0","１２月３１日（改行）０１月０１日（改行）０１月０２日（改行）０１月０３日","09:00","19:00","09:00","19:00","09:00","19:00","09:00","19:00","09:00","19:00","09:00","19:00","","","","","","","","","","","","","","","","","","","","","","","","","","","","","","","","","","","","","","","","","","","","","","","","","","","","","","原データ"
"3955395007770","イルカ薬局","イルカヤッキョク","","5","39","201","高知県高知市本町５丁目２ー９　グランドハイツ細川",33.558315185,133.529318727,"","1","1","1","1","1","1","0","0","1","1","1","1","1","1","0","","1","1","1","1","1","1","0","1","1","1","1","1","1","0","1","1","1","1","1","1","0","1","1","1","1","1","1","0","1","1","1","1","1","1","0","0","１２月３０日（改行）１２月３１日（改行）０１月０１日（改行）０１月０２日（改行）０１月０３日","09:00","18:00","09:00","18:00","09:00","18:00","09:00","18:00","09:00","18:00","09:00","14:00","","","","","","","","","","","","","","","","","","","","","","","","","","","","","","","","","","","","","","","","","","","","","","","","","","","","","書き換えた: 緯度経度 0.0, 0.0 → 住居表示の点（欠損を示す値）","住居表示"
"3955395007780","らいむ薬局","ライムヤッキョク","","5","39","204","高知県南国市篠原１６２ー４",33.570272,133.635524,"https://medico-drugfarm.jp","1","1","1","1","1","1","0","0","1","1","1","1","1","1","0","0","1","1","1","1","1","1","1","1","1","1","1","1","1","1","1","1","1","1","1","1","1","1","1","1","1","1","1","1","1","1","1","1","1","1","1","0","１２月３１日（改行）０１月０１日（改行）０１月０２日（改行）０１月０３日","09:00","18:00","09:00","18:00","09:00","18:00","09:00","18:00","09:00","18:00","09:00","18:00","","","","","","","","","","","","","","","","","","","","","","","","","","","","","","","","","","","","","","","","","","","","","","","","","","","","","","原データ"
"3955395007790","ライオン薬局　わじき店","ライオンヤッキョク　ワジキテン","lionyakkyoku wajikiten","5","39","307","高知県安芸郡芸西村和食甲４６８３",33.522193,133.820774,"","1","1","1","1","1","1","0","0","1","1","1","1","1","1","0","0","1","1","1","1","1","1","0","1","1","1","1","1","1","0","1","1","1","1","1","1","0","1","1","1","1","1","1","0","1","1","1","1","1","1","0","0","１２月３０日（改行）１２月３１日（改行）０１月０１日（改行）０１月０２日（改行）０１月０３日","09:00","18:00","09:00","18:00","09:00","18:00","09:00","18:00","09:00","18:00","09:00","13:00","","","","","","","","","","","","","","","","","","","","","","","","","","","","","","","","","","","","","","","","","","","","","","","","","","","","","","原データ"
"3955395007800","花りん薬局","カリンヤッキョク","Karin yakkyoku","5","39","386","高知県吾川郡いの町天王北３－２－１",33.531968,133.449287,"https://medico-drugfarm.jp/","1","1","1","1","1","1","0","0","1","1","1","1","1","1","0","0","1","1","1","1","1","1","0","1","1","1","1","1","1","0","1","1","1","1","1","1","0","1","1","1","1","1","1","0","1","1","1","1","1","1","0","0","１２月３０日（改行）１２月３１日（改行）０１月０１日（改行）０１月０２日（改行）０１月０３日","09:00","18:00","09:00","18:00","09:00","18:00","09:00","18:00","09:00","18:00","09:00","13:00","","","","","","","","","","","","","","","","","","","","","","","","","","","","","","","","","","","","","","","","","","","","","","","","","","","","","","原データ"
"3955395007820","四国調剤　しののめ薬局","シコクチョウザイ　シノノメヤッキョク","Shikokutyouzai Sinonome Yakyoku","5","39","201","高知県高知市東雲町８ー４８",33.559369,133.563922,"http://www.shikoku-dsp.co.jp","1","1","1","1","1","1","0","0","1","1","1","1","1","1","0","0","1","1","1","1","1","1","0","1","1","1","1","1","1","0","1","1","1","1","1","1","0","1","1","1","1","1","1","0","1","1","1","1","1","1","0","0","１２月３１日（改行）０１月０１日（改行）０１月０２日（改行）０１月０３日","09:00","18:00","09:00","18:00","09:00","18:00","09:00","18:00","09:00","18:00","","","","","","","","","","","","","","","","","09:00","12:00","","","","","","","","","","","","","","","","","","","","","","","","","","","","","","","","","","","","","空欄にした: 土_開店時間帯1 00:00-00:00（開始と終了が同じ）","原データ"
"3955395007850","四国調剤　ふくい薬局","シコクチョウザイ　フクイヤッキョク","","5","39","201","高知県高知市福井扇町１１７９－１",,,"http://www.shikoku-dsp.co.jp/","1","1","1","1","1","1","0","0","1","1","1","1","1","1","0","0","","","","","","","","","","","","","","","","","","","","","","","","","","","","","","","","","","","","0","","09:00","18:00","09:00","18:00","09:00","18:00","09:00","18:00","09:00","18:00","09:00","18:00","","","","","","","","","","","","","","","","","","","","","","","","","","","","","","","","","","","","","","","","","","","","","","","","","","","","","空欄にした: 緯度経度 0.0, 0.0（欠損を示す値。位置レベル8の住所の点が無い）",""
"3955395007860","四国調剤　よさこい薬局","シコクチョウザイ　ヨサコイヤッキョク","Yosakoi Yakkyoku","5","39","201","高知県高知市塚の原１番地",,,"http://www.shikoku-dsp.co.jp/","1","1","1","1","1","1","0","0","1","1","1","1","1","1","0","0","1","1","1","1","1","1","0","1","1","1","1","1","1","0","1","1","1","1","1","1","0","1","1","1","1","1","1","0","1","1","1","1","1","1","0","0","１２月３１日","09:00","20:00","","","09:00","20:00","","","09:00","20:00","","","","","","","","","09:00","18:00","","","09:00","18:00","","","09:00","18:00","","","","","","","","","","","","","","","","","","","","","","","","","","","","","","","","","","","","","空欄にした: 緯度経度 0.0, 0.0（欠損を示す値。位置レベル8の住所の点が無い） / 空欄にした: 火_開店時間帯1 00:00-00:00（開始と終了が同じ） / 空欄にした: 木_開店時間帯1 00:00-00:00（開始と終了が同じ） / 空欄にした: 土_開店時間帯1 00:00-00:00（開始と終了が同じ）",""
"3955395007870","四国調剤　はるの薬局","シコクチョウザイ　ハルノヤッキョク","Shikokuchozai Harunoyakkyoku","5","39","201","高知県高知市春野町芳原１３１６ー２",,,"https://www.shikoku-dsp.co.jp/","1","1","1","1","1","1","0","0","1","1","1","1","1","1","0","0","1","1","1","1","1","1","0","1","1","1","1","1","1","0","1","1","1","1","1","1","0","1","1","1","1","1","1","0","1","1","1","1","1","1","0","0","","08:30","18:00","08:30","18:00","08:30","18:00","08:30","18:00","08:30","18:00","","","","","","","","","","","","","","","","","08:30","13:00","","","","","","","","","","","","","","","","","","","","","","","","","","","","","","","","","","","","","空欄にした: 緯度経度 0.0, 0.0（欠損を示す値。位置レベル8の住所の点が無い） / 空欄にした: 土_開店時間帯1 00:00-00:00（開始と終了が同じ）",""
"3955395007880","四国調剤　山北薬局","シコクチョウザイ　ヤマキタヤッキョク","Shikokuchyouzai YamakitaYakkyoku","5","39","211","高知県香南市香我美町山北１３０５ー２",33.580172,133.743453,"http://www.shikoku-dsp.co.jp/","1","0","1","1","1","1","0","0","1","0","1","1","1","1","0","0","1","1","1","1","1","1","0","1","1","1","1","1","1","0","1","1","1","1","1","1","0","1","1","1","1","1","1","0","1","1","1","1","1","1","0","0","１２月３１日（改行）０１月０１日（改行）０１月０２日（改行）０１月０３日","08:50","17:50","","","08:50","17:50","08:50","17:50","08:50","17:50","08:40","12:40","","","","","","","","","","","","","","","","","","","","","","","","","","","","","","","","","","","","","","","","","","","","","","","","","","","","","","原データ"
"3955395007900","ブルークロス　さくら薬局","ブルークロス　サクラヤッキョク","Sakura Yakkyoku","5","39","212","高知県香美市土佐山田町１１７－２２",33.609759,133.690825,"http://bluecross.co.jp/","1","1","1","1","1","1","0","0","1","1","1","1","1","1","0","","1","1","1","1","1","1","1","1","1","1","1","1","1","1","1","1","1","1","1","1","1","1","1","1","1","1","1","1","1","1","1","1","1","1","1","0","１２月３１日（改行）０１月０１日（改行）０１月０２日（改行）０１月０３日","09:00","17:00","09:00","17:00","","","09:00","17:00","09:00","17:00","","","","","","","","","","","09:00","18:30","","","","","","","","","","","","","","","","","","","","","09:00","12:00","","","","","","","","","","","","","","","","","","","","","空欄にした: 水_開店時間帯1 00:00-00:00（開始と終了が同じ） / 空欄にした: 土_開店時間帯1 00:00-00:00（開始と終了が同じ） / 空欄にした: 土_開店時間帯2 00:00-00:00（開始と終了が同じ）","原データ"
"3955395007910","アルファ薬局　香南店","アルファヤッキョク　コウナンテン","alphayakkyoku kounanntenn","5","39","211","高知県香南市赤岡町２０６７ー１",33.549275227,133.720896321,"http://www.shikoku-dsp.co.jp/","1","1","1","1","1","1","0","0","1","1","1","1","1","1","0","0","1","1","1","1","1","1","0","1","1","1","1","1","1","0","1","1","1","1","1","1","0","1","1","1","1","1","1","0","1","1","1","1","1","1","0","0","０１月０１日（改行）０１月０２日（改行）０１月０３日（改行）１２月３１日","08:50","17:50","08:50","12:50","08:50","17:50","08:50","17:50","08:50","17:50","08:50","17:50","","","","","","","","","","","","","","","","","","","","","","","","","","","","","","","","","","","","","","","","","","","","","","","","","","","","","書き換えた: 緯度経度 0.0, 0.0 → 地番の点（欠損を示す値）","地番"
"3955395007920","あとむ薬局　土佐道路店","アトムヤッキョク　トサドウロテン","atomuyakkyoku tosadouroten","5","39","201","高知県高知市城山町２０９番１",33.550624,133.511586,"http://www.shikoku-dsp.co.jp/","1","1","1","1","1","1","0","0","1","1","1","1","1","1","0","0","1","1","1","1","1","1","0","1","1","1","1","1","1","0","1","1","1","1","1","1","0","1","1","1","1","1","1","0","1","1","1","1","1","1","0","0","１２月３０日（改行）１２月３１日（改行）０１月０１日（改行）０１月０２日（改行）０１月０３日","09:00","17:30","09:00","17:30","09:00","17:30","09:00","17:30","09:00","17:30","09:00","12:30","","","","","","","","","","","","","","","","","","","","","","","","","","","","","","","","","","","","","","","","","","","","","","","","","","","","","","原データ"
"3955395007930","しのはら薬局潮江店","シノハラヤッキョクウシオエテン","Shinohara yakkyoku usioeten","5","39","201","高知県高知市高見町３４８",33.541789,133.537607,"http://www.shinohara-p.co.jp","1","1","1","1","1","1","0","0","1","1","1","1","1","1","0","0","1","1","1","1","1","0","0","1","1","1","1","1","1","0","1","1","1","1","1","0","0","1","1","1","1","1","1","0","1","1","1","1","1","0","0","0","１２月３０日（改行）１２月３１日（改行）０１月０１日（改行）０１月０２日（改行）０１月０３日","09:00","13:00","09:00","13:00","09:00","13:00","09:00","13:00","09:00","13:00","09:00","13:00","","","","","15:00","18:00","15:00","18:00","","","15:00","18:00","15:00","18:00","","","","","","","","","","","","","","","","","","","","","","","","","","","","","","","","","","","","","","","","原データ"
"3955395007940","しのはら薬局　口細山店","シノハラヤッキョク　クチボソヤマテン","Shinohara yakkyoku kutibosoyamaten","5","39","201","高知県高知市口細山２０６ー２９５",33.567066,133.490755,"http://www.shinohara-p.co.jp","1","1","1","1","1","1","0","0","1","1","1","1","1","1","0","0","1","1","1","1","1","1","0","1","1","1","1","1","1","0","1","1","1","1","1","1","0","1","1","1","1","1","1","0","1","1","1","1","1","1","0","0","１２月３０日（改行）１２月３１日（改行）０１月０１日（改行）０１月０２日（改行）０１月０３日","09:00","17:00","09:00","19:00","09:00","17:00","09:00","19:00","09:00","19:00","09:00","13:00","","","","","","","","","","","","","","","","","","","","","","","","","","","","","","","","","","","","","","","","","","","","","","","","","","","","","","原データ"
"3955395007960","しのはら薬局入明店","シノハラヤッキョクイリアケテン","Shinohara Yakkyoku Iriaketen","5","39","201","高知県高知市入明町５－１",33.565839,133.531798,"http://www.shinohara-p.co.jp","1","1","1","1","1","1","0","0","1","1","1","1","1","1","0","0","1","1","1","1","1","1","0","1","1","1","1","1","1","0","1","1","1","1","1","1","0","1","1","1","1","1","1","0","1","1","1","1","1","1","0","0","１２月３０日（改行）１２月３１日（改行）０１月０１日（改行）０１月０２日（改行）０１月０３日","09:00","18:00","09:00","18:00","09:00","18:00","09:00","18:00","09:00","18:00","09:00","13:00","","","","","","","","","","","","","","","","","","","","","","","","","","","","","","","","","","","","","","","","","","","","","","","","","","","","","","原データ"
"3955395007970","りょうせき薬局","リョウセキヤッキョク","ryouseki yakkyoku","5","39","204","高知県南国市領石１８番地５",33.621404,133.640249,"","1","1","1","1","1","1","0","0","1","1","1","1","1","1","0","0","1","1","1","1","1","1","0","1","1","1","1","1","1","0","1","1","1","1","1","1","0","1","1","1","1","1","1","0","1","1","1","1","1","1","0","0","１２月３０日（改行）１２月３１日（改行）０１月０１日（改行）０１月０２日（改行）０１月０３日","08:30","13:00","08:30","13:00","08:30","17:00","08:30","13:00","08:30","13:00","08:30","13:00","","","","","15:00","18:30","15:00","18:30","","","15:00","18:30","15:00","18:30","","","","","","","","","","","","","","","","","","","","","","","","","","","","","","","","","","","","","","","","原データ"
"3955395008010","有限会社サンファーマシーはるかぜ薬局","ユウゲンガイシャサンファーマシーハルカゼヤッキョク","Harukaze Pharmacy  Harukaze Yakkyoku","5","39","201","高知県高知市大川筋２―５―４５",33.564856,133.532795,"http://sunp-1998.co.jp/publics/index/99/","1","1","1","1","1","1","0","0","1","1","1","1","1","1","0","0","1","1","1","1","1","1","0","1","1","1","1","1","1","0","1","1","1","1","1","1","0","1","1","1","1","1","1","0","1","1","1","1","1","1","0","0","０１月０１日（改行）０１月０２日（改行）０１月０３日","08:30","18:00","08:30","18:00","08:30","16:30","08:30","18:00","08:30","18:00","08:30","17:00","","","","","","","","","","","","","","","","","","","","","","","","","","","","","","","","","","","","","","","","","","","","","","","","","","","","","","原データ"
"3955395008020","エール薬局","エールヤッキョク","E-ru Yakkyoku","5","39","201","高知県高知市池２８４１－１",33.530466,133.586133,"http://www.yell-group.net","1","1","1","1","1","1","0","0","1","1","1","1","1","1","0","0","","","","","","","","","","","","","","","","","","","","","","","","","","","","","","","","","","","","0","１２月２９日（改行）１２月３０日（改行）１２月３１日（改行）０１月０１日（改行）０１月０２日（改行）０１月０３日","09:00","18:00","09:00","18:00","09:00","18:00","09:00","18:00","09:00","18:00","09:00","10:00","","","","","","","","","","","","","","","","","","","","","","","","","","","","","","","","","","","","","","","","","","","","","","","","","","","","","","原データ"
"3955395008060","あすなろ薬局","アスナロヤッキョク","AsunaroPharmacy","5","39","205","高知県土佐市高岡町甲２０４３－４",33.495993,133.426879,"","1","1","1","1","1","1","0","0","1","1","1","1","1","1","0","","1","1","1","1","1","1","1","1","1","1","1","1","1","1","1","1","1","1","1","1","1","1","1","1","1","1","1","1","1","1","1","1","1","1","1","0","１２月３０日（改行）１２月３１日（改行）０１月０１日（改行）０１月０２日（改行）０１月０３日","09:00","18:00","09:00","18:00","09:00","18:00","09:00","18:00","09:00","18:00","09:00","13:00","","","","","","","","","","","","","","","","","","","","","","","","","","","","","","","","","","","","","","","","","","","","","","","","","","","","","","原データ"
"3955395008070","岡林薬局","オカバヤシヤッキョク","Okabayashi Yakkyoku","5","39","205","高知県土佐市高岡町乙２１－４",,,"","1","1","1","1","1","0","0","0","1","1","1","1","1","0","0","0","1","1","1","1","1","1","1","1","1","1","1","1","1","1","1","1","1","1","1","1","1","1","1","1","1","1","1","1","1","1","1","1","1","1","1","0","０８月１２日（改行）０８月１３日（改行）０８月１４日（改行）０８月１５日（改行）０８月１６日（改行）１２月３０日（改行）１２月３１日（改行）０１月０１日（改行）０１月０２日（改行）０１月０３日（改行）０１月０４日","08:30","18:00","08:30","18:00","08:30","18:00","08:30","18:00","08:30","18:00","","","","","","","","","","","","","","","","","","","","","","","","","","","","","","","","","","","","","","","","","","","","","","","","","","","","","","","空欄にした: 緯度経度 0.0, 0.0（欠損を示す値。位置レベル8の住所の点が無い）",""
"3955395008090","大崎薬局","オオサキヤッキョク","Osaki Yakkyoku","5","39","387","高知県吾川郡仁淀川町大崎３６２―１",33.573732,133.170238,"","1","1","1","1","1","0","0","0","1","1","1","1","1","0","0","0","1","1","1","1","1","0","0","1","1","1","1","1","0","0","1","1","1","1","1","0","0","1","1","1","1","1","0","0","1","1","1","1","1","0","0","0","１２月２９日（改行）１２月３０日（改行）１２月３１日（改行）０１月０１日（改行）０１月０２日（改行）０１月０３日","08:30","18:00","08:30","18:00","08:30","18:00","08:30","18:00","08:30","18:00","","","","","","","","","","","","","","","","","","","","","","","","","","","","","","","","","","","","","","","","","","","","","","","","","","","","","","","","原データ"
"3955395008110","株式会社小白方　ひなた薬局","カブシキガイシャコシロカタ　ヒナタヤッキョク","hinata pharmacy","5","39","201","高知県高知市仁井田６５３－２",33.512088,133.573993,"http://www.hinata-kochi.jp/","1","1","1","1","1","1","0","0","1","1","1","1","1","1","0","0","1","1","1","1","1","1","1","1","1","1","1","1","1","1","1","1","1","1","1","1","1","1","1","1","1","1","1","1","1","1","1","1","1","1","1","0","１２月３０日（改行）１２月３１日（改行）０１月０１日（改行）０１月０２日（改行）０１月０３日","08:30","17:30","08:30","17:30","08:30","17:30","08:30","17:30","08:30","17:30","08:30","12:30","","","","","","","","","","","","","","","","","","","","","","","","","","","","","","","","","","","","","","","","","","","","","","","","","","","","","","原データ"
"3955395008120","アイン薬局　篠原店","アインヤッキョク　シノハラテン","Ain Pharmacy SHINOHARA(Ainn Yakkyoku Shinohara Tenn)","5","39","204","高知県南国市篠原１８８７番地３",33.577074,133.637609,"https://www.ainj.co.jp","1","1","1","1","1","1","0","0","1","1","1","1","1","1","0","0","1","1","1","1","1","1","0","1","1","1","1","1","1","0","1","1","1","1","1","1","0","1","1","1","1","1","1","0","1","1","1","1","1","1","0","0","１２月３１日（改行）０１月０１日（改行）０１月０２日（改行）０１月０３日","09:00","18:00","09:00","18:00","09:00","18:00","09:00","17:00","09:00","18:00","09:00","13:00","","","","","","","","","","","","","","","","","","","","","","","","","","","","","","","","","","","","","","","","","","","","","","","","","","","","","","原データ"
"3955395008130","アイン薬局　四万十店","アインヤッキョク　シマントテン","Ain Yakkyoku Shimantoten","5","39","210","高知県四万十市渡川１丁目２番５１号",32.988726,132.923736,"https://www.ainj.co.jp","1","1","1","1","1","1","0","0","1","1","1","1","1","1","0","0","1","1","1","1","1","1","0","1","1","1","1","1","1","0","1","1","1","1","1","1","0","1","1","1","1","1","1","0","1","1","1","1","1","1","0","0","１２月２９日（改行）１２月３０日（改行）１２月３１日（改行）０１月０１日（改行）０１月０２日（改行）０１月０３日","08:30","17:30","08:30","17:30","08:30","16:30","08:30","17:30","08:30","17:30","08:30","14:00","","","","","","","","","","","","","","","","","","","","","","","","","","","","","","","","","","","","","","","","","","","","","","","","","","","","","","原データ"
"3955395008140","さが薬局","サガヤッキョク","Saga Yakkyoku","5","39","428","高知県幡多郡黒潮町佐賀７０１－２",33.080035527,133.106744099,"","1","1","1","1","1","0","0","0","1","1","1","1","1","0","0","","1","1","1","1","1","1","1","1","1","1","1","1","1","1","1","1","1","1","1","1","1","1","1","1","1","1","1","1","1","1","1","1","1","1","1","0","０１月０１日（改行）０１月０２日（改行）０１月０３日（改行）１２月３０日（改行）１２月３１日","08:30","18:00","08:30","18:00","08:30","18:00","08:30","18:00","08:30","18:00","","","","","","","","","","","","","","","","","","","","","","","","","","","","","","","","","","","","","","","","","","","","","","","","","","","","","","","書き換えた: 緯度経度 0.0, 0.0 → 地番の点（欠損を示す値）","地番"
"3955395008150","ポピー薬局","ポピーヤッキョク","Poppy pharmacy","5","39","201","高知県高知市福井町１７３４ー６",33.567618,133.504372,"http://www.shikoku-dsp.co.jp/","1","1","1","1","1","1","0","0","1","1","1","1","1","1","0","0","1","1","1","1","1","1","0","1","1","1","1","1","1","0","1","1","1","1","1","1","0","1","1","1","1","1","1","0","1","1","1","1","1","1","0","0","０１月０１日（改行）０１月０２日（改行）０１月０３日（改行）１２月３０日（改行）１２月３１日","09:00","18:30","09:00","18:30","09:00","18:30","09:00","12:30","09:00","18:30","09:00","16:00","","","","","","","","","","","","","","","","","","","","","","","","","","","","","","","","","","","","","","","","","","","","","","","","","","","","","","原データ"
"3955395008160","株式会社アインファーマシーズ　アイン薬局　高須店","カブシキガイシャアインファーマシーズ　アインヤッキョク　タカステン","Ainyakkyoku Takasuten","5","39","201","高知県高知市高須２丁目１８ー１１",33.560461,133.589675,"https://www.ainj.co.jp","1","1","1","1","1","1","0","0","1","1","1","1","1","1","0","0","1","1","1","1","1","1","0","1","1","1","1","1","1","0","1","1","1","1","1","1","0","1","1","1","1","1","1","0","1","1","1","1","1","1","0","0","１２月３１日（改行）０１月０１日（改行）０１月０２日（改行）０１月０３日","09:00","12:00","09:00","12:00","09:00","12:00","09:00","12:00","09:00","12:00","09:00","12:00","","","","","12:00","18:00","12:00","18:00","12:00","18:00","12:00","18:00","12:00","18:00","12:00","17:00","","","","","","","","","","","","","","","","","","","","","","","","","","","","","","","","","","","","","","原データ"
"3955395008180","らいふ調剤薬局　さんばし店","ライフチョウザイヤッキョク　サンバシテン","Raihutyouzaiyakkyoku","5","39","201","高知県高知市桟橋通２－１２－５",33.54991426000001,133.546199652,"","1","1","1","1","1","1","0","0","1","1","1","1","1","1","0","","1","1","1","1","1","1","0","1","1","1","1","1","1","0","1","1","1","1","1","1","0","1","1","1","1","1","1","0","1","1","1","1","1","1","0","0","１２月２９日（改行）１２月３０日（改行）１２月３１日（改行）０１月０１日（改行）０１月０２日（改行）０１月０３日","09:00","12:30","09:00","12:30","09:00","12:30","09:00","12:30","09:00","12:30","09:00","12:30","","","","","14:00","18:00","14:00","18:00","14:00","18:00","","","14:00","18:00","14:00","16:00","","","","","","","","","","","","","","","","","","","","","","","","","","","","","","","","","","","","","書き換えた: 緯度経度 0.0, 0.0 → 住居表示の点（欠損を示す値）","住居表示"
"3955395008190","春和堂　帯屋町薬局","シュンワドウ　オビヤマチヤッキョク","","5","39","201","高知県高知市帯屋町２ー４ー７ー１０２",33.559729,133.535801,"","1","1","1","1","1","1","0","0","1","1","1","1","1","1","0","","1","1","1","1","1","1","1","1","1","1","1","1","1","1","1","1","1","1","1","1","1","1","1","1","1","1","1","1","1","1","1","1","1","1","1","0","０１月０１日（改行）０１月０２日（改行）０１月０３日","09:00","19:00","09:00","19:00","09:00","19:00","09:00","19:00","09:00","19:00","09:00","19:00","","","","","","","","","","","","","","","","","","","","","","","","","","","","","","","","","","","","","","","","","","","","","","","","","","","","","","原データ"
"3955395008210","ドラッグセイムス土佐山田薬局","ドラッグセイムストサヤマダヤッキョク","Drug Seims Tosayamada Pharmacy","5","39","212","高知県香美市土佐山田町宝町５丁目１番３６号",33.603214029,133.680393092,"https://store.seims.co.jp/map/4036","1","1","1","1","1","1","0","0","1","1","1","1","1","1","0","0","1","1","1","1","1","1","0","1","1","1","1","1","1","0","1","1","1","1","1","1","0","1","1","1","1","1","1","0","1","1","1","1","1","1","0","0","０１月０１日（改行）０１月０２日（改行）０１月０３日","09:00","19:00","09:00","19:00","09:00","19:00","09:00","19:00","09:00","19:00","09:00","13:00","","","","","","","","","","","","","","","","","","","","","","","","","","","","","","","","","","","","","","","","","","","","","","","","","","","","","書き換えた: 緯度経度 0.0, 0.0 → 住居表示の点（欠損を示す値）","住居表示"
"3955395008220","メディカル薬局　うやま店","メディカルヤッキョク　ウヤマテン","Medical Yakkyoku Uyamaten","5","39","210","高知県四万十市右山１９７３番地５",32.97853,132.945429,"https://medicalchozai.com/dispensing-pharmacy/#uyama","1","1","1","1","1","1","0","0","1","1","1","1","1","1","0","","1","1","1","1","1","1","0","1","1","1","1","1","1","0","1","1","1","1","1","1","0","1","1","1","1","1","1","0","1","1","1","1","1","1","0","0","１２月２９日（改行）１２月３０日（改行）１２月３１日（改行）０１月０１日（改行）０１月０２日（改行）０１月０３日","09:00","18:00","09:00","18:00","09:00","18:00","09:00","18:00","09:00","18:00","09:00","13:00","","","","","","","","","","","","","","","","","","","","","","","","","","","","","","","","","","","","","","","","","","","","","","","","","","","","","","原データ"
"3955395008240","福寿堂薬局","フクジュドウヤッキョク","Fukujyudou yakkyoku","5","39","205","高知県土佐市高岡町乙３８７番",33.498408,133.419396,"","1","1","1","0","1","1","0","0","1","1","1","0","1","1","0","0","1","1","1","0","1","1","0","1","1","1","0","1","1","0","1","1","1","0","1","1","0","1","1","1","0","1","1","0","1","1","1","0","1","1","0","0","０１月０１日（改行）０１月０２日（改行）０１月０３日（改行）０８月１３日（改行）０８月１４日（改行）０８月１５日（改行）12月28日（改行）１２月２９日（改行）１２月３０日（改行）１２月３１日","10:00","18:00","10:00","18:00","10:00","18:00","","","10:00","18:00","10:00","18:00","","","","","","","","","","","","","","","","","","","","","","","","","","","","","","","","","","","","","","","","","","","","","","","","","","","","","","原データ"
"3955395008250","しのはら薬局本町店","シノハラヤッキョクホンマチテン","Shinohara-yakkyoku Honmachi-ten","5","39","201","高知県高知市与力町３ー２９",33.5576,133.538448,"http://www.shinohara-p.co.jp","1","1","1","1","1","1","0","0","1","1","1","1","1","1","0","0","1","1","1","1","1","1","0","1","1","1","1","1","1","0","1","1","1","1","1","1","0","1","1","1","1","1","1","0","1","1","1","1","1","1","0","0","１２月３０日（改行）１２月３１日（改行）０１月０１日（改行）０１月０２日（改行）０１月０３日","09:00","18:00","09:00","18:00","09:00","18:00","09:00","18:00","09:00","18:00","09:00","13:00","","","","","","","","","","","","","","","","","","","","","","","","","","","","","","","","","","","","","","","","","","","","","","","","","","","","","","原データ"
"3955395008260","アルファ薬局　宝永店","アルファヤッキョクホウエイテン","arufayakkyokuhoueitenn","5","39","201","高知県高知市城見町３－１８",33.559458,133.552271,"http://www.shikoku-dsp.co.jp/","1","1","1","1","1","1","0","0","1","1","1","1","1","1","0","0","1","1","1","1","1","1","0","1","1","1","1","1","1","0","1","1","1","1","1","1","0","1","1","1","1","1","1","0","1","1","1","1","1","1","0","0","１２月３０日（改行）１２月３１日（改行）０１月０１日（改行）０１月０２日（改行）０１月０３日","09:00","17:30","09:00","17:30","09:00","17:30","09:00","17:30","09:00","17:30","09:00","12:00","","","","","","","","","","","","","","","","","","","","","","","","","","","","","","","","","","","","","","","","","","","","","","","","","","","","","","原データ"
"3955395008280","ひつざん薬局　朝倉店","ヒツザンヤッキョク　アサクラテン","Hituzan  Pharmcy","5","39","201","高知県高知市若草町１６ー２６",33.543003,133.486038,"http://www.drug-kuroshio.co.jp/","1","1","1","1","1","1","0","0","1","1","1","1","1","1","0","0","1","1","1","1","1","1","0","1","1","1","1","1","1","0","1","1","1","1","1","1","0","1","1","1","1","1","1","0","1","1","1","1","1","1","0","0","１２月３０日（改行）１２月３１日（改行）０１月０１日（改行）０１月０２日（改行）０１月０３日","09:00","18:00","09:00","18:00","09:00","18:00","09:00","18:00","09:00","18:00","","","","","","","","","","","","","","","","","09:00","13:00","","","","","","","","","","","","","","","","","","","","","","","","","","","","","","","","","","","","","空欄にした: 土_開店時間帯1 00:00-00:00（開始と終了が同じ）","原データ"
"3955395008290","薬局清流けら店","ヤッキョクセイリュウケラテン","Yakkyoku Seiryu Keraten","5","39","201","高知県高知市介良３５４番地",33.564865,133.614103,"http://www.drug-kuroshio.co.jp/","1","1","1","1","1","1","0","0","1","1","1","1","1","1","0","0","1","1","1","1","1","1","0","1","1","1","1","1","1","0","1","1","1","1","1","1","0","1","1","1","1","1","1","0","1","1","1","1","1","1","0","0","１２月３０日（改行）１２月３１日（改行）０１月０１日（改行）０１月０２日（改行）０１月０３日","09:00","18:00","09:00","18:00","09:00","18:00","09:00","18:00","09:00","18:00","09:00","14:00","","","","","","","","","","","","","","","","","","","","","","","","","","","","","","","","","","","","","","","","","","","","","","","","","","","","","","原データ"
"3955395008300","こばな薬局","コバナヤッキョク","","5","39","212","高知県香美市土佐山田町百石町１－６－１４",33.608185,133.693912,"","1","1","1","0","1","0","0","0","1","1","1","0","1","0","0","0","1","1","1","0","1","0","0","1","1","1","0","1","0","0","1","1","1","0","1","0","0","1","1","1","0","1","0","0","1","1","1","0","1","0","0","0","","09:00","12:30","09:00","12:30","09:00","12:30","","","09:00","12:30","","","","","","","12:30","17:30","12:30","17:30","12:30","17:30","","","12:30","17:30","","","","","","","","","","","","","","","","","","","","","","","","","","","","","","","","","","","","","","","","原データ"
"3955395008310","いわせ薬局","イワセヤッキョク","IWASE YAKKYOKU","5","39","210","高知県四万十市右山天神町９－２８",,,"","1","1","1","1","1","1","0","0","1","1","1","1","1","1","0","","1","1","1","1","1","1","1","1","1","1","1","1","1","1","1","1","1","1","1","1","1","1","1","1","1","1","1","1","1","1","1","1","1","1","1","0","","09:00","18:00","09:00","18:00","09:00","18:00","09:00","18:00","09:00","18:00","09:00","13:00","","","","","","","","","","","","","","","","","","","","","","","","","","","","","","","","","","","","","","","","","","","","","","","","","","","","","空欄にした: 緯度経度 0.0, 0.0（欠損を示す値。位置レベル8の住所の点が無い）",""
"3955395008320","ベル薬局　百石店","ベルヤッキョク　ヒャッコクテン","BeruYakkyokuHyakkokuten","5","39","201","高知県高知市百石町二丁目１番１５号",33.549925,133.545444,"http://www.belle-ph.com/","1","1","1","1","1","1","0","0","1","1","1","1","1","1","0","0","1","1","1","1","1","1","0","1","1","1","1","1","1","0","1","1","1","1","1","1","0","1","1","1","1","1","1","0","1","1","1","1","1","1","0","0","１２月３０日（改行）１２月３１日（改行）０１月０１日（改行）０１月０２日（改行）０１月０３日","08:45","17:45","08:45","17:45","08:45","17:45","08:45","17:45","08:45","17:45","08:45","12:45","","","","","","","","","","","","","","","","","","","","","","","","","","","","","","","","","","","","","","","","","","","","","","","","","","","","","","原データ"
"3955395008330","アルファ薬局青柳店","アルファヤッキョクアオヤギテン","Alpha pharmacy Aoyagi shop","5","39","201","高知県高知市若松町",33.552414,133.56262,"https://medicalchozai.com/","1","1","1","1","1","1","0","0","1","1","1","1","1","1","0","0","1","1","1","1","1","1","1","1","1","1","1","1","1","1","1","1","1","1","1","1","1","1","1","1","1","1","1","1","1","1","1","1","1","1","1","0","１２月３０日（改行）１２月３１日（改行）０１月０１日（改行）０１月０２日（改行）０１月０３日","08:30","17:30","08:30","17:30","08:30","17:30","08:30","17:30","08:30","17:30","08:30","12:30","","","","","","","","","","","","","","","","","","","","","","","","","","","","","","","","","","","","","","","","","","","","","","","","","","","","","","原データ"
"3955395008370","ＯーＦｏｒｃｅ合同会社　みなみかぜ薬局","オーフォースゴウドウガイシャ","Minamikaze Yakkyoku","5","39","209","高知県土佐清水市越前町５番２３号２",,,"","1","1","1","1","1","1","0","0","1","1","1","1","1","1","0","0","","","","","","","","","","","","","","","","","","","","","","","","","","","","","","","","","","","","0","１２月３０日（改行）１２月３１日（改行）０１月０１日（改行）０１月０２日（改行）０１月０３日","09:00","18:00","09:00","18:00","09:00","18:00","09:00","18:00","09:00","18:00","09:00","17:00","","","","","","","","","","","","","","","","","","","","","","","","","","","","","","","","","","","","","","","","","","","","","","","","","","","","","空欄にした: 緯度経度 0.0, 0.0（欠損を示す値。位置レベル8の住所の点が無い）",""
"3955395008380","メディカル薬局　一条通店","メディカルヤッキョク　イチジョウドオリテン","Mediccal Pharmacy Ichijyodori store","5","39","210","高知県四万十市中村一条通５丁目９番１号",32.991459,132.940664,"https://medicalchozai.com/","1","1","1","1","1","1","0","0","1","1","1","1","1","1","0","","1","1","1","1","1","1","0","1","1","1","1","1","1","0","1","1","1","1","1","0","0","1","1","1","1","1","1","0","1","1","1","1","1","0","0","0","１２月３０日（改行）１２月３１日（改行）０１月０１日（改行）０１月０２日（改行）０１月０３日","09:00","17:30","09:00","17:30","09:00","17:30","09:00","17:30","09:00","17:30","09:00","12:30","","","","","","","","","","","","","","","","","","","","","","","","","","","","","","","","","","","","","","","","","","","","","","","","","","","","","","原データ"
"3955395008390","くれ薬局","クレヤッキョク","Kure Pharmacy","5","39","401","高知県高岡郡中土佐町久礼６６１１ー４",33.328173,133.228022,"https://kigurakuraimu.jp","1","1","1","1","1","1","0","0","1","1","1","1","1","1","0","0","1","1","1","1","1","1","0","1","1","1","1","1","1","0","1","1","1","1","1","1","0","1","1","1","1","1","1","0","1","1","1","1","1","1","0","0","１２月３１日（改行）０１月０１日（改行）０１月０２日（改行）０１月０３日","09:00","18:00","09:00","18:00","09:00","18:00","09:00","18:00","09:00","18:00","09:00","13:00","","","","","","","","","","","","","","","","","","","","","","","","","","","","","","","","","","","","","","","","","","","","","","","","","","","","","","原データ"
"3955395008400","ブルークロス調剤薬局南国店","ブルークロスチョウザイヤッキョクナンコクテン","Bluecross Drugstore Nankoku","5","39","204","高知県南国市篠原１２９－１",,,"http://www.bluecross.co.jp/","1","1","0","1","1","1","0","0","1","1","0","1","1","1","0","","1","1","1","1","1","1","1","1","1","1","1","1","1","1","1","1","1","1","1","1","1","1","1","1","1","1","1","1","1","1","1","1","1","1","1","0","12月30日（改行）１２月３１日（改行）０１月０１日（改行）０１月０２日（改行）０１月０３日","09:00","18:00","09:00","18:00","","","09:00","18:00","09:00","18:00","","","","","","","","","","","","","","","","","09:00","17:00","","","","","","","","","","","","","","","","","","","","","","","","","","","","","","","","","","","","","空欄にした: 緯度経度 0.0, 0.0（欠損を示す値。位置レベル8の住所の点が無い） / 空欄にした: 土_開店時間帯1 00:00-00:00（開始と終了が同じ）",""
"3955395008410","高知調剤薬局　おおそね店","コウチチョウザイヤッキョク　オオソネテン","Kochichozai Yakkyoku Osoneten","5","39","204","高知県南国市大そね甲１４５３",33.567395,133.647319,"http://www.kochi-chozai.co.jp/","1","1","1","1","1","1","0","0","1","1","1","1","1","1","0","0","1","1","1","1","1","1","0","1","1","1","1","1","1","0","1","1","1","1","1","1","0","1","1","1","1","1","1","0","1","1","1","1","1","1","0","0","１２月３０日（改行）１２月３１日（改行）０１月０１日（改行）０１月０２日（改行）０１月０３日","08:30","17:30","08:30","17:30","08:30","17:30","08:30","17:30","08:30","17:30","08:30","12:30","","","","","","","","","","","","","","","","","","","","","","","","","","","","","","","","","","","","","","","","","","","","","","","","","","","","","","原データ"
"3955395008420","調剤薬局ツルハドラッグ田野店","チョウザイヤッキョクツルハドラッグタノテン","TyouzaiyakkyokuTsuruhadoragguTanoten","5","39","303","高知県安芸郡田野町１７９５ー１",,,"http://www.tsuruha.co.jp/shop/?cm=v&id=1470","1","1","1","1","1","1","0","0","1","1","1","1","1","1","0","0","1","1","1","1","1","1","0","1","1","1","1","1","1","0","1","1","1","1","1","1","0","1","1","1","1","1","1","0","1","1","1","1","1","1","0","0","１２月２９日（改行）１２月３０日（改行）１２月３１日（改行）０１月０１日（改行）０１月０２日（改行）０１月０３日","09:00","13:00","09:00","13:00","09:00","13:00","09:00","13:00","09:00","13:00","09:00","14:00","","","","","14:00","19:00","14:00","19:00","14:00","19:00","14:00","19:00","14:00","19:00","","","","","","","","","","","","","","","","","","","","","","","","","","","","","","","","","","","","","","","空欄にした: 緯度経度 0.0, 0.0（欠損を示す値。位置レベル8の住所の点が無い）",""
"3955395008430","あかね薬局　北川添店","アカネヤッキョク　キタカワゾエテン","Akane Yakkyoku Kitakawazoeten","5","39","201","高知県高知市北川添１９－３４",33.573764,133.560714,"http://www.yell-group.net/","1","1","1","1","1","1","0","0","","","","","","","","","","","","","","","","","","","","","","","","","","","","","","","","","","","","","","","","","","","","0","１２月３０日（改行）１２月３１日（改行）０１月０１日（改行）０１月０２日（改行）０１月０３日","09:00","18:00","09:00","18:00","09:00","18:00","09:00","18:00","09:00","18:00","","","","","","","","","","","","","","","","","09:00","13:00","","","","","","","","","","","","","","","","","","","","","","","","","","","","","","","","","","","","","空欄にした: 土_開店時間帯1 00:00-00:00（開始と終了が同じ）","原データ"
"3955395008440","ひかり薬局","ヒカリヤッキョク","Hikari Yakkyoku","5","39","201","高知県高知市杉井流１４番１７号",33.569921,133.55777,"","1","1","1","1","1","1","0","0","1","1","1","1","1","1","0","0","1","1","1","1","1","1","0","1","1","1","1","1","1","0","1","1","1","1","1","1","0","1","1","1","1","1","1","0","1","1","1","1","1","1","0","0","正月休み（1月1～3日）、年末（１２月30日、31日）","09:00","13:00","09:00","13:00","09:00","13:00","09:00","13:00","09:00","13:00","09:00","13:00","","","","","14:30","18:00","14:30","18:00","14:30","18:00","14:30","18:00","14:30","18:00","14:00","17:00","","","","","","","","","","","","","","","","","","","","","","","","","","","","","","","","","","","","","","原データ"
"3955395008450","四国調剤　やえもん薬局","シコクチョウザイヤエモンヤッキョク","yaemonnyakkyoku","5","39","201","高知県高知市北久保２番３９号",33.569599,133.56435,"","1","1","1","1","1","1","0","0","1","1","1","1","1","1","0","0","1","1","1","1","1","1","0","1","1","1","1","1","1","0","1","1","1","1","1","1","0","1","1","1","1","1","1","0","1","1","1","1","1","1","0","0","GW：5/3～5/6、お盆休みなし、年末年始は12/29～1/3","09:30","17:00","09:30","17:00","09:30","17:00","09:00","13:00","09:30","17:00","09:00","13:00","","","","","","","","","","","","","","","","","","","","","","","","","","","","","","","","","","","","","","","","","","","","","","","","","","","","","","原データ"
"3955395008460","パルス薬局","パルスヤッキョク","Pulse Yakkyoku","5","39","211","高知県香南市野市町西野２６３７―１",33.56038,133.701143,"http://yell-group.net/","1","1","1","1","1","1","0","0","","","","","","","","","","","","","","","","","","","","","","","","","","","","","","","","","","","","","","","","","","","","0","０１月０１日（改行）０１月０２日（改行）０１月０３日（改行）１２月３１日","08:30","18:00","08:30","18:00","08:30","18:00","08:30","18:00","08:30","18:00","","","","","","","","","","","","","","","","","08:30","15:00","","","","","","","","","","","","","","","","","","","","","","","","","","","","","","","","","","","","","空欄にした: 土_開店時間帯1 00:00-00:00（開始と終了が同じ）","原データ"
"3955395008470","ドラッグセイムス高知駅前薬局","ドラッグセイムスコウチエキマエヤッキョク","seims kochiekimae pharmacy","5","39","201","高知県高知市栄田町二丁目４番１２号",33.567618,133.542746,"https://www.fujiyakuhin.co.jp/","1","1","1","1","1","1","0","0","1","1","1","1","1","1","0","","1","1","1","1","1","1","1","1","1","1","1","1","1","1","1","1","1","1","1","1","1","1","1","1","1","1","1","1","1","1","1","1","1","1","1","0","１２月２９日（改行）１２月３０日（改行）１２月３１日（改行）０１月０１日（改行）０１月０２日（改行）０１月０３日","09:00","13:00","09:00","13:00","09:00","13:00","09:00","13:00","09:00","13:00","09:00","13:00","","","","","14:00","19:00","14:00","19:00","14:00","19:00","14:00","19:00","14:00","19:00","","","","","","","","","","","","","","","","","","","","","","","","","","","","","","","","","","","","","","","","原データ"
"3955395008480","調剤薬局ツルハドラッグ薊野店","チョウザイヤッキョクツルハドラッグアゾウノテン","Tsuruhadrag Azono Pharmacy","5","39","201","高知県高知市薊野西町三丁目８番８号",33.578046,133.551833,"http://www.tsuruha.co.jp","1","1","1","1","1","1","0","0","1","1","1","1","1","1","0","0","1","1","1","1","1","1","0","1","1","1","1","1","1","0","1","1","1","1","1","1","0","1","1","1","1","1","1","0","1","1","1","1","1","1","0","0","１２月２９日（改行）１２月３０日（改行）１２月３１日（改行）０１月０１日（改行）０１月０２日（改行）０１月０３日","09:30","13:00","09:30","13:00","09:30","13:00","09:30","13:00","09:30","13:00","09:30","14:30","","","","","14:00","18:30","14:00","18:30","14:00","18:30","14:00","18:30","14:00","18:30","","","","","","","","","","","","","","","","","","","","","","","","","","","","","","","","","","","","","","","","原データ"
"3955395008490","ブルークロス調剤薬局　日赤北店","ブルークロスチョウザイヤッキョク　ニッセキキタテン","Bluecross Drugstore Nissekikita","5","39","201","高知県高知市東秦泉寺４７－１",,,"http://www.bluecross.co.jp/","1","1","1","1","1","1","0","0","1","1","1","1","1","1","0","","1","1","1","1","1","1","1","1","1","1","1","1","1","1","1","1","1","1","1","1","1","1","1","1","1","1","1","1","1","1","1","1","1","1","1","0","１２月２９日（改行）１２月３０日（改行）１２月３１日（改行）０１月０１日（改行）０１月０２日（改行）０１月０３日","09:00","18:00","09:00","18:00","09:00","18:00","09:00","18:00","09:00","18:00","","","","","","","","","","","","","","","","","09:00","13:00","","","","","","","","","","","","","","","","","","","","","","","","","","","","","","","","","","","","","空欄にした: 緯度経度 0.0, 0.0（欠損を示す値。位置レベル8の住所の点が無い） / 空欄にした: 土_開店時間帯1 00:00-00:00（開始と終了が同じ）",""
"3955395008510","うさぎ薬局","ウサギヤッキョク","usagi pharmacy","5","39","201","高知県高知市百石町二丁目２－９",33.549175,133.544119,"","1","1","1","1","1","1","0","0","1","1","1","1","1","1","0","0","1","1","1","1","1","1","0","1","1","1","1","1","1","0","1","1","1","1","1","1","0","1","1","1","1","1","1","0","1","1","1","1","1","1","0","0","１２月３０日（改行）１２月３１日（改行）０１月０１日（改行）０１月０２日（改行）０１月０３日","09:00","18:00","09:00","18:00","09:00","18:00","09:00","17:00","09:00","18:00","09:00","13:00","","","","","","","","","","","","","","","","","","","","","","","","","","","","","","","","","","","","","","","","","","","","","","","","","","","","","","原データ"
"3955395008520","エール薬局　かづらしま店","エールヤッキョクカヅラシマテン","E-ru Yakkyoku Kadurashimaten","5","39","201","高知県高知市葛島１丁目９―５１",33.55813,133.572022,"http://www.yell-group.net","1","1","1","1","1","1","0","0","1","1","1","1","1","1","0","","","","","","","","","","","","","","","","","","","","","","","","","","","","","","","","","","","","","0","１２月３１日（改行）０１月０１日（改行）０１月０２日（改行）０１月０３日","09:00","18:00","09:00","18:00","09:00","18:00","09:00","18:00","09:00","18:00","","","","","","","","","","","","","","","","","09:00","13:00","","","","","","","","","","","","","","","","","","","","","","","","","","","","","","","","","","","","","空欄にした: 土_開店時間帯1 00:00-00:00（開始と終了が同じ）","原データ"
"3955395008530","エール薬局　はりまや店","エールヤッキョクハリマヤテン","Yell Pharmacy harimaya-ten","5","39","201","高知県高知市はりまや町１丁目７ー７",33.560668,133.544119,"http://www.yell-group.net/","1","1","0","1","1","1","0","0","","","","","","","","","1","1","0","1","1","0","0","1","1","0","1","1","1","","1","1","0","1","1","0","0","1","1","0","1","1","1","0","1","1","0","1","1","0","0","0","１２月３０日（改行）１２月３１日（改行）０１月０１日（改行）０１月０２日（改行）０１月０３日","09:00","18:00","09:00","18:00","","","09:00","18:00","09:00","18:00","09:00","13:00","","","","","","","","","","","","","","","","","","","","","","","","","","","","","","","","","","","","","","","","","","","","","","","","","","","","","","原データ"
"3955395008540","エール薬局　百石店","エールヤッキョクヒャッコクテン","E-ru,Yakkyoku Hyakkokuten","5","39","201","高知県高知市百石町２丁目２９－１３",33.545997,133.54317,"http://www.yell-group.net","1","1","1","1","1","1","0","0","1","1","1","1","1","1","0","0","","","","","","","","","","","","","","","","","","","","","","","","","","","","","","","","","","","","0","１２月３０日（改行）１２月３１日（改行）０１月０１日（改行）０１月０２日（改行）０１月０３日","09:00","19:00","09:00","19:00","","","","","","","","","","","","","","","","","","","09:00","18:00","09:00","18:00","","","","","","","","","","","09:00","17:00","","","","","09:00","13:00","","","","","","","","","","","","","","","","","","","","","空欄にした: 水_開店時間帯1 00:00-00:00（開始と終了が同じ） / 空欄にした: 木_開店時間帯1 00:00-00:00（開始と終了が同じ） / 空欄にした: 金_開店時間帯1 00:00-00:00（開始と終了が同じ） / 空欄にした: 土_開店時間帯1 00:00-00:00（開始と終了が同じ）","原データ"
"3955395008550","エール薬局　きっず店","エールヤッキョクキッズテン","E-ru Yakkyoku Kizzuten","5","39","201","高知県高知市葛島２丁目６‐３３",33.557275,133.573449,"http://www.yell-group.net","1","1","1","1","1","1","0","0","1","1","1","1","1","1","0","0","","","","","","","","","","","","","","","","","","","","","","","","","","","","","","","","","","","","0","１２月３１日（改行）０１月０１日（改行）０１月０２日（改行）０１月０３日","09:00","18:00","09:00","18:00","09:00","18:00","09:00","18:00","09:00","18:00","","","","","","","","","","","","","","","","","09:00","13:00","","","","","","","","","","","","","","","","","","","","","","","","","","","","","","","","","","","","","空欄にした: 土_開店時間帯1 00:00-00:00（開始と終了が同じ）","原データ"
"3955395008560","エール薬局　たかす店","エールヤッキョクタカステン","E-ru Yakkyoku Takasuten","5","39","201","高知県高知市大津乙２７０５－３",33.566471,133.57959,"http://www.yell-group.net","1","1","1","1","1","1","0","0","","","","","","","","","","","","","","","","","","","","","","","","","","","","","","","","","","","","","","","","","","","","0","１２月３１日（改行）０１月０１日（改行）０１月０２日（改行）０１月０３日","08:30","19:30","08:30","19:30","08:30","19:30","08:30","19:30","08:30","19:30","","","","","","","","","","","","","","","","","08:30","13:00","","","","","","","","","","","","","","","","","","","","","","","","","","","","","","","","","","","","","空欄にした: 土_開店時間帯1 00:00-00:00（開始と終了が同じ）","原データ"
"3955395008570","ハロー薬局　大津店","ハローヤッキョクオオツテン","Haro Yakkyoku otsuten","5","39","201","高知県高知市大津甲５９３－４",33.576587,133.610395,"http://www.yell-group.net","1","1","1","1","1","1","0","0","","","","","","","","","","","","","","","","","","","","","","","","","","","","","","","","","","","","","","","","","","","","0","１２月３０日（改行）１２月３１日（改行）０１月０１日（改行）０１月０２日（改行）０１月０３日","09:00","18:00","09:00","18:00","09:00","18:00","09:00","18:00","09:00","18:00","","","","","","","","","","","","","","","","","09:00","17:30","","","","","","","","","","","","","","","","","","","","","","","","","","","","","","","","","","","","","空欄にした: 土_開店時間帯1 00:00-00:00（開始と終了が同じ）","原データ"
"3955395008580","エール薬局　旭店","エールヤッキョクアサヒテン","E-ru Yakkyoku Asahiten","5","39","201","高知県高知市旭上町３２－２２",33.556162,133.503117,"http://www.yell-group.net","1","1","1","1","1","1","0","0","1","1","1","1","1","1","0","","","","","","","","","","","","","","","","","","","","","","","","","","","","","","","","","","","","","0","１２月３０日（改行）１２月３１日（改行）０１月０１日（改行）０１月０２日（改行）０１月０３日","09:00","18:00","09:00","18:00","09:00","18:00","09:00","18:00","09:00","18:00","09:00","13:00","","","","","","","","","","","","","","","10:00","11:00","","","","","","","","","","","","","","","","","","","","","","","","","","","","","","","","","","","","","","原データ"
"3955395008590","エール薬局　口細山店","エールヤッキョククチボソヤマテン","E-ru,Yakkyoku Kuchibosoyamaten","5","39","201","高知県高知市口細山２０６－１５４",33.566805,133.490699,"http://www.yell-group.net","1","1","1","1","1","1","0","0","","","","","","","","","","","","","","","","","","","","","","","","","","","","","","","","","","","","","","","","","","","","0","１２月３１日（改行）０１月０１日（改行）０１月０２日（改行）０１月０３日","09:00","18:00","09:00","18:00","09:00","18:00","09:00","18:00","09:00","18:00","","","","","","","","","","","","","","","","","09:00","13:00","","","","","","","","","","","","","","","","","","","","","","","","","","","","","","","","","","","","","空欄にした: 土_開店時間帯1 00:00-00:00（開始と終了が同じ）","原データ"
"3955395008610","エール薬局　土佐道路店","エールヤッキョクトサドウロテン","E-ru Yakkyoku Tosadouroten","5","39","201","高知県高知市鴨部９４０－１",33.54701,133.503781,"http://www.yell-group.net","1","1","1","1","1","1","0","0","","","","","","","","","","","","","","","","","","","","","","","","","","","","","","","","","","","","","","","","","","","","0","","09:00","18:00","09:00","18:00","09:00","18:00","09:00","18:00","09:00","18:00","08:30","09:30","","","","","","","","","","","","","","","","","","","","","","","","","","","","","","","","","","","","","","","","","","","","","","","","","","","","","","原データ"
"3955395008630","エール薬局　よこまち店","エールヤッキョクヨコマチテン","E-ru,Yakkyoku Yokomatiten","5","39","206","高知県須崎市横町８－１",33.391282,133.28432,"http://www.yell-group.net","1","1","1","1","1","1","0","0","","","","","","","","","","","","","","","","","","","","","","","","","","","","","","","","","","","","","","","","","","","","0","１２月３０日（改行）１２月３１日（改行）０１月０１日（改行）０１月０２日（改行）０１月０３日","08:30","17:30","08:30","17:30","08:30","17:30","08:30","17:30","08:30","17:30","","","","","","","","","","","","","","","","","08:30","12:30","","","","","","","","","","","","","","","","","","","","","","","","","","","","","","","","","","","","","空欄にした: 土_開店時間帯1 00:00-00:00（開始と終了が同じ）","原データ"
"3955395008640","エール薬局　幡多店","エールヤッキョクハタテン","E-ru Yakkyoku Hataten","5","39","208","高知県宿毛市平田町戸内２１０６－８",32.966928,132.809665,"http://www.yell-group.net","1","1","1","1","1","1","0","0","1","1","1","1","1","1","0","0","","","","","","","","","","","","","","","","","","","","","","","","","","","","","","","","","","","","0","１２月２９日（改行）１２月３０日（改行）１２月３１日（改行）０１月０１日（改行）０１月０２日（改行）０１月０３日","09:00","18:00","09:00","18:00","09:00","18:00","09:00","18:00","09:00","18:00","08:30","09:30","","","","","","","","","","","","","","","","","","","","","","","","","","","","","","","","","","","","","","","","","","","","","","","","","","","","","","原データ"
"3955395008650","エール薬局　おおつき店","エールヤッキョクオオツキテン","E-ru Yakkyoku Ootsukiten","5","39","424","高知県幡多郡大月町鉾土３４－３",32.822195,132.707871,"http://www.yell-group.net","1","1","1","1","1","1","0","0","1","1","1","1","1","1","0","","1","1","1","1","1","1","0","1","1","1","1","1","1","0","1","1","1","1","1","1","0","1","1","1","1","1","1","0","1","1","1","1","1","1","0","0","１２月３０日（改行）１２月３１日（改行）０１月０１日（改行）０１月０２日（改行）０１月０３日","08:30","17:30","08:30","17:30","08:30","17:30","08:30","17:30","08:30","17:30","10:30","11:30","","","","","","","","","","","","","","","","","","","","","","","","","","","","","","","","","","","","","","","","","","","","","","","","","","","","","","原データ"
"3955395008660","エール薬局　たかおか店","エールヤッキョクタカオカテン","E-ru Yakkyoku Takaokaten","5","39","205","高知県土佐市高岡町甲１８９３－１",33.49467,133.424719,"http://www.yell-group.net","1","1","1","1","1","1","0","0","","","","","","","","","","","","","","","","","","","","","","","","","","","","","","","","","","","","","","","","","","","","0","１２月２９日（改行）１２月３０日（改行）１２月３１日（改行）０１月０１日（改行）０１月０２日（改行）０１月０３日","08:30","17:30","08:30","17:30","08:30","17:30","08:30","17:30","08:30","17:30","09:30","10:30","","","","","","","","","","","","","","","","","","","","","","","","","","","","","","","","","","","","","","","","","","","","","","","","","","","","","","原データ"
"3955395008670","エール薬局　あき店","エールヤッキョクアキテン","E-ru,Yakkyoku Akiten","5","39","203","高知県安芸市港町",33.500561,133.913154,"http://www.yell-group.net","1","1","1","1","1","1","0","0","","","","","","","","","","","","","","","","","","","","","","","","","","","","","","","","","","","","","","","","","","","","0","１２月３１日（改行）０１月０１日（改行）０１月０２日（改行）０１月０３日","09:00","18:00","09:00","18:00","09:00","18:00","09:00","18:00","09:00","18:00","09:00","13:00","","","","","","","","","","","","","","","","","","","","","","","","","","","","","","","","","","","","","","","","","","","","","","","","","","","","","","原データ"
"3955395008680","おこう薬局","オコウヤッキョク","Okou Yakkyoku","5","39","204","高知県南国市岡豊町小蓮３９０－３",33.596843,133.616283,"http://www.yell-group.net","1","1","1","1","1","1","0","0","1","1","1","1","1","1","0","0","","","","","","","","","","","","","","","","","","","","","","","","","","","","","","","","","","","","0","１２月２９日（改行）１２月３０日（改行）１２月３１日（改行）０１月０１日（改行）０１月０２日（改行）０１月０３日","09:00","18:00","09:00","18:00","09:00","18:00","09:00","18:00","09:00","18:00","","","","","","","","","","","","","","","","","14:00","15:00","","","","","","","","","","","","","","","","","","","","","","","","","","","","","","","","","","","","","空欄にした: 土_開店時間帯1 00:00-00:00（開始と終了が同じ）","原データ"
"3955395008690","ハロー薬局　こくぶ川店","ハローヤッキョクコクブガワテン","Haro Yakkyoku Kokubugawaten","5","39","204","高知県南国市岡豊町蒲原３９番１０",33.592113,133.607662,"http://www.yell-group.net","1","1","1","1","1","1","0","0","1","1","1","1","1","1","0","","","","","","","","","","","","","","","","","","","","","","","","","","","","","","","","","","","","","0","１２月２９日（改行）１２月３０日（改行）１２月３１日（改行）０１月０１日（改行）０１月０２日（改行）０１月０３日","09:00","18:00","09:00","18:00","09:00","18:00","09:00","18:00","09:00","18:00","","","","","","","","","","","","","","","","","16:30","17:30","","","","","","","","","","","","","","","","","","","","","","","","","","","","","","","","","","","","","空欄にした: 土_開店時間帯1 00:00-00:00（開始と終了が同じ）","原データ"
"3955395008700","エール薬局　れいほく店","エールヤッキョクレイホクテン","E-ru Yakkyoku Reihokuten","5","39","341","高知県長岡郡本山町本山５８０－１",33.759646,133.58865,"http://www.yell-group.net","1","1","1","1","1","1","0","0","1","1","1","1","1","1","0","0","","","","","","","","","","","","","","","","","","","","","","","","","","","","","","","","","","","","0","","09:00","18:00","09:00","18:00","09:00","18:00","09:00","18:00","09:00","18:00","","","","","","","","","","","","","","","","","09:00","13:00","","","","","","","","","","","","","","","08:30","09:30","","","","","","","","","","","","","","","","","","","","","空欄にした: 土_開店時間帯1 00:00-00:00（開始と終了が同じ）","原データ"
"3955395008710","あかね薬局　須崎店","アカネヤッキョクスサキテン","Akane Pharmacy susaki-ten","5","39","206","高知県須崎市横町８－５",33.391221,133.283959,"http://www.yell-group.net","1","1","1","1","1","1","0","0","1","1","1","1","1","1","0","0","","","","","","","","","","","","","","","","","","","","","","","","","","","","","","","","","","","","0","１２月３０日（改行）１２月３１日（改行）０１月０１日（改行）０１月０２日（改行）０１月０３日","08:30","17:30","08:30","17:30","08:30","17:30","08:30","17:30","08:30","17:30","08:30","12:30","","","","","","","","","","","","","","","","","","","","","","","","","","","","","","","","","","","","","","","","","","","","","","","","","","","","","","原データ"
"3955395008720","帯屋町　心薬局","オビヤマチココロヤッキョク","Obiyamachi Kokoro Yakkyoku","5","39","201","高知県高知市帯屋町２丁目２番９号　帯屋町ＣＥＮＴＲＯ２階２ー１ーＡ号",33.560474,133.537186,"https://phstr.co.jp/","0","1","1","1","1","1","0","0","0","1","1","1","1","1","0","0","0","1","1","1","1","1","0","0","1","1","1","1","1","0","0","1","1","1","1","1","0","0","1","1","1","1","1","0","0","1","1","1","1","1","0","0","１２月３１日（改行）０１月０１日（改行）０１月０２日（改行）０１月０３日","","","09:00","19:00","09:00","19:00","09:00","13:00","09:00","19:00","08:30","13:00","","","","","","","","","","","","","","","","","","","","","","","","","","","","","","","","","","","","","","","","","","","","","","","","","","","","","","原データ"
"3955395008730","日本調剤　高知薬局","ニホンチョウザイコウチヤッキョク","Nihontyouzai Kouchi Yakkyoku","5","39","201","高知県高知市秦南町１－５－４０－１１",33.574222,133.543066,"https://www.nicho.co.jp/tenpo/koti/","1","1","1","1","1","1","0","0","1","1","1","1","1","1","0","0","1","1","1","1","1","1","0","1","1","1","1","1","1","0","1","1","1","1","1","1","0","1","1","1","1","1","1","0","1","1","1","1","1","1","0","0","12月29日（改行）１２月３０日（改行）１２月３１日（改行）０１月０１日（改行）０１月０２日（改行）０１月０３日","09:00","18:00","09:00","18:00","09:00","18:00","09:00","18:00","09:00","18:00","09:00","13:00","","","","","","","","","","","","","","","","","","","","","","","","","","","","","","","","","","","","","","","","","","","","","","","","","","","","","","原データ"
"3955395008740","マリーナ薬局","マリーナヤッキョク","marinayakkyoku","5","39","201","高知県高知市六泉寺町８７番地９ハイツ六泉１階",33.538084,133.54419,"","1","1","1","1","1","1","0","0","1","1","1","1","1","1","0","0","1","1","1","1","1","1","0","1","1","1","1","1","1","0","1","1","1","1","1","1","0","1","1","1","1","1","1","0","1","1","1","1","1","1","0","0","１２月３１日（改行）０１月０１日（改行）０１月０２日（改行）０１月０３日","09:00","12:30","09:00","12:30","09:00","12:30","09:00","12:30","09:00","12:30","09:00","12:30","","","","","14:00","18:30","14:00","18:30","14:00","18:30","14:00","18:30","14:00","18:30","","","","","","","","","","","","","","","","","","","","","","","","","","","","","","","","","","","","","","","","原データ"
"3955395008750","エール薬局　日赤店","エールヤッキョクニッセキテン","Yell Pharmacy Nisseki-ten","5","39","201","高知県高知市秦南町１－５－４０－７",33.574222,133.543066,"http://www.yell-group.net","1","1","1","1","1","1","0","0","1","1","1","1","1","1","0","","","","","","","","","","","","","","","","","","","","","","","","","","","","","","","","","","","","","0","１２月２９日（改行）１２月３０日（改行）１２月３１日（改行）０１月０１日（改行）０１月０２日（改行）０１月０３日","09:00","18:00","09:00","18:00","09:00","18:00","09:00","18:00","09:00","18:00","","","","","","","","","","","","","","","","","14:00","15:00","","","","","","","","","","","","","","","","","","","","","","","","","","","","","","","","","","","","","空欄にした: 土_開店時間帯1 00:00-00:00（開始と終了が同じ）","原データ"
"3955395008760","アルファ薬局上町店","アルファ","AlphaYakkyoku Kamimachi","5","39","201","高知県高知市上町五丁目６ー２１",33.556018982,133.517094494,"http://www.shikoku-dsp.co.jp/","1","1","1","1","1","1","0","0","1","1","1","1","1","1","0","0","1","1","1","1","1","1","0","1","1","1","1","1","1","0","1","1","1","1","1","1","0","1","1","1","1","1","1","0","1","1","1","1","1","1","0","0","１２月３１日（改行）０１月０１日（改行）０１月０２日（改行）０１月０３日","08:45","17:45","08:45","17:45","08:45","17:45","08:45","17:45","08:45","17:45","08:45","12:45","","","","","","","","","","","","","","","","","","","","","","","","","","","","","","","","","","","","","","","","","","","","","","","","","","","","","書き換えた: 緯度経度 0.0, 0.0 → 住居表示の点（欠損を示す値）","住居表示"
"3955395008770","ひかり薬局　瀬戸店","ヒカリヤッキョク　セトテン","Hikari Yakkyoku Seto","5","39","201","高知県高知市瀬戸一丁目２番６２号",33.512203,133.544877,"http://www.shikoku-ms.com","1","1","1","1","1","1","0","0","1","1","1","1","1","1","0","0","","","","","","","","","","","","","","","","","","","","","","","","","","","","","","","","","","","","0","GW、お盆、年末年始","09:00","18:00","09:00","18:00","09:00","17:00","09:00","18:00","09:00","18:00","09:00","17:00","","","","","","","","","","","","","","","","","","","","","","","","","","","","","","","","","","","","","","","","","","","","","","","","","","","","","","原データ"
"3955395008780","エール薬局　具同店","エールヤッキョク　グドウテン","Yell Pharmacy gudou-ten","5","39","210","高知県四万十市具同田黒２丁目１２－４８",32.984846,132.920384,"http://www.yell-group.net/","1","1","1","1","1","1","0","0","","","","","","","","","","","","","","","","","","","","","","","","","","","","","","","","","","","","","","","","","","","","0","１２月３０日（改行）１２月３１日（改行）０１月０１日（改行）０１月０２日（改行）０１月０３日","09:00","18:00","09:00","18:00","09:00","18:00","09:00","18:00","09:00","18:00","09:00","12:30","","","","","","","","","","","","","","","13:00","14:00","","","","","","","","","","","","","","","","","","","","","","","","","","","","","","","","","","","","","","原データ"
"3955395008790","はなみずき薬局","ハナミズキヤッキョク","Hanamizuki Yakkyoku","5","39","205","高知県土佐市高岡町乙３４７６－９",33.498027,133.426949,"","0","1","1","1","1","1","0","0","0","1","1","1","1","1","0","","0","1","1","1","1","1","0","0","1","1","1","1","1","0","0","1","1","1","1","1","0","0","1","1","1","1","1","0","0","1","1","1","1","1","0","0","０１月０１日（改行）０１月０２日（改行）０１月０３日（改行）１２月３１日","","","09:00","17:00","09:00","17:00","09:00","17:00","09:00","17:00","09:00","17:00","","","","","","","","","","","","","","","","","","","","","","","","","","","","","","","","","","","","","","","","","","","","","","","","","","","","","","原データ"
"3955395008800","高知調剤薬局　ひじま店","コウチチョウザイヤッキョク　ヒジマテン","kochicyouzaiyakkyoku hijimaten","5","39","201","高知県高知市比島町四丁目７番１３号",33.572761,133.549715,"https://www.kochi-chozai.co.jp/","1","1","1","1","1","1","0","1","1","1","1","1","1","1","0","1","1","1","1","1","1","1","0","1","1","1","1","1","1","0","1","1","1","1","1","1","0","1","1","1","1","1","1","0","1","1","1","1","1","1","0","1","１２月３０日（改行）１２月３１日（改行）０１月０１日（改行）０１月０２日（改行）０１月０３日（改行）月曜日と土曜日の祝祭日","09:00","18:00","09:00","18:00","09:00","18:00","09:00","18:00","09:00","18:00","09:00","13:00","","","09:00","14:30","","","","","","","","","","","","","","","","","","","","","","","","","","","","","","","","","","","","","","","","","","","","","","","","","","原データ"
"3955395008840","山本薬局","ヤマモトヤッキョク","","5","39","201","高知県高知市一宮中町１－２１－１０",33.585258,133.571985,"","1","1","1","1","1","1","0","0","1","1","1","1","1","1","0","0","1","1","1","1","1","1","0","1","1","1","1","1","1","0","1","1","1","1","1","1","0","1","1","1","1","1","1","0","1","1","1","1","1","1","0","0","","09:00","17:45","09:00","17:45","09:00","17:45","09:00","17:45","09:00","17:45","09:00","15:45","","","","","","","","","","","","","","","","","","","","","","","","","","","","","","","","","","","","","","","","","","","","","","","","","","","","","","原データ"
"3955395008850","ひかり薬局　高知インター店","ヒカリヤッキョクコウチインターテン","Hikari Yakkyoku Kochiinter","5","39","201","高知県高知市一宮南町１丁目１５－１３マルナカ高知インター店２階",33.581782,133.566416,"http://shikoku-ms.com/","1","1","1","1","1","1","1","0","1","1","1","1","1","1","1","","1","1","1","1","1","1","1","1","1","1","1","1","1","1","1","1","1","1","1","1","1","1","1","1","1","1","1","1","1","1","1","1","1","1","1","0","ＧＷ（改行）１２月３０日（改行）１２月３１日（改行）０１月０１日（改行）０１月０２日（改行）０１月０３日","09:00","18:30","09:00","18:30","09:00","18:30","09:00","18:30","09:00","18:30","09:00","17:00","09:00","17:00","","","","","","","","","","","","","","","","","","","","","","","","","","","","","","","","","","","","","","","","","","","","","","","","","","","","原データ"
"3955395008860","あかね薬局渡川店","アカネヤッキョクワタリガワテン","Akane-Yakkyoku Watarigawa-Ten","5","39","210","高知県四万十市具同２０７５－２",32.983342,132.921395,"http://yell-group.net/","1","1","1","1","1","0","0","0","","","","","","","","","","","","","","","","","","","","","","","","","","","","","","","","","","","","","","","","","","","","0","１２月３０日（改行）１２月３１日（改行）０１月０１日（改行）０１月０２日（改行）０１月０３日","09:00","18:00","09:00","18:00","09:00","18:00","09:00","18:00","09:00","18:00","","","","","","","","","","","","","","","","","","","","","","","","","","","","","","","","","","","","","","","","","","","","","","","","","","","","","","","","原データ"
"3955395008870","エール薬局　サニーマート四万十店","エールヤッキョクサニーマートシマントテン","Yell-Yakkyoku SunnyMart-Shimanto-Ten","5","39","210","高知県四万十市古津賀４丁目３０番地",32.982688,132.952967,"http://yell-group.net/","1","1","1","1","1","1","0","0","","","","","","","","","","","","","","","","","","","","","","","","","","","","","","","","","","","","","","","","","","","","0","１２月３０日（改行）１２月３１日（改行）０１月０１日（改行）０１月０２日（改行）０１月０３日","10:00","14:00","10:00","14:00","10:00","14:00","10:00","14:00","10:00","14:00","10:00","14:00","","","","","15:00","19:00","15:00","19:00","15:00","19:00","15:00","19:00","15:00","19:00","15:00","19:00","","","","","","","","","","","","","","","","","","","","","","","","","","","","","","","","","","","","","","原データ"
"3955395008880","日本調剤高知東薬局","ニホンチョウザイコウチヒガシヤッキョク","Nihontyouzai Kochihigasi Yakkyoku","5","39","204","高知県南国市岡豊町小蓮１８５－１",33.594914,133.614536,"https://www.nicho.co.jp/tenpo/kochihigashi/","1","1","1","1","1","1","0","0","1","1","1","1","1","1","0","0","1","1","1","1","1","1","0","1","1","1","1","1","1","0","1","1","1","1","1","1","0","1","1","1","1","1","1","0","1","1","1","1","1","1","0","0","１２月３０日（改行）１２月３１日（改行）０１月０１日（改行）０１月０２日（改行）０１月０３日","08:30","19:00","08:30","19:00","08:30","19:00","08:30","19:00","08:30","19:00","08:30","12:30","","","","","","","","","","","","","","","","","","","","","","","","","","","","","","","","","","","","","","","","","","","","","","","","","","","","","","原データ"
"3955395008890","たきぐち薬局　くぼかわ店","タキグチヤッキョククボカワテン","Takiguchi Pharmacy Kubokawa Store","5","39","412","高知県高岡郡四万十町見付９０１",33.206634,133.149777,"https://inf-pha.com","1","1","1","1","1","1","0","0","1","1","1","1","1","1","0","0","1","1","1","1","1","1","0","1","1","1","1","1","1","0","1","1","1","1","1","1","0","1","1","1","1","1","1","0","1","1","1","1","1","1","0","0","地域の輪番制にて不定期開店します。","09:00","18:00","09:00","18:00","09:00","18:00","09:00","18:00","09:00","18:00","","","","","","","","","","","","","","","","","09:00","15:00","","","","","","","","","","","","","","","","","","","","","","","","","","","","","","","","","","","","","空欄にした: 土_開店時間帯1 00:00-00:00（開始と終了が同じ）","原データ"
"3955395008900","めいわ薬局","メイワヤッキョク","Meiwa Pharmacy","5","39","206","高知県須崎市緑町４番２９号",33.41173,133.289835,"","1","1","1","1","1","0","0","0","1","1","1","1","1","0","0","0","","","","","","","","","","","","","","","","","","","","","","","","","","","","","","","","","","","","0","12月30～1/3","08:45","13:00","08:45","13:00","08:45","13:00","08:45","13:00","08:45","13:00","","","","","","","13:00","18:00","13:00","18:00","13:00","18:00","13:00","18:00","13:00","18:00","","","","","","","","","","","","","","","","","","","","","","","","","","","","","","","","","","","","","","","","原データ"
"3955395008910","エール薬局　ローソン清水ヶ丘店","エールヤッキョクローソンシミズガオカテン","E-ru Yakkyoku LAWSON-Simizugaoka-Ten","5","39","209","高知県土佐清水市清水ヶ丘７番５号",32.782999,132.957391,"https://www.yell-group.net/","1","1","1","1","1","1","0","0","","","","","","","","","","","","","","","","","","","","","","","","","","","","","","","","","","","","","","","","","","","","0","１２月３１日（改行）０１月０１日（改行）０１月０２日（改行）０１月０３日","09:00","18:00","09:00","18:00","09:00","18:00","09:00","18:00","09:00","18:00","09:00","15:00","","","","","","","","","","","","","","","","","","","","","","","","","","","","","","","","","","","","","","","","","","","","","","","","","","","","","","原データ"
"3955395008930","あかね薬局　六泉寺店","アカネヤッキョク　ロクセンジテン","Akane-Yakkyoku Rokusenji-Ten","5","39","201","高知県高知市高見町１８９‐１",33.540054,133.53952,"https://www.yell-group.net/","1","1","1","1","1","1","0","0","","","","","","","","","","","","","","","","","","","","","","","","","","","","","","","","","","","","","","","","","","","","0","１２月３０日（改行）１２月３１日（改行）０１月０１日（改行）０１月０２日（改行）０１月０３日","09:00","18:00","09:00","18:00","09:00","18:00","09:00","18:00","09:00","18:00","09:00","18:00","","","","","","","","","","","","","","","","","","","","","","","","","","","","","","","","","","","","","","","","","","","","","","","","","","","","","","原データ"
"3955395008950","わかば薬局","ワカバヤッキョク","wakabayakkyoku","5","39","211","高知県香南市野市町西野２３４５ー７",33.557664,133.699368,"","1","1","1","0","1","1","0","0","1","1","1","0","1","1","0","0","1","1","1","0","1","1","0","1","1","1","0","1","1","0","1","1","1","0","1","1","0","1","1","1","0","1","1","0","1","1","1","0","1","1","0","0","０１月０１日（改行）０１月０２日（改行）０１月０３日（改行）１２月３１日","09:00","18:30","09:00","18:30","09:00","18:30","","","09:00","18:30","","","","","","","","","","","","","","","","","09:00","17:00","","","","","","","","","","","","","","","","","","","","","","","","","","","","","","","","","","","","","空欄にした: 土_開店時間帯1 00:00-00:00（開始と終了が同じ）","原データ"
"3955395008960","ドラッグセイムス高知福井薬局","ドラッグセイムスコウチフクイヤッキョク","","5","39","201","高知県高知市福井町",33.566359,133.510311,"http://nishinihonseims.co.jp/modules/auth/index.php/index.html","1","1","1","1","1","1","0","0","1","1","1","1","1","1","0","","1","1","1","1","1","1","0","1","1","1","1","1","1","0","1","1","1","1","1","1","0","1","1","1","1","1","1","0","1","1","1","1","1","1","0","0","１２月２９日（改行）１２月３０日（改行）１２月３１日（改行）０１月０１日（改行）０１月０２日（改行）０１月０３日","09:00","13:00","09:00","13:00","09:00","13:00","09:00","13:00","09:00","13:00","09:00","13:00","","","","","14:00","18:00","14:00","18:00","14:00","18:00","14:00","18:00","14:00","18:00","14:00","18:00","","","","","","","","","","","","","","","","","","","","","","","","","","","","","","","","","","","","","","原データ"
"3955395008970","南ヶ丘薬局","ミナミガオカヤッキョク","Minamigaoka Yakkyoku","5","39","201","高知県高知市春野町南ヶ丘二丁目１－２号",,,"https://medico-drugfarm.jp/","1","1","1","1","1","1","0","0","1","1","1","1","1","1","0","","1","1","1","1","1","1","1","1","1","1","1","1","1","1","1","1","1","1","1","1","1","1","1","1","1","1","1","1","1","1","1","1","1","1","1","0","","08:30","18:00","08:30","18:00","08:30","18:00","08:30","18:00","08:30","18:00","08:30","17:30","","","","","","","","","","","","","","","","","","","","","","","","","","","","","","","","","","","","","","","","","","","","","","","","","","","","","空欄にした: 緯度経度 0.0, 0.0（欠損を示す値。位置レベル8の住所の点が無い）",""
"3955395008990","こはる薬局","コハルヤッキョク","","5","39","201","高知県高知市朝倉丙３５４ー１",33.551707,133.489908,"https://medico-drugfarm.jp/","1","1","1","1","1","1","0","0","1","1","1","1","1","1","0","","1","1","1","1","1","1","0","1","1","1","1","1","1","0","1","1","1","1","1","1","0","1","1","1","1","1","1","0","1","1","1","1","1","1","0","0","１２月３１日（改行）０１月０１日（改行）０１月０２日（改行）０１月０３日","09:00","18:00","09:00","18:00","09:00","18:00","09:00","18:00","09:00","18:00","09:00","13:00","","","","","","","","","","","","","","","","","","","","","","","","","","","","","","","","","","","","","","","","","","","","","","","","","","","","","","原データ"
"3955395009000","調剤薬局ツルハドラッグ高知比島店","チョウザイヤッキョクツルハドラッグコウチヒジマテン","Chozaiyakkyoku Tsuruha Drug Kochi hijima ten","5","39","201","高知県高知市比島町２丁目７番５号",33.569827809,133.549099599,"https://www.tsuruha.co.jp/","1","1","1","1","1","1","0","0","1","1","1","1","1","1","0","0","1","1","1","1","1","1","0","1","1","1","1","1","1","0","1","1","1","1","1","1","0","1","1","1","1","1","1","0","1","1","1","1","1","1","0","0","１２月２９日（改行）１２月３０日（改行）１２月３１日（改行）０１月０１日（改行）０１月０２日（改行）０１月０３日","09:00","13:00","09:00","13:00","09:00","13:00","09:00","13:00","09:00","13:00","09:00","13:00","","","","","14:00","18:00","14:00","18:00","14:00","18:00","14:00","18:00","14:00","18:00","","","","","","","","","","","","","","","","","","","","","","","","","","","","","","","","","","","","","","","書き換えた: 緯度経度 0.0, 0.0 → 住居表示の点（欠損を示す値）","住居表示"
"3955395009010","マック大津調剤薬局","マックオオツチョウザイヤッキョク","","5","39","201","高知県高知市大津乙１０７１番地",,,"","1","1","1","1","1","1","0","0","1","1","1","1","1","1","0","0","1","1","1","1","1","1","1","1","1","1","1","1","0","0","1","1","1","1","1","0","0","1","1","1","1","1","0","0","1","1","1","1","1","0","0","0","","09:00","18:00","09:00","18:00","09:00","18:00","09:00","18:00","09:00","18:00","09:00","18:00","","","","","","","","","","","","","","","","","","","","","","","","","","","","","","","","","","","","","","","","","","","","","","","","","","","","","空欄にした: 緯度経度 0.0, 0.0（欠損を示す値。位置レベル8の住所の点が無い）",""
"3955395009020","ドラッグセイムス御座薬局","ドラッグセイムスゴザヤッキョク","doragguseimusu gozayakkyoku","5","39","201","高知県高知市北御座４番３８号",33.56956,133.561722,"http://nishinihonseims.co.jp/modules/auth/index.php/index.html","1","1","1","1","1","1","0","0","1","1","1","1","1","1","0","0","1","1","1","1","1","1","0","1","1","1","1","1","1","0","1","1","1","1","1","1","0","1","1","1","1","1","1","0","1","1","1","1","1","1","0","0","12/30，12/31，1-1，1/2，1/3","09:00","13:00","09:00","13:00","09:00","13:00","09:00","13:00","09:00","13:00","09:00","13:00","","","","","14:00","18:30","14:00","18:30","14:00","18:30","14:00","18:30","14:00","18:30","14:00","16:00","","","","","","","","","","","","","","","","","","","","","","","","","","","","","","","","","","","","","","原データ"
"3955395009030","旭サテライト薬局　札場店","アサヒサテライトヤッキョク　フダバテン","AsahiSateraitoPharmacy Fudaba","5","39","201","高知県高知市札場１６ー３１　カトゥルセゾン札場１Ｆ西",33.563215,133.561689,"","1","1","1","1","1","1","0","0","1","1","1","1","1","1","0","0","1","1","1","1","1","1","0","1","1","1","1","1","1","0","1","1","1","1","1","1","0","1","1","1","1","1","1","0","1","1","1","1","1","1","0","0","年末年始(12/30～1/3)（改行）GW","09:00","18:00","09:00","18:00","09:00","18:00","09:00","18:00","09:00","18:00","09:00","13:00","","","","","","","","","","","","","","","","","","","","","","","","","","","","","","","","","","","","","","","","","","","","","","","","","","","","","","原データ"
"3955395009040","よどや薬局高知高須店","ヨドヤヤッキョクコウチタカステン","yodoyayakkyokukouchitakasuten","5","39","201","高知県高知市高須１－５－３０",33.557731,133.581884,"https://www.yodoyadrug.co.jp/","1","1","1","1","1","1","0","0","1","1","1","1","1","1","0","0","1","1","1","1","1","1","0","1","1","1","1","1","1","0","1","1","1","1","1","1","0","1","1","1","1","1","1","0","1","1","1","1","1","1","0","0","","09:00","13:30","09:00","13:30","09:00","13:30","09:00","13:30","09:00","13:30","09:00","13:30","","","","","14:30","19:00","14:30","19:00","14:30","19:00","14:30","19:00","14:30","19:00","","","","","","","","","","","","","","","","","14:30","18:00","","","","","","","","","","","","","","","","","","","","","","原データ"
"3955395009050","よどや薬局高知朝倉店","ヨドヤヤッキョクコウチアサクラテン","","5","39","201","高知県高知市朝倉横町２３番８ー３号",33.540745,133.496139,"https://www.yodoyadrug.co.jp/","1","1","1","1","1","1","0","0","1","1","1","1","1","1","0","0","1","1","1","1","1","1","0","1","1","1","1","1","1","0","1","1","1","1","1","1","0","1","1","1","1","1","1","0","1","1","1","1","1","1","0","0","","09:00","19:00","09:00","19:00","09:00","19:00","09:00","19:00","09:00","19:00","09:00","14:00","","","","","","","","","","","","","","","","","","","","","","","","","","","","","","","","","","","","","","","","","","","","","","","","","","","","","","原データ"
"3955395009060","よどや薬局南国大埇店","ヨドヤヤッキョクナンコクオオソネテン","YODOYAYAKKYOKUNANNKOKU","5","39","204","高知県南国市大埇甲１８７４ー１",33.567743,133.645662,"","1","1","1","1","1","0","0","0","1","1","1","1","1","0","0","","1","1","1","1","1","1","1","1","1","1","1","1","1","1","1","1","1","1","1","1","1","1","1","1","1","1","1","1","1","1","1","1","1","1","1","0","","09:00","13:30","09:00","13:30","09:00","13:30","09:00","13:30","09:00","13:30","","","","","","","14:30","18:00","14:30","18:00","14:30","18:00","14:30","18:00","14:30","18:00","","","","","","","","","","","","","","","","","","","","","","","","","","","","","","","","","","","","","","","","原データ"
"3955395009180","こころ薬局　追手筋店","ココロヤッキョク　オウテスジテン","kokoroyakkyokuoutesuziten","5","39","201","高知県高知市追手筋一丁目３番２１号",33.561533,133.538173,"https://phstr.co.jp/","1","1","1","1","1","1","0","0","1","1","1","1","1","1","0","0","1","1","1","1","1","1","0","1","1","1","1","1","1","0","1","1","1","1","1","1","0","1","1","1","1","1","1","0","1","1","1","1","1","1","0","0","１２月３１日（改行）０１月０１日（改行）０１月０２日（改行）０１月０３日","09:00","18:00","09:00","18:00","09:00","18:00","09:00","13:00","09:00","18:00","09:00","13:00","","","","","","","","","","","","","","","","","","","","","","","","","","","","","","","","","","","","","","","","","","","","","","","","","","","","","","原データ"
"3955395009190","よどや薬局高知針木店","ヨドヤヤッキョクコウチハリギテン","YodoyaYakkyokuKouchiHarigi Ten","5","39","201","高知県高知市針木北一丁目３番１０号",33.536555,133.475753,"https://www.yodoyadrug.co.jp/store-harigi.htm","1","1","1","1","1","1","0","0","1","1","1","1","1","1","0","0","1","1","1","1","1","1","0","1","1","1","1","1","1","0","1","1","1","1","1","1","0","1","1","1","1","1","1","0","1","1","1","1","1","1","0","0","","09:00","13:30","09:00","13:30","09:00","13:30","09:00","13:30","09:00","13:30","09:00","14:00","","","","","14:30","19:00","14:30","19:00","14:30","19:00","14:30","19:00","14:30","19:00","","","","","","","","","","","","","","","","","","","","","","","","","","","","","","","","","","","","","","","","原データ"
"3955395009210","調剤薬局ツルハドラッグ南国中央店","チョウザイヤッキョクツルハドラッグナンコクチュウオウテン","Chozaiyakkyoku Tsuruha Drug Nankoku chuo ten","5","39","204","高知県南国市大埇甲２３１７番地１",33.575196,133.640143,"https://www.tsuruha.co.jp/","1","1","1","1","1","1","0","0","1","1","1","1","1","1","0","0","","","","","","","","","","","","","","","","","","","","","","","","","","","","","","","","","","","","0","０１月０１日（改行）０１月０２日（改行）０１月０３日（改行）１２月２９日（改行）１２月３０日（改行）１２月３１日","09:00","13:00","09:00","13:00","09:00","13:00","09:00","13:00","09:00","13:00","09:00","13:00","","","","","14:00","18:00","14:00","18:00","14:00","18:00","14:00","18:00","14:00","18:00","","","","","","","","","","","","","","","","","","","","","","","","","","","","","","","","","","","","","","","","原データ"
"3955395009220","マック南国調剤薬局","マックナンコクチョウザイヤッキョク","Mac Nankoku Tyouzaiyakkyoku","5","39","204","高知県南国市篠原１７０－１",,,"https://www.daiya-grp.co.jp/shoplist/detail.php?pcm=on&rtn=./index.php&ini=100","1","1","1","1","1","1","0","0","1","1","1","1","1","1","0","","1","1","1","1","1","1","0","1","1","1","1","1","1","0","1","1","1","1","1","1","0","1","1","1","1","1","1","0","1","1","1","1","1","1","0","0","１２月３１日（改行）０１月０１日（改行）０１月０２日（改行）０１月０３日","09:30","18:30","09:30","18:30","09:30","18:30","09:30","18:30","09:30","18:30","09:30","18:30","","","","","","","","","","","","","","","","","","","","","","","","","","","","","","","","","","","","","","","","","","","","","","","","","","","","","空欄にした: 緯度経度 0.0, 0.0（欠損を示す値。位置レベル8の住所の点が無い）",""
"3955395009230","マック中村調剤薬局","マックナカムラチョウザイヤッキョク","makkunakamurachouzaiyakkyoku","5","39","210","高知県四万十市具同５３９０番地",32.9801,132.912343,"","1","1","1","1","1","1","0","0","1","1","1","1","1","1","0","0","1","1","1","1","1","1","0","1","1","1","1","1","1","0","1","1","1","1","1","1","0","1","1","1","1","1","1","0","1","1","1","1","1","1","0","0","０１月０１日（改行）０１月０２日（改行）０１月０３日","09:30","19:00","09:30","19:00","09:30","19:00","09:30","19:00","09:30","19:00","09:30","19:00","","","","","","","","","","","","","","","","","","","","","","","","","","","","","","","","","","","","","","","","","","","","","","","","","","","","","","原データ"
"3955395009240","よどや薬局土佐高岡店","ヨドヤヤッキョクトサタカオカテン","Yodoya yakkyoku tosatakaoka","5","39","205","高知県土佐市高岡町乙３４０７",33.500812,133.418713,"https://www.yodoyadrug.co.jp/","1","1","1","1","1","1","0","0","1","1","1","1","1","1","0","0","1","1","1","1","1","1","0","1","1","1","1","1","1","0","1","1","1","1","1","1","0","1","1","1","1","1","1","0","1","1","1","1","1","1","0","0","","09:00","19:00","09:00","19:00","09:00","19:00","09:00","19:00","09:00","19:00","09:00","14:00","","","","","","","","","","","","","","","","","","","","","","","","","","","","","","","","","","","","","","","","","","","","","","","","","","","","","","原データ"
"3955395009250","よどや薬局高知福井店","ヨドヤヤッキョクコウチフクイテン","Yodoya Yakkyoku Kouti Fukuiten","5","39","201","高知県高知市福井町７３８",33.567925,133.513299,"https://www.yodoyadrug.co.jp/store-fukui.htm","1","1","1","1","1","1","0","0","1","1","1","1","1","1","0","","1","1","1","1","1","1","0","1","1","1","1","1","1","0","1","1","1","1","1","1","0","1","1","1","1","1","1","0","1","1","1","1","1","1","0","0","12/30～1/3","09:00","13:00","09:00","13:00","09:00","13:00","09:00","13:00","09:00","13:00","09:00","13:00","","","","","14:00","19:00","14:00","19:00","14:00","19:00","14:00","19:00","14:00","19:00","14:00","19:00","","","","","","","","","","","","","","","","","","","","","","","","","","","","","","","","","","","","","","原データ"
"3955395009260","元氣堂調剤薬局ほうえい店","ゲンキドウチョウザイヤッキョクホウエイテン","Genkidochiyouzaiyakkyokuhoueiten","5","39","203","高知県安芸市宝永町８－２０",33.505615,133.898095,"","1","1","1","1","1","0","0","0","1","1","1","1","1","0","0","0","1","1","1","1","1","0","0","1","1","1","1","1","0","0","1","1","1","1","1","0","0","1","1","1","1","1","0","0","1","1","1","1","1","0","0","0","１２月２９日（改行）１２月３０日（改行）１２月３１日（改行）０１月０１日（改行）０１月０２日（改行）０１月０３日","08:30","12:30","08:30","12:30","08:30","12:30","08:30","12:30","08:30","12:30","","","","","","","13:30","17:30","13:30","17:30","13:30","17:30","13:30","17:30","13:30","17:30","","","","","","","","","","","","","","","","","","","","","","","","","","","","","","","","","","","","","","","","原データ"
"3955395009270","よどや薬局安芸駅前店","ヨドヤヤッキョクアキエキマエエテン","","5","39","203","高知県安芸市矢ノ丸３ー４ー３４",33.503901257,133.907686092,"https://www.yodoyadrug.co.jp/","1","1","1","1","1","1","0","0","1","1","1","1","1","1","0","0","1","1","1","1","1","1","0","1","1","1","1","1","1","0","1","1","1","1","1","1","0","1","1","1","1","1","1","0","1","1","1","1","1","1","0","0","年末年始","09:00","19:00","09:00","19:00","09:00","19:00","09:00","19:00","09:00","19:00","09:00","14:00","","","","","","","","","","","","","","","","","","","","","","","","","","","","","","","","","","","","","","","","","","","","","","","","","","","","","書き換えた: 緯度経度 0.0, 0.0 → 住居表示の点（欠損を示す値）","住居表示"
"3955395009280","よどや薬局高知南万々店","ヨドヤヤッキョクコウチミナミママテン","YodoyaYakkyokuKouchiminamimamaten","5","39","201","高知県高知市南万々８７ー１",33.566258337,133.51937320300001,"https://stores.welcia.co.jp/4718D","1","1","1","1","1","1","0","0","1","1","1","1","1","1","0","0","1","1","1","1","1","1","0","1","1","1","1","1","1","0","1","1","1","1","1","1","0","1","1","1","1","1","1","0","1","1","1","1","1","1","0","0","","09:00","13:30","09:00","13:30","09:00","13:30","09:00","13:30","09:00","13:30","09:00","13:00","","","","","14:30","19:00","14:30","19:00","14:30","19:00","14:30","19:00","14:30","19:00","","","","","","","","","","","","","","","","","","","","","","","","","","","","","","","","","","","","","","","書き換えた: 緯度経度 0.0, 0.0 → 地番の点（欠損を示す値）","地番"
"3955395009290","マック野市調剤薬局","マックノイチチョウザイヤッキョク","Mac noichi tyouzaiyakkyoku","5","39","211","高知県香南市野市町西野２６４５番１",,,"http://www.dgs-mac.jp/","1","1","1","1","1","1","0","0","1","1","1","1","1","1","0","","","","","","","","","","","","","","","","","","","","","","","","","","","","","","","","","","","","","0","１２月３１日（改行）０１月０１日（改行）０１月０２日（改行）０１月０３日（改行）GW：（５月３～６日）","09:30","13:00","09:30","13:00","09:30","13:00","09:30","13:00","09:30","13:00","09:30","13:00","","","","","14:00","18:30","14:00","18:30","14:00","18:30","14:00","18:30","14:00","18:30","14:00","18:30","","","","","","","","","","","","","","","","","","","","","","","","","","","","","","","","","","","","","空欄にした: 緯度経度 0.0, 0.0（欠損を示す値。位置レベル8の住所の点が無い）",""
"3955395009310","よどや薬局高知比島店","ヨドヤヤッキョクコウチヒジマテン","","5","39","201","高知県高知市比島町１丁目１５番１３号",33.569097,133.551448,"","1","1","1","1","1","1","0","0","1","1","1","1","1","1","0","0","1","1","1","1","1","1","0","1","1","1","1","1","1","0","1","1","1","1","1","1","0","1","1","1","1","1","1","0","1","1","1","1","1","1","0","0","","09:00","13:30","09:00","13:30","09:00","13:30","09:00","13:30","09:00","13:30","09:00","14:00","","","","","14:30","19:00","14:30","19:00","14:30","19:00","14:30","19:00","14:30","19:00","","","","","","","","","","","","","","","","","","","","","","","","","","","","","","","","","","","","","","","","原データ"
"3955395009320","よどや薬局野市店","ヨドヤヤッキョクノイチテン","Yodoya Yakkyokunoichiten","5","39","211","高知県香南市野市町西野２２０２ー１",33.558567,133.696075,"https://www.yodoyadrug.co.jp/","1","1","1","1","1","0","0","0","1","1","1","1","1","0","0","0","1","1","1","1","1","0","0","1","1","1","1","1","0","0","1","1","1","1","1","0","0","1","1","1","1","1","0","0","1","1","1","1","1","0","0","0","","09:30","13:30","09:30","13:30","09:30","13:30","09:30","13:30","09:30","13:30","","","","","","","14:30","18:30","14:30","18:30","14:30","18:30","14:30","18:30","14:30","18:30","","","","","","","","","","","","","","","","","","","","","","","","","","","","","","","","","","","","","","","","原データ"
"3955395009340","アイン薬局　愛宕店","アインヤッキョク　アタゴテン","ainyakkyoku atagoten","5","39","201","高知県高知市愛宕町一丁目１ー１４",33.565457,133.537009,"https://store.ainj.co.jp/detail/1101456/","1","1","1","1","1","0","0","0","1","1","1","1","1","0","0","0","1","1","1","1","1","0","0","1","1","1","1","1","0","0","1","1","1","1","1","0","0","1","1","1","1","1","0","0","1","1","1","1","1","0","0","0","１２月３１日（改行）０１月０１日（改行）０１月０２日（改行）０１月０３日","09:00","18:00","09:00","18:00","09:00","18:00","09:00","18:00","09:00","18:00","","","","","","","","","","","","","","","","","","","","","","","","","","","","","","","","","","","","","","","","","","","","","","","","","","","","","","","","原データ"
"3955395009350","フォレスト調剤薬局長浜店","フォレストチョウザイヤッキョクナガハマテン","Forest Pharmacy Nagahama","5","39","201","高知県高知市長浜４８２８－２",33.500109,133.548472,"https://www.forest-pharmacy.jp/","1","1","1","1","1","1","0","0","1","1","1","1","1","1","0","0","1","1","1","1","1","1","0","1","1","1","1","1","1","0","1","1","1","1","1","1","0","1","1","1","1","1","1","0","1","1","1","1","1","1","0","0","１２月３１日（改行）０１月０１日（改行）０１月０２日（改行）０１月０３日","09:00","17:15","09:00","17:15","09:00","17:15","08:00","16:30","09:00","17:15","09:00","17:00","","","","","","","","","","","","","","","","","","","","","","","","","","","","","","","","","","","","","","","","","","","","","","","","","","","","","","原データ"
"3955395009370","ペンギン堂薬局","ペンギンドウヤッキョク","","5","39","201","高知県高知市日の出町２－２０",33.559956217,133.555805401,"","1","1","1","1","1","1","0","0","1","1","1","1","1","1","0","","1","1","1","1","1","1","0","1","1","1","1","1","1","0","1","1","1","1","1","1","0","1","1","1","1","1","1","0","1","1","1","1","1","1","0","0","１２月３１日（改行）０１月０１日（改行）０１月０２日（改行）０１月０３日","09:00","18:00","09:00","18:00","09:00","18:00","09:00","18:00","09:00","18:00","09:00","13:00","","","","","","","","","","","","","","","","","","","","","","","","","","","","","","","","","","","","","","","","","","","","","","","","","","","","","書き換えた: 緯度経度 0.0, 0.0 → 住居表示の点（欠損を示す値）","住居表示"
"3955395009380","マック竹島調剤薬局","マックタケシマチョウザイヤッキョク","Mac Takeshima Chouzai Yakkyoku","5","39","201","高知県高知市竹島町１５８－１",33.541674,133.541347,"https://www.daiya-grp.co.jp/service/macchozai/","1","1","1","1","1","1","0","0","1","1","1","1","1","1","0","","1","1","1","1","1","1","0","1","1","1","1","1","1","0","1","1","1","1","1","1","0","1","1","1","1","1","1","0","1","1","1","1","1","1","0","0","０１月０１日（改行）０１月０２日（改行）０１月０３日（改行）（改行）１２月３１日","09:30","13:00","09:30","13:00","09:30","13:00","09:30","13:00","09:30","13:00","09:30","13:00","","","","","14:00","18:30","14:00","18:30","14:00","18:30","14:00","18:30","14:00","18:30","14:00","18:30","","","","","","","","","","","","","","","","","","","","","","","","","","","","","","","","","","","","","","原データ"
"3955395009390","調剤薬局ツルハドラッグ高知西店","チョウザイヤッキョクツルハドラッグコウチニシテン","chozaiyakkyokutsuruhadoraggukochinisiten","5","39","201","高知県高知市朝倉甲１３３番１",33.542089,133.499472,"https://www.tsuruha.co.jp","1","1","1","1","1","1","0","0","1","1","1","1","1","1","0","","1","1","1","1","1","1","","1","1","1","1","1","1","","1","1","1","1","1","1","","1","1","1","1","1","1","","1","1","1","1","1","1","","0","１２月２９日（改行）１２月３０日（改行）１２月３１日（改行）０１月０１日（改行）０１月０２日（改行）０１月０３日","09:00","12:00","09:00","12:00","09:00","12:00","09:00","12:00","09:00","12:00","09:00","13:00","","","","","13:00","18:00","13:00","18:00","13:00","18:00","13:00","18:00","13:00","18:00","","","","","","","","","","","","","","","","","","","","","","","","","","","","","","","","","","","","","","","","原データ"
"3955395009400","マック東雲調剤薬局","マックシノノメチョウザイヤッキョク","","5","39","201","高知県高知市東雲町３番２号",33.560078,133.56141,"","1","1","1","1","1","1","0","0","1","1","1","1","1","1","0","0","1","1","1","1","1","1","0","1","1","1","1","1","1","0","1","1","1","1","1","1","0","1","1","1","1","1","1","0","1","1","1","1","1","1","0","0","12月31日～1月3日","09:30","13:00","09:30","13:00","09:30","13:00","09:30","13:00","09:30","13:00","09:30","13:00","","","","","14:00","18:30","14:00","18:30","14:00","18:30","14:00","18:30","14:00","18:30","14:00","18:30","","","","","","","","","","","","","","","","","","","","","","","","","","","","","","","","","","","","","","原データ"
"3955395009410","調剤薬局　れお","チョウザイヤッキョク　レオ","Chouzaiyakkyoku Reo","5","39","202","高知県室戸市領家８８－１",33.291397,134.158735,"","1","1","1","1","1","1","0","0","1","1","1","1","1","0","0","0","1","1","1","1","1","0","0","1","1","1","1","1","0","0","1","1","1","1","1","1","0","1","1","1","1","1","1","0","1","1","1","1","1","0","0","0","１２月２９日（改行）１２月３０日（改行）１２月３１日（改行）０１月０１日（改行）０１月０２日（改行）０１月０３日","09:00","17:30","09:00","17:30","09:00","17:30","09:00","17:30","09:00","17:30","08:30","12:30","","","","","08:30","12:30","08:30","12:30","08:30","12:30","08:30","12:30","08:30","12:30","09:00","12:00","","","","","","","","","","","","","","","","","","","","","","","","","","","","","","","","","","","","","","原データ"
"3955395009430","メディカル薬局　宇佐店","メディカルヤッキョク　ウサテン","medicalyakkyoku usaten","5","39","205","高知県土佐市宇佐町宇佐４５５－１",33.445429559,133.43655219000001,"https://medicalchozai.com/","1","1","1","1","1","1","0","0","1","1","1","1","1","1","0","0","1","1","1","1","1","1","1","1","1","1","1","1","1","1","1","1","1","1","1","1","1","1","1","1","1","1","1","1","1","1","1","1","1","1","1","0","","09:00","17:15","09:00","17:15","09:00","12:15","09:00","17:15","09:00","17:15","09:00","12:15","","","","","","","","","","","","","","","","","","","","","","","","","","","","","","","","","","","","","","","","","","","","","","","","","","","","","書き換えた: 緯度経度 0.0, 0.0 → 地番の点（欠損を示す値）","地番"
"3955395009440","元氣堂調剤薬局とがの店","ゲンキドウチョウザイヤッキョクトガノテン","gennkidoucyouzaiyakkyoku toganoten","5","39","402","高知県高岡郡佐川町中組６９番６",33.475719,133.284738,"","1","1","1","1","1","1","0","0","1","1","1","1","1","1","0","","1","1","1","1","1","1","0","1","1","1","1","1","1","0","1","1","1","1","1","1","0","1","1","1","1","1","1","0","1","1","1","1","1","1","0","1","１２月３０日（改行）１２月３１日（改行）０１月０１日（改行）０１月０２日（改行）０１月０３日","08:30","17:00","08:30","17:00","08:30","12:00","08:30","17:00","08:30","17:00","08:30","12:00","","","","","","","","","","","","","","","","","","","","","","","","","","","","","","","","","","","","","","","","","","","","","","","","","","","","","","原データ"
"3955395009450","サンタ薬局","サンタヤッキョク","Santa Yakkyoku","5","39","201","高知県高知市愛宕町",33.568719,133.537138,"","1","1","1","1","1","1","0","1","1","1","1","1","1","1","0","","1","1","1","1","1","1","0","1","1","1","1","1","1","0","1","1","1","1","1","1","0","1","1","1","1","1","1","0","1","1","1","1","1","1","0","1","０１月０１日（改行）０１月０２日（改行）０１月０３日","09:00","19:00","09:00","19:00","09:00","19:00","09:00","19:00","09:00","19:00","09:00","18:00","","","09:00","18:00","","","","","","","","","","","","","","","","","","","","","","","","","","","","","","","","","","","","","","","","","","","","","","","","","","原データ"
"3955395009460","ドラッグセイムス潮江薬局","ドラッグセイムスウシオエヤッキョク","doragguseimusu usioeyakkyoku","5","39","201","高知県高知市北新田町１７ー１１",33.551696984,133.552966965,"http://nishinihonseims.co.jp/modules/auth/index.php/index.html","1","1","1","1","1","1","0","0","1","1","1","1","1","1","0","0","1","1","1","1","1","1","0","1","1","1","1","1","1","0","1","1","1","1","1","1","0","1","1","1","1","1","1","0","1","1","1","1","1","1","0","0","０１月０１日（改行）０１月０２日（改行）０１月０３日（改行）１２月３０日（改行）１２月３１日","09:00","13:00","09:00","13:00","09:00","13:00","09:00","13:00","09:00","13:00","09:00","13:00","","","","","14:00","18:30","14:00","18:30","14:00","18:30","14:00","18:30","14:00","18:30","14:00","16:00","","","","","","","","","","","","","","","","","","","","","","","","","","","","","","","","","","","","","書き換えた: 緯度経度 0.0, 0.0 → 住居表示の点（欠損を示す値）","住居表示"
"3955395009470","マック横浜調剤薬局","マックヨコハマチョウザイヤッキョク","Mac Yokohama Dispensing Pharmacy(Makku Yokohama Chouzai Yakkyoku)","5","39","201","高知県高知市長浜９８６－３",33.511834,133.537192,"https://www.daiya-grp.co.jp/service/macchozai/","1","1","1","1","1","1","0","0","1","1","1","1","1","1","0","","1","1","1","1","1","1","1","1","1","1","1","1","1","1","1","1","1","1","1","1","1","1","1","1","1","1","1","1","1","1","1","1","1","1","1","0","","10:00","19:00","10:00","19:00","10:00","19:00","10:00","19:00","10:00","19:00","10:00","19:00","","","","","","","","","","","","","","","","","","","","","","","","","","","","","","","","","","","","","","","","","","","","","","","","","","","","","","原データ"
"3955395009480","ちより薬局","チヨリヤッキョク","Chiyori Pharmacy","5","39","201","高知県高知市知寄町１丁目５番１７号",33.55892,133.556559,"http://www.shikoku-dsp.co.jp/","1","1","1","1","1","1","0","0","1","1","1","1","1","1","0","0","1","1","1","1","1","1","0","1","1","1","1","1","1","0","1","1","1","1","1","1","0","1","1","1","1","1","1","0","1","1","1","1","1","1","0","0","１２月３１日（改行）０１月０１日（改行）０１月０２日（改行）０１月０３日","08:30","17:30","08:30","17:30","08:30","17:30","08:30","17:30","08:30","17:30","08:30","17:30","","","","","","","","","","","","","","","","","","","","","","","","","","","","","","","","","","","","","","","","","","","","","","","","","","","","","","原データ"
"3955395009490","にしとさ薬局","ニシトサヤッキョク","nishitosa yakkyoku","5","39","210","高知県四万十市西土佐用井１１１０ー２８",33.171577,132.794489,"","1","1","1","1","1","0","0","0","1","1","1","1","1","0","0","0","1","1","1","1","1","0","0","1","1","1","1","1","0","0","1","1","1","1","1","0","0","1","1","1","1","1","0","0","1","1","1","1","1","0","0","0","１２月２８日～１月３日","08:30","18:00","08:30","18:00","08:30","18:00","08:30","18:00","08:30","18:00","","","","","","","","","","","","","","","","","","","","","","","","","","","","","","","","","","","","","","","","","","","","","","","","","","","","","","","","原データ"
"3955395009500","ゆすはら薬局","ユスハラヤッキョク","yusuhara pharmacy","5","39","405","高知県高岡郡檮原町川西路２３０８番地",33.392588,132.924318,"https://www.marinegroup.jp/detail/%E3%82%86%E3%81%99%E3%81%AF%E3%82%89%E8%96%AC%E5%B1%80/","1","1","1","1","1","0","0","0","1","1","1","1","1","0","0","0","1","1","1","1","1","0","0","1","1","1","1","1","0","0","1","1","1","1","1","0","0","1","1","1","1","1","0","0","1","1","1","1","1","0","0","0","１２月２９日（改行）１２月３０日（改行）１２月３１日（改行）０１月０１日（改行）０１月０２日（改行）０１月０３日","08:30","18:00","08:30","18:00","08:30","18:00","08:30","18:00","08:30","18:00","","","","","","","","","","","","","","","","","","","","","","","","","","","","","","","","","","","","","","","","","","","","","","","","","","","","","","","","原データ"
"3955395009510","とおわ薬局","トオワヤッキョク","Toowa Pharmacy","5","39","412","高知県高岡郡四万十町昭和４７２番地３",33.218495,132.897452,"","1","1","1","1","1","0","0","0","1","1","1","1","1","0","0","0","1","1","1","1","1","0","0","1","1","1","1","1","0","0","1","1","1","1","1","0","0","1","1","1","1","1","0","0","1","1","1","1","1","0","0","0","１２月２９日（改行）１２月３０日（改行）１２月３１日（改行）０１月０１日（改行）０１月０２日（改行）０１月０３日","08:30","17:30","08:30","17:30","08:30","17:30","08:30","17:30","08:30","17:30","","","","","","","","","","","","","","","","","","","","","","","","","","","","","","","","","","","","","","","","","","","","","","","","","","","","","","","","原データ"
"3955395009520","金子漢方薬局","カネコカンポウヤッキョク","","5","39","201","高知県高知市桜井町１−５−３３",33.561243,133.547963,"https://kaneco-pharmacy.com/","1","0","0","1","1","1","1","0","1","0","0","1","1","1","1","","1","0","0","1","1","1","1","1","0","0","1","1","1","1","1","0","0","1","1","1","1","1","0","0","1","1","1","1","1","0","0","1","1","1","1","0","","09:00","18:00","","","","","09:00","18:00","09:00","18:00","09:00","18:00","09:00","18:00","","","","","","","","","","","","","","","","","","","","","","","","","","","","","","","","","","","","","","","","","","","","","","","","","","","","原データ"
"3955395009530","マック須崎調剤薬局","マックスサキチョウザイヤッキョク","Makku Susaki","5","39","206","高知県須崎市西崎町６番１５号",33.41228,133.291654,"","1","1","1","1","1","1","0","0","1","1","1","1","1","1","0","0","1","1","1","1","1","1","0","1","1","1","1","1","1","0","1","1","1","1","1","1","0","1","1","1","1","1","1","0","1","1","1","1","1","1","0","0","１２月３１日（改行）０１月０１日（改行）０１月０２日（改行）０１月０３日","09:30","13:00","09:30","13:00","09:30","13:00","09:30","13:00","09:30","13:00","09:30","13:00","","","","","14:00","18:30","14:00","18:30","14:00","18:30","14:00","18:30","14:00","18:30","14:00","18:30","","","","","","","","","","","","","","","","","","","","","","","","","","","","","","","","","","","","","","原データ"
"3955395009540","さわやか薬局","サワヤカヤッキョク","sawayakayakkyoku","5","39","208","高知県宿毛市平田町戸内１７５３",,,"","1","1","1","1","1","1","0","0","1","1","1","1","1","1","0","0","1","1","1","1","1","1","0","1","1","1","1","1","1","0","1","1","1","1","1","1","0","1","1","1","1","1","1","0","1","1","1","1","1","1","0","0","","09:00","12:00","09:00","12:00","09:00","12:00","09:00","12:00","09:00","12:00","09:00","12:00","","","","","12:00","18:00","12:00","18:00","12:00","18:00","12:00","18:00","12:00","18:00","12:00","15:00","","","","","","","","","","","","","","","","","","","","","","","","","","","","","","","","","","","","","空欄にした: 緯度経度 0.0, 0.0（欠損を示す値。位置レベル8の住所の点が無い）",""
"3955395009560","よどや薬局　四万十渡川店","ヨドヤヤッキョク　シマントワタリガワテン","Yodoyayakkyoku shimantowatarigawaten","5","39","210","高知県四万十市渡川３－１－６",32.987659,132.924132,"https://www.yodoyadrug.co.jp/index.html","1","1","1","1","1","0","0","0","","","","","","","","","","","","","","","","","","","","","","","","","","","","","","","","","","","","","","","","","","","","0","GW、年末年始などの営業時間について詳しくはHPをご確認ください。","09:00","13:00","09:00","13:00","09:00","13:00","09:00","13:00","09:00","13:00","","","","","","","14:00","18:00","14:00","18:00","14:00","18:00","14:00","18:00","14:00","18:00","","","","","","","","","","","","","","","","","","","","","","","","","","","","","","","","","","","","","","","","原データ"
"3955395009570","マック高須調剤薬局","マックタカスチョウザイヤッキョク","mactakasutyouzaiyakkyoku","5","39","201","高知県高知市高須東町６－３",33.558931,133.592116,"","1","1","1","1","1","1","0","0","1","1","1","1","1","1","0","0","1","1","1","1","1","1","0","1","1","1","1","1","0","0","1","1","1","1","1","0","0","1","1","1","1","1","0","0","1","1","1","1","1","0","0","0","12月31日（改行）1月1日（改行）1月2日（改行）1月3日","09:30","18:30","09:30","18:30","09:30","18:30","09:30","18:30","09:30","18:30","09:30","18:30","","","","","","","","","","","","","","","","","","","","","","","","","","","","","","","","","","","","","","","","","","","","","","","","","","","","","","原データ"
"3955395009580","メディカル薬局うぐるす店","メディカルヤッキョクウグルステン","Medhikaruyakkyokuugurusuten","5","39","201","高知県高知市鵜来巣１１－３８－１０",33.540809,133.48377,"http://www.shikoku-dsp.co.jp/","1","1","1","1","1","1","1","0","1","1","1","1","1","1","1","0","1","1","1","1","1","1","1","1","1","1","1","1","1","1","1","1","1","1","1","1","1","1","1","1","1","1","1","1","1","1","1","1","1","1","1","0","12月30,31日","08:30","18:00","08:30","18:00","08:30","18:00","08:30","18:00","08:30","18:00","08:30","18:00","09:00","13:00","","","","","","","","","","","","","","","","","","","","","","","","","","","","","","","","","","","","","","","","","","","","","","","","","","","","原データ"
"3955395009590","有限会社　ベル企画　ベル薬局　吉田店","ユウゲンガイシャ　ベルキカク　ベルヤッキョク　ヨシダテン","Beru Yakkyoku Yoshidaten","5","39","201","高知県高知市吉田町２番６号",33.570927898,133.534143206,"https://www.belle-ph.com/","1","1","1","0","1","1","0","0","","","","0","","","0","0","","","","","","","","","","","","","","","","","","","","","","","","","","","","","","","","","","","","0","5/3、5/4、5/5、12/30、12/31、1/1、1/2、1/3","09:00","18:00","09:00","18:00","09:00","18:00","","","09:00","18:00","09:00","13:00","","","","","","","","","","","","","","","","","","","","","","","","","","","","","","","","","","","","","","","","","","","","","","","","","","","","","書き換えた: 緯度経度 0.0, 0.0 → 住居表示の点（欠損を示す値）","住居表示"
"3955395009600","武田金草堂薬局","タケダキンソウドウヤッキョク","Takedakinsodoyakkyoku","5","39","412","高知県高岡郡四万十町北琴平町１－５",33.212808,133.136555,"","1","1","1","1","1","1","0","0","1","1","1","1","1","1","0","0","","","","","","","","","","","","","","","","","","","","","","","","","","","","","","","","","","","","0","12月30日～1月3日","08:30","18:00","08:30","18:00","08:30","18:00","08:30","18:00","08:30","18:00","08:30","13:30","","","","","","","","","","","","","","","","","","","","","","","","","","","","","","","","","","","","","","","","","","","","","","","","","","","","","","原データ"
"3955395009670","よどや薬局高知土佐道路店","ヨドヤヤッキョクコウチトサドウロテン","yodoyayakkyokukoutitosadouroten","5","39","201","高知県高知市朝倉甲４９３－１",33.540609,133.493536,"https://store.welcia.co.jp/welcia/spot/detail?code=4724D","1","1","1","1","1","0","0","0","1","1","1","1","1","0","0","0","1","1","1","1","1","0","0","1","1","1","1","1","0","0","1","1","1","1","1","0","0","1","1","1","1","1","0","0","1","1","1","1","1","0","0","0","1/1.1/2.1/3","09:30","13:00","09:30","13:00","09:30","13:00","09:30","13:00","09:30","13:00","","","","","","","14:00","18:30","14:00","18:30","14:00","18:30","14:00","18:30","14:00","18:30","","","","","","","","","","","","","","","","","","","","","","","","","","","","","","","","","","","","","","","","原データ"
"3955395009680","アイン薬局　ＪＡ高知病院前店","アインヤッキョク　ジェイエイコウチビョウインマエテン","Ain Pharmacy","5","39","204","高知県南国市明見５３８－６",33.569556,133.622401,"http://www.ainj.co.jp","1","1","1","1","1","1","0","0","1","1","1","1","1","1","0","0","1","1","1","1","1","1","0","1","1","1","1","1","1","0","1","1","1","1","1","1","0","1","1","1","1","1","1","0","1","1","1","1","1","1","0","0","""１２月３１日（改行）１２月３０日（改行）１２月２９日（改行）０１月０３日（改行）０１月０２日（改行）０１月０１日""","08:30","18:30","08:30","18:30","08:30","18:30","08:30","18:30","08:30","18:30","08:30","17:00","","","","","","","","","","","","","","","08:30","13:00","","","","","","","","","","","","","","","","","","","","","","","","","","","","","","","","","","","","","","原データ"
"3955395009720","西田順天堂薬局　日章店","ニシダジュンテンドウヤッキョク　ニッショウテン","Nishidajyuntendouyakkyoku Nissyouten","5","39","204","高知県南国市田村乙２０４０－３",33.574377,133.647498,"https://www.nishida-ph.net","1","1","1","1","1","1","0","0","","","","","","","0","0","","","","","","","","","","","","","","","","","","","","","","","","","","","","","","","","","","","","0","12月30日,12月31日,1月1日,1月2日,1月3日","09:00","18:00","09:00","18:00","09:00","18:00","09:00","13:00","09:00","18:00","09:00","13:00","","","","","","","","","","","","","","","","","","","","","","","","","","","","","","","","","","","","","","","","","","","","","","","","","","","","","","原データ"
"3955395009740","なの花薬局高知鴨部店","ナノハナヤッキョクコウチカモベテン","","5","39","201","高知県高知市鴨部上町７－７",33.550726,133.498712,"https://www.nanohana-ph.jp/shop/chugoku-shikoku/kochi/kochi/kochikamobe.php","1","1","1","1","1","1","0","0","1","1","1","1","1","1","0","0","1","1","1","1","1","1","0","1","1","1","1","1","1","0","1","1","1","1","1","1","0","1","1","1","1","1","1","0","1","1","1","1","1","1","0","0","","09:00","18:00","09:00","18:00","09:00","18:00","09:00","18:00","09:00","18:00","09:00","13:00","","","","","","","","","","","","","","","","","","","","","","","","","","","","","","","","","","","","","","","","","","","","","","","","","","","","","","原データ"
"3955395009770","マックごめん調剤薬局","マックゴメンチョウザイヤッキョク","macgomentyouzai","5","39","204","高知県南国市大そね甲７５１－１",33.57336,133.654523,"","1","1","1","1","1","1","","","","","","","","","0","0","","","","","","","","","","","","","","","","","","","","","","","","","","","","","","","","","","","","0","","09:30","14:00","09:30","14:00","09:30","14:00","09:30","14:00","09:30","14:00","09:30","14:00","","","","","15:00","18:30","15:00","18:30","15:00","18:30","15:00","18:30","15:00","18:30","15:00","18:30","","","","","","","","","","","","","","","","","","","","","","","","","","","","","","","","","","","","","","原データ"
"3955395009780","すみれ薬局くろしお店","スミレヤッキョククロシオテン","sumireyakkyokukuroshiotenn","5","39","428","高知県幡多郡黒潮町入野５５８－１",33.018613,133.000953,"","1","1","1","1","1","1","0","0","1","1","1","1","1","1","0","0","","","","","","","","","","","","","","","","","","","","","","","","","","","","","","","","","","","","0","","09:00","18:00","09:00","18:00","09:00","18:00","09:00","18:00","09:00","18:00","09:00","12:30","","","","","","","","","","","","","","","","","","","","","","","","","","","","","","","","","","","","","","","","","","","","","","","","","","","","","","原データ"
"3955395009790","よどや薬局高知神田店","ヨドヤヤッキョクコウチコウダテン","","5","39","201","高知県高知市神田１２０４ー１",33.541614,133.511301,"https://www.yodoyadrug.co.jp/privacy.html","1","1","1","1","1","1","0","0","","","","","","","","","","","","","","","","","","","","","","","","","","","","","","","","","","","","","","","","","","","","0","","09:00","13:30","09:00","13:30","09:00","13:30","09:00","13:30","09:00","13:30","09:00","13:00","","","","","14:30","19:00","14:30","19:00","14:30","19:00","14:30","19:00","14:30","19:00","14:00","18:00","","","","","","","","","","","","","","","","","","","","","","","","","","","","","","","","","","","","","","原データ"
"3955395009800","ドラッグセイムス高知宝永薬局","ドラッグセイムスコウチホウエイヤッキョク","","5","39","201","高知県高知市宝永町７－３３",33.561566,133.554452,"","1","1","1","1","1","1","0","0","1","1","1","1","1","1","0","0","","","","","","","","","","","","","","","","","","","","","","","","","","","","","","","","","","","","0","","09:00","13:00","09:00","13:00","09:00","13:00","09:00","13:00","09:00","13:00","09:00","13:00","","","","","14:00","18:00","14:00","18:00","14:00","18:00","14:00","18:00","14:00","18:00","14:00","18:00","","","","","","","","","","","","","","","","","","","","","","","","","","","","","","","","","","","","","","原データ"
"3955395009810","よどや薬局高知潮江店","ヨドヤヤッキョクコウチウシオエテン","","5","39","201","高知県高知市潮新町１７－２０",33.552199666,133.547569122,"","1","1","1","1","1","0","0","0","","","","","","","","","","","","","","","","","","","","","","","","","","","","","","","","","","","","","","","","","","","","0","","09:00","13:00","09:00","13:00","09:00","13:00","09:00","13:00","09:00","13:00","","","","","","","14:00","18:00","14:00","18:00","14:00","18:00","14:00","18:00","14:00","18:00","","","","","","","","","","","","","","","","","","","","","","","","","","","","","","","","","","","","","","","書き換えた: 緯度経度 0.0, 0.0 → 住居表示の点（欠損を示す値）","住居表示"
"3955395009820","あじさい薬局　横浜新町店","アジサイヤッキョクヨコハマシンマチテン","ajisaiyakkyokuyokohamasinmachitenn","5","39","201","高知県高知市横浜新町４－２２１０",33.515818,133.535741,"https://www.drug-kuroshio.co.jp/index.html","1","1","1","1","1","1","0","0","","","","","","","0","0","","","","","","","","","","","","","","","","","","","","","","","","","","","","","","","","","","","","0","","09:00","18:00","09:00","18:00","09:00","18:00","09:00","17:00","09:00","18:00","09:00","18:00","","","","","","","","","","","","","","","","","","","","","","","","","","","","","","","","","","","","","","","","","","","","","","","","","","","","","","原データ"
"3955395009830","ブロード調剤薬局　城見店","ブロードチョウザイヤッキョク　シロミテン","broadtyouzaiyakkyoku shiromitenn","5","39","201","高知県高知市城見町３－２７",33.559503,133.551438,"https://www.shikoku-dsp.co.jp/","1","1","1","1","1","1","","","","","","","","","0","0","","","","","","","0","","","","","","","0","","","","","","","0","","","","","","","0","","","","","","","0","0","12月30日、12月31日、1月1日、1月2日、1月3日","08:30","17:30","08:30","17:30","08:30","17:30","08:30","17:30","08:30","17:30","08:30","12:30","","","","","","","","","","","","","","","","","","","","","","","","","","","","","","","","","","","","","","","","","","","","","","","","","","","","","","原データ"
"3955395009840","京町薬局","キョウマチヤッキョク","Kyomachi Yakkyoku","5","39","210","高知県四万十市中村一条通１丁目３９番",32.992972,132.934792,"https://sumire-pharmacy.com/stores/","1","1","1","1","1","1","0","0","","","","","","","0","0","","","","","","","0","","","","","","","0","","","","","","","0","","","","","","","0","","","","","","","0","0","１２月２９日（改行）１２月３０日（改行）１２月３１日（改行）１月１日（改行）１日２日（改行）１日３日","09:00","18:00","09:00","18:00","09:00","18:00","09:00","18:00","09:00","18:00","09:00","13:00","","","","","","","","","","","","","","","","","","","","","","","","","","","","","","","","","","","","","","","","","","","","","","","","","","","","","","原データ"
"3955395009850","きりん調剤薬局介良店","キリンチョウザイヤッキョク　ケラテン","kirinchouzaiyakkyokukeraten","5","39","201","高知県高知市介良字北江田乙１０４４番地９",,,"","1","1","1","1","1","1","0","0","","","","","","","","","","","","","","","","","","","","","","","","","","","","","","","","","","","","","","","","","","","","","","09:00","18:00","09:00","19:00","09:00","18:00","09:00","12:30","09:00","19:00","09:00","16:30","","","","","","","","","","","","","","","","","","","","","","","","","","","","","","","","","","","","","","","","","","","","","","","","","","","","","空欄にした: 緯度経度 0.0, 0.0（欠損を示す値。位置レベル8の住所の点が無い）",""
"3955395009860","つちばし薬局　あぞの店","ツチバシヤッキョク　アゾノテン","","5","39","201","高知県高知市薊野東町１－５０",33.580379986,133.562465994,"http://www.tsuchibashi.co.jp/","1","1","1","1","1","1","0","0","","","","","","","","","","","","","","","","","","","","","","","","","","","","","","","","","","","","","","","","","","","","0","GW、年末年始（12月30日、12月31日、1月1日、1月2日、1月3日）","08:30","18:30","08:30","18:30","08:30","16:30","08:30","18:30","08:30","18:30","08:30","13:00","","","","","","","","","","","","","","","","","","","","","","","","","","","","","","","","","","","","","","","","","","","","","","","","","","","","","書き換えた: 緯度経度 0.0, 0.0 → 住居表示の点（欠損を示す値）","住居表示"
"3955395009870","マック黒潮調剤薬局","マッククロシオチョウザイヤッキョク","mackurosiotyouzaiyakkyoku","5","39","428","高知県幡多郡黒潮町入野１９８１番地１",33.023843304,133.010532476,"","1","1","1","1","1","1","0","0","1","1","1","1","1","1","0","0","1","1","1","1","1","1","0","1","1","1","1","1","1","0","1","1","1","1","1","1","0","1","1","1","1","1","1","0","1","1","1","1","1","1","0","0","12月31日（改行）1月1日（改行）1月2日（改行）1月3日","09:00","13:00","09:00","13:00","09:00","13:00","09:00","13:00","09:00","13:00","09:00","13:00","","","","","14:00","18:00","14:00","18:00","14:00","18:00","14:00","18:00","14:00","18:00","14:00","18:00","","","","","","","","","","","","","","","","","","","","","","","","","","","","","","","","","","","","","書き換えた: 緯度経度 0.0, 0.0 → 地番の点（欠損を示す値）","地番"
"3955395009890","旭サテライト薬局　大津店","アサヒサテライトヤッキョク　オオツテン","AsahiSateraitoPharmacy","5","39","201","高知県高知市大津乙５１７－２",,,"","1","1","0","1","1","1","0","0","1","1","0","1","1","1","0","0","1","1","0","1","1","1","0","1","1","0","1","1","1","0","1","1","0","1","1","1","0","1","1","0","1","1","1","0","1","1","0","1","1","1","0","0","年末年始(12/30～1/3)（改行）GW","09:00","18:30","09:00","18:30","","","09:00","18:30","09:00","18:30","09:00","17:00","","","","","","","","","","","","","","","","","","","","","","","","","","","","","","","","","","","","","","","","","","","","","","","","","","","","","空欄にした: 緯度経度 0.0, 0.0（欠損を示す値。位置レベル8の住所の点が無い）",""
"3955395009900","くろしお薬局ござ店","クロシオヤッキョクゴザテン","KUROSHIOYATTUKYOKUGOZATEN","5","39","201","高知県高知市南御座３－２９",33.564914438,133.563499111,"","1","1","1","0","1","1","0","0","","","","","","0","0","0","","","","","","","","","","","","","","","","","","","","","","","","","","","","","","","","","","","","0","","09:00","18:00","09:00","18:00","09:00","18:00","","","09:00","18:00","09:00","17:00","","","","","","","","","","","","","","","","","","","","","","","","","","","","","","","","","","","","","","","","","","","","","","","","","","","","","書き換えた: 緯度経度 0.0, 0.0 → 住居表示の点（欠損を示す値）","住居表示"
"3955395009910","ひまわり薬局　高知店","ヒマワリヤッキョク　コウチテン","","5","39","201","高知県高知市西町１０９番",33.559659,133.522137,"https://ship-ph.co.jp/","1","1","1","1","1","1","0","0","","","","","","","","","","","","","","","","","","","","","","","","","","","","","","","","","","","","","","","","","","","","0","12月31日（改行）01月01日（改行）01月02日（改行）01月03日","09:00","18:00","09:00","18:00","09:00","18:30","09:00","18:00","09:00","18:00","09:00","15:00","","","","","","","","","","","","","","","","","","","","","","","","","","","","","","","","","","","","","","","","","","","","","","","","","","","","","","原データ"
"3955395009920","ブルークロス調剤薬局　上町店","ブルークロスチョウザイヤッキョク　カミマチテン","","5","39","201","高知県高知市上町１－４－３２　中平ビル西館　１階",33.557992361,133.526521027,"http://www.bluecross.co.jp/","1","1","1","1","1","1","0","0","1","1","1","1","1","1","0","0","","","","","","","","","","","","","","","","","","","","","","","","","","","","","","","","","","","","0","12月30日（改行）12月31日（改行）1月1日（改行）1月2日（改行）1月3日","09:00","18:00","09:00","18:00","09:00","18:00","09:00","18:00","09:00","18:00","","","","","","","","","","","","","","","","","09:00","13:00","","","","","","","","","","","","","","","","","","","","","","","","","","","","","","","","","","","","","書き換えた: 緯度経度 0.0, 0.0 → 住居表示の点（欠損を示す値） / 空欄にした: 土_開店時間帯1 00:00-00:00（開始と終了が同じ）","住居表示"
"3955395009930","あおき薬局","アオキヤッキョク","AOKIYAKYOKU","5","39","201","高知県高知市鷹匠町１丁目１－９",33.556336,133.537018,"https://www.shikoku-dsp.co.jp/","1","1","1","1","1","1","","","","","","","","","0","0","","","","","","","","","","","","","","","","","","","","","","","","","","","","","","","","","","","","0","年末年始","08:30","18:00","08:30","18:00","08:30","18:00","08:30","18:00","08:30","18:00","08:30","13:00","","","","","","","","","","","","","","","","","","","","","","","","","","","","","","","","","","","","","","","","","","","","","","","","","","","","","","原データ"
"3955395009960","ブロード調剤　あっぷる薬局","ブロードチョウザイ　アップルヤッキョク","buroudotyouzai appuruyakkyoku","5","39","201","高知県高知市葛島１丁目１０番７５号",33.558562,133.572498,"https://www.shikoku-dsp.co.jp/","1","1","1","1","1","1","0","0","1","1","1","1","1","1","0","0","","","","","","","","","","","","","","","","","","","","","","","","","","","","","","","","","","","","0","12月31日、1月1日、1月2日、1月3日","08:45","17:45","08:45","17:45","08:45","17:45","08:45","17:45","08:45","17:45","09:00","17:00","","","","","","","","","","","","","","","","","","","","","","","","","","","","","","","","","","","","","","","","","","","","","","","","","","","","","","原データ"
"3955395009980","マック河ノ瀬調剤薬局","マックゴウノセチョウザイヤッキョク","makkugounosetyouzaiyakkyoku","5","39","201","高知県高知市南河ノ瀬町２０１番地１",,,"","1","1","1","1","1","1","0","0","","","","","","","","","","","","","","","","","","","","","","","","","","","","","","","","","","","","","","","","","","","","","１２月３１日（改行）１月１日（改行）１月２日（改行）１月３日","10:00","13:30","10:00","13:30","10:00","13:30","10:00","13:30","10:00","13:30","10:00","13:30","","","","","14:30","19:00","14:30","19:00","14:30","19:00","14:30","19:00","14:30","19:00","14:30","19:00","","","","","","","","","","","","","","","","","","","","","","","","","","","","","","","","","","","","","空欄にした: 緯度経度 0.0, 0.0（欠損を示す値。位置レベル8の住所の点が無い）",""
"3955395009990","メディカル薬局清水店","メディカルヤッキョクシミズテン","medicalyakkyokushimizuten","5","39","209","高知県土佐清水市幸町４－１ニューヴァレ―マンション１Ｆ",32.780237,132.95352,"https://medicalchozai.jp/","","","","","","","","","","","","","","","","","","","","","","","","","","","","","","","","","","","","","","","","","","","","","","","","","","","","","","","","","","","","","","","","","","","","","","","","","","","","","","","","","","","","","","","","","","","","","","","","","","","","","","","","","","","","","","","","","","","","","","","原データ"
"3955395010000","よどや薬局　須崎大間東店","ヨドヤヤッキョク　スサキオオマヒガシテン","","5","39","206","高知県須崎市大間東町４－３７",33.407818,133.287163,"","1","1","1","1","1","0","0","0","1","1","1","1","1","0","0","0","1","1","1","1","1","0","0","1","1","1","1","1","0","0","1","1","1","1","1","0","0","1","1","1","1","1","0","0","1","1","1","1","1","0","0","0","","09:00","13:00","09:00","13:00","09:00","13:00","09:00","13:00","09:00","13:00","","","","","","","14:00","18:00","14:00","18:00","14:00","18:00","","","14:00","18:00","","","","","","","","","","","","","14:00","17:30","","","","","","","","","","","","","","","","","","","","","","","","","","原データ"
"3955395010020","ブロード調剤薬局野市店","ブロードチョウザイヤッキョクノイチテン","","5","39","211","高知県香南市野市町東野３２２－１",,,"","1","1","1","1","1","1","","","","","","","","","0","0","","","","","","","","","","","","","","","","","","","","","","","","","","","","","","","","","","","","0","12/31から1/3は閉店","09:00","17:30","09:00","12:30","09:00","17:30","09:00","12:30","09:00","17:30","09:00","17:30","","","","","","","","","","","","","","","","","","","","","","","","","","","","","","","","","","","","","","","","","","","","","","","","","","","","","空欄にした: 緯度経度 0.0, 0.0（欠損を示す値。位置レベル8の住所の点が無い）",""
